input,expected,type
£0.38,முப்பத்தெட்டு பென்ஸ்,money
"₹6,05,35,437",ஆறு கோடி ஐந்து இலட்சம் முப்பத்தைந்து ஆயிரம் நானூற்று முப்பத்தேழு ரூபாய்,money
கடிதத்தில் 99-114 இருந்தது.,கடிதத்தில் தொண்ணூற்றொன்பது முதல் நூற்றுப்பதினான்கு இருந்தது .,range
Rs 528.1 கடன் வாங்கினேன்.,ஐந்நூற்று இருபத்தெட்டு ரூபாய் பத்து பைசா கடன் வாங்கினேன் .,money
2/9,ஒன்பதில் இரண்டு,fraction
13/12/2550,பதிமூன்று டிசம்பர் இரண்டாயிரத்து ஐந்நூற்று ஐம்பது~பதிமூன்று டிசம்பர் இரண்டாயிரத்து ஐந்நூற்றைம்பது,date
வெப்பநிலை 52 min ஆக இருந்தது.,வெப்பநிலை ஐம்பத்திரண்டு நிமிடம் ஆக இருந்தது .,measure
10ல்,பத்தில்,cardinal
23,இருபத்துமூன்று,cardinal
விலை ரூ.42.2 ஆனது 1.54 சதவீதம் உயர்வு.,விலை நாற்பத்திரண்டு ரூபாய் இருபது பைசா ஆனது ஒன்று புள்ளி ஐந்து நான்கு சதவீதம் உயர்வு .,mixed
7187.59 ₹,ஏழாயிரத்து நூற்றெண்பத்து ஏழு ரூபாய் ஐம்பத்தொன்பது பைசா,money
18-04-1947,பதினெட்டு ஏப்ரல் ஆயிரத்து தொள்ளாயிரத்து நாற்பத்தேழு,date
751395,ஏழு இலட்சம் ஐம்பத்தொன்று ஆயிரம் முந்நூற்றுத்தொண்ணூற்றைந்து,cardinal
௫௩௪ என்று எழுதப்பட்டுள்ளது.,ஐந்நூற்று முப்பத்துநான்கு என்று எழுதப்பட்டுள்ளது .,cardinal
அவர் 36 oz என்றார்.,அவர் முப்பத்தாறு அவுன்ஸ் என்றார் .,measure
௯ °F பற்றி பேசினோம்.,ஒன்பது டிகிரி பாரன்ஹீட் பற்றி பேசினோம் .,measure
பாத்திரத்தில் ௧௧/௧௪ பங்கு நீர் உள்ளது.,பாத்திரத்தில் பதினான்கில் பதினொன்று பங்கு நீர் உள்ளது .,fraction
"Rs91,44,449",தொண்ணூற்றொன்று இலட்சம் நாற்பத்துநான்கு ஆயிரம் நானூற்று நாற்பத்தொன்பது ரூபாய்,money
இன்று 8123இல் பேர் வருகை தந்தனர்.,இன்று எட்டாயிரத்து நூற்று இருபத்துமூன்றில் பேர் வருகை தந்தனர் .,cardinal
இப்போது மணி 03:21 மணிக்கு.,இப்போது மணி மூன்று மணி இருபத்தொன்று நிமிடம் .,time
615631010,அறுபத்தொன்று கோடி ஐம்பத்தாறு இலட்சம் முப்பத்தொன்று ஆயிரம் பத்து,cardinal
1227-2070 வயது குழந்தைகள் வரலாம்.,ஆயிரத்து இருநூற்று இருபத்தேழு முதல் இரண்டாயிரத்து எழுபது வயது குழந்தைகள் வரலாம் .,range
04:30,நான்கு மணி முப்பது நிமிடம்,time
௮.௦,எட்டு புள்ளி பூஜ்யம்,decimal
உதவி எண் +971 8998097747 என அறிவித்தனர்.,உதவி எண் பிளஸ் ஒன்பது ஏழு ஒன்று எட்டு ஒன்பது ஒன்பது எட்டு பூஜ்யம் ஒன்பது ஏழு ஏழு நான்கு ஏழு என அறிவித்தனர் .,telephone
22056.455,இருபத்திரண்டு ஆயிரம் ஐம்பத்தாறு புள்ளி நான்கு ஐந்து ஐந்து,decimal
£43,நாற்பத்துமூன்று பவுண்ட்,money
செய்தியில் 13:23 என்று வந்தது.,செய்தியில் பதிமூன்று மணி இருபத்துமூன்று நிமிடம் என்று வந்தது .,time
தொடர்புக்கு +971 8127237277.,தொடர்புக்கு பிளஸ் ஒன்பது ஏழு ஒன்று எட்டு ஒன்று இரண்டு ஏழு இரண்டு மூன்று ஏழு இரண்டு ஏழு ஏழு .,telephone
நான் 22:18 எழுந்தேன்.,நான் இருபத்திரண்டு மணி பதினெட்டு நிமிடம் எழுந்தேன் .,time
01-29-1967,ஜனவரி இருபத்தொன்பது ஆயிரத்து தொள்ளாயிரத்து அறுபத்தேழு,date
கூட்டம் 14-02-2674 அன்று நடந்தது.,கூட்டம் பதினான்கு பிப்ரவரி இரண்டாயிரத்து அறுநூற்று எழுபத்துநான்கு அன்று நடந்தது .,date
41இல்,நாற்பத்தொன்றில்,cardinal
௪/௫,ஐந்தில் நான்கு,fraction
நாளை பள்ளிக்கு விடுமுறை.,நாளை பள்ளிக்கு விடுமுறை .,word
9.48,ஒன்பது புள்ளி நான்கு எட்டு,decimal
௧ km/h,ஒரு கிலோமீட்டர் ஒரு மணி நேரத்திற்கு,measure
"72MB அரிசி Rs5,56,57,260.1 ஆகும்.",எழுபத்திரண்டு மெகாபைட் அரிசி ஐந்து கோடி ஐம்பத்தாறு இலட்சம் ஐம்பத்தேழு ஆயிரம் இருநூற்று அறுபது ரூபாய் பத்து பைசா ஆகும் .~எழுபத்திரண்டு மெகாபைட் அரிசி ஐந்து கோடி ஐம்பத்தாறு இலட்சம் ஐம்பத்தேழு ஆயிரம் இருநூற்றறுபது ரூபாய் பத்து பைசா ஆகும் .,mixed
கூட்டம் 12:17 மணிக்கு தொடங்கும்.,கூட்டம் பன்னிரண்டு மணி பதினேழு நிமிடம் தொடங்கும் .,time
அவன் 1cm நடந்தான்.,அவன் ஒரு சென்டிமீட்டர் நடந்தான் .,measure
09-10-1907 அன்று விடுமுறை.,ஒன்பது அக்டோபர் ஆயிரத்து தொள்ளாயிரத்து ஏழு அன்று விடுமுறை .,date
வளர்ச்சி விகிதம் 53257.826 ஆக இருந்தது.,வளர்ச்சி விகிதம் ஐம்பத்துமூன்று ஆயிரம் இருநூற்று ஐம்பத்தேழு புள்ளி எட்டு இரண்டு ஆறு ஆக இருந்தது .,decimal
சராசரி 157.9 ஆகும்.,சராசரி நூற்றைம்பத்து ஏழு புள்ளி ஒன்பது ஆகும் .,decimal
5/60,அறுபதில் ஐந்து,fraction
191.093,நூற்றுத்தொண்ணூற்றொன்று புள்ளி பூஜ்யம் ஒன்பது மூன்று,decimal
8390427431,எட்டு மூன்று ஒன்பது பூஜ்யம் நான்கு இரண்டு ஏழு நான்கு மூன்று ஒன்று,telephone
92ஆம் பற்றி பேசினோம்.,தொண்ணூற்றிரண்டாம் பற்றி பேசினோம் .,ordinal
ரூ.483.30,நானூற்று எண்பத்துமூன்று ரூபாய் முப்பது பைசா,money
278-503,இருநூற்று எழுபத்தெட்டு முதல் ஐந்நூற்று மூன்று,range
7.426,ஏழு புள்ளி நான்கு இரண்டு ஆறு,decimal
ரூ. 90,தொண்ணூறு ரூபாய்,money
1039268807812,ஒன்று பூஜ்யம் மூன்று ஒன்பது இரண்டு ஆறு எட்டு எட்டு பூஜ்யம் ஏழு எட்டு ஒன்று இரண்டு,cardinal
-33°F சரியானது.,மைனஸ் முப்பத்துமூன்று டிகிரி பாரன்ஹீட் சரியானது .,measure
மதிப்பீடு 8.7.,மதிப்பீடு எட்டு புள்ளி ஏழு .,decimal
"௭௨,௬௨,௭௫,௨௧௭",எழுபத்திரண்டு கோடி அறுபத்திரண்டு இலட்சம் எழுபத்தைந்து ஆயிரம் இருநூற்றுப்பதினேழு,cardinal
௫௧௩,ஐந்நூற்றுப்பதிமூன்று,cardinal
7618000315,ஏழு ஆறு ஒன்று எட்டு பூஜ்யம் பூஜ்யம் பூஜ்யம் மூன்று ஒன்று ஐந்து,telephone
3வது நூற்றாண்டு இலக்கியம்.,மூன்றாவது நூற்றாண்டு இலக்கியம் .,ordinal
நான் 11:15:32 எழுந்தேன்.,நான் பதினொன்று மணி பதினைந்து நிமிடம் முப்பத்திரண்டு வினாடி எழுந்தேன் .,time
-79476.2 என்பதை நினைவில் கொள்ளுங்கள்.,மைனஸ் எழுபத்தொன்பது ஆயிரம் நானூற்று எழுபத்தாறு புள்ளி இரண்டு என்பதை நினைவில் கொள்ளுங்கள் .,decimal
01-08-2444,ஒன்று ஆகஸ்ட் இரண்டாயிரத்து நானூற்று நாற்பத்துநான்கு,date
டாக். சுரேஷ் பேசினார்.,டாக்டர் சுரேஷ் பேசினார் .,whitelist
விண்ணப்பம் 09-05-1965 அன்று அனுப்பப்பட்டது.,விண்ணப்பம் ஒன்பது மே ஆயிரத்து தொள்ளாயிரத்து அறுபத்தைந்து அன்று அனுப்பப்பட்டது .,date
17:06 மணிக்கு சாப்பிட வா.,பதினேழு மணி ஆறு நிமிடம் சாப்பிட வா .,time
௧௮௪௧ஆவது என்று எழுதப்பட்டுள்ளது.,ஆயிரத்து எண்ணூற்று நாற்பத்தொன்றாவது என்று எழுதப்பட்டுள்ளது .,ordinal
611.209 என்பதை நினைவில் கொள்ளுங்கள்.,அறுநூற்றுப்பதினொன்று புள்ளி இரண்டு பூஜ்யம் ஒன்பது என்பதை நினைவில் கொள்ளுங்கள் .,decimal
24:13 சரியானது.,இருபத்துநான்கு மணி பதிமூன்று நிமிடம் சரியானது .,time
Rs 28,இருபத்தெட்டு ரூபாய்,money
¥71,எழுபத்தொன்று யென்,money
5/7 பற்றி பேசினோம்.,ஏழில் ஐந்து பற்றி பேசினோம் .,fraction
கூட்டத்தில் 4935408 பேர் வந்தனர்.,கூட்டத்தில் நாற்பத்தொன்பது இலட்சம் முப்பத்தைந்து ஆயிரம் நானூற்று எட்டு பேர் வந்தனர் .,cardinal
இன்றைய விலை 7.68 ஆக உயர்ந்தது.,இன்றைய விலை ஏழு புள்ளி ஆறு எட்டு ஆக உயர்ந்தது .,decimal
பள்ளியில் 557 ஆசிரியர்கள் உள்ளனர்.,பள்ளியில் ஐந்நூற்று ஐம்பத்தேழு ஆசிரியர்கள் உள்ளனர் .,cardinal
2838,இரண்டாயிரத்து எண்ணூற்று முப்பத்தெட்டு,cardinal
02-12-2066 பற்றி பேசினோம்.,இரண்டு டிசம்பர் இரண்டாயிரத்து அறுபத்தாறு பற்றி பேசினோம் .,date
பாத்திரத்தில் 62/100 பங்கு நீர் உள்ளது.,பாத்திரத்தில் நூறில் அறுபத்திரண்டு பங்கு நீர் உள்ளது .,fraction
௭௨௯௯௯௪௧,எழுபத்திரண்டு இலட்சம் தொண்ணூற்றொன்பது ஆயிரம் தொள்ளாயிரத்து நாற்பத்தொன்று,cardinal
"267,944",இரண்டு இலட்சம் அறுபத்தேழு ஆயிரம் தொள்ளாயிரத்து நாற்பத்துநான்கு,cardinal
௧ ha,ஒரு ஹெக்டேர்,measure
4051,நான்காயிரத்து ஐம்பத்தொன்று,cardinal
தினமும் 5.21 mi ஓடுகிறேன்.,தினமும் ஐந்து புள்ளி இரண்டு ஒன்று மைல் ஓடுகிறேன் .,measure
விலை 12₹ மட்டும்.,விலை பன்னிரண்டு ரூபாய் மட்டும் .,money
"கூட்டத்தில் 220,532 பேர் வந்தனர்.",கூட்டத்தில் இரண்டு இலட்சம் இருபது ஆயிரம் ஐந்நூற்று முப்பத்திரண்டு பேர் வந்தனர் .,cardinal
399,முந்நூற்றுத்தொண்ணூற்றொன்பது,cardinal
83/100,நூறில் எண்பத்துமூன்று,fraction
02-05-1976,இரண்டு மே ஆயிரத்து தொள்ளாயிரத்து எழுபத்தாறு,date
5617 cm,ஐந்தாயிரத்து அறுநூற்றுப்பதினேழு சென்டிமீட்டர்,measure
அவன் 354 முறை முயன்றான்.,அவன் முந்நூற்று ஐம்பத்துநான்கு முறை முயன்றான் .,cardinal
மழை அளவு -110.65 என பதிவானது.,மழை அளவு மைனஸ் நூற்றுப்பத்து புள்ளி ஆறு ஐந்து என பதிவானது .,decimal
செய்தியில் 98121.523 என்று வந்தது.,செய்தியில் தொண்ணூற்றெட்டு ஆயிரம் நூற்று இருபத்தொன்று புள்ளி ஐந்து இரண்டு மூன்று என்று வந்தது .,decimal
22வது,இருபத்திரண்டாவது,ordinal
26/05/1589,இருபத்தாறு மே ஆயிரத்து ஐந்நூற்று எண்பத்தொன்பது,date
இதில் ₹ 8149 குறிப்பிடப்பட்டுள்ளது.,இதில் எட்டாயிரத்து நூற்று நாற்பத்தொன்பது ரூபாய் குறிப்பிடப்பட்டுள்ளது .,money
Rs. 73571 /-,எழுபத்துமூன்று ஆயிரம் ஐந்நூற்று எழுபத்தொன்று ரூபாய்,money
6 கி.கி,ஆறு கிலோகிராம்,measure
கடிதத்தில் 45 kg இருந்தது.,கடிதத்தில் நாற்பத்தைந்து கிலோகிராம் இருந்தது .,measure
புகார் எண் +91 7007532449 ஆகும்.,புகார் எண் பிளஸ் ஒன்பது ஒன்று ஏழு பூஜ்யம் பூஜ்யம் ஏழு ஐந்து மூன்று இரண்டு நான்கு நான்கு ஒன்பது ஆகும் .,telephone
விலை 48 ரூ மட்டும்.,விலை நாற்பத்தெட்டு ரூபாய் மட்டும் .,money
14/40 பங்கு மாணவர்கள் தேர்ச்சி பெற்றனர்.,நாற்பதில் பதினான்கு பங்கு மாணவர்கள் தேர்ச்சி பெற்றனர் .,fraction
1478-2735,ஆயிரத்து நானூற்று எழுபத்தெட்டு முதல் இரண்டாயிரத்து எழுநூற்று முப்பத்தைந்து,range
இன்றைய விலை 2.75 ஆக உயர்ந்தது.,இன்றைய விலை இரண்டு புள்ளி ஏழு ஐந்து ஆக உயர்ந்தது .,decimal
4599வது பக்கத்தில் பதில் உள்ளது.,நான்காயிரத்து ஐந்நூற்றுத்தொண்ணூற்றொன்பதாவது பக்கத்தில் பதில் உள்ளது .,ordinal
வாடகை ₹8518 ஆக உயர்ந்தது.,வாடகை எட்டாயிரத்து ஐந்நூற்றுப்பதினெட்டு ரூபாய் ஆக உயர்ந்தது .,money
௨௪:௧௫,இருபத்துநான்கு மணி பதினைந்து நிமிடம்,time
பள்ளியில் 53 ஆசிரியர்கள் உள்ளனர்.,பள்ளியில் ஐம்பத்துமூன்று ஆசிரியர்கள் உள்ளனர் .,cardinal
30430.2,முப்பது ஆயிரம் நானூற்று முப்பது புள்ளி இரண்டு,decimal
செய்தியில் 3.28 என்று வந்தது.,செய்தியில் மூன்று புள்ளி இரண்டு எட்டு என்று வந்தது .,decimal
€ 54 பற்றி பேசினோம்.,ஐம்பத்துநான்கு யூரோ பற்றி பேசினோம் .,money
ரூ ௯௬௮௦,ஒன்பதாயிரத்து அறுநூற்று எண்பது ரூபாய்~ஒன்பதாயிரத்து அறுநூற்றெண்பது ரூபாய்,money
பரிசுத் தொகை Rs.907.,பரிசுத் தொகை தொள்ளாயிரத்து ஏழு ரூபாய் .,money
13501,பதிமூன்று ஆயிரம் ஐந்நூற்று ஒன்று,cardinal
16/20,இருபதில் பதினாறு,fraction
வண்டி எண் 21ல் ஆகும்.,வண்டி எண் இருபத்தொன்றில் ஆகும் .,cardinal
28-10-1938 அன்று விடுமுறை.,இருபத்தெட்டு அக்டோபர் ஆயிரத்து தொள்ளாயிரத்து முப்பத்தெட்டு அன்று விடுமுறை .,date
11:01:56 மணிக்கு,பதினொன்று மணி ஒன்று நிமிடம் ஐம்பத்தாறு வினாடி,time
6839233651,ஆறு எட்டு மூன்று ஒன்பது இரண்டு மூன்று மூன்று ஆறு ஐந்து ஒன்று,telephone
இன்று 65 பேர் வருகை தந்தனர்.,இன்று அறுபத்தைந்து பேர் வருகை தந்தனர் .,cardinal
பேருந்து 15:00:05 கிளம்பும்.,பேருந்து பதினைந்து மணி ஐந்து வினாடி கிளம்பும் .,time
மதிப்பீடு 9834.36.,மதிப்பீடு ஒன்பதாயிரத்து எண்ணூற்று முப்பத்துநான்கு புள்ளி மூன்று ஆறு .,decimal
915,தொள்ளாயிரத்து பதினைந்து,cardinal
9×2=18,ஒன்பது பெருக்கல் இரண்டு சமம் பதினெட்டு,whitelist
திருமணம் 27-12-1918 அன்று நடைபெறும்.,திருமணம் இருபத்தேழு டிசம்பர் ஆயிரத்து தொள்ளாயிரத்து பதினெட்டு அன்று நடைபெறும் .,date
தொடர்புக்கு 9713056273.,தொடர்புக்கு ஒன்பது ஏழு ஒன்று மூன்று பூஜ்யம் ஐந்து ஆறு இரண்டு ஏழு மூன்று .,telephone
சராசரி 53355.963 என்பது 9084406 மாணவர்களின் கணக்கு.,சராசரி ஐம்பத்துமூன்று ஆயிரம் முந்நூற்று ஐம்பத்தைந்து புள்ளி ஒன்பது ஆறு மூன்று என்பது தொண்ணூறு இலட்சம் எண்பத்துநான்கு ஆயிரம் நானூற்று ஆறு மாணவர்களின் கணக்கு .,mixed
நேரம் 20:23 ஆகிவிட்டது.,நேரம் இருபது மணி இருபத்துமூன்று நிமிடம் ஆகிவிட்டது .,time
கடிதத்தில் ₹62 இருந்தது.,கடிதத்தில் அறுபத்திரண்டு ரூபாய் இருந்தது .,money
08/08/1786 என்று எழுதப்பட்டுள்ளது.,எட்டு ஆகஸ்ட் ஆயிரத்து எழுநூற்று எண்பத்தாறு என்று எழுதப்பட்டுள்ளது .,date
443,நானூற்று நாற்பத்துமூன்று,cardinal
1660,ஆயிரத்து அறுநூற்று அறுபது~ஆயிரத்து அறுநூற்றறுபது,cardinal
1/3,மூன்றில் ஒன்று,fraction
வண்டி எண் ௮௮௪௩ ஆகும்.,வண்டி எண் எட்டாயிரத்து எண்ணூற்று நாற்பத்துமூன்று ஆகும் .,cardinal
கடைக்கு போய் வருகிறேன்.,கடைக்கு போய் வருகிறேன் .,word
6673 கி.கி.,ஆறாயிரத்து அறுநூற்று எழுபத்துமூன்று கிலோகிராம்,measure
கடிதத்தில் 41/100 இருந்தது.,கடிதத்தில் நூறில் நாற்பத்தொன்று இருந்தது .,fraction
Rs 87.20,எண்பத்தேழு ரூபாய் இருபது பைசா,money
9ml,ஒன்பது மில்லிலிட்டர்,measure
நாள் 2048-09-10 என்று குறிக்கப்பட்டுள்ளது.,நாள் இரண்டாயிரத்து நாற்பத்தெட்டு செப்டம்பர் பத்து என்று குறிக்கப்பட்டுள்ளது .,date
19 13/50 பங்கு வேலை முடிந்தது.,பத்தொன்பது மற்றும் ஐம்பதில் பதிமூன்று பங்கு வேலை முடிந்தது .,fraction
இதில் 546-1084 குறிப்பிடப்பட்டுள்ளது.,இதில் ஐந்நூற்று நாற்பத்தாறு முதல் ஆயிரத்து எண்பத்துநான்கு குறிப்பிடப்பட்டுள்ளது .,range
20-12-1959,இருபது டிசம்பர் ஆயிரத்து தொள்ளாயிரத்து ஐம்பத்தொன்பது,date
£1618 பற்றி பேசினோம்.,ஆயிரத்து அறுநூற்றுப்பதினெட்டு பவுண்ட் பற்றி பேசினோம் .,money
வகுப்பு 06:47 மணிக்கு முடியும்.,வகுப்பு ஆறு மணி நாற்பத்தேழு நிமிடம் முடியும் .,time
கணக்கு 95% என்று வரும்.,கணக்கு தொண்ணூற்றைந்து சதவீதம் என்று வரும் .,whitelist
ரூ349644993.92,முப்பத்துநான்கு கோடி தொண்ணூற்றாறு இலட்சம் நாற்பத்துநான்கு ஆயிரம் தொள்ளாயிரத்து தொண்ணூற்றுமூன்று ரூபாய் தொண்ணூற்றிரண்டு பைசா,money
௩௮.௨ என்பதை நினைவில் கொள்ளுங்கள்.,முப்பத்தெட்டு புள்ளி இரண்டு என்பதை நினைவில் கொள்ளுங்கள் .,decimal
5.3,ஐந்து புள்ளி மூன்று,decimal
€௮௧,எண்பத்தொன்று யூரோ,money
கு. கண்ணன் என்பது சரி.,குமாரி கண்ணன் என்பது சரி .,whitelist
859.2,எண்ணூற்று ஐம்பத்தொன்பது புள்ளி இரண்டு,decimal
19:13 என்பதை நினைவில் கொள்ளுங்கள்.,பத்தொன்பது மணி பதிமூன்று நிமிடம் என்பதை நினைவில் கொள்ளுங்கள் .,time
527367903731,ஐந்து இரண்டு ஏழு மூன்று ஆறு ஏழு ஒன்பது பூஜ்யம் மூன்று ஏழு மூன்று ஒன்று,cardinal
செய்தியில் 537.18 என்று வந்தது.,செய்தியில் ஐந்நூற்று முப்பத்தேழு புள்ளி ஒன்று எட்டு என்று வந்தது .,decimal
4.7,நான்கு புள்ளி ஏழு,decimal
23-37 என்று எழுதப்பட்டுள்ளது.,இருபத்துமூன்று முதல் முப்பத்தேழு என்று எழுதப்பட்டுள்ளது .,range
கடிதத்தில் 00-3730575 இருந்தது.,கடிதத்தில் பூஜ்யம் பூஜ்யம் மூன்று ஏழு மூன்று பூஜ்யம் ஐந்து ஏழு ஐந்து இருந்தது .,telephone
612.5,அறுநூற்றுப்பன்னிரண்டு புள்ளி ஐந்து,decimal
"7,81,93,742 ரூ./-",ஏழு கோடி எண்பத்தொன்று இலட்சம் தொண்ணூற்றுமூன்று ஆயிரம் எழுநூற்று நாற்பத்திரண்டு ரூபாய்,money
730 பற்றி பேசினோம்.,எழுநூற்று முப்பது பற்றி பேசினோம் .,cardinal
கடிதத்தில் ரூ. ௧௭௮௩.௮௨ இருந்தது.,கடிதத்தில் ஆயிரத்து எழுநூற்று எண்பத்துமூன்று ரூபாய் எண்பத்திரண்டு பைசா இருந்தது .,money
சராசரி 783.118 என்பது 7219 மாணவர்களின் கணக்கு.,சராசரி எழுநூற்று எண்பத்துமூன்று புள்ளி ஒன்று ஒன்று எட்டு என்பது ஏழாயிரத்து இருநூற்றுப்பத்தொன்பது மாணவர்களின் கணக்கு .,mixed
கூட்டம் ௮:௨௮ தொடங்கும்.,கூட்டம் எட்டு மணி இருபத்தெட்டு நிமிடம் தொடங்கும் .,time
அவர் 02.10.1997 அன்று பிறந்தார்.,அவர் இரண்டு அக்டோபர் ஆயிரத்து தொள்ளாயிரத்து தொண்ணூற்றேழு அன்று பிறந்தார் .,date
௮ ௪௦/௪௦,எட்டு மற்றும் நாற்பதில் நாற்பது,fraction
பிறந்த நாள் 1972-06-23.,பிறந்த நாள் ஆயிரத்து தொள்ளாயிரத்து எழுபத்திரண்டு ஜூன் இருபத்துமூன்று .,date
புகார் எண் 7678646649 ஆகும்.,புகார் எண் ஏழு ஆறு ஏழு எட்டு ஆறு நான்கு ஆறு ஆறு நான்கு ஒன்பது ஆகும் .,telephone
மொத்த மதிப்பெண் 42ல்.,மொத்த மதிப்பெண் நாற்பத்திரண்டில் .,cardinal
4.5 சரியானது.,நான்கு புள்ளி ஐந்து சரியானது .,decimal
839,எண்ணூற்று முப்பத்தொன்பது,cardinal
6/10 பங்கு அதாவது 66.56 MW மட்டும் மீதம்.,பத்தில் ஆறு பங்கு அதாவது அறுபத்தாறு புள்ளி ஐந்து ஆறு மெகாவாட் மட்டும் மீதம் .,mixed
கூட்டம் 12-14-1928 அன்று 11:20 தொடங்கும்.,கூட்டம் டிசம்பர் பதினான்கு ஆயிரத்து தொள்ளாயிரத்து இருபத்தெட்டு அன்று பதினொன்று மணி இருபது நிமிடம் தொடங்கும் .,mixed
இதில் ௩௨௩௮ குறிப்பிடப்பட்டுள்ளது.,இதில் மூன்றாயிரத்து இருநூற்று முப்பத்தெட்டு குறிப்பிடப்பட்டுள்ளது .,cardinal
இதில் 80-140 குறிப்பிடப்பட்டுள்ளது.,இதில் எண்பது முதல் நூற்று நாற்பது குறிப்பிடப்பட்டுள்ளது .,range
6869 ha,ஆறாயிரத்து எண்ணூற்று அறுபத்தொன்பது ஹெக்டேர்,measure
ரூ.0.61,அறுபத்தொன்று பைசா,money
7ஆம் என்பதை நினைவில் கொள்ளுங்கள்.,ஏழாம் என்பதை நினைவில் கொள்ளுங்கள் .,ordinal
கடிதத்தில் 11:09:28 மணிக்கு இருந்தது.,கடிதத்தில் பதினொன்று மணி ஒன்பது நிமிடம் இருபத்தெட்டு வினாடி இருந்தது .,time
1975-01-20,ஆயிரத்து தொள்ளாயிரத்து எழுபத்தைந்து ஜனவரி இருபது,date
வண்டி எண் 88199 ஆகும்.,வண்டி எண் எண்பத்தெட்டு ஆயிரம் நூற்றுத்தொண்ணூற்றொன்பது ஆகும் .,cardinal
பை மதிப்பு ௩௬௩௩௦.௭ ஆகும்.,பை மதிப்பு முப்பத்தாறு ஆயிரம் முந்நூற்று முப்பது புள்ளி ஏழு ஆகும் .,decimal
1 கி.கி.,ஒரு கிலோகிராம்,measure
4 கி.மீ.,நான்கு கிலோமீட்டர்,measure
இந்த புத்தகம் மிகவும் சுவாரஸ்யமானது.,இந்த புத்தகம் மிகவும் சுவாரஸ்யமானது .,word
19/50,ஐம்பதில் பத்தொன்பது,fraction
எண் 966982676 சரியானது.,எண் தொண்ணூற்றாறு கோடி அறுபத்தொன்பது இலட்சம் எண்பத்திரண்டு ஆயிரம் அறுநூற்று எழுபத்தாறு சரியானது .,cardinal
6764.8 ரூ.,ஆறாயிரத்து எழுநூற்று அறுபத்துநான்கு ரூபாய் எண்பது பைசா,money
அலுவலக எண் 8871831600.,அலுவலக எண் எட்டு எட்டு ஏழு ஒன்று எட்டு மூன்று ஒன்று ஆறு பூஜ்யம் பூஜ்யம் .,telephone
53ஆம் மாடியில் அலுவலகம் உள்ளது.,ஐம்பத்துமூன்றாம் மாடியில் அலுவலகம் உள்ளது .,ordinal
53,ஐம்பத்துமூன்று,cardinal
69,அறுபத்தொன்பது,cardinal
திருமணம் 03-06-2083 அன்று நடைபெறும்.,திருமணம் மூன்று ஜூன் இரண்டாயிரத்து எண்பத்துமூன்று அன்று நடைபெறும் .,date
பேருந்து கட்டணம் ¥ ௯௨௪ ஆகும்.,பேருந்து கட்டணம் தொள்ளாயிரத்து இருபத்துநான்கு யென் ஆகும் .,money
2000ல் நாட்கள் ஆயிற்று.,இரண்டாயிரத்தில் நாட்கள் ஆயிற்று .,cardinal
"மொத்தம் 151,180 மாணவர்கள் உள்ளனர்.",மொத்தம் ஒரு இலட்சம் ஐம்பத்தொன்று ஆயிரம் நூற்று எண்பது மாணவர்கள் உள்ளனர் .~மொத்தம் ஒரு இலட்சம் ஐம்பத்தொன்று ஆயிரம் நூற்றெண்பது மாணவர்கள் உள்ளனர் .,cardinal
௦௪-௦௮-௧௯௪௬ சரியானது.,நான்கு ஆகஸ்ட் ஆயிரத்து தொள்ளாயிரத்து நாற்பத்தாறு சரியானது .,date
38/90,தொண்ணூறில் முப்பத்தெட்டு,fraction
கூட்டத்தில் 883 பேர் வந்தனர்.,கூட்டத்தில் எண்ணூற்று எண்பத்துமூன்று பேர் வந்தனர் .,cardinal
திருமணம் 06/11/2399 அன்று நடைபெறும்.,திருமணம் ஆறு நவம்பர் இரண்டாயிரத்து முந்நூற்றுத்தொண்ணூற்றொன்பது அன்று நடைபெறும் .,date
Rs 3087,மூன்றாயிரத்து எண்பத்தேழு ரூபாய்,money
கூட்டம் 08:38 தொடங்கும்.,கூட்டம் எட்டு மணி முப்பத்தெட்டு நிமிடம் தொடங்கும் .,time
௧௮,பதினெட்டு,cardinal
அவள் உயரம் 72 செ.மீ ஆகும்.,அவள் உயரம் எழுபத்திரண்டு சென்டிமீட்டர் ஆகும் .,measure
"$1,52,39,548 என்று எழுதப்பட்டுள்ளது.",ஒரு கோடி ஐம்பத்திரண்டு இலட்சம் முப்பத்தொன்பது ஆயிரம் ஐந்நூற்று நாற்பத்தெட்டு டாலர் என்று எழுதப்பட்டுள்ளது .,money
1192-1932 பக்கங்கள் படிக்கவும்.,ஆயிரத்து நூற்றுத்தொண்ணூற்றிரண்டு முதல் ஆயிரத்து தொள்ளாயிரத்து முப்பத்திரண்டு பக்கங்கள் படிக்கவும் .,range
7.77 பற்றி பேசினோம்.,ஏழு புள்ளி ஏழு ஏழு பற்றி பேசினோம் .,decimal
அந்த ஊரில் 552 வீடுகள் உள்ளன.,அந்த ஊரில் ஐந்நூற்று ஐம்பத்திரண்டு வீடுகள் உள்ளன .,cardinal
9644976407 என்று எழுதப்பட்டுள்ளது.,ஒன்பது ஆறு நான்கு நான்கு ஒன்பது ஏழு ஆறு நான்கு பூஜ்யம் ஏழு என்று எழுதப்பட்டுள்ளது .,telephone
இந்த மூட்டை 3064 km/h எடை உள்ளது.,இந்த மூட்டை மூன்றாயிரத்து அறுபத்துநான்கு கிலோமீட்டர் ஒரு மணி நேரத்திற்கு எடை உள்ளது .,measure
இன்று 433 பேர் வருகை தந்தனர்.,இன்று நானூற்று முப்பத்துமூன்று பேர் வருகை தந்தனர் .,cardinal
இதில் 8 2/12 குறிப்பிடப்பட்டுள்ளது.,இதில் எட்டு மற்றும் பன்னிரண்டில் இரண்டு குறிப்பிடப்பட்டுள்ளது .,fraction
விலை ரூ 7 மட்டும்.,விலை ஏழு ரூபாய் மட்டும் .,money
3:42,மூன்று மணி நாற்பத்திரண்டு நிமிடம்,time
12½,பன்னிரண்டு மற்றும் இரண்டில் ஒன்று,fraction
அளவு 75748.55 ஆக உள்ளது.,அளவு எழுபத்தைந்து ஆயிரம் எழுநூற்று நாற்பத்தெட்டு புள்ளி ஐந்து ஐந்து ஆக உள்ளது .,decimal
இந்த சட்டை ரூ 0.86 ஆகும்.,இந்த சட்டை எண்பத்தாறு பைசா ஆகும் .,money
4/4/2024,நான்கு ஏப்ரல் இரண்டாயிரத்து இருபத்துநான்கு,date
என் எண் 7791652268.,என் எண் ஏழு ஏழு ஒன்பது ஒன்று ஆறு ஐந்து இரண்டு இரண்டு ஆறு எட்டு .,telephone
4772 கிலோ அரிசி வாங்கினேன்.,நான்காயிரத்து எழுநூற்று எழுபத்திரண்டு கிலோ அரிசி வாங்கினேன் .,cardinal
29-12-2086,இருபத்தொன்பது டிசம்பர் இரண்டாயிரத்து எண்பத்தாறு,date
அவள் உயரம் 8.81 செ.மீ. ஆகும்.,அவள் உயரம் எட்டு புள்ளி எட்டு ஒன்று சென்டிமீட்டர் ஆகும் .,measure
பெட்டியின் எடை 9843 GB இருக்கும்.,பெட்டியின் எடை ஒன்பதாயிரத்து எண்ணூற்று நாற்பத்துமூன்று கிகாபைட் இருக்கும் .,measure
கணக்கு 3.3 % என்று வரும்.,கணக்கு மூன்று புள்ளி மூன்று சதவீதம் என்று வரும் .,whitelist
கூட்டம் 1:00 தொடங்கும்.,கூட்டம் ஒரு மணி தொடங்கும் .,time
நீளம் 96875.899 கோடி ஆக இருந்தது.,நீளம் தொண்ணூற்றாறு ஆயிரம் எண்ணூற்று எழுபத்தைந்து புள்ளி எட்டு ஒன்பது ஒன்பது கோடி ஆக இருந்தது .,decimal
உதவி எண் 7652998695 என அறிவித்தனர்.,உதவி எண் ஏழு ஆறு ஐந்து இரண்டு ஒன்பது ஒன்பது எட்டு ஆறு ஒன்பது ஐந்து என அறிவித்தனர் .,telephone
6011வது,ஆறாயிரத்து பதினொன்றாவது,ordinal
5.23 மி.லி,ஐந்து புள்ளி இரண்டு மூன்று மில்லிலிட்டர்,measure
22:43,இருபத்திரண்டு மணி நாற்பத்துமூன்று நிமிடம்,time
05-06-2757 முதல் விற்பனை தொடங்கும்.,ஐந்து ஜூன் இரண்டாயிரத்து எழுநூற்று ஐம்பத்தேழு முதல் விற்பனை தொடங்கும் .,date
3.11,மூன்று புள்ளி ஒன்று ஒன்று,decimal
13:50:49,பதிமூன்று மணி ஐம்பது நிமிடம் நாற்பத்தொன்பது வினாடி,time
25.01.2022 அன்று மழை பெய்தது.,இருபத்தைந்து ஜனவரி இரண்டாயிரத்து இருபத்திரண்டு அன்று மழை பெய்தது .,date
வாடகை ₹3777 ஆக உயர்ந்தது.,வாடகை மூன்றாயிரத்து எழுநூற்று எழுபத்தேழு ரூபாய் ஆக உயர்ந்தது .,money
கணக்கு 12% என்று வரும்.,கணக்கு பன்னிரண்டு சதவீதம் என்று வரும் .,whitelist
செய்தியில் 44வது என்று வந்தது.,செய்தியில் நாற்பத்துநான்காவது என்று வந்தது .,ordinal
8 கி.கி,எட்டு கிலோகிராம்,measure
மொத்தம் 7 மாணவர்கள் உள்ளனர்.,மொத்தம் ஏழு மாணவர்கள் உள்ளனர் .,cardinal
அளவு 298.7 ஆக உள்ளது.,அளவு இருநூற்றுத்தொண்ணூற்றெட்டு புள்ளி ஏழு ஆக உள்ளது .,decimal
1998-2967,ஆயிரத்து தொள்ளாயிரத்து தொண்ணூற்றெட்டு முதல் இரண்டாயிரத்து தொள்ளாயிரத்து அறுபத்தேழு,range
அளவு 3.48 ஆக உள்ளது.,அளவு மூன்று புள்ளி நான்கு எட்டு ஆக உள்ளது .,decimal
பள்ளியில் 8603056 ஆசிரியர்கள் உள்ளனர்.,பள்ளியில் எண்பத்தாறு இலட்சம் மூன்றாயிரத்து ஐம்பத்தாறு ஆசிரியர்கள் உள்ளனர் .,cardinal
11 4/9,பதினொன்று மற்றும் ஒன்பதில் நான்கு,fraction
20-10-2048,இருபது அக்டோபர் இரண்டாயிரத்து நாற்பத்தெட்டு,date
எனக்கு 709 வயது.,எனக்கு எழுநூற்று ஒன்பது வயது .,cardinal
"484,157 நாட்கள் ஆயிற்று.",நான்கு இலட்சம் எண்பத்துநான்கு ஆயிரம் நூற்றைம்பத்து ஏழு நாட்கள் ஆயிற்று .,cardinal
9/14 என்று எழுதப்பட்டுள்ளது.,பதினான்கில் ஒன்பது என்று எழுதப்பட்டுள்ளது .,fraction
11-08-1906 பற்றி பேசினோம்.,பதினொன்று ஆகஸ்ட் ஆயிரத்து தொள்ளாயிரத்து ஆறு பற்றி பேசினோம் .,date
04.05.1901 என்று எழுதப்பட்டுள்ளது.,நான்கு மே ஆயிரத்து தொள்ளாயிரத்து ஒன்று என்று எழுதப்பட்டுள்ளது .,date
௪,நான்கு,cardinal
"975,828 நாட்கள் ஆயிற்று.",ஒன்பது இலட்சம் எழுபத்தைந்து ஆயிரம் எண்ணூற்று இருபத்தெட்டு நாட்கள் ஆயிற்று .,cardinal
"கட்டணம் £3,91,51,199 என அறிவித்தனர்.",கட்டணம் மூன்று கோடி தொண்ணூற்றொன்று இலட்சம் ஐம்பத்தொன்று ஆயிரம் நூற்றுத்தொண்ணூற்றொன்பது பவுண்ட் என அறிவித்தனர் .,money
131.29 பற்றி பேசினோம்.,நூற்று முப்பத்தொன்று புள்ளி இரண்டு ஒன்பது பற்றி பேசினோம் .,decimal
இதில் 9629724419 குறிப்பிடப்பட்டுள்ளது.,இதில் ஒன்பது ஆறு இரண்டு ஒன்பது ஏழு இரண்டு நான்கு நான்கு ஒன்று ஒன்பது குறிப்பிடப்பட்டுள்ளது .,telephone
"மொத்தம் 985,431 மாணவர்கள் உள்ளனர்.",மொத்தம் ஒன்பது இலட்சம் எண்பத்தைந்து ஆயிரம் நானூற்று முப்பத்தொன்று மாணவர்கள் உள்ளனர் .,cardinal
8516338,எண்பத்தைந்து இலட்சம் பதினாறு ஆயிரம் முந்நூற்று முப்பத்தெட்டு,cardinal
அவள் 104ஆம் வகுப்பு படிக்கிறாள்.,அவள் நூற்று நான்காம் வகுப்பு படிக்கிறாள் .,ordinal
இதில் 22:18 மணிக்கு குறிப்பிடப்பட்டுள்ளது.,இதில் இருபத்திரண்டு மணி பதினெட்டு நிமிடம் குறிப்பிடப்பட்டுள்ளது .,time
3219 lb,மூன்றாயிரத்து இருநூற்றுப்பத்தொன்பது பவுண்டு,measure
09-966827,பூஜ்யம் ஒன்பது ஒன்பது ஆறு ஆறு எட்டு இரண்டு ஏழு,telephone
சராசரி 1.429 என்பது ௪௯௮௪ மாணவர்களின் கணக்கு.,சராசரி ஒன்று புள்ளி நான்கு இரண்டு ஒன்பது என்பது நான்காயிரத்து தொள்ளாயிரத்து எண்பத்துநான்கு மாணவர்களின் கணக்கு .,mixed
-291.1 என்பதை நினைவில் கொள்ளுங்கள்.,மைனஸ் இருநூற்றுத்தொண்ணூற்றொன்று புள்ளி ஒன்று என்பதை நினைவில் கொள்ளுங்கள் .,decimal
"இன்று 335,709 பேர் வருகை தந்தனர்.",இன்று மூன்று இலட்சம் முப்பத்தைந்து ஆயிரம் எழுநூற்று ஒன்பது பேர் வருகை தந்தனர் .,cardinal
கூட்டத்தில் 8906 பேர் வந்தனர்.,கூட்டத்தில் எட்டாயிரத்து தொள்ளாயிரத்து ஆறு பேர் வந்தனர் .,cardinal
"Rs6,29,01,776 அபராதம் விதிக்கப்பட்டது.",ஆறு கோடி இருபத்தொன்பது இலட்சம் ஒன்று ஆயிரம் எழுநூற்று எழுபத்தாறு ரூபாய் அபராதம் விதிக்கப்பட்டது .,money
௧௫:௨௯:௫௧ மணிக்கு,பதினைந்து மணி இருபத்தொன்பது நிமிடம் ஐம்பத்தொன்று வினாடி,time
நாள் 03-13-2081 என்று குறிக்கப்பட்டுள்ளது.,நாள் மார்ச் பதிமூன்று இரண்டாயிரத்து எண்பத்தொன்று என்று குறிக்கப்பட்டுள்ளது .,date
₹0.80,எண்பது பைசா,money
அவர் 9.93 என்றார்.,அவர் ஒன்பது புள்ளி ஒன்பது மூன்று என்றார் .,decimal
இதில் 32ஆம் குறிப்பிடப்பட்டுள்ளது.,இதில் முப்பத்திரண்டாம் குறிப்பிடப்பட்டுள்ளது .,ordinal
ரூ.34,முப்பத்துநான்கு ரூபாய்,money
1876-3101,ஆயிரத்து எண்ணூற்று எழுபத்தாறு முதல் மூன்றாயிரத்து நூற்று ஒன்று,range
செய்தியில் 686 என்று வந்தது.,செய்தியில் அறுநூற்று எண்பத்தாறு என்று வந்தது .,cardinal
விலை ¥௧௩ மட்டும்.,விலை பதிமூன்று யென் மட்டும் .,money
₹ 91,தொண்ணூற்றொன்று ரூபாய்,money
கடிதத்தில் 9ஆம் இருந்தது.,கடிதத்தில் ஒன்பதாம் இருந்தது .,ordinal
கடைசி தேதி 05-05-1089.,கடைசி தேதி ஐந்து மே ஆயிரத்து எண்பத்தொன்பது .,date
14-15,பதினான்கு முதல் பதினைந்து,range
02-08-2022,இரண்டு ஆகஸ்ட் இரண்டாயிரத்து இருபத்திரண்டு,date
3 %,மூன்று சதவீதம்,whitelist
அவர் 10-05-1951 என்றார்.,அவர் பத்து மே ஆயிரத்து தொள்ளாயிரத்து ஐம்பத்தொன்று என்றார் .,date
அவர் 22-09-2073 அன்று பிறந்தார்.,அவர் இருபத்திரண்டு செப்டம்பர் இரண்டாயிரத்து எழுபத்துமூன்று அன்று பிறந்தார் .,date
கடிதத்தில் 0.6 இருந்தது.,கடிதத்தில் பூஜ்யம் புள்ளி ஆறு இருந்தது .,decimal
36KB,முப்பத்தாறு கிலோபைட்,measure
அவர் ரூ. 796500107 செலுத்தினார்.,அவர் எழுபத்தொன்பது கோடி அறுபத்தைந்து இலட்சம் நூற்று ஏழு ரூபாய் செலுத்தினார் .,money
"847,011",எட்டு இலட்சம் நாற்பத்தேழு ஆயிரம் பதினொன்று,cardinal
அவன் 1 ha நடந்தான்.,அவன் ஒரு ஹெக்டேர் நடந்தான் .,measure
83254,எண்பத்துமூன்று ஆயிரம் இருநூற்று ஐம்பத்துநான்கு,cardinal
13-08-2050 அன்று 1037.56 கி.கி மழை பெய்தது.,பதிமூன்று ஆகஸ்ட் இரண்டாயிரத்து ஐம்பது அன்று ஆயிரத்து முப்பத்தேழு புள்ளி ஐந்து ஆறு கிலோகிராம் மழை பெய்தது .,mixed
78%,எழுபத்தெட்டு சதவீதம்,whitelist
பேருந்து 16:35 கிளம்பும்.,பேருந்து பதினாறு மணி முப்பத்தைந்து நிமிடம் கிளம்பும் .,time
65-93,அறுபத்தைந்து முதல் தொண்ணூற்றுமூன்று,range
15/17,பதினேழில் பதினைந்து,fraction
அவர் ௭௮௬௦ ஓட்டங்கள் எடுத்தார்.,அவர் ஏழாயிரத்து எண்ணூற்று அறுபது ஓட்டங்கள் எடுத்தார் .,cardinal
1919-06-04 முதல் விற்பனை தொடங்கும்.,ஆயிரத்து தொள்ளாயிரத்து பத்தொன்பது ஜூன் நான்கு முதல் விற்பனை தொடங்கும் .,date
49/14,பதினான்கில் நாற்பத்தொன்பது,fraction
உதவி எண் 002-97117933 என அறிவித்தனர்.,உதவி எண் பூஜ்யம் பூஜ்யம் இரண்டு ஒன்பது ஏழு ஒன்று ஒன்று ஏழு ஒன்பது மூன்று மூன்று என அறிவித்தனர் .,telephone
வளர்ச்சி விகிதம் 970.642 ஆக இருந்தது.,வளர்ச்சி விகிதம் தொள்ளாயிரத்து எழுபது புள்ளி ஆறு நான்கு இரண்டு ஆக இருந்தது .,decimal
நிலப்பரப்பு 5 மி.மீ. ஆகும்.,நிலப்பரப்பு ஐந்து மில்லிமீட்டர் ஆகும் .,measure
½ என்று எழுதப்பட்டுள்ளது.,இரண்டில் ஒன்று என்று எழுதப்பட்டுள்ளது .,fraction
99996,தொண்ணூற்றொன்பது ஆயிரம் தொள்ளாயிரத்து தொண்ணூற்றாறு,cardinal
அவர் 3588168841771 ஓட்டங்கள் எடுத்தார்.,அவர் மூன்று ஐந்து எட்டு எட்டு ஒன்று ஆறு எட்டு எட்டு நான்கு ஒன்று ஏழு ஏழு ஒன்று ஓட்டங்கள் எடுத்தார் .,cardinal
70% வந்தார்.,எழுபது சதவீதம் வந்தார் .,whitelist
செய்தியில் 7 yr என்று வந்தது.,செய்தியில் ஏழு ஆண்டு என்று வந்தது .,measure
3 GB,மூன்று கிகாபைட்,measure
70-78,எழுபது முதல் எழுபத்தெட்டு,range
ரூ.6829.10 அபராதம் விதிக்கப்பட்டது.,ஆறாயிரத்து எண்ணூற்று இருபத்தொன்பது ரூபாய் பத்து பைசா அபராதம் விதிக்கப்பட்டது .,money
பள்ளியில் 6248 ஆசிரியர்கள் உள்ளனர்.,பள்ளியில் ஆறாயிரத்து இருநூற்று நாற்பத்தெட்டு ஆசிரியர்கள் உள்ளனர் .,cardinal
21:30,இருபத்தொன்று மணி முப்பது நிமிடம்,time
6214833961 என்பதை நினைவில் கொள்ளுங்கள்.,ஆறு இரண்டு ஒன்று நான்கு எட்டு மூன்று மூன்று ஒன்பது ஆறு ஒன்று என்பதை நினைவில் கொள்ளுங்கள் .,telephone
+916833101983 என்ற எண்ணை 4:15 அழைக்கவும்.,பிளஸ் ஒன்பது ஒன்று ஆறு எட்டு மூன்று மூன்று ஒன்று பூஜ்யம் ஒன்று ஒன்பது எட்டு மூன்று என்ற எண்ணை நான்கு மணி பதினைந்து நிமிடம் அழைக்கவும் .,mixed
வேகம் 95 lb ஆக இருந்தது.,வேகம் தொண்ணூற்றைந்து பவுண்டு ஆக இருந்தது .,measure
1784 என்பதை நினைவில் கொள்ளுங்கள்.,ஆயிரத்து எழுநூற்று எண்பத்துநான்கு என்பதை நினைவில் கொள்ளுங்கள் .,cardinal
6.72 என்று எழுதப்பட்டுள்ளது.,ஆறு புள்ளி ஏழு இரண்டு என்று எழுதப்பட்டுள்ளது .,decimal
விண்ணப்பம் 26-01-1987 அன்று அனுப்பப்பட்டது.,விண்ணப்பம் இருபத்தாறு ஜனவரி ஆயிரத்து தொள்ளாயிரத்து எண்பத்தேழு அன்று அனுப்பப்பட்டது .,date
கூட்டம் 12/03/2069 அன்று நடந்தது.,கூட்டம் பன்னிரண்டு மார்ச் இரண்டாயிரத்து அறுபத்தொன்பது அன்று நடந்தது .,date
"₹12,54,945 சரியானது.",பன்னிரண்டு இலட்சம் ஐம்பத்துநான்கு ஆயிரம் தொள்ளாயிரத்து நாற்பத்தைந்து ரூபாய் சரியானது .,money
218.0,இருநூற்றுப்பதினெட்டு புள்ளி பூஜ்யம்,decimal
90வது,தொண்ணூறாவது,ordinal
5.8 கி.கி,ஐந்து புள்ளி எட்டு கிலோகிராம்,measure
இதில் ¼ பங்கு எனக்கு.,இதில் நான்கில் ஒன்று பங்கு எனக்கு .,fraction
அவர் 1471-2613 என்றார்.,அவர் ஆயிரத்து நானூற்று எழுபத்தொன்று முதல் இரண்டாயிரத்து அறுநூற்றுப்பதிமூன்று என்றார் .,range
தினமும் 1910 லி. ஓடுகிறேன்.,தினமும் ஆயிரத்து தொள்ளாயிரத்து பத்து லிட்டர் ஓடுகிறேன் .,measure
64387.1 ரூ அபராதம் விதிக்கப்பட்டது.,அறுபத்துநான்கு ஆயிரம் முந்நூற்று எண்பத்தேழு ரூபாய் பத்து பைசா அபராதம் விதிக்கப்பட்டது .,money
29664.5,இருபத்தொன்பது ஆயிரம் அறுநூற்று அறுபத்துநான்கு புள்ளி ஐந்து,decimal
₹ 71,எழுபத்தொன்று ரூபாய்,money
10-16-1965,அக்டோபர் பதினாறு ஆயிரத்து தொள்ளாயிரத்து அறுபத்தைந்து,date
10:05 என்பதை நினைவில் கொள்ளுங்கள்.,பத்து மணி ஐந்து நிமிடம் என்பதை நினைவில் கொள்ளுங்கள் .,time
"இதில் ₹6,74,73,156 குறிப்பிடப்பட்டுள்ளது.",இதில் ஆறு கோடி எழுபத்துநான்கு இலட்சம் எழுபத்துமூன்று ஆயிரம் நூற்றைம்பத்து ஆறு ரூபாய் குறிப்பிடப்பட்டுள்ளது .,money
"இதில் £ 6,63,45,245.81 குறிப்பிடப்பட்டுள்ளது.",இதில் ஆறு கோடி அறுபத்துமூன்று இலட்சம் நாற்பத்தைந்து ஆயிரம் இருநூற்று நாற்பத்தைந்து பவுண்ட் எண்பத்தொன்று பென்ஸ் குறிப்பிடப்பட்டுள்ளது .,money
செய்தியில் 8291800500 என்று வந்தது.,செய்தியில் எட்டு இரண்டு ஒன்பது ஒன்று எட்டு பூஜ்யம் பூஜ்யம் ஐந்து பூஜ்யம் பூஜ்யம் என்று வந்தது .,telephone
£ ௫௪௩.௫,ஐந்நூற்று நாற்பத்துமூன்று பவுண்ட் ஐம்பது பென்ஸ்,money
335ஆவது என்பதை நினைவில் கொள்ளுங்கள்.,முந்நூற்று முப்பத்தைந்தாவது என்பதை நினைவில் கொள்ளுங்கள் .,ordinal
56748.61,ஐம்பத்தாறு ஆயிரம் எழுநூற்று நாற்பத்தெட்டு புள்ளி ஆறு ஒன்று,decimal
தொடர்புக்கு +91 6387709312.,தொடர்புக்கு பிளஸ் ஒன்பது ஒன்று ஆறு மூன்று எட்டு ஏழு ஏழு பூஜ்யம் ஒன்பது மூன்று ஒன்று இரண்டு .,telephone
பாத்திரத்தில் 90/60 பங்கு நீர் உள்ளது.,பாத்திரத்தில் அறுபதில் தொண்ணூறு பங்கு நீர் உள்ளது .,fraction
13-06-1993 சரியானது.,பதிமூன்று ஜூன் ஆயிரத்து தொள்ளாயிரத்து தொண்ணூற்றுமூன்று சரியானது .,date
"மொத்தம் 71,99,26,069 மாணவர்கள் உள்ளனர்.",மொத்தம் எழுபத்தொன்று கோடி தொண்ணூற்றொன்பது இலட்சம் இருபத்தாறு ஆயிரம் அறுபத்தொன்பது மாணவர்கள் உள்ளனர் .,cardinal
522879586,ஐம்பத்திரண்டு கோடி இருபத்தெட்டு இலட்சம் எழுபத்தொன்பது ஆயிரம் ஐந்நூற்று எண்பத்தாறு,cardinal
62553.448 சரியானது.,அறுபத்திரண்டு ஆயிரம் ஐந்நூற்று ஐம்பத்துமூன்று புள்ளி நான்கு நான்கு எட்டு சரியானது .,decimal
6255 மாணவர்கள் 01:57 வந்தனர்.,ஆறாயிரத்து இருநூற்று ஐம்பத்தைந்து மாணவர்கள் ஒரு மணி ஐம்பத்தேழு நிமிடம் வந்தனர் .,mixed
21 ₹,இருபத்தொன்று ரூபாய்,money
அந்த ஊரில் 52889 வீடுகள் உள்ளன.,அந்த ஊரில் ஐம்பத்திரண்டு ஆயிரம் எண்ணூற்று எண்பத்தொன்பது வீடுகள் உள்ளன .,cardinal
அவர் 16÷8=2 என்றார்.,அவர் பதினாறு வகுத்தல் எட்டு சமம் இரண்டு என்றார் .,whitelist
"அந்த ஊரில் 4,27,03,437 வீடுகள் உள்ளன.",அந்த ஊரில் நான்கு கோடி இருபத்தேழு இலட்சம் மூன்றாயிரத்து நானூற்று முப்பத்தேழு வீடுகள் உள்ளன .,cardinal
642வது பற்றி பேசினோம்.,அறுநூற்று நாற்பத்திரண்டாவது பற்றி பேசினோம் .,ordinal
5790₹,ஐந்தாயிரத்து எழுநூற்றுத்தொண்ணூறு ரூபாய்,money
கடிதத்தில் 0.448 இருந்தது.,கடிதத்தில் பூஜ்யம் புள்ளி நான்கு நான்கு எட்டு இருந்தது .,decimal
எப்போது வருவீர்கள்?,எப்போது வருவீர்கள் ?,word
320 என்பதை நினைவில் கொள்ளுங்கள்.,முந்நூற்று இருபது என்பதை நினைவில் கொள்ளுங்கள் .,cardinal
விமானம் 15:58:47 மணிக்கு வந்தடையும்.,விமானம் பதினைந்து மணி ஐம்பத்தெட்டு நிமிடம் நாற்பத்தேழு வினாடி வந்தடையும் .,time
18-11-2043 அன்று 56.31 மி.லி. மழை பெய்தது.,பதினெட்டு நவம்பர் இரண்டாயிரத்து நாற்பத்துமூன்று அன்று ஐம்பத்தாறு புள்ளி மூன்று ஒன்று மில்லிலிட்டர் மழை பெய்தது .,mixed
15/40,நாற்பதில் பதினைந்து,fraction
9.33 kg,ஒன்பது புள்ளி மூன்று மூன்று கிலோகிராம்,measure
விலை ₹7301.22 மட்டும்.,விலை ஏழாயிரத்து முந்நூற்று ஒன்று ரூபாய் இருபத்திரண்டு பைசா மட்டும் .,money
"12,70,92,538",பன்னிரண்டு கோடி எழுபது இலட்சம் தொண்ணூற்றிரண்டு ஆயிரம் ஐந்நூற்று முப்பத்தெட்டு,cardinal
609 பேருக்கு ௩௩₹ கொடுத்தேன்.,அறுநூற்று ஒன்பது பேருக்கு முப்பத்துமூன்று ரூபாய் கொடுத்தேன் .,mixed
90 லி. சரியானது.,தொண்ணூறு லிட்டர் சரியானது .,measure
இதில் 6.023 குறிப்பிடப்பட்டுள்ளது.,இதில் ஆறு புள்ளி பூஜ்யம் இரண்டு மூன்று குறிப்பிடப்பட்டுள்ளது .,decimal
11:00 மணிக்கு,பதினொன்று மணி,time
64 % என்று எழுதப்பட்டுள்ளது.,அறுபத்துநான்கு சதவீதம் என்று எழுதப்பட்டுள்ளது .,whitelist
10:42:12 என்பதை நினைவில் கொள்ளுங்கள்.,பத்து மணி நாற்பத்திரண்டு நிமிடம் பன்னிரண்டு வினாடி என்பதை நினைவில் கொள்ளுங்கள் .,time
11-14-2082 அன்று விடுமுறை.,நவம்பர் பதினான்கு இரண்டாயிரத்து எண்பத்திரண்டு அன்று விடுமுறை .,date
23:26:00 மணிக்கு,இருபத்துமூன்று மணி இருபத்தாறு நிமிடம்,time
மொத்த மதிப்பெண் 5933.,மொத்த மதிப்பெண் ஐந்தாயிரத்து தொள்ளாயிரத்து முப்பத்துமூன்று .,cardinal
$3797,மூன்றாயிரத்து எழுநூற்றுத்தொண்ணூற்றேழு டாலர்,money
₹15 என்று எழுதப்பட்டுள்ளது.,பதினைந்து ரூபாய் என்று எழுதப்பட்டுள்ளது .,money
"169,227",ஒரு இலட்சம் அறுபத்தொன்பது ஆயிரம் இருநூற்று இருபத்தேழு,cardinal
மதிப்பீடு 2.632.,மதிப்பீடு இரண்டு புள்ளி ஆறு மூன்று இரண்டு .,decimal
8.23 பற்றி பேசினோம்.,எட்டு புள்ளி இரண்டு மூன்று பற்றி பேசினோம் .,decimal
அவள் நன்றாக பாடுகிறாள்.,அவள் நன்றாக பாடுகிறாள் .,word
83801.3 கோடி,எண்பத்துமூன்று ஆயிரம் எண்ணூற்று ஒன்று புள்ளி மூன்று கோடி,decimal
119-178,நூற்றுப்பத்தொன்பது முதல் நூற்றெழுபத்து எட்டு,range
௧௬/௨௦,இருபதில் பதினாறு,fraction
இதில் 6.1 குறிப்பிடப்பட்டுள்ளது.,இதில் ஆறு புள்ளி ஒன்று குறிப்பிடப்பட்டுள்ளது .,decimal
4ஆம் பற்றி பேசினோம்.,நான்காம் பற்றி பேசினோம் .,ordinal
விடை ¼ ஆகும்.,விடை நான்கில் ஒன்று ஆகும் .,fraction
3555 oz,மூன்றாயிரத்து ஐந்நூற்று ஐம்பத்தைந்து அவுன்ஸ்,measure
அவர் 15-10-2083 என்றார்.,அவர் பதினைந்து அக்டோபர் இரண்டாயிரத்து எண்பத்துமூன்று என்றார் .,date
4ஆம் பரிசு ரூ.0 ஆகும்.,நான்காம் பரிசு பூஜ்யம் ரூபாய் ஆகும் .,mixed
9775711850,ஒன்பது ஏழு ஏழு ஐந்து ஏழு ஒன்று ஒன்று எட்டு ஐந்து பூஜ்யம்,telephone
செய்தியில் 1372.74 ரூ என்று வந்தது.,செய்தியில் ஆயிரத்து முந்நூற்று எழுபத்திரண்டு ரூபாய் எழுபத்துநான்கு பைசா என்று வந்தது .,money
௬,ஆறு,cardinal
வெப்பநிலை 5561oz ஆக இருந்தது.,வெப்பநிலை ஐந்தாயிரத்து ஐந்நூற்று அறுபத்தொன்று அவுன்ஸ் ஆக இருந்தது .,measure
2 mL,இரண்டு மில்லிலிட்டர்,measure
"அவர் ¥9,68,97,567 செலுத்தினார்.",அவர் ஒன்பது கோடி அறுபத்தெட்டு இலட்சம் தொண்ணூற்றேழு ஆயிரம் ஐந்நூற்று அறுபத்தேழு யென் செலுத்தினார் .,money
22:10,இருபத்திரண்டு மணி பத்து நிமிடம்,time
அவர் ₹ 51 என்றார்.,அவர் ஐம்பத்தொன்று ரூபாய் என்றார் .,money
"869,549 நாட்கள் ஆயிற்று.",எட்டு இலட்சம் அறுபத்தொன்பது ஆயிரம் ஐந்நூற்று நாற்பத்தொன்பது நாட்கள் ஆயிற்று .,cardinal
அவள் 65978116797 புத்தகங்கள் வாங்கினாள்.,அவள் ஆறு ஐந்து ஒன்பது ஏழு எட்டு ஒன்று ஒன்று ஆறு ஏழு ஒன்பது ஏழு புத்தகங்கள் வாங்கினாள் .,cardinal
அந்த நிறுவனத்தில் -693757783 ஊழியர்கள் பணிபுரிகின்றனர்.,அந்த நிறுவனத்தில் மைனஸ் அறுபத்தொன்பது கோடி முப்பத்தேழு இலட்சம் ஐம்பத்தேழு ஆயிரம் எழுநூற்று எண்பத்துமூன்று ஊழியர்கள் பணிபுரிகின்றனர் .,cardinal
9ஆவது பரிசு ௯௦ ₹ ஆகும்.,ஒன்பதாவது பரிசு தொண்ணூறு ரூபாய் ஆகும் .,mixed
௯௧௫௫௧௩௧௫,ஒன்பது கோடி பதினைந்து இலட்சம் ஐம்பத்தொன்று ஆயிரம் முந்நூற்றுப்பதினைந்து,cardinal
"₹6,03,28,064 கடன் வாங்கினேன்.",ஆறு கோடி மூன்று இலட்சம் இருபத்தெட்டு ஆயிரம் அறுபத்துநான்கு ரூபாய் கடன் வாங்கினேன் .,money
"₹5,97,80,716 அபராதம் விதிக்கப்பட்டது.",ஐந்து கோடி தொண்ணூற்றேழு இலட்சம் எண்பது ஆயிரம் எழுநூற்றுப்பதினாறு ரூபாய் அபராதம் விதிக்கப்பட்டது .,money
செய்தியில் ௧௩:௪௬ மணிக்கு என்று வந்தது.,செய்தியில் பதிமூன்று மணி நாற்பத்தாறு நிமிடம் என்று வந்தது .,time
விலை 17 % உயர்ந்தது.,விலை பதினேழு சதவீதம் உயர்ந்தது .,whitelist
செய்தியில் 2073 என்று வந்தது.,செய்தியில் இரண்டாயிரத்து எழுபத்துமூன்று என்று வந்தது .,cardinal
"837,159 சரியானது.",எட்டு இலட்சம் முப்பத்தேழு ஆயிரம் நூற்றைம்பத்து ஒன்பது சரியானது .,cardinal
1:01 மணிக்கு,ஒரு மணி ஒன்று நிமிடம்,time
691.385,அறுநூற்றுத்தொண்ணூற்றொன்று புள்ளி மூன்று எட்டு ஐந்து,decimal
83வது,எண்பத்துமூன்றாவது,ordinal
௭.௩௮௮,ஏழு புள்ளி மூன்று எட்டு எட்டு,decimal
90 m,தொண்ணூறு மீட்டர்,measure
₹ 30,முப்பது ரூபாய்,money
Rs.975.72,தொள்ளாயிரத்து எழுபத்தைந்து ரூபாய் எழுபத்திரண்டு பைசா,money
38543,முப்பத்தெட்டு ஆயிரம் ஐந்நூற்று நாற்பத்துமூன்று,cardinal
அவன் 9711 முறை முயன்றான்.,அவன் ஒன்பதாயிரத்து எழுநூற்றுப்பதினொன்று முறை முயன்றான் .,cardinal
கூட்டம் 05:29 தொடங்கும்.,கூட்டம் ஐந்து மணி இருபத்தொன்பது நிமிடம் தொடங்கும் .,time
௨௩:௨௩,இருபத்துமூன்று மணி இருபத்துமூன்று நிமிடம்,time
£ 6991.97,ஆறாயிரத்து தொள்ளாயிரத்து தொண்ணூற்றொன்று பவுண்ட் தொண்ணூற்றேழு பென்ஸ்,money
6868042397,ஆறு எட்டு ஆறு எட்டு பூஜ்யம் நான்கு இரண்டு மூன்று ஒன்பது ஏழு,telephone
௩௦-௦௮-௨௦௩௧ அன்று மழை பெய்தது.,முப்பது ஆகஸ்ட் இரண்டாயிரத்து முப்பத்தொன்று அன்று மழை பெய்தது .,date
6647865416 சரியானது.,ஆறு ஆறு நான்கு ஏழு எட்டு ஆறு ஐந்து நான்கு ஒன்று ஆறு சரியானது .,telephone
அவன் 89.2 மதிப்பெண் பெற்றான்.,அவன் எண்பத்தொன்பது புள்ளி இரண்டு மதிப்பெண் பெற்றான் .,decimal
Rs73,எழுபத்துமூன்று ரூபாய்,money
விண்ணப்பம் 08-10-1925 அன்று அனுப்பப்பட்டது.,விண்ணப்பம் எட்டு அக்டோபர் ஆயிரத்து தொள்ளாயிரத்து இருபத்தைந்து அன்று அனுப்பப்பட்டது .,date
அவள் 3724 புத்தகங்கள் வாங்கினாள்.,அவள் மூன்றாயிரத்து எழுநூற்று இருபத்துநான்கு புத்தகங்கள் வாங்கினாள் .,cardinal
௧௮-௦௮-௨௦௨௯ என்பதை நினைவில் கொள்ளுங்கள்.,பதினெட்டு ஆகஸ்ட் இரண்டாயிரத்து இருபத்தொன்பது என்பதை நினைவில் கொள்ளுங்கள் .,date
872.32,எண்ணூற்று எழுபத்திரண்டு புள்ளி மூன்று இரண்டு,decimal
இதில் 5.484 குறிப்பிடப்பட்டுள்ளது.,இதில் ஐந்து புள்ளி நான்கு எட்டு நான்கு குறிப்பிடப்பட்டுள்ளது .,decimal
செய்தியில் ₹ 0.79 என்று வந்தது.,செய்தியில் எழுபத்தொன்பது பைசா என்று வந்தது .,money
"அவர் 204,090 என்றார்.",அவர் இரண்டு இலட்சம் நான்காயிரத்து தொண்ணூறு என்றார் .,cardinal
இதில் +44 9380425599 குறிப்பிடப்பட்டுள்ளது.,இதில் பிளஸ் நான்கு நான்கு ஒன்பது மூன்று எட்டு பூஜ்யம் நான்கு இரண்டு ஐந்து ஐந்து ஒன்பது ஒன்பது குறிப்பிடப்பட்டுள்ளது .,telephone
8928811528,எட்டு ஒன்பது இரண்டு எட்டு எட்டு ஒன்று ஒன்று ஐந்து இரண்டு எட்டு,telephone
அந்த நிறுவனத்தில் 59 ஊழியர்கள் பணிபுரிகின்றனர்.,அந்த நிறுவனத்தில் ஐம்பத்தொன்பது ஊழியர்கள் பணிபுரிகின்றனர் .,cardinal
அவன் 59 km/h நடந்தான்.,அவன் ஐம்பத்தொன்பது கிலோமீட்டர் ஒரு மணி நேரத்திற்கு நடந்தான் .,measure
அந்த நிறுவனத்தில் 1இல் ஊழியர்கள் பணிபுரிகின்றனர்.,அந்த நிறுவனத்தில் ஒன்றில் ஊழியர்கள் பணிபுரிகின்றனர் .,cardinal
7981500635,ஏழு ஒன்பது எட்டு ஒன்று ஐந்து பூஜ்யம் பூஜ்யம் ஆறு மூன்று ஐந்து,telephone
104106967 சரியானது.,பத்து கோடி நாற்பத்தொன்று இலட்சம் ஆறாயிரத்து தொள்ளாயிரத்து அறுபத்தேழு சரியானது .,cardinal
மொத்தம் -29 மாணவர்கள் உள்ளனர்.,மொத்தம் மைனஸ் இருபத்தொன்பது மாணவர்கள் உள்ளனர் .,cardinal
அவர் ௬௭௨.௭௭ என்றார்.,அவர் அறுநூற்று எழுபத்திரண்டு புள்ளி ஏழு ஏழு என்றார் .,decimal
4176 என்று எழுதப்பட்டுள்ளது.,நான்காயிரத்து நூற்றெழுபத்து ஆறு என்று எழுதப்பட்டுள்ளது .,cardinal
இன்று 840 பேர் வருகை தந்தனர்.,இன்று எண்ணூற்று நாற்பது பேர் வருகை தந்தனர் .,cardinal
இது அவரது 7694வது புத்தகம்.,இது அவரது ஏழாயிரத்து அறுநூற்றுத்தொண்ணூற்றுநான்காவது புத்தகம் .,ordinal
விண்ணப்பம் ௦௫-௧௦-௨௦௭௯ அன்று அனுப்பப்பட்டது.,விண்ணப்பம் ஐந்து அக்டோபர் இரண்டாயிரத்து எழுபத்தொன்பது அன்று அனுப்பப்பட்டது .,date
"மொத்தம் 62,135 மாணவர்கள் உள்ளனர்.",மொத்தம் அறுபத்திரண்டு ஆயிரம் நூற்று முப்பத்தைந்து மாணவர்கள் உள்ளனர் .,cardinal
1/14 பங்கு மாணவர்கள் தேர்ச்சி பெற்றனர்.,பதினான்கில் ஒன்று பங்கு மாணவர்கள் தேர்ச்சி பெற்றனர் .,fraction
செய்தியில் 02:10 என்று வந்தது.,செய்தியில் இரண்டு மணி பத்து நிமிடம் என்று வந்தது .,time
செய்தியில் 953 என்று வந்தது.,செய்தியில் தொள்ளாயிரத்து ஐம்பத்துமூன்று என்று வந்தது .,cardinal
7450 KB என்று எழுதப்பட்டுள்ளது.,ஏழாயிரத்து நானூற்று ஐம்பது கிலோபைட் என்று எழுதப்பட்டுள்ளது .,measure
460539643,நாற்பத்தாறு கோடி ஐந்து இலட்சம் முப்பத்தொன்பது ஆயிரம் அறுநூற்று நாற்பத்துமூன்று,cardinal
5:03,ஐந்து மணி மூன்று நிமிடம்,time
2000இல் சரியானது.,இரண்டாயிரத்தில் சரியானது .,cardinal
14/19 பங்கு அதாவது 1 கி.மீ மட்டும் மீதம்.,பத்தொன்பதில் பதினான்கு பங்கு அதாவது ஒரு கிலோமீட்டர் மட்டும் மீதம் .,mixed
விமானம் 19:41 வந்தடையும்.,விமானம் பத்தொன்பது மணி நாற்பத்தொன்று நிமிடம் வந்தடையும் .,time
௫௨௫௧,ஐந்தாயிரத்து இருநூற்று ஐம்பத்தொன்று,cardinal
கடிதத்தில் 2000ல் இருந்தது.,கடிதத்தில் இரண்டாயிரத்தில் இருந்தது .,cardinal
29 செ.மீ. பற்றி பேசினோம்.,இருபத்தொன்பது சென்டிமீட்டர் பற்றி பேசினோம் .,measure
$ 8.37,எட்டு டாலர் முப்பத்தேழு சென்ட்,money
17:27:44,பதினேழு மணி இருபத்தேழு நிமிடம் நாற்பத்துநான்கு வினாடி,time
அவன் 12/17 பங்கு சாப்பிட்டான்.,அவன் பதினேழில் பன்னிரண்டு பங்கு சாப்பிட்டான் .,fraction
நான் 05:08 மணிக்கு எழுந்தேன்.,நான் ஐந்து மணி எட்டு நிமிடம் எழுந்தேன் .,time
அவன் -4.534 மதிப்பெண் பெற்றான்.,அவன் மைனஸ் நான்கு புள்ளி ஐந்து மூன்று நான்கு மதிப்பெண் பெற்றான் .,decimal
அந்த நிறுவனத்தில் 715 ஊழியர்கள் பணிபுரிகின்றனர்.,அந்த நிறுவனத்தில் எழுநூற்றுப்பதினைந்து ஊழியர்கள் பணிபுரிகின்றனர் .,cardinal
4வது,நான்காவது,ordinal
8138ரூ.,எட்டாயிரத்து நூற்று முப்பத்தெட்டு ரூபாய்,money
2069-07-20 என்பதை நினைவில் கொள்ளுங்கள்.,இரண்டாயிரத்து அறுபத்தொன்பது ஜூலை இருபது என்பதை நினைவில் கொள்ளுங்கள் .,date
18 2/3,பதினெட்டு மற்றும் மூன்றில் இரண்டு,fraction
78143.039 இலட்சம் பற்றி பேசினோம்.,எழுபத்தெட்டு ஆயிரம் நூற்று நாற்பத்துமூன்று புள்ளி பூஜ்யம் மூன்று ஒன்பது இலட்சம் பற்றி பேசினோம் .,decimal
அவன் 631 முறை முயன்றான்.,அவன் அறுநூற்று முப்பத்தொன்று முறை முயன்றான் .,cardinal
3Hz என்று எழுதப்பட்டுள்ளது.,மூன்று ஹெர்ட்ஸ் என்று எழுதப்பட்டுள்ளது .,measure
424ஆம் அத்தியாயம் படிக்கவும்.,நானூற்று இருபத்துநான்காம் அத்தியாயம் படிக்கவும் .,ordinal
மொத்தத்தில் 4/6 பங்கு.,மொத்தத்தில் ஆறில் நான்கு பங்கு .,fraction
கடிதத்தில் 09-04-2088 இருந்தது.,கடிதத்தில் ஒன்பது ஏப்ரல் இரண்டாயிரத்து எண்பத்தெட்டு இருந்தது .,date
93,தொண்ணூற்றுமூன்று,cardinal
இப்போது மணி 11:12:18.,இப்போது மணி பதினொன்று மணி பன்னிரண்டு நிமிடம் பதினெட்டு வினாடி .,time
10.01.2037 அன்று 07 பேர் வந்தனர்.,பத்து ஜனவரி இரண்டாயிரத்து முப்பத்தேழு அன்று பூஜ்யம் ஏழு பேர் வந்தனர் .,mixed
டாக். கண்ணன் வந்தார்.,டாக்டர் கண்ணன் வந்தார் .,whitelist
942ஆம் என்பதை நினைவில் கொள்ளுங்கள்.,தொள்ளாயிரத்து நாற்பத்திரண்டாம் என்பதை நினைவில் கொள்ளுங்கள் .,ordinal
14:18 மணிக்கு,பதினான்கு மணி பதினெட்டு நிமிடம்,time
08-10-2092 அன்று 4482 பேர் வந்தனர்.,எட்டு அக்டோபர் இரண்டாயிரத்து தொண்ணூற்றிரண்டு அன்று நான்காயிரத்து நானூற்று எண்பத்திரண்டு பேர் வந்தனர் .,mixed
"அவர் 19,99,32,701 ஓட்டங்கள் எடுத்தார்.",அவர் பத்தொன்பது கோடி தொண்ணூற்றொன்பது இலட்சம் முப்பத்திரண்டு ஆயிரம் எழுநூற்று ஒன்று ஓட்டங்கள் எடுத்தார் .,cardinal
விலை £4813 மட்டும்.,விலை நான்காயிரத்து எண்ணூற்றுப்பதிமூன்று பவுண்ட் மட்டும் .,money
அவர் ௩௧௨-௫௮௪ என்றார்.,அவர் முந்நூற்றுப்பன்னிரண்டு முதல் ஐந்நூற்று எண்பத்துநான்கு என்றார் .,range
இதில் +447341111467 குறிப்பிடப்பட்டுள்ளது.,இதில் பிளஸ் நான்கு நான்கு ஏழு மூன்று நான்கு ஒன்று ஒன்று ஒன்று ஒன்று நான்கு ஆறு ஏழு குறிப்பிடப்பட்டுள்ளது .,telephone
அந்த ஊரில் 913486531667 வீடுகள் உள்ளன.,அந்த ஊரில் ஒன்பது ஒன்று மூன்று நான்கு எட்டு ஆறு ஐந்து மூன்று ஒன்று ஆறு ஆறு ஏழு வீடுகள் உள்ளன .,cardinal
எண் ௧௪ சரியானது.,எண் பதினான்கு சரியானது .,cardinal
பேருந்து கட்டணம் ௬௬ ₹ ஆகும்.,பேருந்து கட்டணம் அறுபத்தாறு ரூபாய் ஆகும் .,money
17-09-2082,பதினேழு செப்டம்பர் இரண்டாயிரத்து எண்பத்திரண்டு,date
அந்த நிறுவனத்தில் 9609811 ஊழியர்கள் பணிபுரிகின்றனர்.,அந்த நிறுவனத்தில் தொண்ணூற்றாறு இலட்சம் ஒன்பதாயிரத்து எண்ணூற்றுப்பதினொன்று ஊழியர்கள் பணிபுரிகின்றனர் .,cardinal
667வது,அறுநூற்று அறுபத்தேழாவது,ordinal
இந்த மூட்டை 8.17 Hz எடை உள்ளது.,இந்த மூட்டை எட்டு புள்ளி ஒன்று ஏழு ஹெர்ட்ஸ் எடை உள்ளது .,measure
அவள் 402 புத்தகங்கள் வாங்கினாள்.,அவள் நானூற்று இரண்டு புத்தகங்கள் வாங்கினாள் .,cardinal
74012 என்று எழுதப்பட்டுள்ளது.,எழுபத்துநான்கு ஆயிரம் பன்னிரண்டு என்று எழுதப்பட்டுள்ளது .,cardinal
மொத்த செலவு Rs 32.,மொத்த செலவு முப்பத்திரண்டு ரூபாய் .,money
௮௭௩௯௧,எண்பத்தேழு ஆயிரம் முந்நூற்றுத்தொண்ணூற்றொன்று,cardinal
670,அறுநூற்று எழுபது~அறுநூற்றெழுபது,cardinal
32748 நாட்கள் ஆயிற்று.,முப்பத்திரண்டு ஆயிரம் எழுநூற்று நாற்பத்தெட்டு நாட்கள் ஆயிற்று .,cardinal
௫km/h,ஐந்து கிலோமீட்டர் ஒரு மணி நேரத்திற்கு,measure
௮௫௩௬ஆம்,எட்டாயிரத்து ஐந்நூற்று முப்பத்தாறாம்,ordinal
அந்த ஊரில் 06 வீடுகள் உள்ளன.,அந்த ஊரில் பூஜ்யம் ஆறு வீடுகள் உள்ளன .,cardinal
நான் 16:14 எழுந்தேன்.,நான் பதினாறு மணி பதினான்கு நிமிடம் எழுந்தேன் .,time
2.51,இரண்டு புள்ளி ஐந்து ஒன்று,decimal
7455hr,ஏழாயிரத்து நானூற்று ஐம்பத்தைந்து மணி,measure
737 என்பதை நினைவில் கொள்ளுங்கள்.,எழுநூற்று முப்பத்தேழு என்பதை நினைவில் கொள்ளுங்கள் .,cardinal
18÷3,பதினெட்டு வகுத்தல் மூன்று,whitelist
பை மதிப்பு 8.4 ஆகும்.,பை மதிப்பு எட்டு புள்ளி நான்கு ஆகும் .,decimal
நீளம் -9.937 ஆக இருந்தது.,நீளம் மைனஸ் ஒன்பது புள்ளி ஒன்பது மூன்று ஏழு ஆக இருந்தது .,decimal
பை மதிப்பு 4.76 ஆகும்.,பை மதிப்பு நான்கு புள்ளி ஏழு ஆறு ஆகும் .,decimal
12-08-1990,பன்னிரண்டு ஆகஸ்ட் ஆயிரத்து தொள்ளாயிரத்து தொண்ணூறு,date
௦௭-௦௭-௧௯௬௧,ஏழு ஜூலை ஆயிரத்து தொள்ளாயிரத்து அறுபத்தொன்று,date
செய்தியில் 05-19-2091 என்று வந்தது.,செய்தியில் மே பத்தொன்பது இரண்டாயிரத்து தொண்ணூற்றொன்று என்று வந்தது .,date
கட்டணம் ₹81732 என அறிவித்தனர்.,கட்டணம் எண்பத்தொன்று ஆயிரம் எழுநூற்று முப்பத்திரண்டு ரூபாய் என அறிவித்தனர் .,money
1029-03-07,ஆயிரத்து இருபத்தொன்பது மார்ச் ஏழு,date
செய்தியில் 19:49:28 என்று வந்தது.,செய்தியில் பத்தொன்பது மணி நாற்பத்தொன்பது நிமிடம் இருபத்தெட்டு வினாடி என்று வந்தது .,time
செய்தியில் 23:19 என்று வந்தது.,செய்தியில் இருபத்துமூன்று மணி பத்தொன்பது நிமிடம் என்று வந்தது .,time
அவர் 8665644 ஓட்டங்கள் எடுத்தார்.,அவர் எண்பத்தாறு இலட்சம் அறுபத்தைந்து ஆயிரம் அறுநூற்று நாற்பத்துநான்கு ஓட்டங்கள் எடுத்தார் .,cardinal
இதன் மதிப்பு 8.5 இலட்சம் தான்.,இதன் மதிப்பு எட்டு புள்ளி ஐந்து இலட்சம் தான் .,decimal
அவரின் தொலைபேசி எண் 018-4927044 ஆகும்.,அவரின் தொலைபேசி எண் பூஜ்யம் ஒன்று எட்டு நான்கு ஒன்பது இரண்டு ஏழு பூஜ்யம் நான்கு நான்கு ஆகும் .,telephone
4768.8Hz அரிசி ரூ 4233.39 ஆகும்.,நான்காயிரத்து எழுநூற்று அறுபத்தெட்டு புள்ளி எட்டு ஹெர்ட்ஸ் அரிசி நான்காயிரத்து இருநூற்று முப்பத்துமூன்று ரூபாய் முப்பத்தொன்பது பைசா ஆகும் .,mixed
அவர் 1 min என்றார்.,அவர் ஒரு நிமிடம் என்றார் .,measure
453 என்று எழுதப்பட்டுள்ளது.,நானூற்று ஐம்பத்துமூன்று என்று எழுதப்பட்டுள்ளது .,cardinal
செய்தியில் 12:13 என்று வந்தது.,செய்தியில் பன்னிரண்டு மணி பதிமூன்று நிமிடம் என்று வந்தது .,time
30-07-2011,முப்பது ஜூலை இரண்டாயிரத்து பதினொன்று,date
5214வது,ஐந்தாயிரத்து இருநூற்றுப்பதினான்காவது,ordinal
662.911,அறுநூற்று அறுபத்திரண்டு புள்ளி ஒன்பது ஒன்று ஒன்று,decimal
பேருந்து கட்டணம் ரூ. ௬௭ ஆகும்.,பேருந்து கட்டணம் அறுபத்தேழு ரூபாய் ஆகும் .,money
7வது கூட்டம் 13-01-2097 அன்று நடந்தது.,ஏழாவது கூட்டம் பதிமூன்று ஜனவரி இரண்டாயிரத்து தொண்ணூற்றேழு அன்று நடந்தது .,mixed
"46,04,99,423",நாற்பத்தாறு கோடி நான்கு இலட்சம் தொண்ணூற்றொன்பது ஆயிரம் நானூற்று இருபத்துமூன்று,cardinal
நான் 25ஆவது நபராக வந்தேன்.,நான் இருபத்தைந்தாவது நபராக வந்தேன் .,ordinal
"5,23,00,365.59ரூ. பற்றி பேசினோம்.",ஐந்து கோடி இருபத்துமூன்று இலட்சம் முந்நூற்று அறுபத்தைந்து ரூபாய் ஐம்பத்தொன்பது பைசா பற்றி பேசினோம் .,money
17-11-2033,பதினேழு நவம்பர் இரண்டாயிரத்து முப்பத்துமூன்று,date
௬௮௧-௯௫௮ சரியானது.,அறுநூற்று எண்பத்தொன்று முதல் தொள்ளாயிரத்து ஐம்பத்தெட்டு சரியானது .,range
9657572,தொண்ணூற்றாறு இலட்சம் ஐம்பத்தேழு ஆயிரம் ஐந்நூற்று எழுபத்திரண்டு,cardinal
0471-20321912 என்ற எண்ணை அழைக்கவும்.,பூஜ்யம் நான்கு ஏழு ஒன்று இரண்டு பூஜ்யம் மூன்று இரண்டு ஒன்று ஒன்பது ஒன்று இரண்டு என்ற எண்ணை அழைக்கவும் .,telephone
இதில் 30/08/2034 குறிப்பிடப்பட்டுள்ளது.,இதில் முப்பது ஆகஸ்ட் இரண்டாயிரத்து முப்பத்துநான்கு குறிப்பிடப்பட்டுள்ளது .,date
18 76/90,பதினெட்டு மற்றும் தொண்ணூறில் எழுபத்தாறு,fraction
5/6 பங்கு அதாவது 9.73oz மட்டும் மீதம்.,ஆறில் ஐந்து பங்கு அதாவது ஒன்பது புள்ளி ஏழு மூன்று அவுன்ஸ் மட்டும் மீதம் .,mixed
78KB,எழுபத்தெட்டு கிலோபைட்,measure
அவன் 60இல் முறை முயன்றான்.,அவன் அறுபதில் முறை முயன்றான் .,cardinal
"௬௨,௪௭,௯௯,௬௯௫ கிலோ அரிசி வாங்கினேன்.",அறுபத்திரண்டு கோடி நாற்பத்தேழு இலட்சம் தொண்ணூற்றொன்பது ஆயிரம் அறுநூற்றுத்தொண்ணூற்றைந்து கிலோ அரிசி வாங்கினேன் .,cardinal
-762,மைனஸ் எழுநூற்று அறுபத்திரண்டு,cardinal
1733-2310 பக்கங்கள் படிக்கவும்.,ஆயிரத்து எழுநூற்று முப்பத்துமூன்று முதல் இரண்டாயிரத்து முந்நூற்றுப்பத்து பக்கங்கள் படிக்கவும் .,range
5585.99 mg,ஐந்தாயிரத்து ஐந்நூற்று எண்பத்தைந்து புள்ளி ஒன்பது ஒன்பது மில்லிகிராம்,measure
4266 kW என்பதை நினைவில் கொள்ளுங்கள்.,நான்காயிரத்து இருநூற்று அறுபத்தாறு கிலோவாட் என்பதை நினைவில் கொள்ளுங்கள் .,measure
13:00:23 கிளம்பி 1048 மீ. நடந்தோம்.,பதிமூன்று மணி இருபத்துமூன்று வினாடி கிளம்பி ஆயிரத்து நாற்பத்தெட்டு மீட்டர் நடந்தோம் .,mixed
அவர் Rs 70.1 செலுத்தினார்.,அவர் எழுபது ரூபாய் பத்து பைசா செலுத்தினார் .,money
₹5272,ஐந்தாயிரத்து இருநூற்று எழுபத்திரண்டு ரூபாய்,money
இதில் 4/10 குறிப்பிடப்பட்டுள்ளது.,இதில் பத்தில் நான்கு குறிப்பிடப்பட்டுள்ளது .,fraction
"Rs 5,94,84,068",ஐந்து கோடி தொண்ணூற்றுநான்கு இலட்சம் எண்பத்துநான்கு ஆயிரம் அறுபத்தெட்டு ரூபாய்,money
கடிதத்தில் 2 இருந்தது.,கடிதத்தில் இரண்டு இருந்தது .,cardinal
பள்ளியில் 1000இல் ஆசிரியர்கள் உள்ளனர்.,பள்ளியில் ஆயிரத்தில் ஆசிரியர்கள் உள்ளனர் .,cardinal
அவன் 9 கி.கி. நடந்தான்.,அவன் ஒன்பது கிலோகிராம் நடந்தான் .,measure
6497 mi,ஆறாயிரத்து நானூற்றுத்தொண்ணூற்றேழு மைல்,measure
2229 lb,இரண்டாயிரத்து இருநூற்று இருபத்தொன்பது பவுண்டு,measure
செய்தியில் 23/30 என்று வந்தது.,செய்தியில் முப்பதில் இருபத்துமூன்று என்று வந்தது .,fraction
₹ 7917 பற்றி பேசினோம்.,ஏழாயிரத்து தொள்ளாயிரத்து பதினேழு ரூபாய் பற்றி பேசினோம் .,money
"14,61,96,305",பதினான்கு கோடி அறுபத்தொன்று இலட்சம் தொண்ணூற்றாறு ஆயிரம் முந்நூற்று ஐந்து,cardinal
பிறந்த நாள் 28-09-1996.,பிறந்த நாள் இருபத்தெட்டு செப்டம்பர் ஆயிரத்து தொள்ளாயிரத்து தொண்ணூற்றாறு .,date
835,எண்ணூற்று முப்பத்தைந்து,cardinal
அவன் 6/10 பங்கு சாப்பிட்டான்.,அவன் பத்தில் ஆறு பங்கு சாப்பிட்டான் .,fraction
70 கி.கி. என்பதை நினைவில் கொள்ளுங்கள்.,எழுபது கிலோகிராம் என்பதை நினைவில் கொள்ளுங்கள் .,measure
2.98,இரண்டு புள்ளி ஒன்பது எட்டு,decimal
அலுவலக எண் 078-00503375.,அலுவலக எண் பூஜ்யம் ஏழு எட்டு பூஜ்யம் பூஜ்யம் ஐந்து பூஜ்யம் மூன்று மூன்று ஏழு ஐந்து .,telephone
வண்டி எண் 2000இல் ஆகும்.,வண்டி எண் இரண்டாயிரத்தில் ஆகும் .,cardinal
4234 m,நான்காயிரத்து இருநூற்று முப்பத்துநான்கு மீட்டர்,measure
அவன் 8319ஆம் ஆண்டு படிக்கிறான்.,அவன் எட்டாயிரத்து முந்நூற்றுப்பத்தொன்பதாம் ஆண்டு படிக்கிறான் .,ordinal
மொத்தம் -௩௩ மாணவர்கள் உள்ளனர்.,மொத்தம் மைனஸ் முப்பத்துமூன்று மாணவர்கள் உள்ளனர் .,cardinal
அவர் 30-06-2010 அன்று பிறந்தார்.,அவர் முப்பது ஜூன் இரண்டாயிரத்து பத்து அன்று பிறந்தார் .,date
£ ௩௨ என்று எழுதப்பட்டுள்ளது.,முப்பத்திரண்டு பவுண்ட் என்று எழுதப்பட்டுள்ளது .,money
நிகழ்ச்சி 2:00:25 ஒளிபரப்பாகும்.,நிகழ்ச்சி இரண்டு மணி இருபத்தைந்து வினாடி ஒளிபரப்பாகும் .,time
06-03-1985,ஆறு மார்ச் ஆயிரத்து தொள்ளாயிரத்து எண்பத்தைந்து,date
பள்ளியில் 3 ஆசிரியர்கள் உள்ளனர்.,பள்ளியில் மூன்று ஆசிரியர்கள் உள்ளனர் .,cardinal
௯.௨௫௫,ஒன்பது புள்ளி இரண்டு ஐந்து ஐந்து,decimal
அந்த நிறுவனத்தில் 306 ஊழியர்கள் பணிபுரிகின்றனர்.,அந்த நிறுவனத்தில் முந்நூற்று ஆறு ஊழியர்கள் பணிபுரிகின்றனர் .,cardinal
9:59,ஒன்பது மணி ஐம்பத்தொன்பது நிமிடம்,time
அவர் ௦௫-௧௯-௧௯௮௧ என்றார்.,அவர் மே பத்தொன்பது ஆயிரத்து தொள்ளாயிரத்து எண்பத்தொன்று என்றார் .,date
செய்தியில் ௧/௨ என்று வந்தது.,செய்தியில் இரண்டில் ஒன்று என்று வந்தது .,fraction
கடிதத்தில் 305.1 இருந்தது.,கடிதத்தில் முந்நூற்று ஐந்து புள்ளி ஒன்று இருந்தது .,decimal
11-07-1955,பதினொன்று ஜூலை ஆயிரத்து தொள்ளாயிரத்து ஐம்பத்தைந்து,date
2820-06-07 என்பதை நினைவில் கொள்ளுங்கள்.,இரண்டாயிரத்து எண்ணூற்று இருபது ஜூன் ஏழு என்பதை நினைவில் கொள்ளுங்கள் .,date
கடிதத்தில் 19282873 இருந்தது.,கடிதத்தில் ஒரு கோடி தொண்ணூற்றிரண்டு இலட்சம் எண்பத்திரண்டு ஆயிரம் எண்ணூற்று எழுபத்துமூன்று இருந்தது .,cardinal
கூட்டம் 07-05-2063 அன்று 09:25 தொடங்கும்.,கூட்டம் ஏழு மே இரண்டாயிரத்து அறுபத்துமூன்று அன்று ஒன்பது மணி இருபத்தைந்து நிமிடம் தொடங்கும் .,mixed
03:01:04 என்பதை நினைவில் கொள்ளுங்கள்.,மூன்று மணி ஒன்று நிமிடம் நான்கு வினாடி என்பதை நினைவில் கொள்ளுங்கள் .,time
பள்ளியில் 67இல் ஆசிரியர்கள் உள்ளனர்.,பள்ளியில் அறுபத்தேழில் ஆசிரியர்கள் உள்ளனர் .,cardinal
158.5,நூற்றைம்பத்து எட்டு புள்ளி ஐந்து,decimal
1166770,பதினொன்று இலட்சம் அறுபத்தாறு ஆயிரம் எழுநூற்று எழுபது~பதினொன்று இலட்சம் அறுபத்தாறு ஆயிரம் எழுநூற்றெழுபது,cardinal
0.25,பூஜ்யம் புள்ளி இரண்டு ஐந்து,decimal
₹78,எழுபத்தெட்டு ரூபாய்,money
4/5 பங்கு மாணவர்கள் தேர்ச்சி பெற்றனர்.,ஐந்தில் நான்கு பங்கு மாணவர்கள் தேர்ச்சி பெற்றனர் .,fraction
வகுப்பு 14:34 மணிக்கு முடியும்.,வகுப்பு பதினான்கு மணி முப்பத்துநான்கு நிமிடம் முடியும் .,time
௯.௩௬௫,ஒன்பது புள்ளி மூன்று ஆறு ஐந்து,decimal
5.62 பற்றி பேசினோம்.,ஐந்து புள்ளி ஆறு இரண்டு பற்றி பேசினோம் .,decimal
+971 9660083210 என்பதை நினைவில் கொள்ளுங்கள்.,பிளஸ் ஒன்பது ஏழு ஒன்று ஒன்பது ஆறு ஆறு பூஜ்யம் பூஜ்யம் எட்டு மூன்று இரண்டு ஒன்று பூஜ்யம் என்பதை நினைவில் கொள்ளுங்கள் .,telephone
நான் 287ஆம் நபராக வந்தேன்.,நான் இருநூற்று எண்பத்தேழாம் நபராக வந்தேன் .,ordinal
இன்றைய விலை -430.8 ஆக உயர்ந்தது.,இன்றைய விலை மைனஸ் நானூற்று முப்பது புள்ளி எட்டு ஆக உயர்ந்தது .,decimal
கடிதத்தில் 09-2841566 இருந்தது.,கடிதத்தில் பூஜ்யம் ஒன்பது இரண்டு எட்டு நான்கு ஒன்று ஐந்து ஆறு ஆறு இருந்தது .,telephone
வண்டி எண் 2 ஆகும்.,வண்டி எண் இரண்டு ஆகும் .,cardinal
13:14:29,பதிமூன்று மணி பதினான்கு நிமிடம் இருபத்தொன்பது வினாடி,time
செய்தியில் 6/19 என்று வந்தது.,செய்தியில் பத்தொன்பதில் ஆறு என்று வந்தது .,fraction
கடிதத்தில் ½ இருந்தது.,கடிதத்தில் இரண்டில் ஒன்று இருந்தது .,fraction
7667673179,ஏழு ஆறு ஆறு ஏழு ஆறு ஏழு மூன்று ஒன்று ஏழு ஒன்பது,telephone
14-09-1968,பதினான்கு செப்டம்பர் ஆயிரத்து தொள்ளாயிரத்து அறுபத்தெட்டு,date
கடிதத்தில் 419.61 இருந்தது.,கடிதத்தில் நானூற்றுப்பத்தொன்பது புள்ளி ஆறு ஒன்று இருந்தது .,decimal
"Rs 6,66,94,203",ஆறு கோடி அறுபத்தாறு இலட்சம் தொண்ணூற்றுநான்கு ஆயிரம் இருநூற்று மூன்று ரூபாய்,money
அவர் 07-08-1942 என்றார்.,அவர் ஏழு ஆகஸ்ட் ஆயிரத்து தொள்ளாயிரத்து நாற்பத்திரண்டு என்றார் .,date
1512,ஆயிரத்து ஐந்நூற்றுப்பன்னிரண்டு,cardinal
செய்தியில் 09:00:05 மணிக்கு என்று வந்தது.,செய்தியில் ஒன்பது மணி ஐந்து வினாடி என்று வந்தது .,time
இதன் மதிப்பு 967.983 தான்.,இதன் மதிப்பு தொள்ளாயிரத்து அறுபத்தேழு புள்ளி ஒன்பது எட்டு மூன்று தான் .,decimal
அவன் ௫வது ஆண்டு படிக்கிறான்.,அவன் ஐந்தாவது ஆண்டு படிக்கிறான் .,ordinal
153 பேருக்கு $741197343.94 கொடுத்தேன்.,நூற்றைம்பத்து மூன்று பேருக்கு எழுபத்துநான்கு கோடி பதினொன்று இலட்சம் தொண்ணூற்றேழு ஆயிரம் முந்நூற்று நாற்பத்துமூன்று டாலர் தொண்ணூற்றுநான்கு சென்ட் கொடுத்தேன் .,mixed
20:46:21 என்று எழுதப்பட்டுள்ளது.,இருபது மணி நாற்பத்தாறு நிமிடம் இருபத்தொன்று வினாடி என்று எழுதப்பட்டுள்ளது .,time
ரயில் 01:00 புறப்படும்.,ரயில் ஒரு மணி புறப்படும் .,time
இதில் ௧௦:௩௩ மணிக்கு குறிப்பிடப்பட்டுள்ளது.,இதில் பத்து மணி முப்பத்துமூன்று நிமிடம் குறிப்பிடப்பட்டுள்ளது .,time
இதில் 7532972996 குறிப்பிடப்பட்டுள்ளது.,இதில் ஏழு ஐந்து மூன்று இரண்டு ஒன்பது ஏழு இரண்டு ஒன்பது ஒன்பது ஆறு குறிப்பிடப்பட்டுள்ளது .,telephone
994576548,தொண்ணூற்றொன்பது கோடி நாற்பத்தைந்து இலட்சம் எழுபத்தாறு ஆயிரம் ஐந்நூற்று நாற்பத்தெட்டு,cardinal
7675,ஏழாயிரத்து அறுநூற்று எழுபத்தைந்து,cardinal
இது 1075வது முறை.,இது ஆயிரத்து எழுபத்தைந்தாவது முறை .,ordinal
15-10-1961 முதல் விற்பனை தொடங்கும்.,பதினைந்து அக்டோபர் ஆயிரத்து தொள்ளாயிரத்து அறுபத்தொன்று முதல் விற்பனை தொடங்கும் .,date
திருமணம் 22/01/1969 அன்று நடைபெறும்.,திருமணம் இருபத்திரண்டு ஜனவரி ஆயிரத்து தொள்ளாயிரத்து அறுபத்தொன்பது அன்று நடைபெறும் .,date
அவர் 4.22 என்றார்.,அவர் நான்கு புள்ளி இரண்டு இரண்டு என்றார் .,decimal
நீளம் 408.232 ஆக இருந்தது.,நீளம் நானூற்று எட்டு புள்ளி இரண்டு மூன்று இரண்டு ஆக இருந்தது .,decimal
2/3 பங்கு மாணவர்கள் தேர்ச்சி பெற்றனர்.,மூன்றில் இரண்டு பங்கு மாணவர்கள் தேர்ச்சி பெற்றனர் .,fraction
பள்ளியில் 762 ஆசிரியர்கள் உள்ளனர்.,பள்ளியில் எழுநூற்று அறுபத்திரண்டு ஆசிரியர்கள் உள்ளனர் .,cardinal
கூட்டம் 18-07-2082 அன்று நடந்தது.,கூட்டம் பதினெட்டு ஜூலை இரண்டாயிரத்து எண்பத்திரண்டு அன்று நடந்தது .,date
995இல் நாட்கள் ஆயிற்று.,தொள்ளாயிரத்து தொண்ணூற்றைந்தில் நாட்கள் ஆயிற்று .,cardinal
Rs.11,பதினொன்று ரூபாய்,money
அவர் 6922 என்றார்.,அவர் ஆறாயிரத்து தொள்ளாயிரத்து இருபத்திரண்டு என்றார் .,cardinal
$38,முப்பத்தெட்டு டாலர்,money
22-05-2036 அன்று விடுமுறை.,இருபத்திரண்டு மே இரண்டாயிரத்து முப்பத்தாறு அன்று விடுமுறை .,date
-558 என்பதை நினைவில் கொள்ளுங்கள்.,மைனஸ் ஐந்நூற்று ஐம்பத்தெட்டு என்பதை நினைவில் கொள்ளுங்கள் .,cardinal
29.2 % என்று எழுதப்பட்டுள்ளது.,இருபத்தொன்பது புள்ளி இரண்டு சதவீதம் என்று எழுதப்பட்டுள்ளது .,whitelist
செய்தியில் 1/18 என்று வந்தது.,செய்தியில் பதினெட்டில் ஒன்று என்று வந்தது .,fraction
3.26 g,மூன்று புள்ளி இரண்டு ஆறு கிராம்,measure
மதிப்பீடு 7.59.,மதிப்பீடு ஏழு புள்ளி ஐந்து ஒன்பது .,decimal
-8,மைனஸ் எட்டு,cardinal
1778,ஆயிரத்து எழுநூற்று எழுபத்தெட்டு,cardinal
மழை அளவு 9.5 என பதிவானது.,மழை அளவு ஒன்பது புள்ளி ஐந்து என பதிவானது .,decimal
3×8=24 மாணவர்கள் தேர்ச்சி பெற்றனர்.,மூன்று பெருக்கல் எட்டு சமம் இருபத்துநான்கு மாணவர்கள் தேர்ச்சி பெற்றனர் .,whitelist
அலுவலகம் 06:22 திறக்கும்.,அலுவலகம் ஆறு மணி இருபத்திரண்டு நிமிடம் திறக்கும் .,time
033-470716 என்று எழுதப்பட்டுள்ளது.,பூஜ்யம் மூன்று மூன்று நான்கு ஏழு பூஜ்யம் ஏழு ஒன்று ஆறு என்று எழுதப்பட்டுள்ளது .,telephone
அந்த ஊரில் 1000ல் வீடுகள் உள்ளன.,அந்த ஊரில் ஆயிரத்தில் வீடுகள் உள்ளன .,cardinal
"விலை $௯,௩௯,௪௩,௮௪௦ மட்டும்.",விலை ஒன்பது கோடி முப்பத்தொன்பது இலட்சம் நாற்பத்துமூன்று ஆயிரம் எண்ணூற்று நாற்பது டாலர் மட்டும் .,money
20-12-2017 என்பதை நினைவில் கொள்ளுங்கள்.,இருபது டிசம்பர் இரண்டாயிரத்து பதினேழு என்பதை நினைவில் கொள்ளுங்கள் .,date
இன்றைய விலை 514.466 ஆக உயர்ந்தது.,இன்றைய விலை ஐந்நூற்றுப்பதினான்கு புள்ளி நான்கு ஆறு ஆறு ஆக உயர்ந்தது .,decimal
"இந்த நூலில் 394,263 பக்கங்கள் உள்ளன.",இந்த நூலில் மூன்று இலட்சம் தொண்ணூற்றுநான்கு ஆயிரம் இருநூற்று அறுபத்துமூன்று பக்கங்கள் உள்ளன .,cardinal
17-05-1967,பதினேழு மே ஆயிரத்து தொள்ளாயிரத்து அறுபத்தேழு,date
இதில் 04:53 குறிப்பிடப்பட்டுள்ளது.,இதில் நான்கு மணி ஐம்பத்துமூன்று நிமிடம் குறிப்பிடப்பட்டுள்ளது .,time
"Rs.1,00,19,710 என்று எழுதப்பட்டுள்ளது.",ஒரு கோடி பத்தொன்பது ஆயிரம் எழுநூற்றுப்பத்து ரூபாய் என்று எழுதப்பட்டுள்ளது .,money
எனக்கு 8321 வயது.,எனக்கு எட்டாயிரத்து முந்நூற்று இருபத்தொன்று வயது .,cardinal
9:38,ஒன்பது மணி முப்பத்தெட்டு நிமிடம்,time
இதில் 093-4545085 குறிப்பிடப்பட்டுள்ளது.,இதில் பூஜ்யம் ஒன்பது மூன்று நான்கு ஐந்து நான்கு ஐந்து பூஜ்யம் எட்டு ஐந்து குறிப்பிடப்பட்டுள்ளது .,telephone
புரோ. பிரியா என்பதை நினைவில் கொள்ளுங்கள்.,பேராசிரியர் பிரியா என்பதை நினைவில் கொள்ளுங்கள் .,whitelist
கடிதத்தில் 5156 GB இருந்தது.,கடிதத்தில் ஐந்தாயிரத்து நூற்றைம்பத்து ஆறு கிகாபைட் இருந்தது .,measure
10-19-2009 அன்று 8566 பேர் வந்தனர்.,அக்டோபர் பத்தொன்பது இரண்டாயிரத்து ஒன்பது அன்று எட்டாயிரத்து ஐந்நூற்று அறுபத்தாறு பேர் வந்தனர் .,mixed
38905.5,முப்பத்தெட்டு ஆயிரம் தொள்ளாயிரத்து ஐந்து புள்ளி ஐந்து,decimal
04-13-2041 என்று எழுதப்பட்டுள்ளது.,ஏப்ரல் பதிமூன்று இரண்டாயிரத்து நாற்பத்தொன்று என்று எழுதப்பட்டுள்ளது .,date
செய்தியில் 60ஆம் என்று வந்தது.,செய்தியில் அறுபதாம் என்று வந்தது .,ordinal
614.4 சரியானது.,அறுநூற்றுப்பதினான்கு புள்ளி நான்கு சரியானது .,decimal
பதிவு தேதி 29-04-1930 ஆகும்.,பதிவு தேதி இருபத்தொன்பது ஏப்ரல் ஆயிரத்து தொள்ளாயிரத்து முப்பது ஆகும் .,date
27-01-2089 பற்றி பேசினோம்.,இருபத்தேழு ஜனவரி இரண்டாயிரத்து எண்பத்தொன்பது பற்றி பேசினோம் .,date
கட்டணம் Rs ௭௩ என அறிவித்தனர்.,கட்டணம் எழுபத்துமூன்று ரூபாய் என அறிவித்தனர் .,money
பிறந்த நாள் 15-02-2086.,பிறந்த நாள் பதினைந்து பிப்ரவரி இரண்டாயிரத்து எண்பத்தாறு .,date
இதில் 1520 குறிப்பிடப்பட்டுள்ளது.,இதில் ஆயிரத்து ஐந்நூற்று இருபது குறிப்பிடப்பட்டுள்ளது .,cardinal
8வது,எட்டாவது,ordinal
இதில் 16/20 பங்கு எனக்கு.,இதில் இருபதில் பதினாறு பங்கு எனக்கு .,fraction
கூட்டம் 13-01-2308 அன்று நடந்தது.,கூட்டம் பதிமூன்று ஜனவரி இரண்டாயிரத்து முந்நூற்று எட்டு அன்று நடந்தது .,date
70GB,எழுபது கிகாபைட்,measure
மொத்த மதிப்பெண் -71.,மொத்த மதிப்பெண் மைனஸ் எழுபத்தொன்று .,cardinal
அந்த ஊரில் 17 வீடுகள் உள்ளன.,அந்த ஊரில் பதினேழு வீடுகள் உள்ளன .,cardinal
பரிசுத் தொகை ரூ.௭௮.,பரிசுத் தொகை எழுபத்தெட்டு ரூபாய் .,money
24:15,இருபத்துநான்கு மணி பதினைந்து நிமிடம்,time
449,நானூற்று நாற்பத்தொன்பது,cardinal
அவர் 603.3 என்றார்.,அவர் அறுநூற்று மூன்று புள்ளி மூன்று என்றார் .,decimal
1587-2947,ஆயிரத்து ஐந்நூற்று எண்பத்தேழு முதல் இரண்டாயிரத்து தொள்ளாயிரத்து நாற்பத்தேழு,range
8549146301 என்று எழுதப்பட்டுள்ளது.,எட்டு ஐந்து நான்கு ஒன்பது ஒன்று நான்கு ஆறு மூன்று பூஜ்யம் ஒன்று என்று எழுதப்பட்டுள்ளது .,telephone
81762.3,எண்பத்தொன்று ஆயிரம் எழுநூற்று அறுபத்திரண்டு புள்ளி மூன்று,decimal
தொடர்புக்கு +446601438538.,தொடர்புக்கு பிளஸ் நான்கு நான்கு ஆறு ஆறு பூஜ்யம் ஒன்று நான்கு மூன்று எட்டு ஐந்து மூன்று எட்டு .,telephone
60%,அறுபது சதவீதம்,whitelist
அவர் ௬௫௦௭ ஓட்டங்கள் எடுத்தார்.,அவர் ஆறாயிரத்து ஐந்நூற்று ஏழு ஓட்டங்கள் எடுத்தார் .,cardinal
இந்த மூட்டை 4 மி.லி. எடை உள்ளது.,இந்த மூட்டை நான்கு மில்லிலிட்டர் எடை உள்ளது .,measure
௪௨௨௮ மாணவர்கள் 09:40 மணிக்கு வந்தனர்.,நான்காயிரத்து இருநூற்று இருபத்தெட்டு மாணவர்கள் ஒன்பது மணி நாற்பது நிமிடம் வந்தனர் .,mixed
அந்த நிலம் Rs 511563006 விலை போனது.,அந்த நிலம் ஐம்பத்தொன்று கோடி பதினைந்து இலட்சம் அறுபத்துமூன்று ஆயிரம் ஆறு ரூபாய் விலை போனது .,money
அவள் 10ஆவது வகுப்பு படிக்கிறாள்.,அவள் பத்தாவது வகுப்பு படிக்கிறாள் .,ordinal
கடிதத்தில் ரூ7479.95 இருந்தது.,கடிதத்தில் ஏழாயிரத்து நானூற்று எழுபத்தொன்பது ரூபாய் தொண்ணூற்றைந்து பைசா இருந்தது .,money
மதிப்பீடு 60725.0.,மதிப்பீடு அறுபது ஆயிரம் எழுநூற்று இருபத்தைந்து புள்ளி பூஜ்யம் .,decimal
11-30-1997,நவம்பர் முப்பது ஆயிரத்து தொள்ளாயிரத்து தொண்ணூற்றேழு,date
கடிதத்தில் 9.25 mg இருந்தது.,கடிதத்தில் ஒன்பது புள்ளி இரண்டு ஐந்து மில்லிகிராம் இருந்தது .,measure
61906.33,அறுபத்தொன்று ஆயிரம் தொள்ளாயிரத்து ஆறு புள்ளி மூன்று மூன்று,decimal
93069.77,தொண்ணூற்றுமூன்று ஆயிரம் அறுபத்தொன்பது புள்ளி ஏழு ஏழு,decimal
கூட்டத்தில் 4874 பேர் வந்தனர்.,கூட்டத்தில் நான்காயிரத்து எண்ணூற்று எழுபத்துநான்கு பேர் வந்தனர் .,cardinal
31/07/1922,முப்பத்தொன்று ஜூலை ஆயிரத்து தொள்ளாயிரத்து இருபத்திரண்டு,date
இன்று 613 பேர் வருகை தந்தனர்.,இன்று அறுநூற்றுப்பதிமூன்று பேர் வருகை தந்தனர் .,cardinal
5 g,ஐந்து கிராம்,measure
2:00 மணிக்கு,இரண்டு மணி,time
வெப்பநிலை ௫ac ஆக இருந்தது.,வெப்பநிலை ஐந்து ஏக்கர் ஆக இருந்தது .,measure
௨௨:௫௩ என்பதை நினைவில் கொள்ளுங்கள்.,இருபத்திரண்டு மணி ஐம்பத்துமூன்று நிமிடம் என்பதை நினைவில் கொள்ளுங்கள் .,time
8597TB சரியானது.,எட்டாயிரத்து ஐந்நூற்றுத்தொண்ணூற்றேழு டெராபைட் சரியானது .,measure
6913087966,ஆறு ஒன்பது ஒன்று மூன்று பூஜ்யம் எட்டு ஏழு ஒன்பது ஆறு ஆறு,telephone
423-718,நானூற்று இருபத்துமூன்று முதல் எழுநூற்றுப்பதினெட்டு,range
-5214,மைனஸ் ஐந்தாயிரத்து இருநூற்றுப்பதினான்கு,cardinal
கட்டணம் ₹ 3 என அறிவித்தனர்.,கட்டணம் மூன்று ரூபாய் என அறிவித்தனர் .,money
17.1 % பற்றி பேசினோம்.,பதினேழு புள்ளி ஒன்று சதவீதம் பற்றி பேசினோம் .,whitelist
13:34,பதிமூன்று மணி முப்பத்துநான்கு நிமிடம்,time
இதில் 9:35:34 குறிப்பிடப்பட்டுள்ளது.,இதில் ஒன்பது மணி முப்பத்தைந்து நிமிடம் முப்பத்துநான்கு வினாடி குறிப்பிடப்பட்டுள்ளது .,time
அவள் உயரம் 5467 ha ஆகும்.,அவள் உயரம் ஐந்தாயிரத்து நானூற்று அறுபத்தேழு ஹெக்டேர் ஆகும் .,measure
01.01.1469,ஒன்று ஜனவரி ஆயிரத்து நானூற்று அறுபத்தொன்பது,date
22:44:31 மணிக்கு வரை 578 பேர் காத்திருந்தனர்.,இருபத்திரண்டு மணி நாற்பத்துநான்கு நிமிடம் முப்பத்தொன்று வினாடி வரை ஐந்நூற்று எழுபத்தெட்டு பேர் காத்திருந்தனர் .,mixed
இந்த மூட்டை 2389 mi எடை உள்ளது.,இந்த மூட்டை இரண்டாயிரத்து முந்நூற்று எண்பத்தொன்பது மைல் எடை உள்ளது .,measure
கூட்டம் 02-04-2018 அன்று நடந்தது.,கூட்டம் இரண்டு ஏப்ரல் இரண்டாயிரத்து பதினெட்டு அன்று நடந்தது .,date
இதில் 9352244301 குறிப்பிடப்பட்டுள்ளது.,இதில் ஒன்பது மூன்று ஐந்து இரண்டு இரண்டு நான்கு நான்கு மூன்று பூஜ்யம் ஒன்று குறிப்பிடப்பட்டுள்ளது .,telephone
1:22 என்று எழுதப்பட்டுள்ளது.,ஒரு மணி இருபத்திரண்டு நிமிடம் என்று எழுதப்பட்டுள்ளது .,time
736,எழுநூற்று முப்பத்தாறு,cardinal
25-08-1975,இருபத்தைந்து ஆகஸ்ட் ஆயிரத்து தொள்ளாயிரத்து எழுபத்தைந்து,date
35.26 yr,முப்பத்தைந்து புள்ளி இரண்டு ஆறு ஆண்டு,measure
இதில் 10-03-1905 குறிப்பிடப்பட்டுள்ளது.,இதில் பத்து மார்ச் ஆயிரத்து தொள்ளாயிரத்து ஐந்து குறிப்பிடப்பட்டுள்ளது .,date
4158ரூ. கடன் வாங்கினேன்.,நான்காயிரத்து நூற்றைம்பத்து எட்டு ரூபாய் கடன் வாங்கினேன் .,money
அவள் 994181570 புத்தகங்கள் வாங்கினாள்.,அவள் தொண்ணூற்றொன்பது கோடி நாற்பத்தொன்று இலட்சம் எண்பத்தொன்று ஆயிரம் ஐந்நூற்று எழுபது புத்தகங்கள் வாங்கினாள் .~அவள் தொண்ணூற்றொன்பது கோடி நாற்பத்தொன்று இலட்சம் எண்பத்தொன்று ஆயிரம் ஐந்நூற்றெழுபது புத்தகங்கள் வாங்கினாள் .,cardinal
5714 mm தண்ணீர் குடிக்க வேண்டும்.,ஐந்தாயிரத்து எழுநூற்றுப்பதினான்கு மில்லிமீட்டர் தண்ணீர் குடிக்க வேண்டும் .,measure
13:14:27 என்பதை நினைவில் கொள்ளுங்கள்.,பதிமூன்று மணி பதினான்கு நிமிடம் இருபத்தேழு வினாடி என்பதை நினைவில் கொள்ளுங்கள் .,time
அவள் 1499 புத்தகங்கள் வாங்கினாள்.,அவள் ஆயிரத்து நானூற்றுத்தொண்ணூற்றொன்பது புத்தகங்கள் வாங்கினாள் .,cardinal
0699599723,பூஜ்யம் ஆறு ஒன்பது ஒன்பது ஐந்து ஒன்பது ஒன்பது ஏழு இரண்டு மூன்று,cardinal
-8420785,மைனஸ் எண்பத்துநான்கு இலட்சம் இருபது ஆயிரம் எழுநூற்று எண்பத்தைந்து,cardinal
பரிசுத் தொகை £91.,பரிசுத் தொகை தொண்ணூற்றொன்று பவுண்ட் .,money
847308,எட்டு இலட்சம் நாற்பத்தேழு ஆயிரம் முந்நூற்று எட்டு,cardinal
426745750057 என்பதை நினைவில் கொள்ளுங்கள்.,நான்கு இரண்டு ஆறு ஏழு நான்கு ஐந்து ஏழு ஐந்து பூஜ்யம் பூஜ்யம் ஐந்து ஏழு என்பதை நினைவில் கொள்ளுங்கள் .,cardinal
கூட்டம் ௧௯௮௫-௧௧-௦௯ அன்று நடந்தது.,கூட்டம் ஆயிரத்து தொள்ளாயிரத்து எண்பத்தைந்து நவம்பர் ஒன்பது அன்று நடந்தது .,date
அவர் 18:00 என்றார்.,அவர் பதினெட்டு மணி என்றார் .,time
1633-2489,ஆயிரத்து அறுநூற்று முப்பத்துமூன்று முதல் இரண்டாயிரத்து நானூற்று எண்பத்தொன்பது,range
19:28:00 மணிக்கு,பத்தொன்பது மணி இருபத்தெட்டு நிமிடம்,time
இந்த மூட்டை 64 ha எடை உள்ளது.,இந்த மூட்டை அறுபத்துநான்கு ஹெக்டேர் எடை உள்ளது .,measure
இது அவரது 897வது புத்தகம்.,இது அவரது எண்ணூற்றுத்தொண்ணூற்றேழாவது புத்தகம் .,ordinal
செய்தியில் 14/60 என்று வந்தது.,செய்தியில் அறுபதில் பதினான்கு என்று வந்தது .,fraction
94 % பற்றி பேசினோம்.,தொண்ணூற்றுநான்கு சதவீதம் பற்றி பேசினோம் .,whitelist
¥49.32,நாற்பத்தொன்பது யென் முப்பத்திரண்டு சென்,money
செய்தியில் 7.30 kW என்று வந்தது.,செய்தியில் ஏழு புள்ளி மூன்று பூஜ்யம் கிலோவாட் என்று வந்தது .,measure
௮/௨௦,இருபதில் எட்டு,fraction
அவள் 935 புத்தகங்கள் வாங்கினாள்.,அவள் தொள்ளாயிரத்து முப்பத்தைந்து புத்தகங்கள் வாங்கினாள் .,cardinal
பள்ளியில் ௯௪௩௮௩௦௧ ஆசிரியர்கள் உள்ளனர்.,பள்ளியில் தொண்ணூற்றுநான்கு இலட்சம் முப்பத்தெட்டு ஆயிரம் முந்நூற்று ஒன்று ஆசிரியர்கள் உள்ளனர் .,cardinal
68,அறுபத்தெட்டு,cardinal
£2,இரண்டு பவுண்ட்,money
இதில் 14/20 பங்கு எனக்கு.,இதில் இருபதில் பதினான்கு பங்கு எனக்கு .,fraction
807,எண்ணூற்று ஏழு,cardinal
35 km,முப்பத்தைந்து கிலோமீட்டர்,measure
206வது,இருநூற்று ஆறாவது,ordinal
01-13-2021,ஜனவரி பதிமூன்று இரண்டாயிரத்து இருபத்தொன்று,date
பாத்திரத்தில் 15/90 பங்கு நீர் உள்ளது.,பாத்திரத்தில் தொண்ணூறில் பதினைந்து பங்கு நீர் உள்ளது .,fraction
12-வது,பன்னிரண்டாவது,ordinal
12:30:00,பன்னிரண்டு மணி முப்பது நிமிடம்,time
09:57 மணிக்கு சரியானது.,ஒன்பது மணி ஐம்பத்தேழு நிமிடம் சரியானது .,time
02/01/2028,இரண்டு ஜனவரி இரண்டாயிரத்து இருபத்தெட்டு,date
விடை 40/5 ஆகும்.,விடை ஐந்தில் நாற்பது ஆகும் .,fraction
1832373 என்று எழுதப்பட்டுள்ளது.,பதினெட்டு இலட்சம் முப்பத்திரண்டு ஆயிரம் முந்நூற்று எழுபத்துமூன்று என்று எழுதப்பட்டுள்ளது .,cardinal
செய்தியில் 97398 என்று வந்தது.,செய்தியில் தொண்ணூற்றேழு ஆயிரம் முந்நூற்றுத்தொண்ணூற்றெட்டு என்று வந்தது .,cardinal
22/08/1946,இருபத்திரண்டு ஆகஸ்ட் ஆயிரத்து தொள்ளாயிரத்து நாற்பத்தாறு,date
அந்த நிறுவனத்தில் 8771 ஊழியர்கள் பணிபுரிகின்றனர்.,அந்த நிறுவனத்தில் எட்டாயிரத்து எழுநூற்று எழுபத்தொன்று ஊழியர்கள் பணிபுரிகின்றனர் .,cardinal
௩௨௦௦ kg,மூன்றாயிரத்து இருநூறு கிலோகிராம்,measure
1:44:46 சரியானது.,ஒரு மணி நாற்பத்துநான்கு நிமிடம் நாற்பத்தாறு வினாடி சரியானது .,time
43225 என்பதை நினைவில் கொள்ளுங்கள்.,நாற்பத்துமூன்று ஆயிரம் இருநூற்று இருபத்தைந்து என்பதை நினைவில் கொள்ளுங்கள் .,cardinal
௬௮௧௯௦௧௮௫௨,அறுபத்தெட்டு கோடி பத்தொன்பது இலட்சம் ஒன்று ஆயிரம் எண்ணூற்று ஐம்பத்திரண்டு,cardinal
3% பேசினார்.,மூன்று சதவீதம் பேசினார் .,whitelist
66,அறுபத்தாறு,cardinal
செய்தியில் 57ஆம் என்று வந்தது.,செய்தியில் ஐம்பத்தேழாம் என்று வந்தது .,ordinal
அவள் 727225207 புத்தகங்கள் வாங்கினாள்.,அவள் எழுபத்திரண்டு கோடி எழுபத்திரண்டு இலட்சம் இருபத்தைந்து ஆயிரம் இருநூற்று ஏழு புத்தகங்கள் வாங்கினாள் .,cardinal
கடிதத்தில் 0.3 இருந்தது.,கடிதத்தில் பூஜ்யம் புள்ளி மூன்று இருந்தது .,decimal
9454ஆவது பரிசு ₹20 /- ஆகும்.,ஒன்பதாயிரத்து நானூற்று ஐம்பத்துநான்காவது பரிசு இருபது ரூபாய் ஆகும் .,mixed
8107698 என்பதை நினைவில் கொள்ளுங்கள்.,எண்பத்தொன்று இலட்சம் ஏழாயிரத்து அறுநூற்றுத்தொண்ணூற்றெட்டு என்பதை நினைவில் கொள்ளுங்கள் .,cardinal
4682320 சரியானது.,நாற்பத்தாறு இலட்சம் எண்பத்திரண்டு ஆயிரம் முந்நூற்று இருபது சரியானது .,cardinal
மொத்தம் 6376 மாணவர்கள் உள்ளனர்.,மொத்தம் ஆறாயிரத்து முந்நூற்று எழுபத்தாறு மாணவர்கள் உள்ளனர் .,cardinal
பள்ளியில் 06 ஆசிரியர்கள் உள்ளனர்.,பள்ளியில் பூஜ்யம் ஆறு ஆசிரியர்கள் உள்ளனர் .,cardinal
ரூ 27060.57,இருபத்தேழு ஆயிரம் அறுபது ரூபாய் ஐம்பத்தேழு பைசா,money
15-02-1916 அன்று 8.60 MB மழை பெய்தது.,பதினைந்து பிப்ரவரி ஆயிரத்து தொள்ளாயிரத்து பதினாறு அன்று எட்டு புள்ளி ஆறு பூஜ்யம் மெகாபைட் மழை பெய்தது .,mixed
நிலத்தில் ௯௪/௫ பங்கு விற்றார்.,நிலத்தில் ஐந்தில் தொண்ணூற்றுநான்கு பங்கு விற்றார் .,fraction
26-04-2072,இருபத்தாறு ஏப்ரல் இரண்டாயிரத்து எழுபத்திரண்டு,date
818.32 கோடி,எண்ணூற்றுப்பதினெட்டு புள்ளி மூன்று இரண்டு கோடி,decimal
9740ஆவது,ஒன்பதாயிரத்து எழுநூற்று நாற்பதாவது,ordinal
இதில் 51ஆம் குறிப்பிடப்பட்டுள்ளது.,இதில் ஐம்பத்தொன்றாம் குறிப்பிடப்பட்டுள்ளது .,ordinal
௨௦௫.௩௩௭,இருநூற்று ஐந்து புள்ளி மூன்று மூன்று ஏழு,decimal
795.6,எழுநூற்றுத்தொண்ணூற்றைந்து புள்ளி ஆறு,decimal
இதன் மதிப்பு 96705.389 தான்.,இதன் மதிப்பு தொண்ணூற்றாறு ஆயிரம் எழுநூற்று ஐந்து புள்ளி மூன்று எட்டு ஒன்பது தான் .,decimal
இதில் 99 குறிப்பிடப்பட்டுள்ளது.,இதில் தொண்ணூற்றொன்பது குறிப்பிடப்பட்டுள்ளது .,cardinal
கடிதத்தில் 16 2/3 இருந்தது.,கடிதத்தில் பதினாறு மற்றும் மூன்றில் இரண்டு இருந்தது .,fraction
07:09,ஏழு மணி ஒன்பது நிமிடம்,time
£ 1959,ஆயிரத்து தொள்ளாயிரத்து ஐம்பத்தொன்பது பவுண்ட்,money
இது 7476வது முறை.,இது ஏழாயிரத்து நானூற்று எழுபத்தாறாவது முறை .,ordinal
14-10-1904 என்பதை நினைவில் கொள்ளுங்கள்.,பதினான்கு அக்டோபர் ஆயிரத்து தொள்ளாயிரத்து நான்கு என்பதை நினைவில் கொள்ளுங்கள் .,date
8302 L தண்ணீர் குடிக்க வேண்டும்.,எட்டாயிரத்து முந்நூற்று இரண்டு லிட்டர் தண்ணீர் குடிக்க வேண்டும் .,measure
௭௧௬௭வது,ஏழாயிரத்து நூற்றறுபத்து ஏழாவது,ordinal
09 நாட்கள் ஆயிற்று.,பூஜ்யம் ஒன்பது நாட்கள் ஆயிற்று .,cardinal
அந்த நிறுவனத்தில் 414 ஊழியர்கள் பணிபுரிகின்றனர்.,அந்த நிறுவனத்தில் நானூற்றுப்பதினான்கு ஊழியர்கள் பணிபுரிகின்றனர் .,cardinal
229,இருநூற்று இருபத்தொன்பது,cardinal
4111.71,நான்காயிரத்து நூற்றுப்பதினொன்று புள்ளி ஏழு ஒன்று,decimal
கடைசி தேதி ௨௪-௦௬-௧௯௧௫.,கடைசி தேதி இருபத்துநான்கு ஜூன் ஆயிரத்து தொள்ளாயிரத்து பதினைந்து .,date
02:32,இரண்டு மணி முப்பத்திரண்டு நிமிடம்,time
கூட்டத்தில் 2510 பேர் வந்தனர்.,கூட்டத்தில் இரண்டாயிரத்து ஐந்நூற்றுப்பத்து பேர் வந்தனர் .,cardinal
"அவர் ₹2,97,75,645 என்றார்.",அவர் இரண்டு கோடி தொண்ணூற்றேழு இலட்சம் எழுபத்தைந்து ஆயிரம் அறுநூற்று நாற்பத்தைந்து ரூபாய் என்றார் .,money
8854379760 பற்றி பேசினோம்.,எட்டு எட்டு ஐந்து நான்கு மூன்று ஏழு ஒன்பது ஏழு ஆறு பூஜ்யம் பற்றி பேசினோம் .,telephone
அவர் 7323876272 என்றார்.,அவர் ஏழு மூன்று இரண்டு மூன்று எட்டு ஏழு ஆறு இரண்டு ஏழு இரண்டு என்றார் .,telephone
பேருந்து தாமதமாக வந்தது.,பேருந்து தாமதமாக வந்தது .,word
9.451,ஒன்பது புள்ளி நான்கு ஐந்து ஒன்று,decimal
௧௭௮௦-௩௨௮௩ மணி நேரம் தேவை.,ஆயிரத்து எழுநூற்று எண்பது முதல் மூன்றாயிரத்து இருநூற்று எண்பத்துமூன்று மணி நேரம் தேவை .~ஆயிரத்து எழுநூற்றெண்பது முதல் மூன்றாயிரத்து இருநூற்று எண்பத்துமூன்று மணி நேரம் தேவை .,range
விமானம் ௧௨:௨௩:௩௨ மணிக்கு வந்தடையும்.,விமானம் பன்னிரண்டு மணி இருபத்துமூன்று நிமிடம் முப்பத்திரண்டு வினாடி வந்தடையும் .,time
86.4%,எண்பத்தாறு புள்ளி நான்கு சதவீதம்,whitelist
அவரின் தொலைபேசி எண் 8659549157 ஆகும்.,அவரின் தொலைபேசி எண் எட்டு ஆறு ஐந்து ஒன்பது ஐந்து நான்கு ஒன்பது ஒன்று ஐந்து ஏழு ஆகும் .,telephone
வளர்ச்சி விகிதம் 39900.45 ஆக இருந்தது.,வளர்ச்சி விகிதம் முப்பத்தொன்பது ஆயிரம் தொள்ளாயிரம் புள்ளி நான்கு ஐந்து ஆக இருந்தது .,decimal
நான் 18:45 எழுந்தேன்.,நான் பதினெட்டு மணி நாற்பத்தைந்து நிமிடம் எழுந்தேன் .,time
2944149 பேருக்கு 63 ரூ/- கொடுத்தேன்.,இருபத்தொன்பது இலட்சம் நாற்பத்துநான்கு ஆயிரம் நூற்று நாற்பத்தொன்பது பேருக்கு அறுபத்துமூன்று ரூபாய் கொடுத்தேன் .,mixed
அவன் 53 முறை முயன்றான்.,அவன் ஐம்பத்துமூன்று முறை முயன்றான் .,cardinal
+65 8251971033 என்பதை நினைவில் கொள்ளுங்கள்.,பிளஸ் ஆறு ஐந்து எட்டு இரண்டு ஐந்து ஒன்று ஒன்பது ஏழு ஒன்று பூஜ்யம் மூன்று மூன்று என்பதை நினைவில் கொள்ளுங்கள் .,telephone
செய்தியில் 270 என்று வந்தது.,செய்தியில் இருநூற்று எழுபது என்று வந்தது .~செய்தியில் இருநூற்றெழுபது என்று வந்தது .,cardinal
2058-12-27 அன்று விடுமுறை.,இரண்டாயிரத்து ஐம்பத்தெட்டு டிசம்பர் இருபத்தேழு அன்று விடுமுறை .,date
தினமும் 2159 மி.மீ. ஓடுகிறேன்.,தினமும் இரண்டாயிரத்து நூற்றைம்பத்து ஒன்பது மில்லிமீட்டர் ஓடுகிறேன் .,measure
22-11-2090 சரியானது.,இருபத்திரண்டு நவம்பர் இரண்டாயிரத்து தொண்ணூறு சரியானது .,date
26/12/2064,இருபத்தாறு டிசம்பர் இரண்டாயிரத்து அறுபத்துநான்கு,date
வகுப்பு 8:24 முடியும்.,வகுப்பு எட்டு மணி இருபத்துநான்கு நிமிடம் முடியும் .,time
46-49 நாட்கள் ஆகும்.,நாற்பத்தாறு முதல் நாற்பத்தொன்பது நாட்கள் ஆகும் .,range
98812.36 என்பதை நினைவில் கொள்ளுங்கள்.,தொண்ணூற்றெட்டு ஆயிரம் எண்ணூற்றுப்பன்னிரண்டு புள்ளி மூன்று ஆறு என்பதை நினைவில் கொள்ளுங்கள் .,decimal
வளர்ச்சி விகிதம் 1.14 ஆக இருந்தது.,வளர்ச்சி விகிதம் ஒன்று புள்ளி ஒன்று நான்கு ஆக இருந்தது .,decimal
௮௬௪௩௨.௨௨௬ என்பதை நினைவில் கொள்ளுங்கள்.,எண்பத்தாறு ஆயிரம் நானூற்று முப்பத்திரண்டு புள்ளி இரண்டு இரண்டு ஆறு என்பதை நினைவில் கொள்ளுங்கள் .,decimal
எனக்கு 15 வயது.,எனக்கு பதினைந்து வயது .,cardinal
செய்தியில் 10 என்று வந்தது.,செய்தியில் பத்து என்று வந்தது .,cardinal
9/12,பன்னிரண்டில் ஒன்பது,fraction
"₹4,14,05,359",நான்கு கோடி பதினான்கு இலட்சம் ஐந்தாயிரத்து முந்நூற்று ஐம்பத்தொன்பது ரூபாய்,money
25 பற்றி பேசினோம்.,இருபத்தைந்து பற்றி பேசினோம் .,cardinal
0.8,பூஜ்யம் புள்ளி எட்டு,decimal
மொத்த மதிப்பெண் 9520.,மொத்த மதிப்பெண் ஒன்பதாயிரத்து ஐந்நூற்று இருபது .,cardinal
"பரிசுத் தொகை Rs7,76,77,743.",பரிசுத் தொகை ஏழு கோடி எழுபத்தாறு இலட்சம் எழுபத்தேழு ஆயிரம் எழுநூற்று நாற்பத்துமூன்று ரூபாய் .,money
ரூ9021,ஒன்பதாயிரத்து இருபத்தொன்று ரூபாய்,money
சூரியன் கிழக்கில் உதிக்கிறது.,சூரியன் கிழக்கில் உதிக்கிறது .,word
௧௦௨௦-௧௧௩௩ வயது குழந்தைகள் வரலாம்.,ஆயிரத்து இருபது முதல் ஆயிரத்து நூற்று முப்பத்துமூன்று வயது குழந்தைகள் வரலாம் .,range
௦௫:௦௦ பற்றி பேசினோம்.,ஐந்து மணி பற்றி பேசினோம் .,time
6ha,ஆறு ஹெக்டேர்,measure
676-958,அறுநூற்று எழுபத்தாறு முதல் தொள்ளாயிரத்து ஐம்பத்தெட்டு,range
௦௯:௨௨:௫௭,ஒன்பது மணி இருபத்திரண்டு நிமிடம் ஐம்பத்தேழு வினாடி,time
9.20L என்று எழுதப்பட்டுள்ளது.,ஒன்பது புள்ளி இரண்டு பூஜ்யம் லிட்டர் என்று எழுதப்பட்டுள்ளது .,measure
13ஆம் என்று எழுதப்பட்டுள்ளது.,பதிமூன்றாம் என்று எழுதப்பட்டுள்ளது .,ordinal
சராசரி 585.1 என்பது 59 மாணவர்களின் கணக்கு.,சராசரி ஐந்நூற்று எண்பத்தைந்து புள்ளி ஒன்று என்பது ஐம்பத்தொன்பது மாணவர்களின் கணக்கு .,mixed
43₹,நாற்பத்துமூன்று ரூபாய்,money
8:19 என்பதை நினைவில் கொள்ளுங்கள்.,எட்டு மணி பத்தொன்பது நிமிடம் என்பதை நினைவில் கொள்ளுங்கள் .,time
இந்த மூட்டை 3 sec எடை உள்ளது.,இந்த மூட்டை மூன்று வினாடி எடை உள்ளது .,measure
செய்தியில் 483 என்று வந்தது.,செய்தியில் நானூற்று எண்பத்துமூன்று என்று வந்தது .,cardinal
வெப்பநிலை 7333 கி.மீ ஆக இருந்தது.,வெப்பநிலை ஏழாயிரத்து முந்நூற்று முப்பத்துமூன்று கிலோமீட்டர் ஆக இருந்தது .,measure
அந்த ஊரில் ௧௦௦௦இல் வீடுகள் உள்ளன.,அந்த ஊரில் ஆயிரத்தில் வீடுகள் உள்ளன .,cardinal
₹ ௯௧௭௧.௨,ஒன்பதாயிரத்து நூற்றெழுபத்து ஒன்று ரூபாய் இருபது பைசா,money
நான் 6வது நபராக வந்தேன்.,நான் ஆறாவது நபராக வந்தேன் .,ordinal
733.7 பற்றி பேசினோம்.,எழுநூற்று முப்பத்துமூன்று புள்ளி ஏழு பற்றி பேசினோம் .,decimal
10 13/14 என்று எழுதப்பட்டுள்ளது.,பத்து மற்றும் பதினான்கில் பதிமூன்று என்று எழுதப்பட்டுள்ளது .,fraction
ரூ.௩௨,முப்பத்திரண்டு ரூபாய்,money
அவர் 46701.17 என்றார்.,அவர் நாற்பத்தாறு ஆயிரம் எழுநூற்று ஒன்று புள்ளி ஒன்று ஏழு என்றார் .,decimal
17-07-2045,பதினேழு ஜூலை இரண்டாயிரத்து நாற்பத்தைந்து,date
7323686,எழுபத்துமூன்று இலட்சம் இருபத்துமூன்று ஆயிரம் அறுநூற்று எண்பத்தாறு,cardinal
தேர்வு 11-25-2022 தேதியில் தொடங்கும்.,தேர்வு நவம்பர் இருபத்தைந்து இரண்டாயிரத்து இருபத்திரண்டு தேதியில் தொடங்கும் .,date
சராசரி 733.38 என்பது 525 மாணவர்களின் கணக்கு.,சராசரி எழுநூற்று முப்பத்துமூன்று புள்ளி மூன்று எட்டு என்பது ஐந்நூற்று இருபத்தைந்து மாணவர்களின் கணக்கு .,mixed
அவன் 34 கி.மீ. நடந்தான்.,அவன் முப்பத்துநான்கு கிலோமீட்டர் நடந்தான் .,measure
830,எண்ணூற்று முப்பது,cardinal
₹34,முப்பத்துநான்கு ரூபாய்,money
கடிதத்தில் 2365561 இருந்தது.,கடிதத்தில் இருபத்துமூன்று இலட்சம் அறுபத்தைந்து ஆயிரம் ஐந்நூற்று அறுபத்தொன்று இருந்தது .,cardinal
13:47 மணிக்கு,பதிமூன்று மணி நாற்பத்தேழு நிமிடம்,time
22-06-2090,இருபத்திரண்டு ஜூன் இரண்டாயிரத்து தொண்ணூறு,date
விமானம் 2:38 வந்தடையும்.,விமானம் இரண்டு மணி முப்பத்தெட்டு நிமிடம் வந்தடையும் .,time
47%,நாற்பத்தேழு சதவீதம்,whitelist
௨௭௫,இருநூற்று எழுபத்தைந்து,cardinal
செய்தியில் Rs ௫௭.௧௮ என்று வந்தது.,செய்தியில் ஐம்பத்தேழு ரூபாய் பதினெட்டு பைசா என்று வந்தது .,money
217,இருநூற்றுப்பதினேழு,cardinal
இஞ். ராமன் வந்தார்.,இன்ஜினியர் ராமன் வந்தார் .,whitelist
18:04,பதினெட்டு மணி நான்கு நிமிடம்,time
௧௩-௦௯-௧௯௧௪,பதிமூன்று செப்டம்பர் ஆயிரத்து தொள்ளாயிரத்து பதினான்கு,date
"அவர் £ 5,96,04,765.2 என்றார்.",அவர் ஐந்து கோடி தொண்ணூற்றாறு இலட்சம் நான்காயிரத்து எழுநூற்று அறுபத்தைந்து பவுண்ட் இருபது பென்ஸ் என்றார் .,money
567189089,ஐம்பத்தாறு கோடி எழுபத்தொன்று இலட்சம் எண்பத்தொன்பது ஆயிரம் எண்பத்தொன்பது,cardinal
03:15,மூன்று மணி பதினைந்து நிமிடம்,time
தூரம் 8485ha ஆகும்.,தூரம் எட்டாயிரத்து நானூற்று எண்பத்தைந்து ஹெக்டேர் ஆகும் .,measure
"793,332",ஏழு இலட்சம் தொண்ணூற்றுமூன்று ஆயிரம் முந்நூற்று முப்பத்திரண்டு,cardinal
20-10-1132,இருபது அக்டோபர் ஆயிரத்து நூற்று முப்பத்திரண்டு,date
இன்றைய விலை 41559.47 ஆக உயர்ந்தது.,இன்றைய விலை நாற்பத்தொன்று ஆயிரம் ஐந்நூற்று ஐம்பத்தொன்பது புள்ளி நான்கு ஏழு ஆக உயர்ந்தது .,decimal
3966038,முப்பத்தொன்பது இலட்சம் அறுபத்தாறு ஆயிரம் முப்பத்தெட்டு,cardinal
3097,மூன்றாயிரத்து தொண்ணூற்றேழு,cardinal
773ஆம் பற்றி பேசினோம்.,எழுநூற்று எழுபத்துமூன்றாம் பற்றி பேசினோம் .,ordinal
18-07-2025 அன்று மழை பெய்தது.,பதினெட்டு ஜூலை இரண்டாயிரத்து இருபத்தைந்து அன்று மழை பெய்தது .,date
871526610895 பற்றி பேசினோம்.,எட்டு ஏழு ஒன்று ஐந்து இரண்டு ஆறு ஆறு ஒன்று பூஜ்யம் எட்டு ஒன்பது ஐந்து பற்றி பேசினோம் .,cardinal
௧௦-௧௬-௨௦௦௨,அக்டோபர் பதினாறு இரண்டாயிரத்து இரண்டு,date
29-54 என்பதை நினைவில் கொள்ளுங்கள்.,இருபத்தொன்பது முதல் ஐம்பத்துநான்கு என்பதை நினைவில் கொள்ளுங்கள் .,range
6:02,ஆறு மணி இரண்டு நிமிடம்,time
7.22 என்று எழுதப்பட்டுள்ளது.,ஏழு புள்ளி இரண்டு இரண்டு என்று எழுதப்பட்டுள்ளது .,decimal
35வது பரிசு Rs 8096.39 ஆகும்.,முப்பத்தைந்தாவது பரிசு எட்டாயிரத்து தொண்ணூற்றாறு ரூபாய் முப்பத்தொன்பது பைசா ஆகும் .,mixed
இது 44ஆம் முறை.,இது நாற்பத்துநான்காம் முறை .,ordinal
46/2 சரியானது.,இரண்டில் நாற்பத்தாறு சரியானது .,fraction
செய்தியில் -6 °F என்று வந்தது.,செய்தியில் மைனஸ் ஆறு டிகிரி பாரன்ஹீட் என்று வந்தது .,measure
௧௨-௧௩-௨௦௮௭ அன்று ₹0.80 செலுத்தினேன்.,டிசம்பர் பதிமூன்று இரண்டாயிரத்து எண்பத்தேழு அன்று எண்பது பைசா செலுத்தினேன் .,mixed
"௪௩௨ பேருக்கு 6,63,42,797.84ரூ. கொடுத்தேன்.",நானூற்று முப்பத்திரண்டு பேருக்கு ஆறு கோடி அறுபத்துமூன்று இலட்சம் நாற்பத்திரண்டு ஆயிரம் எழுநூற்றுத்தொண்ணூற்றேழு ரூபாய் எண்பத்துநான்கு பைசா கொடுத்தேன் .,mixed
₹29.72 அபராதம் விதிக்கப்பட்டது.,இருபத்தொன்பது ரூபாய் எழுபத்திரண்டு பைசா அபராதம் விதிக்கப்பட்டது .,money
14-02-2025 முதல் விற்பனை தொடங்கும்.,பதினான்கு பிப்ரவரி இரண்டாயிரத்து இருபத்தைந்து முதல் விற்பனை தொடங்கும் .,date
1/9,ஒன்பதில் ஒன்று,fraction
714,எழுநூற்றுப்பதினான்கு,cardinal
செய்தியில் ௦௫:௪௮ என்று வந்தது.,செய்தியில் ஐந்து மணி நாற்பத்தெட்டு நிமிடம் என்று வந்தது .,time
இதன் மதிப்பு 837.795 தான்.,இதன் மதிப்பு எண்ணூற்று முப்பத்தேழு புள்ளி ஏழு ஒன்பது ஐந்து தான் .,decimal
6887,ஆறாயிரத்து எண்ணூற்று எண்பத்தேழு,cardinal
"அவர் £2,19,64,858.5 என்றார்.",அவர் இரண்டு கோடி பத்தொன்பது இலட்சம் அறுபத்துநான்கு ஆயிரம் எண்ணூற்று ஐம்பத்தெட்டு பவுண்ட் ஐம்பது பென்ஸ் என்றார் .,money
6718624258,ஆறு ஏழு ஒன்று எட்டு ஆறு இரண்டு நான்கு இரண்டு ஐந்து எட்டு,telephone
செய்தியில் 05:00 மணிக்கு என்று வந்தது.,செய்தியில் ஐந்து மணி என்று வந்தது .,time
நான் 19:08 மணிக்கு எழுந்தேன்.,நான் பத்தொன்பது மணி எட்டு நிமிடம் எழுந்தேன் .,time
0.581,பூஜ்யம் புள்ளி ஐந்து எட்டு ஒன்று,decimal
2000இல்,இரண்டாயிரத்தில்,cardinal
கூட்டம் 09-11-1909 அன்று 05:43 மணிக்கு தொடங்கும்.,கூட்டம் ஒன்பது நவம்பர் ஆயிரத்து தொள்ளாயிரத்து ஒன்பது அன்று ஐந்து மணி நாற்பத்துமூன்று நிமிடம் தொடங்கும் .,mixed
₹௨௨௬௦,இரண்டாயிரத்து இருநூற்று அறுபது ரூபாய்~இரண்டாயிரத்து இருநூற்றறுபது ரூபாய்,money
அந்த நிறுவனத்தில் -6516 ஊழியர்கள் பணிபுரிகின்றனர்.,அந்த நிறுவனத்தில் மைனஸ் ஆறாயிரத்து ஐந்நூற்றுப்பதினாறு ஊழியர்கள் பணிபுரிகின்றனர் .,cardinal
விண்ணப்பம் 19-03-1989 அன்று அனுப்பப்பட்டது.,விண்ணப்பம் பத்தொன்பது மார்ச் ஆயிரத்து தொள்ளாயிரத்து எண்பத்தொன்பது அன்று அனுப்பப்பட்டது .,date
செய்தியில் Rs௩ /- என்று வந்தது.,செய்தியில் மூன்று ரூபாய் என்று வந்தது .,money
"59,98,36,935 என்று எழுதப்பட்டுள்ளது.",ஐம்பத்தொன்பது கோடி தொண்ணூற்றெட்டு இலட்சம் முப்பத்தாறு ஆயிரம் தொள்ளாயிரத்து முப்பத்தைந்து என்று எழுதப்பட்டுள்ளது .,cardinal
38 l,முப்பத்தெட்டு லிட்டர்,measure
678 கிலோ அரிசி வாங்கினேன்.,அறுநூற்று எழுபத்தெட்டு கிலோ அரிசி வாங்கினேன் .,cardinal
கடிதத்தில் ௩௩௭௫ இருந்தது.,கடிதத்தில் மூன்றாயிரத்து முந்நூற்று எழுபத்தைந்து இருந்தது .,cardinal
மொத்த செலவு ¥1245.,மொத்த செலவு ஆயிரத்து இருநூற்று நாற்பத்தைந்து யென் .,money
971-1564,தொள்ளாயிரத்து எழுபத்தொன்று முதல் ஆயிரத்து ஐந்நூற்று அறுபத்துநான்கு,range
16:28,பதினாறு மணி இருபத்தெட்டு நிமிடம்,time
61141.89 சரியானது.,அறுபத்தொன்று ஆயிரம் நூற்று நாற்பத்தொன்று புள்ளி எட்டு ஒன்பது சரியானது .,decimal
4.99,நான்கு புள்ளி ஒன்பது ஒன்பது,decimal
அந்த நிலம் 6213₹ விலை போனது.,அந்த நிலம் ஆறாயிரத்து இருநூற்றுப்பதிமூன்று ரூபாய் விலை போனது .,money
-4451 நாட்கள் ஆயிற்று.,மைனஸ் நான்காயிரத்து நானூற்று ஐம்பத்தொன்று நாட்கள் ஆயிற்று .,cardinal
9271947,தொண்ணூற்றிரண்டு இலட்சம் எழுபத்தொன்று ஆயிரம் தொள்ளாயிரத்து நாற்பத்தேழு,cardinal
பிறந்த நாள் 18-05-2002.,பிறந்த நாள் பதினெட்டு மே இரண்டாயிரத்து இரண்டு .,date
28-04-1017 அன்று 04 பேர் வந்தனர்.,இருபத்தெட்டு ஏப்ரல் ஆயிரத்து பதினேழு அன்று பூஜ்யம் நான்கு பேர் வந்தனர் .,mixed
"ரூ. 3,90,10,146",மூன்று கோடி தொண்ணூறு இலட்சம் பத்து ஆயிரம் நூற்று நாற்பத்தாறு ரூபாய்,money
8058616493 இந்த எண்ணில் அழையுங்கள்.,எட்டு பூஜ்யம் ஐந்து எட்டு ஆறு ஒன்று ஆறு நான்கு ஒன்பது மூன்று இந்த எண்ணில் அழையுங்கள் .,telephone
6141354521,ஆறு ஒன்று நான்கு ஒன்று மூன்று ஐந்து நான்கு ஐந்து இரண்டு ஒன்று,telephone
51% பற்றி பேசினோம்.,ஐம்பத்தொன்று சதவீதம் பற்றி பேசினோம் .,whitelist
நான் 4665வது நபராக வந்தேன்.,நான் நான்காயிரத்து அறுநூற்று அறுபத்தைந்தாவது நபராக வந்தேன் .,ordinal
15:09 மணிக்கு சாப்பிட வா.,பதினைந்து மணி ஒன்பது நிமிடம் சாப்பிட வா .,time
இதில் 24-10-1977 குறிப்பிடப்பட்டுள்ளது.,இதில் இருபத்துநான்கு அக்டோபர் ஆயிரத்து தொள்ளாயிரத்து எழுபத்தேழு குறிப்பிடப்பட்டுள்ளது .,date
12×6=72 என்று எழுதப்பட்டுள்ளது.,பன்னிரண்டு பெருக்கல் ஆறு சமம் எழுபத்திரண்டு என்று எழுதப்பட்டுள்ளது .,whitelist
1478 ml அரிசி 0.65₹ ஆகும்.,ஆயிரத்து நானூற்று எழுபத்தெட்டு மில்லிலிட்டர் அரிசி அறுபத்தைந்து பைசா ஆகும் .,mixed
15/10/1956,பதினைந்து அக்டோபர் ஆயிரத்து தொள்ளாயிரத்து ஐம்பத்தாறு,date
அவர் 3/5 என்றார்.,அவர் ஐந்தில் மூன்று என்றார் .,fraction
3351205 என்பதை நினைவில் கொள்ளுங்கள்.,முப்பத்துமூன்று இலட்சம் ஐம்பத்தொன்று ஆயிரம் இருநூற்று ஐந்து என்பதை நினைவில் கொள்ளுங்கள் .,cardinal
"மொத்த மதிப்பெண் 68,81,23,438.",மொத்த மதிப்பெண் அறுபத்தெட்டு கோடி எண்பத்தொன்று இலட்சம் இருபத்துமூன்று ஆயிரம் நானூற்று முப்பத்தெட்டு .,cardinal
இந்த மூட்டை 2.76 lb எடை உள்ளது.,இந்த மூட்டை இரண்டு புள்ளி ஏழு ஆறு பவுண்டு எடை உள்ளது .,measure
2010 நாட்கள் ஆயிற்று.,இரண்டாயிரத்து பத்து நாட்கள் ஆயிற்று .,cardinal
13-02-2096,பதிமூன்று பிப்ரவரி இரண்டாயிரத்து தொண்ணூற்றாறு,date
கூட்டத்தில் 1000இல் பேர் வந்தனர்.,கூட்டத்தில் ஆயிரத்தில் பேர் வந்தனர் .,cardinal
-௮.௩௧௫,மைனஸ் எட்டு புள்ளி மூன்று ஒன்று ஐந்து,decimal
Rs7283.80 சரியானது.,ஏழாயிரத்து இருநூற்று எண்பத்துமூன்று ரூபாய் எண்பது பைசா சரியானது .,money
௬௨ஆம்,அறுபத்திரண்டாம்,ordinal
4984869,நாற்பத்தொன்பது இலட்சம் எண்பத்துநான்கு ஆயிரம் எண்ணூற்று அறுபத்தொன்பது,cardinal
"¥93,69,035 பற்றி பேசினோம்.",தொண்ணூற்றுமூன்று இலட்சம் அறுபத்தொன்பது ஆயிரம் முப்பத்தைந்து யென் பற்றி பேசினோம் .,money
௪௦௦௦௨௫௭௬௧,நாற்பது கோடி இருபத்தைந்து ஆயிரம் எழுநூற்று அறுபத்தொன்று,cardinal
விலை ¥0.24 ஆனது 80319.8 சதவீதம் உயர்வு.,விலை இருபத்துநான்கு சென் ஆனது எண்பது ஆயிரம் முந்நூற்றுப்பத்தொன்பது புள்ளி எட்டு சதவீதம் உயர்வு .,mixed
௦௭:௦௦,ஏழு மணி,time
03:13 மணிக்கு,மூன்று மணி பதிமூன்று நிமிடம்,time
3409இல் மாணவர்கள் 02:37:27 வந்தனர்.,மூன்றாயிரத்து நானூற்று ஒன்பதில் மாணவர்கள் இரண்டு மணி முப்பத்தேழு நிமிடம் இருபத்தேழு வினாடி வந்தனர் .,mixed
1527-2039 கிலோ எடை வேண்டும்.,ஆயிரத்து ஐந்நூற்று இருபத்தேழு முதல் இரண்டாயிரத்து முப்பத்தொன்பது கிலோ எடை வேண்டும் .,range
Rs 7289946.85,எழுபத்திரண்டு இலட்சம் எண்பத்தொன்பது ஆயிரம் தொள்ளாயிரத்து நாற்பத்தாறு ரூபாய் எண்பத்தைந்து பைசா,money
669 ரூ,அறுநூற்று அறுபத்தொன்பது ரூபாய்,money
பேருந்து 04:41 கிளம்பும்.,பேருந்து நான்கு மணி நாற்பத்தொன்று நிமிடம் கிளம்பும் .,time
₹92 /-,தொண்ணூற்றிரண்டு ரூபாய்,money
அவர் 03-07-1996 என்றார்.,அவர் மூன்று ஜூலை ஆயிரத்து தொள்ளாயிரத்து தொண்ணூற்றாறு என்றார் .,date
கட்டணம் $ 7035 என அறிவித்தனர்.,கட்டணம் ஏழாயிரத்து முப்பத்தைந்து டாலர் என அறிவித்தனர் .,money
செய்தியில் 84 என்று வந்தது.,செய்தியில் எண்பத்துநான்கு என்று வந்தது .,cardinal
08/10/1948,எட்டு அக்டோபர் ஆயிரத்து தொள்ளாயிரத்து நாற்பத்தெட்டு,date
௩ செ.மீ சரியானது.,மூன்று சென்டிமீட்டர் சரியானது .,measure
நான் 23:57 எழுந்தேன்.,நான் இருபத்துமூன்று மணி ஐம்பத்தேழு நிமிடம் எழுந்தேன் .,time
தூரம் 5.24 sec ஆகும்.,தூரம் ஐந்து புள்ளி இரண்டு நான்கு வினாடி ஆகும் .,measure
அந்த நிலம் 8819ரூ. விலை போனது.,அந்த நிலம் எட்டாயிரத்து எண்ணூற்றுப்பத்தொன்பது ரூபாய் விலை போனது .,money
71 சரியானது.,எழுபத்தொன்று சரியானது .,cardinal
கடைசி தேதி 03-05-1820.,கடைசி தேதி மூன்று மே ஆயிரத்து எண்ணூற்று இருபது .,date
2619,இரண்டாயிரத்து அறுநூற்றுப்பத்தொன்பது,cardinal
29/05/1928,இருபத்தொன்பது மே ஆயிரத்து தொள்ளாயிரத்து இருபத்தெட்டு,date
82.805,எண்பத்திரண்டு புள்ளி எட்டு பூஜ்யம் ஐந்து,decimal
நீளம் 6.354 ஆக இருந்தது.,நீளம் ஆறு புள்ளி மூன்று ஐந்து நான்கு ஆக இருந்தது .,decimal
74 TB,எழுபத்துநான்கு டெராபைட்,measure
-4°C தண்ணீர் குடிக்க வேண்டும்.,மைனஸ் நான்கு டிகிரி செல்சியஸ் தண்ணீர் குடிக்க வேண்டும் .,measure
அவர் 180 ஓட்டங்கள் எடுத்தார்.,அவர் நூற்று எண்பது ஓட்டங்கள் எடுத்தார் .~அவர் நூற்றெண்பது ஓட்டங்கள் எடுத்தார் .,cardinal
கூட்டத்தில் 5985 பேர் வந்தனர்.,கூட்டத்தில் ஐந்தாயிரத்து தொள்ளாயிரத்து எண்பத்தைந்து பேர் வந்தனர் .,cardinal
அவன் ௧௦௦௦இல் முறை முயன்றான்.,அவன் ஆயிரத்தில் முறை முயன்றான் .,cardinal
5.5 பற்றி பேசினோம்.,ஐந்து புள்ளி ஐந்து பற்றி பேசினோம் .,decimal
-4.65 சரியானது.,மைனஸ் நான்கு புள்ளி ஆறு ஐந்து சரியானது .,decimal
17:21 மணிக்கு சரியானது.,பதினேழு மணி இருபத்தொன்று நிமிடம் சரியானது .,time
10540.252,பத்து ஆயிரம் ஐந்நூற்று நாற்பது புள்ளி இரண்டு ஐந்து இரண்டு,decimal
2:10,இரண்டு மணி பத்து நிமிடம்,time
+1 7637127635 பற்றி பேசினோம்.,பிளஸ் ஒன்று ஏழு ஆறு மூன்று ஏழு ஒன்று இரண்டு ஏழு ஆறு மூன்று ஐந்து பற்றி பேசினோம் .,telephone
நேரம் 07:54 மணிக்கு ஆகிவிட்டது.,நேரம் ஏழு மணி ஐம்பத்துநான்கு நிமிடம் ஆகிவிட்டது .,time
825.8,எண்ணூற்று இருபத்தைந்து புள்ளி எட்டு,decimal
மா. கண்ணன்,மாஸ்டர் கண்ணன்,whitelist
மொத்த மதிப்பெண் 199588372.,மொத்த மதிப்பெண் பத்தொன்பது கோடி தொண்ணூற்றைந்து இலட்சம் எண்பத்தெட்டு ஆயிரம் முந்நூற்று எழுபத்திரண்டு .,cardinal
புகார் எண் 03-232124 ஆகும்.,புகார் எண் பூஜ்யம் மூன்று இரண்டு மூன்று இரண்டு ஒன்று இரண்டு நான்கு ஆகும் .,telephone
௯௯௬௪.௨₹,ஒன்பதாயிரத்து தொள்ளாயிரத்து அறுபத்துநான்கு ரூபாய் இருபது பைசா,money
"அவர் ₹ ௮,௮௨,௩௦,௪௧௩ செலுத்தினார்.",அவர் எட்டு கோடி எண்பத்திரண்டு இலட்சம் முப்பது ஆயிரம் நானூற்றுப்பதிமூன்று ரூபாய் செலுத்தினார் .,money
05:41:00,ஐந்து மணி நாற்பத்தொன்று நிமிடம்,time
25-06-2077 அன்று மழை பெய்தது.,இருபத்தைந்து ஜூன் இரண்டாயிரத்து எழுபத்தேழு அன்று மழை பெய்தது .,date
784-1512 பற்றி பேசினோம்.,எழுநூற்று எண்பத்துநான்கு முதல் ஆயிரத்து ஐந்நூற்றுப்பன்னிரண்டு பற்றி பேசினோம் .,range
"80,83,21,482",எண்பது கோடி எண்பத்துமூன்று இலட்சம் இருபத்தொன்று ஆயிரம் நானூற்று எண்பத்திரண்டு,cardinal
745.7,எழுநூற்று நாற்பத்தைந்து புள்ளி ஏழு,decimal
16 சரியானது.,பதினாறு சரியானது .,cardinal
டாக். குமார் என்று எழுதப்பட்டுள்ளது.,டாக்டர் குமார் என்று எழுதப்பட்டுள்ளது .,whitelist
அவர் 15-01-2021 என்றார்.,அவர் பதினைந்து ஜனவரி இரண்டாயிரத்து இருபத்தொன்று என்றார் .,date
தினமும் 85.11cm ஓடுகிறேன்.,தினமும் எண்பத்தைந்து புள்ளி ஒன்று ஒன்று சென்டிமீட்டர் ஓடுகிறேன் .,measure
செய்தியில் 1913-02-08 என்று வந்தது.,செய்தியில் ஆயிரத்து தொள்ளாயிரத்து பதிமூன்று பிப்ரவரி எட்டு என்று வந்தது .,date
13:56,பதிமூன்று மணி ஐம்பத்தாறு நிமிடம்,time
7:27 கிளம்பி 10 MB நடந்தோம்.,ஏழு மணி இருபத்தேழு நிமிடம் கிளம்பி பத்து மெகாபைட் நடந்தோம் .,mixed
05-11-1924 சரியானது.,ஐந்து நவம்பர் ஆயிரத்து தொள்ளாயிரத்து இருபத்துநான்கு சரியானது .,date
கூட்டம் 04-08-1900 அன்று நடந்தது.,கூட்டம் நான்கு ஆகஸ்ட் ஆயிரத்து தொள்ளாயிரம் அன்று நடந்தது .,date
சராசரி 865.2 ஆகும்.,சராசரி எண்ணூற்று அறுபத்தைந்து புள்ளி இரண்டு ஆகும் .,decimal
நிலத்தில் 9 9/19 பங்கு விற்றார்.,நிலத்தில் ஒன்பது மற்றும் பத்தொன்பதில் ஒன்பது பங்கு விற்றார் .,fraction
மழை அளவு 26089.6 என பதிவானது.,மழை அளவு இருபத்தாறு ஆயிரம் எண்பத்தொன்பது புள்ளி ஆறு என பதிவானது .,decimal
வாடகை $0.82 ஆக உயர்ந்தது.,வாடகை எண்பத்திரண்டு சென்ட் ஆக உயர்ந்தது .,money
திருமணம் 2519-03-29 அன்று நடைபெறும்.,திருமணம் இரண்டாயிரத்து ஐந்நூற்றுப்பத்தொன்பது மார்ச் இருபத்தொன்பது அன்று நடைபெறும் .,date
வண்டி எண் 2053415 ஆகும்.,வண்டி எண் இருபது இலட்சம் ஐம்பத்துமூன்று ஆயிரம் நானூற்றுப்பதினைந்து ஆகும் .,cardinal
"கடிதத்தில் 486,837 இருந்தது.",கடிதத்தில் நான்கு இலட்சம் எண்பத்தாறு ஆயிரம் எண்ணூற்று முப்பத்தேழு இருந்தது .,cardinal
கூட்டம் 15-08-1992 அன்று 6:37:56 தொடங்கும்.,கூட்டம் பதினைந்து ஆகஸ்ட் ஆயிரத்து தொள்ளாயிரத்து தொண்ணூற்றிரண்டு அன்று ஆறு மணி முப்பத்தேழு நிமிடம் ஐம்பத்தாறு வினாடி தொடங்கும் .,mixed
கடிதத்தில் 63886.213 இருந்தது.,கடிதத்தில் அறுபத்துமூன்று ஆயிரம் எண்ணூற்று எண்பத்தாறு புள்ளி இரண்டு ஒன்று மூன்று இருந்தது .,decimal
9/90,தொண்ணூறில் ஒன்பது,fraction
மாத சம்பளம் ₹1669.80 தான்.,மாத சம்பளம் ஆயிரத்து அறுநூற்று அறுபத்தொன்பது ரூபாய் எண்பது பைசா தான் .,money
5:58 மணிக்கு,ஐந்து மணி ஐம்பத்தெட்டு நிமிடம்,time
03:40:00 சரியானது.,மூன்று மணி நாற்பது நிமிடம் சரியானது .,time
08-05-2082,எட்டு மே இரண்டாயிரத்து எண்பத்திரண்டு,date
18/2,இரண்டில் பதினெட்டு,fraction
24:01 வரை 71 பேர் காத்திருந்தனர்.,இருபத்துநான்கு மணி ஒன்று நிமிடம் வரை எழுபத்தொன்று பேர் காத்திருந்தனர் .,mixed
அவர் 30-01-1966 என்றார்.,அவர் முப்பது ஜனவரி ஆயிரத்து தொள்ளாயிரத்து அறுபத்தாறு என்றார் .,date
8487000331 சரியானது.,எட்டு நான்கு எட்டு ஏழு பூஜ்யம் பூஜ்யம் பூஜ்யம் மூன்று மூன்று ஒன்று சரியானது .,telephone
04:20:00,நான்கு மணி இருபது நிமிடம்,time
என் எண் 6874345043.,என் எண் ஆறு எட்டு ஏழு நான்கு மூன்று நான்கு ஐந்து பூஜ்யம் நான்கு மூன்று .,telephone
இப்போது மணி 24:00.,இப்போது மணி இருபத்துநான்கு மணி .,time
அவர் 1L என்றார்.,அவர் ஒரு லிட்டர் என்றார் .,measure
வேகம் -3842°C ஆக இருந்தது.,வேகம் மைனஸ் மூன்றாயிரத்து எண்ணூற்று நாற்பத்திரண்டு டிகிரி செல்சியஸ் ஆக இருந்தது .,measure
02-03-1983,இரண்டு மார்ச் ஆயிரத்து தொள்ளாயிரத்து எண்பத்துமூன்று,date
0647-43647963,பூஜ்யம் ஆறு நான்கு ஏழு நான்கு மூன்று ஆறு நான்கு ஏழு ஒன்பது ஆறு மூன்று,telephone
9266,ஒன்பதாயிரத்து இருநூற்று அறுபத்தாறு,cardinal
அவர் 0321-49217625 என்றார்.,அவர் பூஜ்யம் மூன்று இரண்டு ஒன்று நான்கு ஒன்பது இரண்டு ஒன்று ஏழு ஆறு இரண்டு ஐந்து என்றார் .,telephone
"இந்த சட்டை Rs8,36,58,336 ஆகும்.",இந்த சட்டை எட்டு கோடி முப்பத்தாறு இலட்சம் ஐம்பத்தெட்டு ஆயிரம் முந்நூற்று முப்பத்தாறு ரூபாய் ஆகும் .,money
21:28:20 மணிக்கு என்பதை நினைவில் கொள்ளுங்கள்.,இருபத்தொன்று மணி இருபத்தெட்டு நிமிடம் இருபது வினாடி என்பதை நினைவில் கொள்ளுங்கள் .,time
௦௮-௧௧-௨௦௧௫ முதல் விற்பனை தொடங்கும்.,எட்டு நவம்பர் இரண்டாயிரத்து பதினைந்து முதல் விற்பனை தொடங்கும் .,date
அவள் உயரம் 3939 கி.கி ஆகும்.,அவள் உயரம் மூன்றாயிரத்து தொள்ளாயிரத்து முப்பத்தொன்பது கிலோகிராம் ஆகும் .,measure
"35,67,90,173 பற்றி பேசினோம்.",முப்பத்தைந்து கோடி அறுபத்தேழு இலட்சம் தொண்ணூறு ஆயிரம் நூற்றெழுபத்து மூன்று பற்றி பேசினோம் .,cardinal
6011782279,ஆறு பூஜ்யம் ஒன்று ஒன்று ஏழு எட்டு இரண்டு இரண்டு ஏழு ஒன்பது,telephone
2வது,இரண்டாவது,ordinal
இன்றைய விலை 599.2 ஆக உயர்ந்தது.,இன்றைய விலை ஐந்நூற்றுத்தொண்ணூற்றொன்பது புள்ளி இரண்டு ஆக உயர்ந்தது .,decimal
"34,77,75,446",முப்பத்துநான்கு கோடி எழுபத்தேழு இலட்சம் எழுபத்தைந்து ஆயிரம் நானூற்று நாற்பத்தாறு,cardinal
௬ yr,ஆறு ஆண்டு,measure
09/07/1910 அன்று ₹ 24.29 செலுத்தினேன்.,ஒன்பது ஜூலை ஆயிரத்து தொள்ளாயிரத்து பத்து அன்று இருபத்துநான்கு ரூபாய் இருபத்தொன்பது பைசா செலுத்தினேன் .,mixed
செய்தியில் 47-92 என்று வந்தது.,செய்தியில் நாற்பத்தேழு முதல் தொண்ணூற்றிரண்டு என்று வந்தது .,range
செய்தியில் 5:13 என்று வந்தது.,செய்தியில் ஐந்து மணி பதிமூன்று நிமிடம் என்று வந்தது .,time
வண்டி எண் 6691016 ஆகும்.,வண்டி எண் அறுபத்தாறு இலட்சம் தொண்ணூற்றொன்று ஆயிரம் பதினாறு ஆகும் .,cardinal
Rs 6853 என்று எழுதப்பட்டுள்ளது.,ஆறாயிரத்து எண்ணூற்று ஐம்பத்துமூன்று ரூபாய் என்று எழுதப்பட்டுள்ளது .,money
எனக்கு 4232077 வயது.,எனக்கு நாற்பத்திரண்டு இலட்சம் முப்பத்திரண்டு ஆயிரம் எழுபத்தேழு வயது .,cardinal
கடிதத்தில் ௧௬:௫௩ மணிக்கு இருந்தது.,கடிதத்தில் பதினாறு மணி ஐம்பத்துமூன்று நிமிடம் இருந்தது .,time
8092.41MW,எட்டாயிரத்து தொண்ணூற்றிரண்டு புள்ளி நான்கு ஒன்று மெகாவாட்,measure
38/40,நாற்பதில் முப்பத்தெட்டு,fraction
19:59:23,பத்தொன்பது மணி ஐம்பத்தொன்பது நிமிடம் இருபத்துமூன்று வினாடி,time
"48,28,10,163",நாற்பத்தெட்டு கோடி இருபத்தெட்டு இலட்சம் பத்து ஆயிரம் நூற்றறுபத்து மூன்று,cardinal
அவர் Rs. 2756.6 செலுத்தினார்.,அவர் இரண்டாயிரத்து எழுநூற்று ஐம்பத்தாறு ரூபாய் அறுபது பைசா செலுத்தினார் .,money
13 1/3 பங்கு மாணவர்கள் தேர்ச்சி பெற்றனர்.,பதிமூன்று மற்றும் மூன்றில் ஒன்று பங்கு மாணவர்கள் தேர்ச்சி பெற்றனர் .,fraction
3636485,முப்பத்தாறு இலட்சம் முப்பத்தாறு ஆயிரம் நானூற்று எண்பத்தைந்து,cardinal
"94,33,06,743 பற்றி பேசினோம்.",தொண்ணூற்றுநான்கு கோடி முப்பத்துமூன்று இலட்சம் ஆறாயிரத்து எழுநூற்று நாற்பத்துமூன்று பற்றி பேசினோம் .,cardinal
58.89 ₹ என்று எழுதப்பட்டுள்ளது.,ஐம்பத்தெட்டு ரூபாய் எண்பத்தொன்பது பைசா என்று எழுதப்பட்டுள்ளது .,money
மொத்தத்தில் 12½ பங்கு.,மொத்தத்தில் பன்னிரண்டு மற்றும் இரண்டில் ஒன்று பங்கு .,fraction
3143 ரூ அபராதம் விதிக்கப்பட்டது.,மூன்றாயிரத்து நூற்று நாற்பத்துமூன்று ரூபாய் அபராதம் விதிக்கப்பட்டது .,money
214536555,இருபத்தொன்று கோடி நாற்பத்தைந்து இலட்சம் முப்பத்தாறு ஆயிரம் ஐந்நூற்று ஐம்பத்தைந்து,cardinal
22:01 மணிக்கு,இருபத்திரண்டு மணி ஒன்று நிமிடம்,time
கடிதத்தில் 23/03/1811 இருந்தது.,கடிதத்தில் இருபத்துமூன்று மார்ச் ஆயிரத்து எண்ணூற்றுப்பதினொன்று இருந்தது .,date
கூட்டம் ௨௫-௧௨-௨௦௨௨ அன்று நடந்தது.,கூட்டம் இருபத்தைந்து டிசம்பர் இரண்டாயிரத்து இருபத்திரண்டு அன்று நடந்தது .,date
433 சரியானது.,நானூற்று முப்பத்துமூன்று சரியானது .,cardinal
02-02-1936 பற்றி பேசினோம்.,இரண்டு பிப்ரவரி ஆயிரத்து தொள்ளாயிரத்து முப்பத்தாறு பற்றி பேசினோம் .,date
30இல்,முப்பதில்,cardinal
௯வது,ஒன்பதாவது,ordinal
௧௬ ௬/௧௨ என்று எழுதப்பட்டுள்ளது.,பதினாறு மற்றும் பன்னிரண்டில் ஆறு என்று எழுதப்பட்டுள்ளது .,fraction
தேர்வு 15/05/1925 தேதியில் தொடங்கும்.,தேர்வு பதினைந்து மே ஆயிரத்து தொள்ளாயிரத்து இருபத்தைந்து தேதியில் தொடங்கும் .,date
-638555264,மைனஸ் அறுபத்துமூன்று கோடி எண்பத்தைந்து இலட்சம் ஐம்பத்தைந்து ஆயிரம் இருநூற்று அறுபத்துநான்கு,cardinal
விமானம் ௧௯:௪௫ வந்தடையும்.,விமானம் பத்தொன்பது மணி நாற்பத்தைந்து நிமிடம் வந்தடையும் .,time
18-07-1949,பதினெட்டு ஜூலை ஆயிரத்து தொள்ளாயிரத்து நாற்பத்தொன்பது,date
"மாத சம்பளம் Rs 9,18,53,587 /- தான்.",மாத சம்பளம் ஒன்பது கோடி பதினெட்டு இலட்சம் ஐம்பத்துமூன்று ஆயிரம் ஐந்நூற்று எண்பத்தேழு ரூபாய் தான் .,money
என் எண் +971 6525628884.,என் எண் பிளஸ் ஒன்பது ஏழு ஒன்று ஆறு ஐந்து இரண்டு ஐந்து ஆறு இரண்டு எட்டு எட்டு எட்டு நான்கு .,telephone
87.1%,எண்பத்தேழு புள்ளி ஒன்று சதவீதம்,whitelist
செய்தியில் 93.18 MW என்று வந்தது.,செய்தியில் தொண்ணூற்றுமூன்று புள்ளி ஒன்று எட்டு மெகாவாட் என்று வந்தது .,measure
17/14 என்று எழுதப்பட்டுள்ளது.,பதினான்கில் பதினேழு என்று எழுதப்பட்டுள்ளது .,fraction
அவர் 15 1/4 என்றார்.,அவர் பதினைந்து மற்றும் நான்கில் ஒன்று என்றார் .,fraction
"எனக்கு 32,76,04,430 வயது.",எனக்கு முப்பத்திரண்டு கோடி எழுபத்தாறு இலட்சம் நான்காயிரத்து நானூற்று முப்பது வயது .,cardinal
இதில் 6:33:41 குறிப்பிடப்பட்டுள்ளது.,இதில் ஆறு மணி முப்பத்துமூன்று நிமிடம் நாற்பத்தொன்று வினாடி குறிப்பிடப்பட்டுள்ளது .,time
அளவு 64881.164 ஆக உள்ளது.,அளவு அறுபத்துநான்கு ஆயிரம் எண்ணூற்று எண்பத்தொன்று புள்ளி ஒன்று ஆறு நான்கு ஆக உள்ளது .,decimal
அவர் 6771 என்றார்.,அவர் ஆறாயிரத்து எழுநூற்று எழுபத்தொன்று என்றார் .,cardinal
பரிசுத் தொகை ₹74.24.,பரிசுத் தொகை எழுபத்துநான்கு ரூபாய் இருபத்துநான்கு பைசா .,money
அவர் 93ல் ஓட்டங்கள் எடுத்தார்.,அவர் தொண்ணூற்றுமூன்றில் ஓட்டங்கள் எடுத்தார் .,cardinal
௧/௧௨ என்று எழுதப்பட்டுள்ளது.,பன்னிரண்டில் ஒன்று என்று எழுதப்பட்டுள்ளது .,fraction
5/8 பங்கு அதாவது 41 l மட்டும் மீதம்.,எட்டில் ஐந்து பங்கு அதாவது நாற்பத்தொன்று லிட்டர் மட்டும் மீதம் .,mixed
02,பூஜ்யம் இரண்டு,cardinal
8487 ml,எட்டாயிரத்து நானூற்று எண்பத்தேழு மில்லிலிட்டர்,measure
0.604,பூஜ்யம் புள்ளி ஆறு பூஜ்யம் நான்கு,decimal
12/11/2053,பன்னிரண்டு நவம்பர் இரண்டாயிரத்து ஐம்பத்துமூன்று,date
165-208 என்று எழுதப்பட்டுள்ளது.,நூற்றறுபத்து ஐந்து முதல் இருநூற்று எட்டு என்று எழுதப்பட்டுள்ளது .,range
எனக்கு 4591 வயது.,எனக்கு நான்காயிரத்து ஐந்நூற்றுத்தொண்ணூற்றொன்று வயது .,cardinal
அந்த ஊரில் 52456 வீடுகள் உள்ளன.,அந்த ஊரில் ஐம்பத்திரண்டு ஆயிரம் நானூற்று ஐம்பத்தாறு வீடுகள் உள்ளன .,cardinal
கூட்டம் 22/03/1987 அன்று நடந்தது.,கூட்டம் இருபத்திரண்டு மார்ச் ஆயிரத்து தொள்ளாயிரத்து எண்பத்தேழு அன்று நடந்தது .,date
கூட்டம் 23:07:41 தொடங்கும்.,கூட்டம் இருபத்துமூன்று மணி ஏழு நிமிடம் நாற்பத்தொன்று வினாடி தொடங்கும் .,time
இதில் ௨.௨ குறிப்பிடப்பட்டுள்ளது.,இதில் இரண்டு புள்ளி இரண்டு குறிப்பிடப்பட்டுள்ளது .,decimal
புகார் எண் 09-51724778 ஆகும்.,புகார் எண் பூஜ்யம் ஒன்பது ஐந்து ஒன்று ஏழு இரண்டு நான்கு ஏழு ஏழு எட்டு ஆகும் .,telephone
கடிதத்தில் 9/17 இருந்தது.,கடிதத்தில் பதினேழில் ஒன்பது இருந்தது .,fraction
கடிதத்தில் 2024 இருந்தது.,கடிதத்தில் இரண்டாயிரத்து இருபத்துநான்கு இருந்தது .,cardinal
21-03-2052 முதல் விற்பனை தொடங்கும்.,இருபத்தொன்று மார்ச் இரண்டாயிரத்து ஐம்பத்திரண்டு முதல் விற்பனை தொடங்கும் .,date
வாடகை £1206 ஆக உயர்ந்தது.,வாடகை ஆயிரத்து இருநூற்று ஆறு பவுண்ட் ஆக உயர்ந்தது .,money
4/90,தொண்ணூறில் நான்கு,fraction
2.9 சரியானது.,இரண்டு புள்ளி ஒன்பது சரியானது .,decimal
கட்டணம் Rs 4918 என அறிவித்தனர்.,கட்டணம் நான்காயிரத்து தொள்ளாயிரத்து பதினெட்டு ரூபாய் என அறிவித்தனர் .,money
12:27,பன்னிரண்டு மணி இருபத்தேழு நிமிடம்,time
வெப்பநிலை 9103.40 லி. ஆக இருந்தது.,வெப்பநிலை ஒன்பதாயிரத்து நூற்று மூன்று புள்ளி நான்கு பூஜ்யம் லிட்டர் ஆக இருந்தது .,measure
௮.௪௫,எட்டு புள்ளி நான்கு ஐந்து,decimal
விமானம் 03:59:57 வந்தடையும்.,விமானம் மூன்று மணி ஐம்பத்தொன்பது நிமிடம் ஐம்பத்தேழு வினாடி வந்தடையும் .,time
௬௯௨௧ கிலோ அரிசி வாங்கினேன்.,ஆறாயிரத்து தொள்ளாயிரத்து இருபத்தொன்று கிலோ அரிசி வாங்கினேன் .,cardinal
எண் 532 சரியானது.,எண் ஐந்நூற்று முப்பத்திரண்டு சரியானது .,cardinal
562793276,ஐம்பத்தாறு கோடி இருபத்தேழு இலட்சம் தொண்ணூற்றுமூன்று ஆயிரம் இருநூற்று எழுபத்தாறு,cardinal
அவர் ₹935634416.7 என்றார்.,அவர் தொண்ணூற்றுமூன்று கோடி ஐம்பத்தாறு இலட்சம் முப்பத்துநான்கு ஆயிரம் நானூற்றுப்பதினாறு ரூபாய் எழுபது பைசா என்றார் .,money
இன்றைய விலை 26164.3 ஆக உயர்ந்தது.,இன்றைய விலை இருபத்தாறு ஆயிரம் நூற்றறுபத்து நான்கு புள்ளி மூன்று ஆக உயர்ந்தது .,decimal
கட்டணம் £ 6397 என அறிவித்தனர்.,கட்டணம் ஆறாயிரத்து முந்நூற்றுத்தொண்ணூற்றேழு பவுண்ட் என அறிவித்தனர் .,money
27/15,பதினைந்தில் இருபத்தேழு,fraction
"வாடகை ¥2,97,44,008.18 ஆக உயர்ந்தது.",வாடகை இரண்டு கோடி தொண்ணூற்றேழு இலட்சம் நாற்பத்துநான்கு ஆயிரம் எட்டு யென் பதினெட்டு சென் ஆக உயர்ந்தது .,money
14%,பதினான்கு சதவீதம்,whitelist
விலை Rs3927.65 மட்டும்.,விலை மூன்றாயிரத்து தொள்ளாயிரத்து இருபத்தேழு ரூபாய் அறுபத்தைந்து பைசா மட்டும் .,money
36.5%,முப்பத்தாறு புள்ளி ஐந்து சதவீதம்,whitelist
"6,40,67,506ரூ",ஆறு கோடி நாற்பது இலட்சம் அறுபத்தேழு ஆயிரம் ஐந்நூற்று ஆறு ரூபாய்,money
5975 என்று எழுதப்பட்டுள்ளது.,ஐந்தாயிரத்து தொள்ளாயிரத்து எழுபத்தைந்து என்று எழுதப்பட்டுள்ளது .,cardinal
அவர் 5939 என்றார்.,அவர் ஐந்தாயிரத்து தொள்ளாயிரத்து முப்பத்தொன்பது என்றார் .,cardinal
-759 நாட்கள் ஆயிற்று.,மைனஸ் எழுநூற்று ஐம்பத்தொன்பது நாட்கள் ஆயிற்று .,cardinal
அவர் ௭௨௨ ஓட்டங்கள் எடுத்தார்.,அவர் எழுநூற்று இருபத்திரண்டு ஓட்டங்கள் எடுத்தார் .,cardinal
7×1=7,ஏழு பெருக்கல் ஒன்று சமம் ஏழு,whitelist
55-93,ஐம்பத்தைந்து முதல் தொண்ணூற்றுமூன்று,range
மழை அளவு ௫௪௦௮௪.௧ என பதிவானது.,மழை அளவு ஐம்பத்துநான்கு ஆயிரம் எண்பத்துநான்கு புள்ளி ஒன்று என பதிவானது .,decimal
23-04-2025 அன்று 14.94ரூ. செலுத்தினேன்.,இருபத்துமூன்று ஏப்ரல் இரண்டாயிரத்து இருபத்தைந்து அன்று பதினான்கு ரூபாய் தொண்ணூற்றுநான்கு பைசா செலுத்தினேன் .,mixed
இதில் 708.94 குறிப்பிடப்பட்டுள்ளது.,இதில் எழுநூற்று எட்டு புள்ளி ஒன்பது நான்கு குறிப்பிடப்பட்டுள்ளது .,decimal
அவர் Rs 61 செலுத்தினார்.,அவர் அறுபத்தொன்று ரூபாய் செலுத்தினார் .,money
02-09-2034,இரண்டு செப்டம்பர் இரண்டாயிரத்து முப்பத்துநான்கு,date
9108ha,ஒன்பதாயிரத்து நூற்று எட்டு ஹெக்டேர்,measure
+91 9912916072,பிளஸ் ஒன்பது ஒன்று ஒன்பது ஒன்பது ஒன்று இரண்டு ஒன்பது ஒன்று ஆறு பூஜ்யம் ஏழு இரண்டு,telephone
02-13-2061,பிப்ரவரி பதிமூன்று இரண்டாயிரத்து அறுபத்தொன்று,date
இதில் 12/20 பங்கு எனக்கு.,இதில் இருபதில் பன்னிரண்டு பங்கு எனக்கு .,fraction
சராசரி ௮௩௦௧௮.௩௮ ஆகும்.,சராசரி எண்பத்துமூன்று ஆயிரம் பதினெட்டு புள்ளி மூன்று எட்டு ஆகும் .,decimal
53.8%,ஐம்பத்துமூன்று புள்ளி எட்டு சதவீதம்,whitelist
வளர்ச்சி விகிதம் 374.6 ஆக இருந்தது.,வளர்ச்சி விகிதம் முந்நூற்று எழுபத்துநான்கு புள்ளி ஆறு ஆக இருந்தது .,decimal
11:00,பதினொன்று மணி,time
1106-1948 பேர் வரலாம்.,ஆயிரத்து நூற்று ஆறு முதல் ஆயிரத்து தொள்ளாயிரத்து நாற்பத்தெட்டு பேர் வரலாம் .,range
கடிதத்தில் 8 ரூ இருந்தது.,கடிதத்தில் எட்டு ரூபாய் இருந்தது .,money
4வது பற்றி பேசினோம்.,நான்காவது பற்றி பேசினோம் .,ordinal
அளவு ௮.௬ இலட்சம் ஆக உள்ளது.,அளவு எட்டு புள்ளி ஆறு இலட்சம் ஆக உள்ளது .,decimal
"931-1757 பேருக்கு Rs.4,97,31,465/- செலவு ஆகும்.",தொள்ளாயிரத்து முப்பத்தொன்று முதல் ஆயிரத்து எழுநூற்று ஐம்பத்தேழு பேருக்கு நான்கு கோடி தொண்ணூற்றேழு இலட்சம் முப்பத்தொன்று ஆயிரம் நானூற்று அறுபத்தைந்து ரூபாய் செலவு ஆகும் .,mixed
10-10-2043,பத்து அக்டோபர் இரண்டாயிரத்து நாற்பத்துமூன்று,date
அலுவலகம் 09:05 திறக்கும்.,அலுவலகம் ஒன்பது மணி ஐந்து நிமிடம் திறக்கும் .,time
7826589,எழுபத்தெட்டு இலட்சம் இருபத்தாறு ஆயிரம் ஐந்நூற்று எண்பத்தொன்பது,cardinal
மாத சம்பளம் Rs.4949 தான்.,மாத சம்பளம் நான்காயிரத்து தொள்ளாயிரத்து நாற்பத்தொன்பது ரூபாய் தான் .,money
16-06-1907,பதினாறு ஜூன் ஆயிரத்து தொள்ளாயிரத்து ஏழு,date
மொத்தம் 59247 மாணவர்கள் உள்ளனர்.,மொத்தம் ஐம்பத்தொன்பது ஆயிரம் இருநூற்று நாற்பத்தேழு மாணவர்கள் உள்ளனர் .,cardinal
௬௧௭-௧௦௭௭,அறுநூற்றுப்பதினேழு முதல் ஆயிரத்து எழுபத்தேழு,range
அவர் £4 என்றார்.,அவர் நான்கு பவுண்ட் என்றார் .,money
"₹ 3,78,22,081.9",மூன்று கோடி எழுபத்தெட்டு இலட்சம் இருபத்திரண்டு ஆயிரம் எண்பத்தொன்று ரூபாய் தொண்ணூறு பைசா,money
7.6,ஏழு புள்ளி ஆறு,decimal
"ரூ௮,௨௪,௪௫,௪௮௫ சரியானது.",எட்டு கோடி இருபத்துநான்கு இலட்சம் நாற்பத்தைந்து ஆயிரம் நானூற்று எண்பத்தைந்து ரூபாய் சரியானது .,money
09-05-1420,ஒன்பது மே ஆயிரத்து நானூற்று இருபது,date
சராசரி ௮௦௯௩௮.௧௩ ஆகும்.,சராசரி எண்பது ஆயிரம் தொள்ளாயிரத்து முப்பத்தெட்டு புள்ளி ஒன்று மூன்று ஆகும் .,decimal
மொத்தத்தில் 43/14 பங்கு.,மொத்தத்தில் பதினான்கில் நாற்பத்துமூன்று பங்கு .,fraction
இதில் 05-10-1992 குறிப்பிடப்பட்டுள்ளது.,இதில் ஐந்து அக்டோபர் ஆயிரத்து தொள்ளாயிரத்து தொண்ணூற்றிரண்டு குறிப்பிடப்பட்டுள்ளது .,date
மழை அளவு 252.863 என பதிவானது.,மழை அளவு இருநூற்று ஐம்பத்திரண்டு புள்ளி எட்டு ஆறு மூன்று என பதிவானது .,decimal
$ 80.7,எண்பது டாலர் எழுபது சென்ட்,money
தமிழ் மொழி மிகவும் இனிமையானது.,தமிழ் மொழி மிகவும் இனிமையானது .,word
05/03/2028 முதல் விற்பனை தொடங்கும்.,ஐந்து மார்ச் இரண்டாயிரத்து இருபத்தெட்டு முதல் விற்பனை தொடங்கும் .,date
11வது பரிசு ரூ.7 ஆகும்.,பதினொன்றாவது பரிசு ஏழு ரூபாய் ஆகும் .,mixed
அவர் 0388-456943 என்றார்.,அவர் பூஜ்யம் மூன்று எட்டு எட்டு நான்கு ஐந்து ஆறு ஒன்பது நான்கு மூன்று என்றார் .,telephone
விண்ணப்பம் 16-06-2046 அன்று அனுப்பப்பட்டது.,விண்ணப்பம் பதினாறு ஜூன் இரண்டாயிரத்து நாற்பத்தாறு அன்று அனுப்பப்பட்டது .,date
௧௧௨௭ yr,ஆயிரத்து நூற்று இருபத்தேழு ஆண்டு,measure
செய்தியில் 64% என்று வந்தது.,செய்தியில் அறுபத்துநான்கு சதவீதம் என்று வந்தது .,whitelist
5312ஆம் கூட்டம் ௦௮-௧௨-௧௯௨௬ அன்று நடந்தது.,ஐந்தாயிரத்து முந்நூற்றுப்பன்னிரண்டாம் கூட்டம் எட்டு டிசம்பர் ஆயிரத்து தொள்ளாயிரத்து இருபத்தாறு அன்று நடந்தது .,mixed
9247092566,ஒன்பது இரண்டு நான்கு ஏழு பூஜ்யம் ஒன்பது இரண்டு ஐந்து ஆறு ஆறு,telephone
இந்த மூட்டை 8635.28 cm எடை உள்ளது.,இந்த மூட்டை எட்டாயிரத்து அறுநூற்று முப்பத்தைந்து புள்ளி இரண்டு எட்டு சென்டிமீட்டர் எடை உள்ளது .,measure
€93,தொண்ணூற்றுமூன்று யூரோ,money
கூட்டம் 05:53 தொடங்கும்.,கூட்டம் ஐந்து மணி ஐம்பத்துமூன்று நிமிடம் தொடங்கும் .,time
18:00 மணிக்கு,பதினெட்டு மணி,time
20/09/1925,இருபது செப்டம்பர் ஆயிரத்து தொள்ளாயிரத்து இருபத்தைந்து,date
6914.1 மி.லி.,ஆறாயிரத்து தொள்ளாயிரத்து பதினான்கு புள்ளி ஒன்று மில்லிலிட்டர்,measure
அவர் 1022 ஓட்டங்கள் எடுத்தார்.,அவர் ஆயிரத்து இருபத்திரண்டு ஓட்டங்கள் எடுத்தார் .,cardinal
பை மதிப்பு ௬௮௭௩௨.௯ ஆகும்.,பை மதிப்பு அறுபத்தெட்டு ஆயிரம் எழுநூற்று முப்பத்திரண்டு புள்ளி ஒன்பது ஆகும் .,decimal
இதில் ₹44.4 குறிப்பிடப்பட்டுள்ளது.,இதில் நாற்பத்துநான்கு ரூபாய் நாற்பது பைசா குறிப்பிடப்பட்டுள்ளது .,money
77₹,எழுபத்தேழு ரூபாய்,money
செய்தியில் ரூ 55 என்று வந்தது.,செய்தியில் ஐம்பத்தைந்து ரூபாய் என்று வந்தது .,money
7307138,எழுபத்துமூன்று இலட்சம் ஏழாயிரத்து நூற்று முப்பத்தெட்டு,cardinal
929-1648 பற்றி பேசினோம்.,தொள்ளாயிரத்து இருபத்தொன்பது முதல் ஆயிரத்து அறுநூற்று நாற்பத்தெட்டு பற்றி பேசினோம் .,range
24-05-1982,இருபத்துநான்கு மே ஆயிரத்து தொள்ளாயிரத்து எண்பத்திரண்டு,date
375.726,முந்நூற்று எழுபத்தைந்து புள்ளி ஏழு இரண்டு ஆறு,decimal
என் எண் 6961275361.,என் எண் ஆறு ஒன்பது ஆறு ஒன்று இரண்டு ஏழு ஐந்து மூன்று ஆறு ஒன்று .,telephone
-25,மைனஸ் இருபத்தைந்து,cardinal
28-12-1935 முதல் விற்பனை தொடங்கும்.,இருபத்தெட்டு டிசம்பர் ஆயிரத்து தொள்ளாயிரத்து முப்பத்தைந்து முதல் விற்பனை தொடங்கும் .,date
23-04-1902,இருபத்துமூன்று ஏப்ரல் ஆயிரத்து தொள்ளாயிரத்து இரண்டு,date
"607,012 பற்றி பேசினோம்.",ஆறு இலட்சம் ஏழாயிரத்து பன்னிரண்டு பற்றி பேசினோம் .,cardinal
6707350151,ஆறு ஏழு பூஜ்யம் ஏழு மூன்று ஐந்து பூஜ்யம் ஒன்று ஐந்து ஒன்று,telephone
மொத்த மதிப்பெண் 348.,மொத்த மதிப்பெண் முந்நூற்று நாற்பத்தெட்டு .,cardinal
பள்ளியில் 211 ஆசிரியர்கள் உள்ளனர்.,பள்ளியில் இருநூற்றுப்பதினொன்று ஆசிரியர்கள் உள்ளனர் .,cardinal
அவர் 029-848647 என்றார்.,அவர் பூஜ்யம் இரண்டு ஒன்பது எட்டு நான்கு எட்டு ஆறு நான்கு ஏழு என்றார் .,telephone
43836,நாற்பத்துமூன்று ஆயிரம் எண்ணூற்று முப்பத்தாறு,cardinal
மழை அளவு 49717.388 என பதிவானது.,மழை அளவு நாற்பத்தொன்பது ஆயிரம் எழுநூற்றுப்பதினேழு புள்ளி மூன்று எட்டு எட்டு என பதிவானது .,decimal
352-417 பேர் வரலாம்.,முந்நூற்று ஐம்பத்திரண்டு முதல் நானூற்றுப்பதினேழு பேர் வரலாம் .,range
௭௭௨௭.௯ரூ.,ஏழாயிரத்து எழுநூற்று இருபத்தேழு ரூபாய் தொண்ணூறு பைசா,money
11ஆம்,பதினொன்றாம்,ordinal
74 மீ. என்று எழுதப்பட்டுள்ளது.,எழுபத்துநான்கு மீட்டர் என்று எழுதப்பட்டுள்ளது .,measure
"5,68,95,848 சரியானது.",ஐந்து கோடி அறுபத்தெட்டு இலட்சம் தொண்ணூற்றைந்து ஆயிரம் எண்ணூற்று நாற்பத்தெட்டு சரியானது .,cardinal
இதில் 3/13 பங்கு எனக்கு.,இதில் பதிமூன்றில் மூன்று பங்கு எனக்கு .,fraction
வேகம் 25ha ஆக இருந்தது.,வேகம் இருபத்தைந்து ஹெக்டேர் ஆக இருந்தது .,measure
₹ 0.19,பத்தொன்பது பைசா,money
கூட்டம் 11-16-1969 அன்று நடந்தது.,கூட்டம் நவம்பர் பதினாறு ஆயிரத்து தொள்ளாயிரத்து அறுபத்தொன்பது அன்று நடந்தது .,date
வண்டி எண் 4848இல் ஆகும்.,வண்டி எண் நான்காயிரத்து எண்ணூற்று நாற்பத்தெட்டில் ஆகும் .,cardinal
நான் 94வது நபராக வந்தேன்.,நான் தொண்ணூற்றுநான்காவது நபராக வந்தேன் .,ordinal
8187808843,எட்டு ஒன்று எட்டு ஏழு எட்டு பூஜ்யம் எட்டு எட்டு நான்கு மூன்று,telephone
-0 என்பதை நினைவில் கொள்ளுங்கள்.,மைனஸ் பூஜ்யம் என்பதை நினைவில் கொள்ளுங்கள் .,cardinal
பதிவு தேதி 13-04-2038 ஆகும்.,பதிவு தேதி பதிமூன்று ஏப்ரல் இரண்டாயிரத்து முப்பத்தெட்டு ஆகும் .,date
"அந்த நிறுவனத்தில் ௩௦௭,௬௯௬ ஊழியர்கள் பணிபுரிகின்றனர்.",அந்த நிறுவனத்தில் மூன்று இலட்சம் ஏழாயிரத்து அறுநூற்றுத்தொண்ணூற்றாறு ஊழியர்கள் பணிபுரிகின்றனர் .,cardinal
அவர் 27-03-2027 என்றார்.,அவர் இருபத்தேழு மார்ச் இரண்டாயிரத்து இருபத்தேழு என்றார் .,date
செய்தியில் 4/6 என்று வந்தது.,செய்தியில் ஆறில் நான்கு என்று வந்தது .,fraction
நிகழ்ச்சி 18:10 ஒளிபரப்பாகும்.,நிகழ்ச்சி பதினெட்டு மணி பத்து நிமிடம் ஒளிபரப்பாகும் .,time
7/11 பங்கு அதாவது 1195 மீ. மட்டும் மீதம்.,பதினொன்றில் ஏழு பங்கு அதாவது ஆயிரத்து நூற்றுத்தொண்ணூற்றைந்து மீட்டர் மட்டும் மீதம் .,mixed
ரயில் 7:27 மணிக்கு புறப்படும்.,ரயில் ஏழு மணி இருபத்தேழு நிமிடம் புறப்படும் .,time
712153847 பற்றி பேசினோம்.,எழுபத்தொன்று கோடி இருபத்தொன்று இலட்சம் ஐம்பத்துமூன்று ஆயிரம் எண்ணூற்று நாற்பத்தேழு பற்றி பேசினோம் .,cardinal
கடிதத்தில் 6227521134 இருந்தது.,கடிதத்தில் ஆறு இரண்டு இரண்டு ஏழு ஐந்து இரண்டு ஒன்று ஒன்று மூன்று நான்கு இருந்தது .,telephone
கதவை மூடு.,கதவை மூடு .,word
நிலப்பரப்பு 6.82 mL ஆகும்.,நிலப்பரப்பு ஆறு புள்ளி எட்டு இரண்டு மில்லிலிட்டர் ஆகும் .,measure
6539000992,ஆறு ஐந்து மூன்று ஒன்பது பூஜ்யம் பூஜ்யம் பூஜ்யம் ஒன்பது ஒன்பது இரண்டு,telephone
தினமும் 6.45km/h ஓடுகிறேன்.,தினமும் ஆறு புள்ளி நான்கு ஐந்து கிலோமீட்டர் ஒரு மணி நேரத்திற்கு ஓடுகிறேன் .,measure
03-11-1999,மூன்று நவம்பர் ஆயிரத்து தொள்ளாயிரத்து தொண்ணூற்றொன்பது,date
5 mi,ஐந்து மைல்,measure
1863ஆம் என்பதை நினைவில் கொள்ளுங்கள்.,ஆயிரத்து எண்ணூற்று அறுபத்துமூன்றாம் என்பதை நினைவில் கொள்ளுங்கள் .,ordinal
வெப்பநிலை 14 மி.லி. ஆக இருந்தது.,வெப்பநிலை பதினான்கு மில்லிலிட்டர் ஆக இருந்தது .,measure
06/10/2063 சரியானது.,ஆறு அக்டோபர் இரண்டாயிரத்து அறுபத்துமூன்று சரியானது .,date
24:40:36 மணிக்கு,இருபத்துநான்கு மணி நாற்பது நிமிடம் முப்பத்தாறு வினாடி,time
அந்த ஊரில் 30 வீடுகள் உள்ளன.,அந்த ஊரில் முப்பது வீடுகள் உள்ளன .,cardinal
+919001667508,பிளஸ் ஒன்பது ஒன்று ஒன்பது பூஜ்யம் பூஜ்யம் ஒன்று ஆறு ஆறு ஏழு ஐந்து பூஜ்யம் எட்டு,telephone
03-08-1963 பற்றி பேசினோம்.,மூன்று ஆகஸ்ட் ஆயிரத்து தொள்ளாயிரத்து அறுபத்துமூன்று பற்றி பேசினோம் .,date
20-03-2075 அன்று 6525 பேர் வந்தனர்.,இருபது மார்ச் இரண்டாயிரத்து எழுபத்தைந்து அன்று ஆறாயிரத்து ஐந்நூற்று இருபத்தைந்து பேர் வந்தனர் .,mixed
வாடகை ₹1127.41 ஆக உயர்ந்தது.,வாடகை ஆயிரத்து நூற்று இருபத்தேழு ரூபாய் நாற்பத்தொன்று பைசா ஆக உயர்ந்தது .,money
17-08-1960 பற்றி பேசினோம்.,பதினேழு ஆகஸ்ட் ஆயிரத்து தொள்ளாயிரத்து அறுபது பற்றி பேசினோம் .,date
4422452 என்பதை நினைவில் கொள்ளுங்கள்.,நாற்பத்துநான்கு இலட்சம் இருபத்திரண்டு ஆயிரம் நானூற்று ஐம்பத்திரண்டு என்பதை நினைவில் கொள்ளுங்கள் .,cardinal
இதில் ₹235.82 குறிப்பிடப்பட்டுள்ளது.,இதில் இருநூற்று முப்பத்தைந்து ரூபாய் எண்பத்திரண்டு பைசா குறிப்பிடப்பட்டுள்ளது .,money
6 yr,ஆறு ஆண்டு,measure
14:55,பதினான்கு மணி ஐம்பத்தைந்து நிமிடம்,time
7:20:14,ஏழு மணி இருபது நிமிடம் பதினான்கு வினாடி,time
Rs 42,நாற்பத்திரண்டு ரூபாய்,money
செய்தியில் ₹40 என்று வந்தது.,செய்தியில் நாற்பது ரூபாய் என்று வந்தது .,money
கு. ரவி,குமாரி ரவி,whitelist
கூட்டம் 11-10-1937 அன்று நடந்தது.,கூட்டம் பதினொன்று அக்டோபர் ஆயிரத்து தொள்ளாயிரத்து முப்பத்தேழு அன்று நடந்தது .,date
+91 6880611066,பிளஸ் ஒன்பது ஒன்று ஆறு எட்டு எட்டு பூஜ்யம் ஆறு ஒன்று ஒன்று பூஜ்யம் ஆறு ஆறு,telephone
கூட்டத்தில் 438 பேர் வந்தனர்.,கூட்டத்தில் நானூற்று முப்பத்தெட்டு பேர் வந்தனர் .,cardinal
கடிதத்தில் 37/40 இருந்தது.,கடிதத்தில் நாற்பதில் முப்பத்தேழு இருந்தது .,fraction
25-12-1989,இருபத்தைந்து டிசம்பர் ஆயிரத்து தொள்ளாயிரத்து எண்பத்தொன்பது,date
மொத்த செலவு ₹4.,மொத்த செலவு நான்கு ரூபாய் .,money
"எனக்கு 341,193 வயது.",எனக்கு மூன்று இலட்சம் நாற்பத்தொன்று ஆயிரம் நூற்றுத்தொண்ணூற்றுமூன்று வயது .,cardinal
எண் 477894190 சரியானது.,எண் நாற்பத்தேழு கோடி எழுபத்தெட்டு இலட்சம் தொண்ணூற்றுநான்கு ஆயிரம் நூற்றுத்தொண்ணூறு சரியானது .,cardinal
௯௮,தொண்ணூற்றெட்டு,cardinal
84-152 பற்றி பேசினோம்.,எண்பத்துநான்கு முதல் நூற்றைம்பத்து இரண்டு பற்றி பேசினோம் .,range
9¼ என்பதை நினைவில் கொள்ளுங்கள்.,ஒன்பது மற்றும் நான்கில் ஒன்று என்பதை நினைவில் கொள்ளுங்கள் .,fraction
இதில் 74 °F குறிப்பிடப்பட்டுள்ளது.,இதில் எழுபத்துநான்கு டிகிரி பாரன்ஹீட் குறிப்பிடப்பட்டுள்ளது .,measure
56-84 பேர் வரலாம்.,ஐம்பத்தாறு முதல் எண்பத்துநான்கு பேர் வரலாம் .,range
செய்தியில் 3ஆம் என்று வந்தது.,செய்தியில் மூன்றாம் என்று வந்தது .,ordinal
மா. அருண் என்பது சரி.,மாஸ்டர் அருண் என்பது சரி .,whitelist
அவர் 7.2 என்றார்.,அவர் ஏழு புள்ளி இரண்டு என்றார் .,decimal
$ ௩௯.௪௬ என்று எழுதப்பட்டுள்ளது.,முப்பத்தொன்பது டாலர் நாற்பத்தாறு சென்ட் என்று எழுதப்பட்டுள்ளது .,money
இன்றைய விலை 973.7 ஆக உயர்ந்தது.,இன்றைய விலை தொள்ளாயிரத்து எழுபத்துமூன்று புள்ளி ஏழு ஆக உயர்ந்தது .,decimal
௮௦௩௩ஆம்,எட்டாயிரத்து முப்பத்துமூன்றாம்,ordinal
சராசரி 4.7 ஆகும்.,சராசரி நான்கு புள்ளி ஏழு ஆகும் .,decimal
சராசரி 561.36 ஆகும்.,சராசரி ஐந்நூற்று அறுபத்தொன்று புள்ளி மூன்று ஆறு ஆகும் .,decimal
17-05-2061 முதல் விற்பனை தொடங்கும்.,பதினேழு மே இரண்டாயிரத்து அறுபத்தொன்று முதல் விற்பனை தொடங்கும் .,date
கட்டணம் ரூ55.58 என அறிவித்தனர்.,கட்டணம் ஐம்பத்தைந்து ரூபாய் ஐம்பத்தெட்டு பைசா என அறிவித்தனர் .,money
மொத்தம் 55731 மாணவர்கள் உள்ளனர்.,மொத்தம் ஐம்பத்தைந்து ஆயிரம் எழுநூற்று முப்பத்தொன்று மாணவர்கள் உள்ளனர் .,cardinal
இதில் 28-11-1978 குறிப்பிடப்பட்டுள்ளது.,இதில் இருபத்தெட்டு நவம்பர் ஆயிரத்து தொள்ளாயிரத்து எழுபத்தெட்டு குறிப்பிடப்பட்டுள்ளது .,date
1309,ஆயிரத்து முந்நூற்று ஒன்பது,cardinal
௫௯-௮௦,ஐம்பத்தொன்பது முதல் எண்பது,range
8ஆவது,எட்டாவது,ordinal
Rs.124.91 சரியானது.,நூற்று இருபத்துநான்கு ரூபாய் தொண்ணூற்றொன்று பைசா சரியானது .,money
இன்றைய விலை 57734.12 ஆக உயர்ந்தது.,இன்றைய விலை ஐம்பத்தேழு ஆயிரம் எழுநூற்று முப்பத்துநான்கு புள்ளி ஒன்று இரண்டு ஆக உயர்ந்தது .,decimal
அந்த ஊரில் 65இல் வீடுகள் உள்ளன.,அந்த ஊரில் அறுபத்தைந்தில் வீடுகள் உள்ளன .,cardinal
இதில் 202-226 குறிப்பிடப்பட்டுள்ளது.,இதில் இருநூற்று இரண்டு முதல் இருநூற்று இருபத்தாறு குறிப்பிடப்பட்டுள்ளது .,range
3/80 சரியானது.,எண்பதில் மூன்று சரியானது .,fraction
4.896,நான்கு புள்ளி எட்டு ஒன்பது ஆறு,decimal
8563148591 பற்றி பேசினோம்.,எட்டு ஐந்து ஆறு மூன்று ஒன்று நான்கு எட்டு ஐந்து ஒன்பது ஒன்று பற்றி பேசினோம் .,telephone
2997201 கிலோ அரிசி வாங்கினேன்.,இருபத்தொன்பது இலட்சம் தொண்ணூற்றேழு ஆயிரம் இருநூற்று ஒன்று கிலோ அரிசி வாங்கினேன் .,cardinal
கடைசி தேதி 16-11-1919.,கடைசி தேதி பதினாறு நவம்பர் ஆயிரத்து தொள்ளாயிரத்து பத்தொன்பது .,date
அலுவலகம் 10:30 மணிக்கு திறக்கும்.,அலுவலகம் பத்து மணி முப்பது நிமிடம் திறக்கும் .,time
04:42,நான்கு மணி நாற்பத்திரண்டு நிமிடம்,time
நிலத்தில் 2/4 பங்கு விற்றார்.,நிலத்தில் நான்கில் இரண்டு பங்கு விற்றார் .,fraction
07 நாட்கள் ஆயிற்று.,பூஜ்யம் ஏழு நாட்கள் ஆயிற்று .,cardinal
02-04-2063 அன்று விடுமுறை.,இரண்டு ஏப்ரல் இரண்டாயிரத்து அறுபத்துமூன்று அன்று விடுமுறை .,date
1ஆவது பரிசு ₹8 ஆகும்.,முதலாவது பரிசு எட்டு ரூபாய் ஆகும் .,mixed
932.84 சரியானது.,தொள்ளாயிரத்து முப்பத்திரண்டு புள்ளி எட்டு நான்கு சரியானது .,decimal
கடைசி தேதி 28-12-1042.,கடைசி தேதி இருபத்தெட்டு டிசம்பர் ஆயிரத்து நாற்பத்திரண்டு .,date
இதில் 7:57 குறிப்பிடப்பட்டுள்ளது.,இதில் ஏழு மணி ஐம்பத்தேழு நிமிடம் குறிப்பிடப்பட்டுள்ளது .,time
அவன் ௫௦/௯௦ பங்கு சாப்பிட்டான்.,அவன் தொண்ணூறில் ஐம்பது பங்கு சாப்பிட்டான் .,fraction
5/7 பங்கு அதாவது 1.53 m மட்டும் மீதம்.,ஏழில் ஐந்து பங்கு அதாவது ஒன்று புள்ளி ஐந்து மூன்று மீட்டர் மட்டும் மீதம் .,mixed
௧௬ g சரியானது.,பதினாறு கிராம் சரியானது .,measure
18 km/h சரியானது.,பதினெட்டு கிலோமீட்டர் ஒரு மணி நேரத்திற்கு சரியானது .,measure
$480 சரியானது.,நானூற்று எண்பது டாலர் சரியானது .,money
இதில் 4.7 குறிப்பிடப்பட்டுள்ளது.,இதில் நான்கு புள்ளி ஏழு குறிப்பிடப்பட்டுள்ளது .,decimal
34.89 ha என்று எழுதப்பட்டுள்ளது.,முப்பத்துநான்கு புள்ளி எட்டு ஒன்பது ஹெக்டேர் என்று எழுதப்பட்டுள்ளது .,measure
7209758961,ஏழு இரண்டு பூஜ்யம் ஒன்பது ஏழு ஐந்து எட்டு ஒன்பது ஆறு ஒன்று,telephone
86928 நாட்கள் ஆயிற்று.,எண்பத்தாறு ஆயிரம் தொள்ளாயிரத்து இருபத்தெட்டு நாட்கள் ஆயிற்று .,cardinal
தேர்வு 04-06-1903 தேதியில் தொடங்கும்.,தேர்வு நான்கு ஜூன் ஆயிரத்து தொள்ளாயிரத்து மூன்று தேதியில் தொடங்கும் .,date
203.176,இருநூற்று மூன்று புள்ளி ஒன்று ஏழு ஆறு,decimal
விலை ¥63 ஆனது 44881.1 சதவீதம் உயர்வு.,விலை அறுபத்துமூன்று யென் ஆனது நாற்பத்துநான்கு ஆயிரம் எண்ணூற்று எண்பத்தொன்று புள்ளி ஒன்று சதவீதம் உயர்வு .,mixed
செய்தியில் $ 48212227 என்று வந்தது.,செய்தியில் நான்கு கோடி எண்பத்திரண்டு இலட்சம் பன்னிரண்டு ஆயிரம் இருநூற்று இருபத்தேழு டாலர் என்று வந்தது .,money
இப்போது மணி 06:56.,இப்போது மணி ஆறு மணி ஐம்பத்தாறு நிமிடம் .,time
சராசரி -6.244 என்பது 52071 மாணவர்களின் கணக்கு.,சராசரி மைனஸ் ஆறு புள்ளி இரண்டு நான்கு நான்கு என்பது ஐம்பத்திரண்டு ஆயிரம் எழுபத்தொன்று மாணவர்களின் கணக்கு .,mixed
மா. பிரியா என்று எழுதப்பட்டுள்ளது.,மாஸ்டர் பிரியா என்று எழுதப்பட்டுள்ளது .,whitelist
430,நானூற்று முப்பது,cardinal
03-05496916,பூஜ்யம் மூன்று பூஜ்யம் ஐந்து நான்கு ஒன்பது ஆறு ஒன்பது ஒன்று ஆறு,telephone
44.83 செ.மீ. பால் வாங்கினேன்.,நாற்பத்துநான்கு புள்ளி எட்டு மூன்று சென்டிமீட்டர் பால் வாங்கினேன் .,measure
18-09-2010,பதினெட்டு செப்டம்பர் இரண்டாயிரத்து பத்து,date
6954489994 சரியானது.,ஆறு ஒன்பது ஐந்து நான்கு நான்கு எட்டு ஒன்பது ஒன்பது ஒன்பது நான்கு சரியானது .,telephone
இது 8வது முறை.,இது எட்டாவது முறை .,ordinal
கூட்டத்தில் ௪௮௮ பேர் வந்தனர்.,கூட்டத்தில் நானூற்று எண்பத்தெட்டு பேர் வந்தனர் .,cardinal
7422ல்,ஏழாயிரத்து நானூற்று இருபத்திரண்டில்,cardinal
11:47 சாப்பிட வா.,பதினொன்று மணி நாற்பத்தேழு நிமிடம் சாப்பிட வா .,time
"அவன் 58,73,56,413 முறை முயன்றான்.",அவன் ஐம்பத்தெட்டு கோடி எழுபத்துமூன்று இலட்சம் ஐம்பத்தாறு ஆயிரம் நானூற்றுப்பதிமூன்று முறை முயன்றான் .,cardinal
7385358294,ஏழு மூன்று எட்டு ஐந்து மூன்று ஐந்து எட்டு இரண்டு ஒன்பது நான்கு,telephone
02/09/1939 அன்று ¥ 1232 செலுத்தினேன்.,இரண்டு செப்டம்பர் ஆயிரத்து தொள்ளாயிரத்து முப்பத்தொன்பது அன்று ஆயிரத்து இருநூற்று முப்பத்திரண்டு யென் செலுத்தினேன் .,mixed
நான் 411வது நபராக வந்தேன்.,நான் நானூற்றுப்பதினொன்றாவது நபராக வந்தேன் .,ordinal
75-89 பக்கங்கள் படிக்கவும்.,எழுபத்தைந்து முதல் எண்பத்தொன்பது பக்கங்கள் படிக்கவும் .,range
இதில் 71-103 குறிப்பிடப்பட்டுள்ளது.,இதில் எழுபத்தொன்று முதல் நூற்று மூன்று குறிப்பிடப்பட்டுள்ளது .,range
அவர் 1000இல் என்றார்.,அவர் ஆயிரத்தில் என்றார் .,cardinal
அளவு 259.989 ஆக உள்ளது.,அளவு இருநூற்று ஐம்பத்தொன்பது புள்ளி ஒன்பது எட்டு ஒன்பது ஆக உள்ளது .,decimal
7855,ஏழாயிரத்து எண்ணூற்று ஐம்பத்தைந்து,cardinal
9858348,தொண்ணூற்றெட்டு இலட்சம் ஐம்பத்தெட்டு ஆயிரம் முந்நூற்று நாற்பத்தெட்டு,cardinal
172-183 பேருக்கு ₹12 செலவு ஆகும்.,நூற்றெழுபத்து இரண்டு முதல் நூற்றெண்பத்து மூன்று பேருக்கு பன்னிரண்டு ரூபாய் செலவு ஆகும் .,mixed
30-08-1215,முப்பது ஆகஸ்ட் ஆயிரத்து இருநூற்றுப்பதினைந்து,date
இதில் Rs. 8 /- குறிப்பிடப்பட்டுள்ளது.,இதில் எட்டு ரூபாய் குறிப்பிடப்பட்டுள்ளது .,money
23:21,இருபத்துமூன்று மணி இருபத்தொன்று நிமிடம்,time
இதில் 165508500988 குறிப்பிடப்பட்டுள்ளது.,இதில் ஒன்று ஆறு ஐந்து ஐந்து பூஜ்யம் எட்டு ஐந்து பூஜ்யம் பூஜ்யம் ஒன்பது எட்டு எட்டு குறிப்பிடப்பட்டுள்ளது .,cardinal
இந்த நூலில் 228 பக்கங்கள் உள்ளன.,இந்த நூலில் இருநூற்று இருபத்தெட்டு பக்கங்கள் உள்ளன .,cardinal
விலை 20-28 வரை இருக்கும்.,விலை இருபது முதல் இருபத்தெட்டு வரை இருக்கும் .,range
கடிதத்தில் Rs.1736 இருந்தது.,கடிதத்தில் ஆயிரத்து எழுநூற்று முப்பத்தாறு ரூபாய் இருந்தது .,money
"$ 9,18,93,482 பற்றி பேசினோம்.",ஒன்பது கோடி பதினெட்டு இலட்சம் தொண்ணூற்றுமூன்று ஆயிரம் நானூற்று எண்பத்திரண்டு டாலர் பற்றி பேசினோம் .,money
மொத்த மதிப்பெண் 281.,மொத்த மதிப்பெண் இருநூற்று எண்பத்தொன்று .,cardinal
16 21/40,பதினாறு மற்றும் நாற்பதில் இருபத்தொன்று,fraction
அலுவலக எண் 9320363360.,அலுவலக எண் ஒன்பது மூன்று இரண்டு பூஜ்யம் மூன்று ஆறு மூன்று மூன்று ஆறு பூஜ்யம் .,telephone
இதில் 18-08-2042 குறிப்பிடப்பட்டுள்ளது.,இதில் பதினெட்டு ஆகஸ்ட் இரண்டாயிரத்து நாற்பத்திரண்டு குறிப்பிடப்பட்டுள்ளது .,date
9729029199,ஒன்பது ஏழு இரண்டு ஒன்பது பூஜ்யம் இரண்டு ஒன்பது ஒன்று ஒன்பது ஒன்பது,telephone
05-07-2006 பற்றி பேசினோம்.,ஐந்து ஜூலை இரண்டாயிரத்து ஆறு பற்றி பேசினோம் .,date
396ஆவது,முந்நூற்றுத்தொண்ணூற்றாறாவது,ordinal
எண் 558139259050 சரியானது.,எண் ஐந்து ஐந்து எட்டு ஒன்று மூன்று ஒன்பது இரண்டு ஐந்து ஒன்பது பூஜ்யம் ஐந்து பூஜ்யம் சரியானது .,cardinal
+91 6024727409,பிளஸ் ஒன்பது ஒன்று ஆறு பூஜ்யம் இரண்டு நான்கு ஏழு இரண்டு ஏழு நான்கு பூஜ்யம் ஒன்பது,telephone
9085544,தொண்ணூறு இலட்சம் எண்பத்தைந்து ஆயிரம் ஐந்நூற்று நாற்பத்துநான்கு,cardinal
"செய்தியில் 957,742 என்று வந்தது.",செய்தியில் ஒன்பது இலட்சம் ஐம்பத்தேழு ஆயிரம் எழுநூற்று நாற்பத்திரண்டு என்று வந்தது .,cardinal
₹1460,ஆயிரத்து நானூற்று அறுபது ரூபாய்,money
௧௮:௧௯:௫௦ மணிக்கு என்பதை நினைவில் கொள்ளுங்கள்.,பதினெட்டு மணி பத்தொன்பது நிமிடம் ஐம்பது வினாடி என்பதை நினைவில் கொள்ளுங்கள் .,time
7703 mg,ஏழாயிரத்து எழுநூற்று மூன்று மில்லிகிராம்,measure
£30,முப்பது பவுண்ட்,money
06-10-2446,ஆறு அக்டோபர் இரண்டாயிரத்து நானூற்று நாற்பத்தாறு,date
98 cm,தொண்ணூற்றெட்டு சென்டிமீட்டர்,measure
29-34,இருபத்தொன்பது முதல் முப்பத்துநான்கு,range
"486,752",நான்கு இலட்சம் எண்பத்தாறு ஆயிரம் எழுநூற்று ஐம்பத்திரண்டு,cardinal
19:57,பத்தொன்பது மணி ஐம்பத்தேழு நிமிடம்,time
58.90 கி.மீ,ஐம்பத்தெட்டு புள்ளி ஒன்பது பூஜ்யம் கிலோமீட்டர்,measure
எண் 2184 சரியானது.,எண் இரண்டாயிரத்து நூற்றெண்பத்து நான்கு சரியானது .,cardinal
செய்தியில் 6300666556 என்று வந்தது.,செய்தியில் ஆறு மூன்று பூஜ்யம் பூஜ்யம் ஆறு ஆறு ஆறு ஐந்து ஐந்து ஆறு என்று வந்தது .,telephone
இதில் 8ft குறிப்பிடப்பட்டுள்ளது.,இதில் எட்டு அடி குறிப்பிடப்பட்டுள்ளது .,measure
2.012,இரண்டு புள்ளி பூஜ்யம் ஒன்று இரண்டு,decimal
8.25 செ.மீ.,எட்டு புள்ளி இரண்டு ஐந்து சென்டிமீட்டர்,measure
08-12-1926,எட்டு டிசம்பர் ஆயிரத்து தொள்ளாயிரத்து இருபத்தாறு,date
"£௪,௮௩,௩௫,௪௬௧ சரியானது.",நான்கு கோடி எண்பத்துமூன்று இலட்சம் முப்பத்தைந்து ஆயிரம் நானூற்று அறுபத்தொன்று பவுண்ட் சரியானது .,money
அவர் 11-14-1994 அன்று பிறந்தார்.,அவர் நவம்பர் பதினான்கு ஆயிரத்து தொள்ளாயிரத்து தொண்ணூற்றுநான்கு அன்று பிறந்தார் .,date
வண்டி எண் 6001 ஆகும்.,வண்டி எண் ஆறாயிரத்து ஒன்று ஆகும் .,cardinal
40699.37 கோடி,நாற்பது ஆயிரம் அறுநூற்றுத்தொண்ணூற்றொன்பது புள்ளி மூன்று ஏழு கோடி,decimal
5211இல்,ஐந்தாயிரத்து இருநூற்றுப்பதினொன்றில்,cardinal
5222ஆம் மாடியில் அலுவலகம் உள்ளது.,ஐந்தாயிரத்து இருநூற்று இருபத்திரண்டாம் மாடியில் அலுவலகம் உள்ளது .,ordinal
6038307274,ஆறு பூஜ்யம் மூன்று எட்டு மூன்று பூஜ்யம் ஏழு இரண்டு ஏழு நான்கு,telephone
௮௦௩௧இல்,எட்டாயிரத்து முப்பத்தொன்றில்,cardinal
536 என்பதை நினைவில் கொள்ளுங்கள்.,ஐந்நூற்று முப்பத்தாறு என்பதை நினைவில் கொள்ளுங்கள் .,cardinal
கூட்டம் ௩௧-௦௧-௧௯௬௨ அன்று நடந்தது.,கூட்டம் முப்பத்தொன்று ஜனவரி ஆயிரத்து தொள்ளாயிரத்து அறுபத்திரண்டு அன்று நடந்தது .,date
1/2,இரண்டில் ஒன்று,fraction
எண் 0069258540147 சரியானது.,எண் பூஜ்யம் பூஜ்யம் ஆறு ஒன்பது இரண்டு ஐந்து எட்டு ஐந்து நான்கு பூஜ்யம் ஒன்று நான்கு ஏழு சரியானது .,cardinal
அவள் 4 புத்தகங்கள் வாங்கினாள்.,அவள் நான்கு புத்தகங்கள் வாங்கினாள் .,cardinal
4436,நான்காயிரத்து நானூற்று முப்பத்தாறு,cardinal
"பள்ளியில் 992,997 ஆசிரியர்கள் உள்ளனர்.",பள்ளியில் ஒன்பது இலட்சம் தொண்ணூற்றிரண்டு ஆயிரம் தொள்ளாயிரத்து தொண்ணூற்றேழு ஆசிரியர்கள் உள்ளனர் .,cardinal
இதில் 26/04/1978 குறிப்பிடப்பட்டுள்ளது.,இதில் இருபத்தாறு ஏப்ரல் ஆயிரத்து தொள்ளாயிரத்து எழுபத்தெட்டு குறிப்பிடப்பட்டுள்ளது .,date
25%,இருபத்தைந்து சதவீதம்,whitelist
கூட்டம் 21-06-1988 அன்று நடந்தது.,கூட்டம் இருபத்தொன்று ஜூன் ஆயிரத்து தொள்ளாயிரத்து எண்பத்தெட்டு அன்று நடந்தது .,date
மொத்த மதிப்பெண் 61.,மொத்த மதிப்பெண் அறுபத்தொன்று .,cardinal
3262 மாணவர்கள் 22:44:12 வந்தனர்.,மூன்றாயிரத்து இருநூற்று அறுபத்திரண்டு மாணவர்கள் இருபத்திரண்டு மணி நாற்பத்துநான்கு நிமிடம் பன்னிரண்டு வினாடி வந்தனர் .,mixed
20 38/80,இருபது மற்றும் எண்பதில் முப்பத்தெட்டு,fraction
80இல்,எண்பதில்,cardinal
வகுப்பு 11:57 முடியும்.,வகுப்பு பதினொன்று மணி ஐம்பத்தேழு நிமிடம் முடியும் .,time
மாத சம்பளம் ரூ.641.82 தான்.,மாத சம்பளம் அறுநூற்று நாற்பத்தொன்று ரூபாய் எண்பத்திரண்டு பைசா தான் .,money
வண்டி எண் 181 ஆகும்.,வண்டி எண் நூற்றெண்பத்து ஒன்று ஆகும் .,cardinal
25வது,இருபத்தைந்தாவது,ordinal
Rs29,இருபத்தொன்பது ரூபாய்,money
3915195,முப்பத்தொன்பது இலட்சம் பதினைந்து ஆயிரம் நூற்றுத்தொண்ணூற்றைந்து,cardinal
15035.909,பதினைந்து ஆயிரம் முப்பத்தைந்து புள்ளி ஒன்பது பூஜ்யம் ஒன்பது,decimal
14:01,பதினான்கு மணி ஒன்று நிமிடம்,time
26-11-1908,இருபத்தாறு நவம்பர் ஆயிரத்து தொள்ளாயிரத்து எட்டு,date
26367.2,இருபத்தாறு ஆயிரம் முந்நூற்று அறுபத்தேழு புள்ளி இரண்டு,decimal
௧௮:௨௭,பதினெட்டு மணி இருபத்தேழு நிமிடம்,time
மொத்த மதிப்பெண் 11767.,மொத்த மதிப்பெண் பதினொன்று ஆயிரம் எழுநூற்று அறுபத்தேழு .,cardinal
நான் 7:05 எழுந்தேன்.,நான் ஏழு மணி ஐந்து நிமிடம் எழுந்தேன் .,time
அவன் 501029814 முறை முயன்றான்.,அவன் ஐம்பது கோடி பத்து இலட்சம் இருபத்தொன்பது ஆயிரம் எண்ணூற்றுப்பதினான்கு முறை முயன்றான் .,cardinal
பாத்திரத்தில் 4/100 பங்கு நீர் உள்ளது.,பாத்திரத்தில் நூறில் நான்கு பங்கு நீர் உள்ளது .,fraction
"கடிதத்தில் ரூ.5,66,32,488 இருந்தது.",கடிதத்தில் ஐந்து கோடி அறுபத்தாறு இலட்சம் முப்பத்திரண்டு ஆயிரம் நானூற்று எண்பத்தெட்டு ரூபாய் இருந்தது .,money
26-01-1974 சரியானது.,இருபத்தாறு ஜனவரி ஆயிரத்து தொள்ளாயிரத்து எழுபத்துநான்கு சரியானது .,date
37665.01,முப்பத்தேழு ஆயிரம் அறுநூற்று அறுபத்தைந்து புள்ளி பூஜ்யம் ஒன்று,decimal
நிலப்பரப்பு 8770 km/h ஆகும்.,நிலப்பரப்பு எட்டாயிரத்து எழுநூற்று எழுபது கிலோமீட்டர் ஒரு மணி நேரத்திற்கு ஆகும் .~நிலப்பரப்பு எட்டாயிரத்து எழுநூற்றெழுபது கிலோமீட்டர் ஒரு மணி நேரத்திற்கு ஆகும் .,measure
67392,அறுபத்தேழு ஆயிரம் முந்நூற்றுத்தொண்ணூற்றிரண்டு,cardinal
ரூ 3103.57 கடன் வாங்கினேன்.,மூன்றாயிரத்து நூற்று மூன்று ரூபாய் ஐம்பத்தேழு பைசா கடன் வாங்கினேன் .,money
௩௫௫௭௪ பேருக்கு ரூ.51782 கொடுத்தேன்.,முப்பத்தைந்து ஆயிரம் ஐந்நூற்று எழுபத்துநான்கு பேருக்கு ஐம்பத்தொன்று ஆயிரம் எழுநூற்று எண்பத்திரண்டு ரூபாய் கொடுத்தேன் .,mixed
அளவு 7.297 ஆக உள்ளது.,அளவு ஏழு புள்ளி இரண்டு ஒன்பது ஏழு ஆக உள்ளது .,decimal
அவர் 3% என்றார்.,அவர் மூன்று சதவீதம் என்றார் .,whitelist
எண் ௬௧இல் சரியானது.,எண் அறுபத்தொன்றில் சரியானது .,cardinal
வேகம் 2.85L ஆக இருந்தது.,வேகம் இரண்டு புள்ளி எட்டு ஐந்து லிட்டர் ஆக இருந்தது .,measure
டாக். பிரியா,டாக்டர் பிரியா,whitelist
1/2 பங்கு வேலை முடிந்தது.,இரண்டில் ஒன்று பங்கு வேலை முடிந்தது .,fraction
76237.66,எழுபத்தாறு ஆயிரம் இருநூற்று முப்பத்தேழு புள்ளி ஆறு ஆறு,decimal
வெப்பநிலை 1 கி.கி ஆக இருந்தது.,வெப்பநிலை ஒரு கிலோகிராம் ஆக இருந்தது .,measure
இன்றைய செய்திகள் இதோ.,இன்றைய செய்திகள் இதோ .,word
57878 என்பதை நினைவில் கொள்ளுங்கள்.,ஐம்பத்தேழு ஆயிரம் எண்ணூற்று எழுபத்தெட்டு என்பதை நினைவில் கொள்ளுங்கள் .,cardinal
"₹3,20,74,926.28",மூன்று கோடி இருபது இலட்சம் எழுபத்துநான்கு ஆயிரம் தொள்ளாயிரத்து இருபத்தாறு ரூபாய் இருபத்தெட்டு பைசா,money
அந்த ஊரில் 451448658 வீடுகள் உள்ளன.,அந்த ஊரில் நாற்பத்தைந்து கோடி பதினான்கு இலட்சம் நாற்பத்தெட்டு ஆயிரம் அறுநூற்று ஐம்பத்தெட்டு வீடுகள் உள்ளன .,cardinal
நிகழ்ச்சி ௨௪:௨௩ ஒளிபரப்பாகும்.,நிகழ்ச்சி இருபத்துநான்கு மணி இருபத்துமூன்று நிமிடம் ஒளிபரப்பாகும் .,time
அவள் 8ஆம் வகுப்பு படிக்கிறாள்.,அவள் எட்டாம் வகுப்பு படிக்கிறாள் .,ordinal
11:02,பதினொன்று மணி இரண்டு நிமிடம்,time
8450 மீ. என்று எழுதப்பட்டுள்ளது.,எட்டாயிரத்து நானூற்று ஐம்பது மீட்டர் என்று எழுதப்பட்டுள்ளது .,measure
நான் உங்களுக்கு உதவுவேன்.,நான் உங்களுக்கு உதவுவேன் .,word
எனக்கு 9099இல் வயது.,எனக்கு ஒன்பதாயிரத்து தொண்ணூற்றொன்பதில் வயது .,cardinal
பேருந்து 12:44 மணிக்கு கிளம்பும்.,பேருந்து பன்னிரண்டு மணி நாற்பத்துநான்கு நிமிடம் கிளம்பும் .,time
மொத்தம் 29424 மாணவர்கள் உள்ளனர்.,மொத்தம் இருபத்தொன்பது ஆயிரம் நானூற்று இருபத்துநான்கு மாணவர்கள் உள்ளனர் .,cardinal
+91 8629741216 என்று எழுதப்பட்டுள்ளது.,பிளஸ் ஒன்பது ஒன்று எட்டு ஆறு இரண்டு ஒன்பது ஏழு நான்கு ஒன்று இரண்டு ஒன்று ஆறு என்று எழுதப்பட்டுள்ளது .,telephone
மொத்தம் -2378 மாணவர்கள் உள்ளனர்.,மொத்தம் மைனஸ் இரண்டாயிரத்து முந்நூற்று எழுபத்தெட்டு மாணவர்கள் உள்ளனர் .,cardinal
£ 4386.31,நான்காயிரத்து முந்நூற்று எண்பத்தாறு பவுண்ட் முப்பத்தொன்று பென்ஸ்,money
"268,671",இரண்டு இலட்சம் அறுபத்தெட்டு ஆயிரம் அறுநூற்று எழுபத்தொன்று,cardinal
7ஆம்,ஏழாம்,ordinal
அவர் 1.868 என்றார்.,அவர் ஒன்று புள்ளி எட்டு ஆறு எட்டு என்றார் .,decimal
283368947,இருபத்தெட்டு கோடி முப்பத்துமூன்று இலட்சம் அறுபத்தெட்டு ஆயிரம் தொள்ளாயிரத்து நாற்பத்தேழு,cardinal
+91 6880897363,பிளஸ் ஒன்பது ஒன்று ஆறு எட்டு எட்டு பூஜ்யம் எட்டு ஒன்பது ஏழு மூன்று ஆறு மூன்று,telephone
25/04/1933,இருபத்தைந்து ஏப்ரல் ஆயிரத்து தொள்ளாயிரத்து முப்பத்துமூன்று,date
£ 70,எழுபது பவுண்ட்,money
அவர் 01-25-2028 அன்று பிறந்தார்.,அவர் ஜனவரி இருபத்தைந்து இரண்டாயிரத்து இருபத்தெட்டு அன்று பிறந்தார் .,date
2ஆவது மாடியில் அலுவலகம் உள்ளது.,இரண்டாவது மாடியில் அலுவலகம் உள்ளது .,ordinal
அவன் 6131 முறை முயன்றான்.,அவன் ஆறாயிரத்து நூற்று முப்பத்தொன்று முறை முயன்றான் .,cardinal
1733₹,ஆயிரத்து எழுநூற்று முப்பத்துமூன்று ரூபாய்,money
37-69,முப்பத்தேழு முதல் அறுபத்தொன்பது,range
101.005 என்பதை நினைவில் கொள்ளுங்கள்.,நூற்று ஒன்று புள்ளி பூஜ்யம் பூஜ்யம் ஐந்து என்பதை நினைவில் கொள்ளுங்கள் .,decimal
"Rs4,40,53,286 என்று எழுதப்பட்டுள்ளது.",நான்கு கோடி நாற்பது இலட்சம் ஐம்பத்துமூன்று ஆயிரம் இருநூற்று எண்பத்தாறு ரூபாய் என்று எழுதப்பட்டுள்ளது .,money
இதில் 393 குறிப்பிடப்பட்டுள்ளது.,இதில் முந்நூற்றுத்தொண்ணூற்றுமூன்று குறிப்பிடப்பட்டுள்ளது .,cardinal
கடிதத்தில் 11/8 இருந்தது.,கடிதத்தில் எட்டில் பதினொன்று இருந்தது .,fraction
£10,பத்து பவுண்ட்,money
இதில் 14:24 குறிப்பிடப்பட்டுள்ளது.,இதில் பதினான்கு மணி இருபத்துநான்கு நிமிடம் குறிப்பிடப்பட்டுள்ளது .,time
7 km,ஏழு கிலோமீட்டர்,measure
அவர் -1545 என்றார்.,அவர் மைனஸ் ஆயிரத்து ஐந்நூற்று நாற்பத்தைந்து என்றார் .,cardinal
-௪௩௮௯௬௮௩௪௭,மைனஸ் நாற்பத்துமூன்று கோடி எண்பத்தொன்பது இலட்சம் அறுபத்தெட்டு ஆயிரம் முந்நூற்று நாற்பத்தேழு,cardinal
௭௭.௪௭ yr,எழுபத்தேழு புள்ளி நான்கு ஏழு ஆண்டு,measure
"Rs.6,49,84,820/-",ஆறு கோடி நாற்பத்தொன்பது இலட்சம் எண்பத்துநான்கு ஆயிரம் எண்ணூற்று இருபது ரூபாய்,money
12-08-2093 பற்றி பேசினோம்.,பன்னிரண்டு ஆகஸ்ட் இரண்டாயிரத்து தொண்ணூற்றுமூன்று பற்றி பேசினோம் .,date
535 மாணவர்கள் ௧:௨௨ மணிக்கு வந்தனர்.,ஐந்நூற்று முப்பத்தைந்து மாணவர்கள் ஒரு மணி இருபத்திரண்டு நிமிடம் வந்தனர் .,mixed
வெப்பநிலை 24 sec ஆக இருந்தது.,வெப்பநிலை இருபத்துநான்கு வினாடி ஆக இருந்தது .,measure
கூட்டத்தில் 237 பேர் வந்தனர்.,கூட்டத்தில் இருநூற்று முப்பத்தேழு பேர் வந்தனர் .,cardinal
விலை ₹௩௬ மட்டும்.,விலை முப்பத்தாறு ரூபாய் மட்டும் .,money
99040.8,தொண்ணூற்றொன்பது ஆயிரம் நாற்பது புள்ளி எட்டு,decimal
7 mi சரியானது.,ஏழு மைல் சரியானது .,measure
8674,எட்டாயிரத்து அறுநூற்று எழுபத்துநான்கு,cardinal
19:00 மணிக்கு வரை -43035 பேர் காத்திருந்தனர்.,பத்தொன்பது மணி வரை மைனஸ் நாற்பத்துமூன்று ஆயிரம் முப்பத்தைந்து பேர் காத்திருந்தனர் .,mixed
இதில் 6904309676 குறிப்பிடப்பட்டுள்ளது.,இதில் ஆறு ஒன்பது பூஜ்யம் நான்கு மூன்று பூஜ்யம் ஒன்பது ஆறு ஏழு ஆறு குறிப்பிடப்பட்டுள்ளது .,telephone
வளர்ச்சி விகிதம் -12672.9 ஆக இருந்தது.,வளர்ச்சி விகிதம் மைனஸ் பன்னிரண்டு ஆயிரம் அறுநூற்று எழுபத்திரண்டு புள்ளி ஒன்பது ஆக இருந்தது .,decimal
அவன் 67 லி. நடந்தான்.,அவன் அறுபத்தேழு லிட்டர் நடந்தான் .,measure
அலுவலகம் 16:13 திறக்கும்.,அலுவலகம் பதினாறு மணி பதிமூன்று நிமிடம் திறக்கும் .,time
செய்தியில் 855 என்று வந்தது.,செய்தியில் எண்ணூற்று ஐம்பத்தைந்து என்று வந்தது .,cardinal
௨௮-௦௨-௧௯௪௧,இருபத்தெட்டு பிப்ரவரி ஆயிரத்து தொள்ளாயிரத்து நாற்பத்தொன்று,date
நாள் 09-02-2020 என்று குறிக்கப்பட்டுள்ளது.,நாள் ஒன்பது பிப்ரவரி இரண்டாயிரத்து இருபது என்று குறிக்கப்பட்டுள்ளது .,date
அவள் 4610 புத்தகங்கள் வாங்கினாள்.,அவள் நான்காயிரத்து அறுநூற்றுப்பத்து புத்தகங்கள் வாங்கினாள் .,cardinal
அவர் 452-774 என்றார்.,அவர் நானூற்று ஐம்பத்திரண்டு முதல் எழுநூற்று எழுபத்துநான்கு என்றார் .,range
இன்று வானிலை நன்றாக உள்ளது.,இன்று வானிலை நன்றாக உள்ளது .,word
எனக்கு -74 வயது.,எனக்கு மைனஸ் எழுபத்துநான்கு வயது .,cardinal
865.081,எண்ணூற்று அறுபத்தைந்து புள்ளி பூஜ்யம் எட்டு ஒன்று,decimal
நான் 22:38 எழுந்தேன்.,நான் இருபத்திரண்டு மணி முப்பத்தெட்டு நிமிடம் எழுந்தேன் .,time
9:57,ஒன்பது மணி ஐம்பத்தேழு நிமிடம்,time
பதிவு தேதி 1964-10-11 ஆகும்.,பதிவு தேதி ஆயிரத்து தொள்ளாயிரத்து அறுபத்துநான்கு அக்டோபர் பதினொன்று ஆகும் .,date
75041,எழுபத்தைந்து ஆயிரம் நாற்பத்தொன்று,cardinal
இதில் ௦௯-௦௬-௨௦௯௪ குறிப்பிடப்பட்டுள்ளது.,இதில் ஒன்பது ஜூன் இரண்டாயிரத்து தொண்ணூற்றுநான்கு குறிப்பிடப்பட்டுள்ளது .,date
எனக்கு 86 வயது.,எனக்கு எண்பத்தாறு வயது .,cardinal
அந்த நிலம் ₹71/- விலை போனது.,அந்த நிலம் எழுபத்தொன்று ரூபாய் விலை போனது .,money
₹71 என்று எழுதப்பட்டுள்ளது.,எழுபத்தொன்று ரூபாய் என்று எழுதப்பட்டுள்ளது .,money
7677601,எழுபத்தாறு இலட்சம் எழுபத்தேழு ஆயிரம் அறுநூற்று ஒன்று,cardinal
"₹7,82,86,775",ஏழு கோடி எண்பத்திரண்டு இலட்சம் எண்பத்தாறு ஆயிரம் எழுநூற்று எழுபத்தைந்து ரூபாய்,money
19:09 வரை 3094784 பேர் காத்திருந்தனர்.,பத்தொன்பது மணி ஒன்பது நிமிடம் வரை முப்பது இலட்சம் தொண்ணூற்றுநான்கு ஆயிரம் எழுநூற்று எண்பத்துநான்கு பேர் காத்திருந்தனர் .,mixed
"Rs88,40,139.3 கடன் வாங்கினேன்.",எண்பத்தெட்டு இலட்சம் நாற்பது ஆயிரம் நூற்று முப்பத்தொன்பது ரூபாய் முப்பது பைசா கடன் வாங்கினேன் .,money
அந்த ஊரில் 188 வீடுகள் உள்ளன.,அந்த ஊரில் நூற்றெண்பத்து எட்டு வீடுகள் உள்ளன .,cardinal
24-08-1909,இருபத்துநான்கு ஆகஸ்ட் ஆயிரத்து தொள்ளாயிரத்து ஒன்பது,date
கூட்டம் 07:07 தொடங்கும்.,கூட்டம் ஏழு மணி ஏழு நிமிடம் தொடங்கும் .,time
05-16-2074,மே பதினாறு இரண்டாயிரத்து எழுபத்துநான்கு,date
03:50 சாப்பிட வா.,மூன்று மணி ஐம்பது நிமிடம் சாப்பிட வா .,time
அவள் 364ஆம் வகுப்பு படிக்கிறாள்.,அவள் முந்நூற்று அறுபத்துநான்காம் வகுப்பு படிக்கிறாள் .,ordinal
கூட்டம் 12:30 தொடங்கும்.,கூட்டம் பன்னிரண்டு மணி முப்பது நிமிடம் தொடங்கும் .,time
658.607,அறுநூற்று ஐம்பத்தெட்டு புள்ளி ஆறு பூஜ்யம் ஏழு,decimal
-1 °F அரிசி 8467 ரூ ஆகும்.,மைனஸ் ஒரு டிகிரி பாரன்ஹீட் அரிசி எட்டாயிரத்து நானூற்று அறுபத்தேழு ரூபாய் ஆகும் .,mixed
"92,34,63,026 மாணவர்கள் 3:00 வந்தனர்.",தொண்ணூற்றிரண்டு கோடி முப்பத்துநான்கு இலட்சம் அறுபத்துமூன்று ஆயிரம் இருபத்தாறு மாணவர்கள் மூன்று மணி வந்தனர் .,mixed
25-05-2047 பற்றி பேசினோம்.,இருபத்தைந்து மே இரண்டாயிரத்து நாற்பத்தேழு பற்றி பேசினோம் .,date
4300.98Hz,நான்காயிரத்து முந்நூறு புள்ளி ஒன்பது எட்டு ஹெர்ட்ஸ்,measure
செய்தியில் 7.7 என்று வந்தது.,செய்தியில் ஏழு புள்ளி ஏழு என்று வந்தது .,decimal
05/05/2065,ஐந்து மே இரண்டாயிரத்து அறுபத்தைந்து,date
8882370486 இந்த எண்ணில் அழையுங்கள்.,எட்டு எட்டு எட்டு இரண்டு மூன்று ஏழு பூஜ்யம் நான்கு எட்டு ஆறு இந்த எண்ணில் அழையுங்கள் .,telephone
1956-12-30,ஆயிரத்து தொள்ளாயிரத்து ஐம்பத்தாறு டிசம்பர் முப்பது,date
இதில் 14 மி.மீ. குறிப்பிடப்பட்டுள்ளது.,இதில் பதினான்கு மில்லிமீட்டர் குறிப்பிடப்பட்டுள்ளது .,measure
30263ரூ. பற்றி பேசினோம்.,முப்பது ஆயிரம் இருநூற்று அறுபத்துமூன்று ரூபாய் பற்றி பேசினோம் .,money
கு. கண்ணன் பற்றி பேசினோம்.,குமாரி கண்ணன் பற்றி பேசினோம் .,whitelist
5:15,ஐந்து மணி பதினைந்து நிமிடம்,time
Rs.20.73,இருபது ரூபாய் எழுபத்துமூன்று பைசா,money
"பள்ளியில் 43,77,28,415 ஆசிரியர்கள் உள்ளனர்.",பள்ளியில் நாற்பத்துமூன்று கோடி எழுபத்தேழு இலட்சம் இருபத்தெட்டு ஆயிரம் நானூற்றுப்பதினைந்து ஆசிரியர்கள் உள்ளனர் .,cardinal
4237 நாட்கள் ஆயிற்று.,நான்காயிரத்து இருநூற்று முப்பத்தேழு நாட்கள் ஆயிற்று .,cardinal
10/03/1927 சரியானது.,பத்து மார்ச் ஆயிரத்து தொள்ளாயிரத்து இருபத்தேழு சரியானது .,date
22-01-1991 என்று எழுதப்பட்டுள்ளது.,இருபத்திரண்டு ஜனவரி ஆயிரத்து தொள்ளாயிரத்து தொண்ணூற்றொன்று என்று எழுதப்பட்டுள்ளது .,date
நிலப்பரப்பு 3067l ஆகும்.,நிலப்பரப்பு மூன்றாயிரத்து அறுபத்தேழு லிட்டர் ஆகும் .,measure
9822269087,ஒன்பது எட்டு இரண்டு இரண்டு இரண்டு ஆறு ஒன்பது பூஜ்யம் எட்டு ஏழு,telephone
விலை 97-178 வரை இருக்கும்.,விலை தொண்ணூற்றேழு முதல் நூற்றெழுபத்து எட்டு வரை இருக்கும் .,range
51%,ஐம்பத்தொன்று சதவீதம்,whitelist
3/19,பத்தொன்பதில் மூன்று,fraction
தூரம் 4560 mi ஆகும்.,தூரம் நான்காயிரத்து ஐந்நூற்று அறுபது மைல் ஆகும் .~தூரம் நான்காயிரத்து ஐந்நூற்றறுபது மைல் ஆகும் .,measure
அவள் 4889 புத்தகங்கள் வாங்கினாள்.,அவள் நான்காயிரத்து எண்ணூற்று எண்பத்தொன்பது புத்தகங்கள் வாங்கினாள் .,cardinal
04:35,நான்கு மணி முப்பத்தைந்து நிமிடம்,time
எனக்கு ௪௦௨௫௩௮௯௧௯ வயது.,எனக்கு நாற்பது கோடி இருபத்தைந்து இலட்சம் முப்பத்தெட்டு ஆயிரம் தொள்ளாயிரத்து பத்தொன்பது வயது .,cardinal
செய்தியில் ௧௦:௧௮ என்று வந்தது.,செய்தியில் பத்து மணி பதினெட்டு நிமிடம் என்று வந்தது .,time
௮௦-௧௫௬,எண்பது முதல் நூற்றைம்பத்து ஆறு,range
03-03-2084,மூன்று மார்ச் இரண்டாயிரத்து எண்பத்துநான்கு,date
8:35,எட்டு மணி முப்பத்தைந்து நிமிடம்,time
117,நூற்றுப்பதினேழு,cardinal
725.8,எழுநூற்று இருபத்தைந்து புள்ளி எட்டு,decimal
89%,எண்பத்தொன்பது சதவீதம்,whitelist
அவர் 1376-1792 என்றார்.,அவர் ஆயிரத்து முந்நூற்று எழுபத்தாறு முதல் ஆயிரத்து எழுநூற்றுத்தொண்ணூற்றிரண்டு என்றார் .,range
திருமணம் 13-09-1856 அன்று நடைபெறும்.,திருமணம் பதிமூன்று செப்டம்பர் ஆயிரத்து எண்ணூற்று ஐம்பத்தாறு அன்று நடைபெறும் .,date
விலை 95% உயர்ந்தது.,விலை தொண்ணூற்றைந்து சதவீதம் உயர்ந்தது .,whitelist
இதில் ௨௦௧.௮௭ குறிப்பிடப்பட்டுள்ளது.,இதில் இருநூற்று ஒன்று புள்ளி எட்டு ஏழு குறிப்பிடப்பட்டுள்ளது .,decimal
வாடகை ₹7539416 ஆக உயர்ந்தது.,வாடகை எழுபத்தைந்து இலட்சம் முப்பத்தொன்பது ஆயிரம் நானூற்றுப்பதினாறு ரூபாய் ஆக உயர்ந்தது .,money
இதில் 18-09-1344 குறிப்பிடப்பட்டுள்ளது.,இதில் பதினெட்டு செப்டம்பர் ஆயிரத்து முந்நூற்று நாற்பத்துநான்கு குறிப்பிடப்பட்டுள்ளது .,date
விலை ரூ.8675 மட்டும்.,விலை எட்டாயிரத்து அறுநூற்று எழுபத்தைந்து ரூபாய் மட்டும் .,money
மொத்த மதிப்பெண் 56ல்.,மொத்த மதிப்பெண் ஐம்பத்தாறில் .,cardinal
அவர் 77800.55 என்றார்.,அவர் எழுபத்தேழு ஆயிரம் எண்ணூறு புள்ளி ஐந்து ஐந்து என்றார் .,decimal
இன்று 54 பேர் வருகை தந்தனர்.,இன்று ஐம்பத்துநான்கு பேர் வருகை தந்தனர் .,cardinal
அந்த நிலம் € 334.33 விலை போனது.,அந்த நிலம் முந்நூற்று முப்பத்துநான்கு யூரோ முப்பத்துமூன்று சென்ட் விலை போனது .,money
மொத்தம் -5393144 மாணவர்கள் உள்ளனர்.,மொத்தம் மைனஸ் ஐம்பத்துமூன்று இலட்சம் தொண்ணூற்றுமூன்று ஆயிரம் நூற்று நாற்பத்துநான்கு மாணவர்கள் உள்ளனர் .,cardinal
2010-10-03,இரண்டாயிரத்து பத்து அக்டோபர் மூன்று,date
சராசரி 62643.33 என்பது -614 மாணவர்களின் கணக்கு.,சராசரி அறுபத்திரண்டு ஆயிரம் அறுநூற்று நாற்பத்துமூன்று புள்ளி மூன்று மூன்று என்பது மைனஸ் அறுநூற்றுப்பதினான்கு மாணவர்களின் கணக்கு .,mixed
அந்த ஊரில் 08 வீடுகள் உள்ளன.,அந்த ஊரில் பூஜ்யம் எட்டு வீடுகள் உள்ளன .,cardinal
"௭௫,௯௩,௮௯,௧௪௩ கிலோ அரிசி வாங்கினேன்.",எழுபத்தைந்து கோடி தொண்ணூற்றுமூன்று இலட்சம் எண்பத்தொன்பது ஆயிரம் நூற்று நாற்பத்துமூன்று கிலோ அரிசி வாங்கினேன் .,cardinal
கடிதத்தில் 1077 இருந்தது.,கடிதத்தில் ஆயிரத்து எழுபத்தேழு இருந்தது .,cardinal
3453,மூன்றாயிரத்து நானூற்று ஐம்பத்துமூன்று,cardinal
88% பற்றி பேசினோம்.,எண்பத்தெட்டு சதவீதம் பற்றி பேசினோம் .,whitelist
$ 84.1,எண்பத்துநான்கு டாலர் பத்து சென்ட்,money
26-11-1948,இருபத்தாறு நவம்பர் ஆயிரத்து தொள்ளாயிரத்து நாற்பத்தெட்டு,date
6267 என்று எழுதப்பட்டுள்ளது.,ஆறாயிரத்து இருநூற்று அறுபத்தேழு என்று எழுதப்பட்டுள்ளது .,cardinal
"5,19,55,259 ₹ கடன் வாங்கினேன்.",ஐந்து கோடி பத்தொன்பது இலட்சம் ஐம்பத்தைந்து ஆயிரம் இருநூற்று ஐம்பத்தொன்பது ரூபாய் கடன் வாங்கினேன் .,money
கடிதத்தில் 55141.9 இருந்தது.,கடிதத்தில் ஐம்பத்தைந்து ஆயிரம் நூற்று நாற்பத்தொன்று புள்ளி ஒன்பது இருந்தது .,decimal
செய்தியில் ௯௪௪௪ என்று வந்தது.,செய்தியில் ஒன்பதாயிரத்து நானூற்று நாற்பத்துநான்கு என்று வந்தது .,cardinal
நிலத்தில் ௧௦/௧௪ பங்கு விற்றார்.,நிலத்தில் பதினான்கில் பத்து பங்கு விற்றார் .,fraction
௧௨வது,பன்னிரண்டாவது,ordinal
82396.7,எண்பத்திரண்டு ஆயிரம் முந்நூற்றுத்தொண்ணூற்றாறு புள்ளி ஏழு,decimal
46 பேருக்கு Rs 720315842 கொடுத்தேன்.,நாற்பத்தாறு பேருக்கு எழுபத்திரண்டு கோடி மூன்று இலட்சம் பதினைந்து ஆயிரம் எண்ணூற்று நாற்பத்திரண்டு ரூபாய் கொடுத்தேன் .,mixed
அந்த நிறுவனத்தில் 89 ஊழியர்கள் பணிபுரிகின்றனர்.,அந்த நிறுவனத்தில் எண்பத்தொன்பது ஊழியர்கள் பணிபுரிகின்றனர் .,cardinal
நிலப்பரப்பு 9777 KB ஆகும்.,நிலப்பரப்பு ஒன்பதாயிரத்து எழுநூற்று எழுபத்தேழு கிலோபைட் ஆகும் .,measure
வண்டி எண் 747213069 ஆகும்.,வண்டி எண் எழுபத்துநான்கு கோடி எழுபத்திரண்டு இலட்சம் பதிமூன்று ஆயிரம் அறுபத்தொன்பது ஆகும் .,cardinal
6348828943 என்பதை நினைவில் கொள்ளுங்கள்.,ஆறு மூன்று நான்கு எட்டு எட்டு இரண்டு எட்டு ஒன்பது நான்கு மூன்று என்பதை நினைவில் கொள்ளுங்கள் .,telephone
"7,23,84,989.2 ₹",ஏழு கோடி இருபத்துமூன்று இலட்சம் எண்பத்துநான்கு ஆயிரம் தொள்ளாயிரத்து எண்பத்தொன்பது ரூபாய் இருபது பைசா,money
சராசரி 932.88 ஆகும்.,சராசரி தொள்ளாயிரத்து முப்பத்திரண்டு புள்ளி எட்டு எட்டு ஆகும் .,decimal
திருமணம் ௧௦-௦௧-௧௯௪௭ அன்று நடைபெறும்.,திருமணம் பத்து ஜனவரி ஆயிரத்து தொள்ளாயிரத்து நாற்பத்தேழு அன்று நடைபெறும் .,date
10-31-1332,அக்டோபர் முப்பத்தொன்று ஆயிரத்து முந்நூற்று முப்பத்திரண்டு,date
அவன் 4854.71 KB நடந்தான்.,அவன் நான்காயிரத்து எண்ணூற்று ஐம்பத்துநான்கு புள்ளி ஏழு ஒன்று கிலோபைட் நடந்தான் .,measure
இது அவரது 510ஆம் புத்தகம்.,இது அவரது ஐந்நூற்றுப்பத்தாம் புத்தகம் .,ordinal
விலை ௬௮௦௯ ₹ மட்டும்.,விலை ஆறாயிரத்து எண்ணூற்று ஒன்பது ரூபாய் மட்டும் .,money
விலை 15 % உயர்ந்தது.,விலை பதினைந்து சதவீதம் உயர்ந்தது .,whitelist
"¥1,13,34,749",ஒரு கோடி பதிமூன்று இலட்சம் முப்பத்துநான்கு ஆயிரம் எழுநூற்று நாற்பத்தொன்பது யென்,money
627.21,அறுநூற்று இருபத்தேழு புள்ளி இரண்டு ஒன்று,decimal
அவள் உயரம் 4 MB ஆகும்.,அவள் உயரம் நான்கு மெகாபைட் ஆகும் .,measure
7282,ஏழாயிரத்து இருநூற்று எண்பத்திரண்டு,cardinal
பை மதிப்பு ௯.௭௮௬ ஆகும்.,பை மதிப்பு ஒன்பது புள்ளி ஏழு எட்டு ஆறு ஆகும் .,decimal
88/100 சரியானது.,நூறில் எண்பத்தெட்டு சரியானது .,fraction
Rs. 0.51 அபராதம் விதிக்கப்பட்டது.,ஐம்பத்தொன்று பைசா அபராதம் விதிக்கப்பட்டது .,money
₹8534,எட்டாயிரத்து ஐந்நூற்று முப்பத்துநான்கு ரூபாய்,money
௦௬-௧௩-௨௦௦௮,ஜூன் பதிமூன்று இரண்டாயிரத்து எட்டு,date
அவர் 19:45 என்றார்.,அவர் பத்தொன்பது மணி நாற்பத்தைந்து நிமிடம் என்றார் .,time
"946,399 என்பதை நினைவில் கொள்ளுங்கள்.",ஒன்பது இலட்சம் நாற்பத்தாறு ஆயிரம் முந்நூற்றுத்தொண்ணூற்றொன்பது என்பதை நினைவில் கொள்ளுங்கள் .,cardinal
10-06-2035 சரியானது.,பத்து ஜூன் இரண்டாயிரத்து முப்பத்தைந்து சரியானது .,date
05-12-2048,ஐந்து டிசம்பர் இரண்டாயிரத்து நாற்பத்தெட்டு,date
4652 ரூ. பற்றி பேசினோம்.,நான்காயிரத்து அறுநூற்று ஐம்பத்திரண்டு ரூபாய் பற்றி பேசினோம் .,money
+44 9044580808 சரியானது.,பிளஸ் நான்கு நான்கு ஒன்பது பூஜ்யம் நான்கு நான்கு ஐந்து எட்டு பூஜ்யம் எட்டு பூஜ்யம் எட்டு சரியானது .,telephone
௧௨௯௮-௨௦௦௩ வயது குழந்தைகள் வரலாம்.,ஆயிரத்து இருநூற்றுத்தொண்ணூற்றெட்டு முதல் இரண்டாயிரத்து மூன்று வயது குழந்தைகள் வரலாம் .,range
அந்த நிலம் 4568 ₹ விலை போனது.,அந்த நிலம் நான்காயிரத்து ஐந்நூற்று அறுபத்தெட்டு ரூபாய் விலை போனது .,money
12:46,பன்னிரண்டு மணி நாற்பத்தாறு நிமிடம்,time
2965,இரண்டாயிரத்து தொள்ளாயிரத்து அறுபத்தைந்து,cardinal
24:52:43,இருபத்துநான்கு மணி ஐம்பத்திரண்டு நிமிடம் நாற்பத்துமூன்று வினாடி,time
18:21,பதினெட்டு மணி இருபத்தொன்று நிமிடம்,time
07:16 மணிக்கு,ஏழு மணி பதினாறு நிமிடம்,time
185.658,நூற்றெண்பத்து ஐந்து புள்ளி ஆறு ஐந்து எட்டு,decimal
௫௮௧௩,ஐந்தாயிரத்து எண்ணூற்றுப்பதிமூன்று,cardinal
3.23 இலட்சம்,மூன்று புள்ளி இரண்டு மூன்று இலட்சம்,decimal
விலை ₹84 ஆனது 812.75 சதவீதம் உயர்வு.,விலை எண்பத்துநான்கு ரூபாய் ஆனது எண்ணூற்றுப்பன்னிரண்டு புள்ளி ஏழு ஐந்து சதவீதம் உயர்வு .,mixed
83130.0,எண்பத்துமூன்று ஆயிரம் நூற்று முப்பது புள்ளி பூஜ்யம்,decimal
நான் 06:15 எழுந்தேன்.,நான் ஆறு மணி பதினைந்து நிமிடம் எழுந்தேன் .,time
பை மதிப்பு 0.672 ஆகும்.,பை மதிப்பு பூஜ்யம் புள்ளி ஆறு ஏழு இரண்டு ஆகும் .,decimal
972 சரியானது.,தொள்ளாயிரத்து எழுபத்திரண்டு சரியானது .,cardinal
விமானம் 20:39 வந்தடையும்.,விமானம் இருபது மணி முப்பத்தொன்பது நிமிடம் வந்தடையும் .,time
அந்த நிலம் ரூ.3108.75 விலை போனது.,அந்த நிலம் மூன்றாயிரத்து நூற்று எட்டு ரூபாய் எழுபத்தைந்து பைசா விலை போனது .,money
€4323,நான்காயிரத்து முந்நூற்று இருபத்துமூன்று யூரோ,money
"செய்தியில் ரூ1,47,05,699/- என்று வந்தது.",செய்தியில் ஒரு கோடி நாற்பத்தேழு இலட்சம் ஐந்தாயிரத்து அறுநூற்றுத்தொண்ணூற்றொன்பது ரூபாய் என்று வந்தது .,money
-1264 நாட்கள் ஆயிற்று.,மைனஸ் ஆயிரத்து இருநூற்று அறுபத்துநான்கு நாட்கள் ஆயிற்று .,cardinal
விண்ணப்பம் 12-06-1990 அன்று அனுப்பப்பட்டது.,விண்ணப்பம் பன்னிரண்டு ஜூன் ஆயிரத்து தொள்ளாயிரத்து தொண்ணூறு அன்று அனுப்பப்பட்டது .,date
விலை ௧௯௦௨-௩௭௦௩ வரை இருக்கும்.,விலை ஆயிரத்து தொள்ளாயிரத்து இரண்டு முதல் மூன்றாயிரத்து எழுநூற்று மூன்று வரை இருக்கும் .,range
229 பற்றி பேசினோம்.,இருநூற்று இருபத்தொன்பது பற்றி பேசினோம் .,cardinal
13:00:16 பற்றி பேசினோம்.,பதிமூன்று மணி பதினாறு வினாடி பற்றி பேசினோம் .,time
1683,ஆயிரத்து அறுநூற்று எண்பத்துமூன்று,cardinal
862வது பக்கத்தில் பதில் உள்ளது.,எண்ணூற்று அறுபத்திரண்டாவது பக்கத்தில் பதில் உள்ளது .,ordinal
அவர் 3441.76 என்றார்.,அவர் மூன்றாயிரத்து நானூற்று நாற்பத்தொன்று புள்ளி ஏழு ஆறு என்றார் .,decimal
அவர் 3 ஓட்டங்கள் எடுத்தார்.,அவர் மூன்று ஓட்டங்கள் எடுத்தார் .,cardinal
17/60,அறுபதில் பதினேழு,fraction
+91 7143404210,பிளஸ் ஒன்பது ஒன்று ஏழு ஒன்று நான்கு மூன்று நான்கு பூஜ்யம் நான்கு இரண்டு ஒன்று பூஜ்யம்,telephone
"3,53,98,269ரூ.",மூன்று கோடி ஐம்பத்துமூன்று இலட்சம் தொண்ணூற்றெட்டு ஆயிரம் இருநூற்று அறுபத்தொன்பது ரூபாய்,money
2479.3 MW என்பதை நினைவில் கொள்ளுங்கள்.,இரண்டாயிரத்து நானூற்று எழுபத்தொன்பது புள்ளி மூன்று மெகாவாட் என்பதை நினைவில் கொள்ளுங்கள் .,measure
050-1269661,பூஜ்யம் ஐந்து பூஜ்யம் ஒன்று இரண்டு ஆறு ஒன்பது ஆறு ஆறு ஒன்று,telephone
726453897,எழுபத்திரண்டு கோடி அறுபத்துநான்கு இலட்சம் ஐம்பத்துமூன்று ஆயிரம் எண்ணூற்றுத்தொண்ணூற்றேழு,cardinal
2950492694345,இரண்டு ஒன்பது ஐந்து பூஜ்யம் நான்கு ஒன்பது இரண்டு ஆறு ஒன்பது நான்கு மூன்று நான்கு ஐந்து,cardinal
04-23-2061,ஏப்ரல் இருபத்துமூன்று இரண்டாயிரத்து அறுபத்தொன்று,date
2706739,இருபத்தேழு இலட்சம் ஆறாயிரத்து எழுநூற்று முப்பத்தொன்பது,cardinal
4:39 சாப்பிட வா.,நான்கு மணி முப்பத்தொன்பது நிமிடம் சாப்பிட வா .,time
75.20 மி.லி.,எழுபத்தைந்து புள்ளி இரண்டு பூஜ்யம் மில்லிலிட்டர்,measure
9743375581,ஒன்பது ஏழு நான்கு மூன்று மூன்று ஏழு ஐந்து ஐந்து எட்டு ஒன்று,telephone
9609863973 பற்றி பேசினோம்.,ஒன்பது ஆறு பூஜ்யம் ஒன்பது எட்டு ஆறு மூன்று ஒன்பது ஏழு மூன்று பற்றி பேசினோம் .,telephone
02:20,இரண்டு மணி இருபது நிமிடம்,time
பள்ளியில் 12 ஆசிரியர்கள் உள்ளனர்.,பள்ளியில் பன்னிரண்டு ஆசிரியர்கள் உள்ளனர் .,cardinal
65/5 பங்கு வேலை முடிந்தது.,ஐந்தில் அறுபத்தைந்து பங்கு வேலை முடிந்தது .,fraction
நேரம் 11:34 ஆகிவிட்டது.,நேரம் பதினொன்று மணி முப்பத்துநான்கு நிமிடம் ஆகிவிட்டது .,time
16 15/12,பதினாறு மற்றும் பன்னிரண்டில் பதினைந்து,fraction
௯௨௩.௦ பற்றி பேசினோம்.,தொள்ளாயிரத்து இருபத்துமூன்று புள்ளி பூஜ்யம் பற்றி பேசினோம் .,decimal
18-07-2013,பதினெட்டு ஜூலை இரண்டாயிரத்து பதிமூன்று,date
"கட்டணம் 3,78,47,240 ₹ என அறிவித்தனர்.",கட்டணம் மூன்று கோடி எழுபத்தெட்டு இலட்சம் நாற்பத்தேழு ஆயிரம் இருநூற்று நாற்பது ரூபாய் என அறிவித்தனர் .,money
சராசரி 9000.05 என்பது 85ல் மாணவர்களின் கணக்கு.,சராசரி ஒன்பதாயிரம் புள்ளி பூஜ்யம் ஐந்து என்பது எண்பத்தைந்தில் மாணவர்களின் கணக்கு .,mixed
16-07-1978,பதினாறு ஜூலை ஆயிரத்து தொள்ளாயிரத்து எழுபத்தெட்டு,date
செய்தியில் 5/18 என்று வந்தது.,செய்தியில் பதினெட்டில் ஐந்து என்று வந்தது .,fraction
74.81 m,எழுபத்துநான்கு புள்ளி எட்டு ஒன்று மீட்டர்,measure
Rs8041,எட்டாயிரத்து நாற்பத்தொன்று ரூபாய்,money
-422.63,மைனஸ் நானூற்று இருபத்திரண்டு புள்ளி ஆறு மூன்று,decimal
4.5%,நான்கு புள்ளி ஐந்து சதவீதம்,whitelist
கடிதத்தில் 22/17 இருந்தது.,கடிதத்தில் பதினேழில் இருபத்திரண்டு இருந்தது .,fraction
அந்த நிறுவனத்தில் ௮௪௭௧௭௨௯௦௧௭ ஊழியர்கள் பணிபுரிகின்றனர்.,அந்த நிறுவனத்தில் எட்டு நான்கு ஏழு ஒன்று ஏழு இரண்டு ஒன்பது பூஜ்யம் ஒன்று ஏழு ஊழியர்கள் பணிபுரிகின்றனர் .,cardinal
நீளம் 326.51 ஆக இருந்தது.,நீளம் முந்நூற்று இருபத்தாறு புள்ளி ஐந்து ஒன்று ஆக இருந்தது .,decimal
6637வது,ஆறாயிரத்து அறுநூற்று முப்பத்தேழாவது,ordinal
நாள் 14-06-1411 என்று குறிக்கப்பட்டுள்ளது.,நாள் பதினான்கு ஜூன் ஆயிரத்து நானூற்றுப்பதினொன்று என்று குறிக்கப்பட்டுள்ளது .,date
647 சரியானது.,அறுநூற்று நாற்பத்தேழு சரியானது .,cardinal
மொத்தத்தில் 61/13 பங்கு.,மொத்தத்தில் பதிமூன்றில் அறுபத்தொன்று பங்கு .,fraction
29-07-1900,இருபத்தொன்பது ஜூலை ஆயிரத்து தொள்ளாயிரம்,date
௦௨:௫௬,இரண்டு மணி ஐம்பத்தாறு நிமிடம்,time
-௫௧௧௭௦ என்பதை நினைவில் கொள்ளுங்கள்.,மைனஸ் ஐம்பத்தொன்று ஆயிரம் நூற்று எழுபது என்பதை நினைவில் கொள்ளுங்கள் .~மைனஸ் ஐம்பத்தொன்று ஆயிரம் நூற்றெழுபது என்பதை நினைவில் கொள்ளுங்கள் .,cardinal
8318748683,எட்டு மூன்று ஒன்று எட்டு ஏழு நான்கு எட்டு ஆறு எட்டு மூன்று,telephone
4,நான்கு,cardinal
59 mm,ஐம்பத்தொன்பது மில்லிமீட்டர்,measure
"78,18,69,060",எழுபத்தெட்டு கோடி பதினெட்டு இலட்சம் அறுபத்தொன்பது ஆயிரம் அறுபது,cardinal
அவர் -302 என்றார்.,அவர் மைனஸ் முந்நூற்று இரண்டு என்றார் .,cardinal
1540-2065 என்பதை நினைவில் கொள்ளுங்கள்.,ஆயிரத்து ஐந்நூற்று நாற்பது முதல் இரண்டாயிரத்து அறுபத்தைந்து என்பதை நினைவில் கொள்ளுங்கள் .,range
9×9=81,ஒன்பது பெருக்கல் ஒன்பது சமம் எண்பத்தொன்று,whitelist
804,எண்ணூற்று நான்கு,cardinal
22-09-1977,இருபத்திரண்டு செப்டம்பர் ஆயிரத்து தொள்ளாயிரத்து எழுபத்தேழு,date
£856 என்று எழுதப்பட்டுள்ளது.,எண்ணூற்று ஐம்பத்தாறு பவுண்ட் என்று எழுதப்பட்டுள்ளது .,money
செய்தியில் -682608523 என்று வந்தது.,செய்தியில் மைனஸ் அறுபத்தெட்டு கோடி இருபத்தாறு இலட்சம் எட்டாயிரத்து ஐந்நூற்று இருபத்துமூன்று என்று வந்தது .,cardinal
இப்போது மணி 1:51.,இப்போது மணி ஒரு மணி ஐம்பத்தொன்று நிமிடம் .,time
07:53:09 மணிக்கு கிளம்பி 70 °C நடந்தோம்.,ஏழு மணி ஐம்பத்துமூன்று நிமிடம் ஒன்பது வினாடி கிளம்பி எழுபது டிகிரி செல்சியஸ் நடந்தோம் .,mixed
௬ ௫/௧௯ பற்றி பேசினோம்.,ஆறு மற்றும் பத்தொன்பதில் ஐந்து பற்றி பேசினோம் .,fraction
கூட்டம் 26-10-2021 அன்று ௧௩:௧௦:௧௭ தொடங்கும்.,கூட்டம் இருபத்தாறு அக்டோபர் இரண்டாயிரத்து இருபத்தொன்று அன்று பதிமூன்று மணி பத்து நிமிடம் பதினேழு வினாடி தொடங்கும் .,mixed
26-03-1124 அன்று மழை பெய்தது.,இருபத்தாறு மார்ச் ஆயிரத்து நூற்று இருபத்துநான்கு அன்று மழை பெய்தது .,date
கூட்டத்தில் 352 பேர் வந்தனர்.,கூட்டத்தில் முந்நூற்று ஐம்பத்திரண்டு பேர் வந்தனர் .,cardinal
03-11-2002,மூன்று நவம்பர் இரண்டாயிரத்து இரண்டு,date
4.37,நான்கு புள்ளி மூன்று ஏழு,decimal
செய்தியில் 70ல் என்று வந்தது.,செய்தியில் எழுபதில் என்று வந்தது .,cardinal
03-03-2034,மூன்று மார்ச் இரண்டாயிரத்து முப்பத்துநான்கு,date
31/40,நாற்பதில் முப்பத்தொன்று,fraction
34/6,ஆறில் முப்பத்துநான்கு,fraction
$1662,ஆயிரத்து அறுநூற்று அறுபத்திரண்டு டாலர்,money
10/19,பத்தொன்பதில் பத்து,fraction
அவன் 118.54 மதிப்பெண் பெற்றான்.,அவன் நூற்றுப்பதினெட்டு புள்ளி ஐந்து நான்கு மதிப்பெண் பெற்றான் .,decimal
7101,ஏழாயிரத்து நூற்று ஒன்று,cardinal
8:07 சரியானது.,எட்டு மணி ஏழு நிமிடம் சரியானது .,time
"13,71,81,103",பதிமூன்று கோடி எழுபத்தொன்று இலட்சம் எண்பத்தொன்று ஆயிரம் நூற்று மூன்று,cardinal
6.73 பற்றி பேசினோம்.,ஆறு புள்ளி ஏழு மூன்று பற்றி பேசினோம் .,decimal
Rs. 7901 /-,ஏழாயிரத்து தொள்ளாயிரத்து ஒன்று ரூபாய்,money
௮lb,எட்டு பவுண்டு,measure
72L,எழுபத்திரண்டு லிட்டர்,measure
பேருந்து 11:41 கிளம்பும்.,பேருந்து பதினொன்று மணி நாற்பத்தொன்று நிமிடம் கிளம்பும் .,time
நான் 844ஆம் நபராக வந்தேன்.,நான் எண்ணூற்று நாற்பத்துநான்காம் நபராக வந்தேன் .,ordinal
தொடர்புக்கு 0412-54227835.,தொடர்புக்கு பூஜ்யம் நான்கு ஒன்று இரண்டு ஐந்து நான்கு இரண்டு இரண்டு ஏழு எட்டு மூன்று ஐந்து .,telephone
8183884458,எட்டு ஒன்று எட்டு மூன்று எட்டு எட்டு நான்கு நான்கு ஐந்து எட்டு,telephone
24.33 mL,இருபத்துநான்கு புள்ளி மூன்று மூன்று மில்லிலிட்டர்,measure
பிறந்த நாள் 06-10-2055.,பிறந்த நாள் ஆறு அக்டோபர் இரண்டாயிரத்து ஐம்பத்தைந்து .,date
23:17:25,இருபத்துமூன்று மணி பதினேழு நிமிடம் இருபத்தைந்து வினாடி,time
அவர் 7ஆம் என்றார்.,அவர் ஏழாம் என்றார் .,ordinal
அலுவலகம் 01:49 திறக்கும்.,அலுவலகம் ஒரு மணி நாற்பத்தொன்பது நிமிடம் திறக்கும் .,time
"437,466",நான்கு இலட்சம் முப்பத்தேழு ஆயிரம் நானூற்று அறுபத்தாறு,cardinal
௧௪௦௭-௧௬௮௫ பற்றி பேசினோம்.,ஆயிரத்து நானூற்று ஏழு முதல் ஆயிரத்து அறுநூற்று எண்பத்தைந்து பற்றி பேசினோம் .,range
இதில் 379ஆவது குறிப்பிடப்பட்டுள்ளது.,இதில் முந்நூற்று எழுபத்தொன்பதாவது குறிப்பிடப்பட்டுள்ளது .,ordinal
பேருந்து கட்டணம் Rs 3678.80 ஆகும்.,பேருந்து கட்டணம் மூன்றாயிரத்து அறுநூற்று எழுபத்தெட்டு ரூபாய் எண்பது பைசா ஆகும் .,money
2069-3636,இரண்டாயிரத்து அறுபத்தொன்பது முதல் மூன்றாயிரத்து அறுநூற்று முப்பத்தாறு,range
960.9 என்பதை நினைவில் கொள்ளுங்கள்.,தொள்ளாயிரத்து அறுபது புள்ளி ஒன்பது என்பதை நினைவில் கொள்ளுங்கள் .,decimal
கூட்டம் 1947-05-07 அன்று நடந்தது.,கூட்டம் ஆயிரத்து தொள்ளாயிரத்து நாற்பத்தேழு மே ஏழு அன்று நடந்தது .,date
செய்தியில் ௧௦௦௦இல் என்று வந்தது.,செய்தியில் ஆயிரத்தில் என்று வந்தது .,cardinal
1657-3274 பேருக்கு $ 7028.24 செலவு ஆகும்.,ஆயிரத்து அறுநூற்று ஐம்பத்தேழு முதல் மூன்றாயிரத்து இருநூற்று எழுபத்துநான்கு பேருக்கு ஏழாயிரத்து இருபத்தெட்டு டாலர் இருபத்துநான்கு சென்ட் செலவு ஆகும் .,mixed
தொடர்புக்கு 6759557888.,தொடர்புக்கு ஆறு ஏழு ஐந்து ஒன்பது ஐந்து ஐந்து ஏழு எட்டு எட்டு எட்டு .,telephone
6683754733,ஆறு ஆறு எட்டு மூன்று ஏழு ஐந்து நான்கு ஏழு மூன்று மூன்று,telephone
அலுவலகம் 02:53 திறக்கும்.,அலுவலகம் இரண்டு மணி ஐம்பத்துமூன்று நிமிடம் திறக்கும் .,time
சராசரி 1.9 ஆகும்.,சராசரி ஒன்று புள்ளி ஒன்பது ஆகும் .,decimal
௧௧௮௯-௧௭௩௮,ஆயிரத்து நூற்றெண்பத்து ஒன்பது முதல் ஆயிரத்து எழுநூற்று முப்பத்தெட்டு,range
"எனக்கு 45,56,94,142 வயது.",எனக்கு நாற்பத்தைந்து கோடி ஐம்பத்தாறு இலட்சம் தொண்ணூற்றுநான்கு ஆயிரம் நூற்று நாற்பத்திரண்டு வயது .,cardinal
பெட்டியின் எடை 442 yr இருக்கும்.,பெட்டியின் எடை நானூற்று நாற்பத்திரண்டு ஆண்டு இருக்கும் .,measure
38682.25,முப்பத்தெட்டு ஆயிரம் அறுநூற்று எண்பத்திரண்டு புள்ளி இரண்டு ஐந்து,decimal
94%,தொண்ணூற்றுநான்கு சதவீதம்,whitelist
-6.0 சரியானது.,மைனஸ் ஆறு புள்ளி பூஜ்யம் சரியானது .,decimal
என் எண் 9752452331.,என் எண் ஒன்பது ஏழு ஐந்து இரண்டு நான்கு ஐந்து இரண்டு மூன்று மூன்று ஒன்று .,telephone
6/16 பற்றி பேசினோம்.,பதினாறில் ஆறு பற்றி பேசினோம் .,fraction
3:28:00 சரியானது.,மூன்று மணி இருபத்தெட்டு நிமிடம் சரியானது .,time
748.8 இலட்சம்,எழுநூற்று நாற்பத்தெட்டு புள்ளி எட்டு இலட்சம்,decimal
வளர்ச்சி விகிதம் 823.55 ஆக இருந்தது.,வளர்ச்சி விகிதம் எண்ணூற்று இருபத்துமூன்று புள்ளி ஐந்து ஐந்து ஆக இருந்தது .,decimal
¼ பங்கு அதாவது 8918km/h மட்டும் மீதம்.,நான்கில் ஒன்று பங்கு அதாவது எட்டாயிரத்து தொள்ளாயிரத்து பதினெட்டு கிலோமீட்டர் ஒரு மணி நேரத்திற்கு மட்டும் மீதம் .,mixed
இதில் 464GB குறிப்பிடப்பட்டுள்ளது.,இதில் நானூற்று அறுபத்துநான்கு கிகாபைட் குறிப்பிடப்பட்டுள்ளது .,measure
௭௪௦௩ லி.,ஏழாயிரத்து நானூற்று மூன்று லிட்டர்,measure
€8711.24 என்று எழுதப்பட்டுள்ளது.,எட்டாயிரத்து எழுநூற்றுப்பதினொன்று யூரோ இருபத்துநான்கு சென்ட் என்று எழுதப்பட்டுள்ளது .,money
௨௦௧௮-௦௧-௧௭ என்று எழுதப்பட்டுள்ளது.,இரண்டாயிரத்து பதினெட்டு ஜனவரி பதினேழு என்று எழுதப்பட்டுள்ளது .,date
இதில் Rs2467.43 குறிப்பிடப்பட்டுள்ளது.,இதில் இரண்டாயிரத்து நானூற்று அறுபத்தேழு ரூபாய் நாற்பத்துமூன்று பைசா குறிப்பிடப்பட்டுள்ளது .,money
18-07-1952,பதினெட்டு ஜூலை ஆயிரத்து தொள்ளாயிரத்து ஐம்பத்திரண்டு,date
செய்தியில் 20-04-1935 என்று வந்தது.,செய்தியில் இருபது ஏப்ரல் ஆயிரத்து தொள்ளாயிரத்து முப்பத்தைந்து என்று வந்தது .,date
இதில் 09:32 குறிப்பிடப்பட்டுள்ளது.,இதில் ஒன்பது மணி முப்பத்திரண்டு நிமிடம் குறிப்பிடப்பட்டுள்ளது .,time
௨௧:௨௩:௨௩,இருபத்தொன்று மணி இருபத்துமூன்று நிமிடம் இருபத்துமூன்று வினாடி,time
49%,நாற்பத்தொன்பது சதவீதம்,whitelist
அவன் ௧௦௦௦ல் முறை முயன்றான்.,அவன் ஆயிரத்தில் முறை முயன்றான் .,cardinal
67419.96 என்பதை நினைவில் கொள்ளுங்கள்.,அறுபத்தேழு ஆயிரம் நானூற்றுப்பத்தொன்பது புள்ளி ஒன்பது ஆறு என்பதை நினைவில் கொள்ளுங்கள் .,decimal
15 MB தண்ணீர் குடிக்க வேண்டும்.,பதினைந்து மெகாபைட் தண்ணீர் குடிக்க வேண்டும் .,measure
செய்தியில் 27/11/2082 என்று வந்தது.,செய்தியில் இருபத்தேழு நவம்பர் இரண்டாயிரத்து எண்பத்திரண்டு என்று வந்தது .,date
12:44 சாப்பிட வா.,பன்னிரண்டு மணி நாற்பத்துநான்கு நிமிடம் சாப்பிட வா .,time
அவன் ௨௨ முறை முயன்றான்.,அவன் இருபத்திரண்டு முறை முயன்றான் .,cardinal
கடிதத்தில் ¥ 0.31 இருந்தது.,கடிதத்தில் முப்பத்தொன்று சென் இருந்தது .,money
அவர் ௨௧௨ஆம் என்றார்.,அவர் இருநூற்றுப்பன்னிரண்டாம் என்றார் .,ordinal
"52,29,50,529",ஐம்பத்திரண்டு கோடி இருபத்தொன்பது இலட்சம் ஐம்பது ஆயிரம் ஐந்நூற்று இருபத்தொன்பது,cardinal
"£2,52,26,166.61",இரண்டு கோடி ஐம்பத்திரண்டு இலட்சம் இருபத்தாறு ஆயிரம் நூற்றறுபத்து ஆறு பவுண்ட் அறுபத்தொன்று பென்ஸ்,money
+91 6266174509,பிளஸ் ஒன்பது ஒன்று ஆறு இரண்டு ஆறு ஆறு ஒன்று ஏழு நான்கு ஐந்து பூஜ்யம் ஒன்பது,telephone
நிலத்தில் 1/2 பங்கு விற்றார்.,நிலத்தில் இரண்டில் ஒன்று பங்கு விற்றார் .,fraction
1518 கிலோ அரிசி வாங்கினேன்.,ஆயிரத்து ஐந்நூற்றுப்பதினெட்டு கிலோ அரிசி வாங்கினேன் .,cardinal
3/14 என்று எழுதப்பட்டுள்ளது.,பதினான்கில் மூன்று என்று எழுதப்பட்டுள்ளது .,fraction
7331666394,ஏழு மூன்று மூன்று ஒன்று ஆறு ஆறு ஆறு மூன்று ஒன்பது நான்கு,telephone
1316-2462 பக்கங்கள் படிக்கவும்.,ஆயிரத்து முந்நூற்றுப்பதினாறு முதல் இரண்டாயிரத்து நானூற்று அறுபத்திரண்டு பக்கங்கள் படிக்கவும் .,range
7302146715,ஏழு மூன்று பூஜ்யம் இரண்டு ஒன்று நான்கு ஆறு ஏழு ஒன்று ஐந்து,telephone
12×4=48 தள்ளுபடி உள்ளது.,பன்னிரண்டு பெருக்கல் நான்கு சமம் நாற்பத்தெட்டு தள்ளுபடி உள்ளது .,whitelist
௦௬,பூஜ்யம் ஆறு,cardinal
நேரம் 04:57:52 ஆகிவிட்டது.,நேரம் நான்கு மணி ஐம்பத்தேழு நிமிடம் ஐம்பத்திரண்டு வினாடி ஆகிவிட்டது .,time
கடிதத்தில் 861.287 இருந்தது.,கடிதத்தில் எண்ணூற்று அறுபத்தொன்று புள்ளி இரண்டு எட்டு ஏழு இருந்தது .,decimal
கடிதத்தில் 65.4 % இருந்தது.,கடிதத்தில் அறுபத்தைந்து புள்ளி நான்கு சதவீதம் இருந்தது .,whitelist
1271-2088 வயது குழந்தைகள் வரலாம்.,ஆயிரத்து இருநூற்று எழுபத்தொன்று முதல் இரண்டாயிரத்து எண்பத்தெட்டு வயது குழந்தைகள் வரலாம் .,range
"வண்டி எண் 615,044 ஆகும்.",வண்டி எண் ஆறு இலட்சம் பதினைந்து ஆயிரம் நாற்பத்துநான்கு ஆகும் .,cardinal
இதில் 14 24/60 பங்கு எனக்கு.,இதில் பதினான்கு மற்றும் அறுபதில் இருபத்துநான்கு பங்கு எனக்கு .,fraction
10/02/2070,பத்து பிப்ரவரி இரண்டாயிரத்து எழுபது,date
1/17 பங்கு அதாவது 6 mL மட்டும் மீதம்.,பதினேழில் ஒன்று பங்கு அதாவது ஆறு மில்லிலிட்டர் மட்டும் மீதம் .,mixed
01-02-2019,ஒன்று பிப்ரவரி இரண்டாயிரத்து பத்தொன்பது,date
இதில் ௪௬௩௮௮௫ குறிப்பிடப்பட்டுள்ளது.,இதில் நான்கு இலட்சம் அறுபத்துமூன்று ஆயிரம் எண்ணூற்று எண்பத்தைந்து குறிப்பிடப்பட்டுள்ளது .,cardinal
இதில் ₹17528/- குறிப்பிடப்பட்டுள்ளது.,இதில் பதினேழு ஆயிரம் ஐந்நூற்று இருபத்தெட்டு ரூபாய் குறிப்பிடப்பட்டுள்ளது .,money
௭௫௪௭ சரியானது.,ஏழாயிரத்து ஐந்நூற்று நாற்பத்தேழு சரியானது .,cardinal
31-12-2086 பற்றி பேசினோம்.,முப்பத்தொன்று டிசம்பர் இரண்டாயிரத்து எண்பத்தாறு பற்றி பேசினோம் .,date
அவர் 29145326 என்றார்.,அவர் இரண்டு கோடி தொண்ணூற்றொன்று இலட்சம் நாற்பத்தைந்து ஆயிரம் முந்நூற்று இருபத்தாறு என்றார் .,cardinal
மொத்தத்தில் 2/5 பங்கு.,மொத்தத்தில் ஐந்தில் இரண்டு பங்கு .,fraction
18:17:00 வரை -476054920 பேர் காத்திருந்தனர்.,பதினெட்டு மணி பதினேழு நிமிடம் வரை மைனஸ் நாற்பத்தேழு கோடி அறுபது இலட்சம் ஐம்பத்துநான்கு ஆயிரம் தொள்ளாயிரத்து இருபது பேர் காத்திருந்தனர் .,mixed
393,முந்நூற்றுத்தொண்ணூற்றுமூன்று,cardinal
"68,70,26,915",அறுபத்தெட்டு கோடி எழுபது இலட்சம் இருபத்தாறு ஆயிரம் தொள்ளாயிரத்து பதினைந்து,cardinal
கடிதத்தில் 08 இருந்தது.,கடிதத்தில் பூஜ்யம் எட்டு இருந்தது .,cardinal
இன்று 722 பேர் வருகை தந்தனர்.,இன்று எழுநூற்று இருபத்திரண்டு பேர் வருகை தந்தனர் .,cardinal
9769377369,ஒன்பது ஏழு ஆறு ஒன்பது மூன்று ஏழு ஏழு மூன்று ஆறு ஒன்பது,telephone
-99905,மைனஸ் தொண்ணூற்றொன்பது ஆயிரம் தொள்ளாயிரத்து ஐந்து,cardinal
11ஆம் சரியானது.,பதினொன்றாம் சரியானது .,ordinal
6954159 என்று எழுதப்பட்டுள்ளது.,அறுபத்தொன்பது இலட்சம் ஐம்பத்துநான்கு ஆயிரம் நூற்றைம்பத்து ஒன்பது என்று எழுதப்பட்டுள்ளது .,cardinal
22:44 மணிக்கு என்பதை நினைவில் கொள்ளுங்கள்.,இருபத்திரண்டு மணி நாற்பத்துநான்கு நிமிடம் என்பதை நினைவில் கொள்ளுங்கள் .,time
"80,82,11,593",எண்பது கோடி எண்பத்திரண்டு இலட்சம் பதினொன்று ஆயிரம் ஐந்நூற்றுத்தொண்ணூற்றுமூன்று,cardinal
60206.43,அறுபது ஆயிரம் இருநூற்று ஆறு புள்ளி நான்கு மூன்று,decimal
-௩௬௭ மாணவர்கள் 12:18 மணிக்கு வந்தனர்.,மைனஸ் முந்நூற்று அறுபத்தேழு மாணவர்கள் பன்னிரண்டு மணி பதினெட்டு நிமிடம் வந்தனர் .,mixed
827.4,எண்ணூற்று இருபத்தேழு புள்ளி நான்கு,decimal
5:48 மணிக்கு,ஐந்து மணி நாற்பத்தெட்டு நிமிடம்,time
2405170,இருபத்துநான்கு இலட்சம் ஐந்தாயிரத்து நூற்று எழுபது~இருபத்துநான்கு இலட்சம் ஐந்தாயிரத்து நூற்றெழுபது,cardinal
"செய்தியில் ௩,௬௬,௮௬,௬௮௪.௬௦ ரூ என்று வந்தது.",செய்தியில் மூன்று கோடி அறுபத்தாறு இலட்சம் எண்பத்தாறு ஆயிரம் அறுநூற்று எண்பத்துநான்கு ரூபாய் அறுபது பைசா என்று வந்தது .,money
5.6,ஐந்து புள்ளி ஆறு,decimal
₹ 712161321 என்று எழுதப்பட்டுள்ளது.,எழுபத்தொன்று கோடி இருபத்தொன்று இலட்சம் அறுபத்தொன்று ஆயிரம் முந்நூற்று இருபத்தொன்று ரூபாய் என்று எழுதப்பட்டுள்ளது .,money
"வண்டி எண் 295,115 ஆகும்.",வண்டி எண் இரண்டு இலட்சம் தொண்ணூற்றைந்து ஆயிரம் நூற்றுப்பதினைந்து ஆகும் .,cardinal
14-05-2072,பதினான்கு மே இரண்டாயிரத்து எழுபத்திரண்டு,date
இதில் 8850827346 குறிப்பிடப்பட்டுள்ளது.,இதில் எட்டு எட்டு ஐந்து பூஜ்யம் எட்டு இரண்டு ஏழு மூன்று நான்கு ஆறு குறிப்பிடப்பட்டுள்ளது .,telephone
"கட்டணம் Rs8,83,54,559.41 என அறிவித்தனர்.",கட்டணம் எட்டு கோடி எண்பத்துமூன்று இலட்சம் ஐம்பத்துநான்கு ஆயிரம் ஐந்நூற்று ஐம்பத்தொன்பது ரூபாய் நாற்பத்தொன்று பைசா என அறிவித்தனர் .,money
இன்று 74255 பேர் வருகை தந்தனர்.,இன்று எழுபத்துநான்கு ஆயிரம் இருநூற்று ஐம்பத்தைந்து பேர் வருகை தந்தனர் .,cardinal
9712,ஒன்பதாயிரத்து எழுநூற்றுப்பன்னிரண்டு,cardinal
அவர் 96வது இடம் பிடித்தார்.,அவர் தொண்ணூற்றாறாவது இடம் பிடித்தார் .,ordinal
இந்த நூலில் 27 பக்கங்கள் உள்ளன.,இந்த நூலில் இருபத்தேழு பக்கங்கள் உள்ளன .,cardinal
525வது,ஐந்நூற்று இருபத்தைந்தாவது,ordinal
கடிதத்தில் ௬௯௩ இருந்தது.,கடிதத்தில் அறுநூற்றுத்தொண்ணூற்றுமூன்று இருந்தது .,cardinal
அவள் 22 புத்தகங்கள் வாங்கினாள்.,அவள் இருபத்திரண்டு புத்தகங்கள் வாங்கினாள் .,cardinal
அவர் 01-31-2041 அன்று பிறந்தார்.,அவர் ஜனவரி முப்பத்தொன்று இரண்டாயிரத்து நாற்பத்தொன்று அன்று பிறந்தார் .,date
திருமணம் 10-09-2067 அன்று நடைபெறும்.,திருமணம் பத்து செப்டம்பர் இரண்டாயிரத்து அறுபத்தேழு அன்று நடைபெறும் .,date
அவன் 7ஆம் ஆண்டு படிக்கிறான்.,அவன் ஏழாம் ஆண்டு படிக்கிறான் .,ordinal
3 கி.கி. என்பதை நினைவில் கொள்ளுங்கள்.,மூன்று கிலோகிராம் என்பதை நினைவில் கொள்ளுங்கள் .,measure
புகார் எண் 9541231933 ஆகும்.,புகார் எண் ஒன்பது ஐந்து நான்கு ஒன்று இரண்டு மூன்று ஒன்று ஒன்பது மூன்று மூன்று ஆகும் .,telephone
3.415,மூன்று புள்ளி நான்கு ஒன்று ஐந்து,decimal
174-320,நூற்றெழுபத்து நான்கு முதல் முந்நூற்று இருபது,range
20/11/1991 பற்றி பேசினோம்.,இருபது நவம்பர் ஆயிரத்து தொள்ளாயிரத்து தொண்ணூற்றொன்று பற்றி பேசினோம் .,date
₹ 17/-,பதினேழு ரூபாய்,money
கடிதத்தில் 2003-07-31 இருந்தது.,கடிதத்தில் இரண்டாயிரத்து மூன்று ஜூலை முப்பத்தொன்று இருந்தது .,date
7053720,எழுபது இலட்சம் ஐம்பத்துமூன்று ஆயிரம் எழுநூற்று இருபது,cardinal
டாக். லதா,டாக்டர் லதா,whitelist
1509-2218 கிலோ எடை வேண்டும்.,ஆயிரத்து ஐந்நூற்று ஒன்பது முதல் இரண்டாயிரத்து இருநூற்றுப்பதினெட்டு கிலோ எடை வேண்டும் .,range
26321.769,இருபத்தாறு ஆயிரம் முந்நூற்று இருபத்தொன்று புள்ளி ஏழு ஆறு ஒன்பது,decimal
29-06-1941 என்று எழுதப்பட்டுள்ளது.,இருபத்தொன்பது ஜூன் ஆயிரத்து தொள்ளாயிரத்து நாற்பத்தொன்று என்று எழுதப்பட்டுள்ளது .,date
செய்தியில் 2000ல் என்று வந்தது.,செய்தியில் இரண்டாயிரத்தில் என்று வந்தது .,cardinal
21:01 என்று எழுதப்பட்டுள்ளது.,இருபத்தொன்று மணி ஒன்று நிமிடம் என்று எழுதப்பட்டுள்ளது .,time
¥ 5775,ஐந்தாயிரத்து எழுநூற்று எழுபத்தைந்து யென்,money
கடிதத்தில் ₹ 75.86 இருந்தது.,கடிதத்தில் எழுபத்தைந்து ரூபாய் எண்பத்தாறு பைசா இருந்தது .,money
௯.௩௧௨,ஒன்பது புள்ளி மூன்று ஒன்று இரண்டு,decimal
கடிதத்தில் 17:45 இருந்தது.,கடிதத்தில் பதினேழு மணி நாற்பத்தைந்து நிமிடம் இருந்தது .,time
91 g தண்ணீர் குடிக்க வேண்டும்.,தொண்ணூற்றொன்று கிராம் தண்ணீர் குடிக்க வேண்டும் .,measure
கடிதத்தில் ௩௪.௫௯ இருந்தது.,கடிதத்தில் முப்பத்துநான்கு புள்ளி ஐந்து ஒன்பது இருந்தது .,decimal
08-15-2003,ஆகஸ்ட் பதினைந்து இரண்டாயிரத்து மூன்று,date
அலுவலகம் ௦௪:௪௪ திறக்கும்.,அலுவலகம் நான்கு மணி நாற்பத்துநான்கு நிமிடம் திறக்கும் .,time
இதில் 5வது குறிப்பிடப்பட்டுள்ளது.,இதில் ஐந்தாவது குறிப்பிடப்பட்டுள்ளது .,ordinal
கூட்டம் ௨௪:௩௪:௩௪ தொடங்கும்.,கூட்டம் இருபத்துநான்கு மணி முப்பத்துநான்கு நிமிடம் முப்பத்துநான்கு வினாடி தொடங்கும் .,time
6859666913 என்பதை நினைவில் கொள்ளுங்கள்.,ஆறு எட்டு ஐந்து ஒன்பது ஆறு ஆறு ஆறு ஒன்பது ஒன்று மூன்று என்பதை நினைவில் கொள்ளுங்கள் .,telephone
செய்தியில் 2 5/14 என்று வந்தது.,செய்தியில் இரண்டு மற்றும் பதினான்கில் ஐந்து என்று வந்தது .,fraction
02-730152,பூஜ்யம் இரண்டு ஏழு மூன்று பூஜ்யம் ஒன்று ஐந்து இரண்டு,telephone
7°C,ஏழு டிகிரி செல்சியஸ்,measure
6467623856 என்று எழுதப்பட்டுள்ளது.,ஆறு நான்கு ஆறு ஏழு ஆறு இரண்டு மூன்று எட்டு ஐந்து ஆறு என்று எழுதப்பட்டுள்ளது .,telephone
கடிதத்தில் 9733648610 இருந்தது.,கடிதத்தில் ஒன்பது ஏழு மூன்று மூன்று ஆறு நான்கு எட்டு ஆறு ஒன்று பூஜ்யம் இருந்தது .,telephone
நேரம் 8:01:40 ஆகிவிட்டது.,நேரம் எட்டு மணி ஒன்று நிமிடம் நாற்பது வினாடி ஆகிவிட்டது .,time
இந்த சட்டை Rs8570 ஆகும்.,இந்த சட்டை எட்டாயிரத்து ஐந்நூற்று எழுபது ரூபாய் ஆகும் .~இந்த சட்டை எட்டாயிரத்து ஐந்நூற்றெழுபது ரூபாய் ஆகும் .,money
6×9=54,ஆறு பெருக்கல் ஒன்பது சமம் ஐம்பத்துநான்கு,whitelist
4/12 என்று எழுதப்பட்டுள்ளது.,பன்னிரண்டில் நான்கு என்று எழுதப்பட்டுள்ளது .,fraction
கூட்டம் 17-08-2001 அன்று நடந்தது.,கூட்டம் பதினேழு ஆகஸ்ட் இரண்டாயிரத்து ஒன்று அன்று நடந்தது .,date
பாத்திரத்தில் 5/18 பங்கு நீர் உள்ளது.,பாத்திரத்தில் பதினெட்டில் ஐந்து பங்கு நீர் உள்ளது .,fraction
அலுவலகம் 2:06 மணிக்கு திறக்கும்.,அலுவலகம் இரண்டு மணி ஆறு நிமிடம் திறக்கும் .,time
இஞ். பிரியா சரியானது.,இன்ஜினியர் பிரியா சரியானது .,whitelist
செய்தியில் 59 செ.மீ. என்று வந்தது.,செய்தியில் ஐம்பத்தொன்பது சென்டிமீட்டர் என்று வந்தது .,measure
250,இருநூற்று ஐம்பது~இருநூற்றைம்பது,cardinal
5391 பற்றி பேசினோம்.,ஐந்தாயிரத்து முந்நூற்றுத்தொண்ணூற்றொன்று பற்றி பேசினோம் .,cardinal
கடிதத்தில் +91 7634865459 இருந்தது.,கடிதத்தில் பிளஸ் ஒன்பது ஒன்று ஏழு ஆறு மூன்று நான்கு எட்டு ஆறு ஐந்து நான்கு ஐந்து ஒன்பது இருந்தது .,telephone
6 என்பதை நினைவில் கொள்ளுங்கள்.,ஆறு என்பதை நினைவில் கொள்ளுங்கள் .,cardinal
3ஆம்,மூன்றாம்,ordinal
806,எண்ணூற்று ஆறு,cardinal
8481046,எண்பத்துநான்கு இலட்சம் எண்பத்தொன்று ஆயிரம் நாற்பத்தாறு,cardinal
31 சரியானது.,முப்பத்தொன்று சரியானது .,cardinal
வண்டி எண் ௪௩௭ ஆகும்.,வண்டி எண் நானூற்று முப்பத்தேழு ஆகும் .,cardinal
"301,095",மூன்று இலட்சம் ஒன்று ஆயிரம் தொண்ணூற்றைந்து,cardinal
௯௧௫௨ஆம் என்பதை நினைவில் கொள்ளுங்கள்.,ஒன்பதாயிரத்து நூற்றைம்பத்து இரண்டாம் என்பதை நினைவில் கொள்ளுங்கள் .,ordinal
இதில் 3747 குறிப்பிடப்பட்டுள்ளது.,இதில் மூன்றாயிரத்து எழுநூற்று நாற்பத்தேழு குறிப்பிடப்பட்டுள்ளது .,cardinal
9ஆம்,ஒன்பதாம்,ordinal
பிறந்த நாள் 01.07.1980.,பிறந்த நாள் ஒன்று ஜூலை ஆயிரத்து தொள்ளாயிரத்து எண்பது .,date
௧௦௧௯வது கூட்டம் 1039-05-11 அன்று நடந்தது.,ஆயிரத்து பத்தொன்பதாவது கூட்டம் ஆயிரத்து முப்பத்தொன்பது மே பதினொன்று அன்று நடந்தது .,mixed
அவள் 43360 புத்தகங்கள் வாங்கினாள்.,அவள் நாற்பத்துமூன்று ஆயிரம் முந்நூற்று அறுபது புத்தகங்கள் வாங்கினாள் .~அவள் நாற்பத்துமூன்று ஆயிரம் முந்நூற்றறுபது புத்தகங்கள் வாங்கினாள் .,cardinal
68ஆம்,அறுபத்தெட்டாம்,ordinal
"€ 1,02,90,939.1",ஒரு கோடி இரண்டு இலட்சம் தொண்ணூறு ஆயிரம் தொள்ளாயிரத்து முப்பத்தொன்பது யூரோ பத்து சென்ட்,money
9413.42,ஒன்பதாயிரத்து நானூற்றுப்பதிமூன்று புள்ளி நான்கு இரண்டு,decimal
பிறந்த நாள் 06-06-2069.,பிறந்த நாள் ஆறு ஜூன் இரண்டாயிரத்து அறுபத்தொன்பது .,date
கடிதத்தில் 2.027 கோடி இருந்தது.,கடிதத்தில் இரண்டு புள்ளி பூஜ்யம் இரண்டு ஏழு கோடி இருந்தது .,decimal
9489.84doz,ஒன்பதாயிரத்து நானூற்று எண்பத்தொன்பது புள்ளி எட்டு நான்கு டஜன்,measure
மொத்தம் 15 மாணவர்கள் உள்ளனர்.,மொத்தம் பதினைந்து மாணவர்கள் உள்ளனர் .,cardinal
மொத்தத்தில் ௬௩/௧௭ பங்கு.,மொத்தத்தில் பதினேழில் அறுபத்துமூன்று பங்கு .,fraction
நாள் ௨௯-௦௬-௨௦௩௩ என்று குறிக்கப்பட்டுள்ளது.,நாள் இருபத்தொன்பது ஜூன் இரண்டாயிரத்து முப்பத்துமூன்று என்று குறிக்கப்பட்டுள்ளது .,date
எனக்கு 6801422842 வயது.,எனக்கு ஆறு எட்டு பூஜ்யம் ஒன்று நான்கு இரண்டு இரண்டு எட்டு நான்கு இரண்டு வயது .,cardinal
76,எழுபத்தாறு,cardinal
322 நாட்கள் ஆயிற்று.,முந்நூற்று இருபத்திரண்டு நாட்கள் ஆயிற்று .,cardinal
வளர்ச்சி விகிதம் 76207.574 ஆக இருந்தது.,வளர்ச்சி விகிதம் எழுபத்தாறு ஆயிரம் இருநூற்று ஏழு புள்ளி ஐந்து ஏழு நான்கு ஆக இருந்தது .,decimal
அலுவலக எண் 0527-008200.,அலுவலக எண் பூஜ்யம் ஐந்து இரண்டு ஏழு பூஜ்யம் பூஜ்யம் எட்டு இரண்டு பூஜ்யம் பூஜ்யம் .,telephone
13:00:35,பதிமூன்று மணி முப்பத்தைந்து வினாடி,time
இது 10வது முறை.,இது பத்தாவது முறை .,ordinal
இதில் ¥ 43.99 குறிப்பிடப்பட்டுள்ளது.,இதில் நாற்பத்துமூன்று யென் தொண்ணூற்றொன்பது சென் குறிப்பிடப்பட்டுள்ளது .,money
+918485794765 பற்றி பேசினோம்.,பிளஸ் ஒன்பது ஒன்று எட்டு நான்கு எட்டு ஐந்து ஏழு ஒன்பது நான்கு ஏழு ஆறு ஐந்து பற்றி பேசினோம் .,telephone
"531,333",ஐந்து இலட்சம் முப்பத்தொன்று ஆயிரம் முந்நூற்று முப்பத்துமூன்று,cardinal
வெப்பநிலை 116-175 டிகிரி இருக்கும்.,வெப்பநிலை நூற்றுப்பதினாறு முதல் நூற்றெழுபத்து ஐந்து டிகிரி இருக்கும் .,range
வெப்பநிலை 1948-3890 டிகிரி இருக்கும்.,வெப்பநிலை ஆயிரத்து தொள்ளாயிரத்து நாற்பத்தெட்டு முதல் மூன்றாயிரத்து எண்ணூற்றுத்தொண்ணூறு டிகிரி இருக்கும் .,range
14.12.2033 அன்று 2554 GB மழை பெய்தது.,பதினான்கு டிசம்பர் இரண்டாயிரத்து முப்பத்துமூன்று அன்று இரண்டாயிரத்து ஐந்நூற்று ஐம்பத்துநான்கு கிகாபைட் மழை பெய்தது .,mixed
46வது,நாற்பத்தாறாவது,ordinal
"அவர் 817,833 ஓட்டங்கள் எடுத்தார்.",அவர் எட்டு இலட்சம் பதினேழு ஆயிரம் எண்ணூற்று முப்பத்துமூன்று ஓட்டங்கள் எடுத்தார் .,cardinal
கடிதத்தில் 721 இருந்தது.,கடிதத்தில் எழுநூற்று இருபத்தொன்று இருந்தது .,cardinal
7.8,ஏழு புள்ளி எட்டு,decimal
௭:௧௮ என்பதை நினைவில் கொள்ளுங்கள்.,ஏழு மணி பதினெட்டு நிமிடம் என்பதை நினைவில் கொள்ளுங்கள் .,time
Rs3999.5,மூன்றாயிரத்து தொள்ளாயிரத்து தொண்ணூற்றொன்பது ரூபாய் ஐம்பது பைசா,money
11:31 மணிக்கு பற்றி பேசினோம்.,பதினொன்று மணி முப்பத்தொன்று நிமிடம் பற்றி பேசினோம் .,time
விமானம் 16:21 வந்தடையும்.,விமானம் பதினாறு மணி இருபத்தொன்று நிமிடம் வந்தடையும் .,time
$2185.86,இரண்டாயிரத்து நூற்றெண்பத்து ஐந்து டாலர் எண்பத்தாறு சென்ட்,money
435.0,நானூற்று முப்பத்தைந்து புள்ளி பூஜ்யம்,decimal
கடைசி தேதி 21-07-1910.,கடைசி தேதி இருபத்தொன்று ஜூலை ஆயிரத்து தொள்ளாயிரத்து பத்து .,date
௨௨,இருபத்திரண்டு,cardinal
மழை அளவு 58503.956 என பதிவானது.,மழை அளவு ஐம்பத்தெட்டு ஆயிரம் ஐந்நூற்று மூன்று புள்ளி ஒன்பது ஐந்து ஆறு என பதிவானது .,decimal
இதில் $0.71 குறிப்பிடப்பட்டுள்ளது.,இதில் எழுபத்தொன்று சென்ட் குறிப்பிடப்பட்டுள்ளது .,money
257,இருநூற்று ஐம்பத்தேழு,cardinal
71,எழுபத்தொன்று,cardinal
"41,25,88,840",நாற்பத்தொன்று கோடி இருபத்தைந்து இலட்சம் எண்பத்தெட்டு ஆயிரம் எண்ணூற்று நாற்பது,cardinal
18:17,பதினெட்டு மணி பதினேழு நிமிடம்,time
திருமணம் 27.03.2038 அன்று நடைபெறும்.,திருமணம் இருபத்தேழு மார்ச் இரண்டாயிரத்து முப்பத்தெட்டு அன்று நடைபெறும் .,date
Rs 66 என்பதை நினைவில் கொள்ளுங்கள்.,அறுபத்தாறு ரூபாய் என்பதை நினைவில் கொள்ளுங்கள் .,money
₹7,ஏழு ரூபாய்,money
23440 நாட்கள் ஆயிற்று.,இருபத்துமூன்று ஆயிரம் நானூற்று நாற்பது நாட்கள் ஆயிற்று .,cardinal
75209,எழுபத்தைந்து ஆயிரம் இருநூற்று ஒன்பது,cardinal
04/05/2053 என்பதை நினைவில் கொள்ளுங்கள்.,நான்கு மே இரண்டாயிரத்து ஐம்பத்துமூன்று என்பதை நினைவில் கொள்ளுங்கள் .,date
கடைசி தேதி 2009-06-22.,கடைசி தேதி இரண்டாயிரத்து ஒன்பது ஜூன் இருபத்திரண்டு .,date
கடிதத்தில் 0.5 இருந்தது.,கடிதத்தில் பூஜ்யம் புள்ளி ஐந்து இருந்தது .,decimal
54,ஐம்பத்துநான்கு,cardinal
9:00:07,ஒன்பது மணி ஏழு வினாடி,time
€5725240,ஐம்பத்தேழு இலட்சம் இருபத்தைந்து ஆயிரம் இருநூற்று நாற்பது யூரோ,money
24:27:24,இருபத்துநான்கு மணி இருபத்தேழு நிமிடம் இருபத்துநான்கு வினாடி,time
௨௫ KB,இருபத்தைந்து கிலோபைட்,measure
மழை அளவு 3.9 என பதிவானது.,மழை அளவு மூன்று புள்ளி ஒன்பது என பதிவானது .,decimal
2.29 yr,இரண்டு புள்ளி இரண்டு ஒன்பது ஆண்டு,measure
63 mg,அறுபத்துமூன்று மில்லிகிராம்,measure
6433.86km,ஆறாயிரத்து நானூற்று முப்பத்துமூன்று புள்ளி எட்டு ஆறு கிலோமீட்டர்,measure
"Rs.66,16,750.39",அறுபத்தாறு இலட்சம் பதினாறு ஆயிரம் எழுநூற்று ஐம்பது ரூபாய் முப்பத்தொன்பது பைசா~அறுபத்தாறு இலட்சம் பதினாறு ஆயிரம் எழுநூற்றைம்பது ரூபாய் முப்பத்தொன்பது பைசா,money
03-12-1970 அன்று 5600 பேர் வந்தனர்.,மூன்று டிசம்பர் ஆயிரத்து தொள்ளாயிரத்து எழுபது அன்று ஐந்தாயிரத்து அறுநூறு பேர் வந்தனர் .,mixed
விமானம் ௧௪:௫௯:௪௫ வந்தடையும்.,விமானம் பதினான்கு மணி ஐம்பத்தொன்பது நிமிடம் நாற்பத்தைந்து வினாடி வந்தடையும் .,time
"85,63,16,695 என்று எழுதப்பட்டுள்ளது.",எண்பத்தைந்து கோடி அறுபத்துமூன்று இலட்சம் பதினாறு ஆயிரம் அறுநூற்றுத்தொண்ணூற்றைந்து என்று எழுதப்பட்டுள்ளது .,cardinal
இதில் 9445226880 குறிப்பிடப்பட்டுள்ளது.,இதில் ஒன்பது நான்கு நான்கு ஐந்து இரண்டு இரண்டு ஆறு எட்டு எட்டு பூஜ்யம் குறிப்பிடப்பட்டுள்ளது .,telephone
இந்த மூட்டை ௧௮௭௦ மீ. எடை உள்ளது.,இந்த மூட்டை ஆயிரத்து எண்ணூற்று எழுபது மீட்டர் எடை உள்ளது .,measure
மொத்த மதிப்பெண் 7055.,மொத்த மதிப்பெண் ஏழாயிரத்து ஐம்பத்தைந்து .,cardinal
04-02-2033 அன்று மழை பெய்தது.,நான்கு பிப்ரவரி இரண்டாயிரத்து முப்பத்துமூன்று அன்று மழை பெய்தது .,date
இன்றைய விலை 95758.239 ஆக உயர்ந்தது.,இன்றைய விலை தொண்ணூற்றைந்து ஆயிரம் எழுநூற்று ஐம்பத்தெட்டு புள்ளி இரண்டு மூன்று ஒன்பது ஆக உயர்ந்தது .,decimal
61/70,எழுபதில் அறுபத்தொன்று,fraction
வெப்பநிலை 5 மீ. ஆக இருந்தது.,வெப்பநிலை ஐந்து மீட்டர் ஆக இருந்தது .,measure
கடிதத்தில் 70 மி.லி இருந்தது.,கடிதத்தில் எழுபது மில்லிலிட்டர் இருந்தது .,measure
233 நாட்கள் ஆயிற்று.,இருநூற்று முப்பத்துமூன்று நாட்கள் ஆயிற்று .,cardinal
11:00:34,பதினொன்று மணி முப்பத்துநான்கு வினாடி,time
அவள் 3ஆவது வகுப்பு படிக்கிறாள்.,அவள் மூன்றாவது வகுப்பு படிக்கிறாள் .,ordinal
நிகழ்ச்சி 11:26:58 ஒளிபரப்பாகும்.,நிகழ்ச்சி பதினொன்று மணி இருபத்தாறு நிமிடம் ஐம்பத்தெட்டு வினாடி ஒளிபரப்பாகும் .,time
10 நாட்கள் ஆயிற்று.,பத்து நாட்கள் ஆயிற்று .,cardinal
8:09,எட்டு மணி ஒன்பது நிமிடம்,time
09/05/2009,ஒன்பது மே இரண்டாயிரத்து ஒன்பது,date
41வது என்று எழுதப்பட்டுள்ளது.,நாற்பத்தொன்றாவது என்று எழுதப்பட்டுள்ளது .,ordinal
23.06.1968,இருபத்துமூன்று ஜூன் ஆயிரத்து தொள்ளாயிரத்து அறுபத்தெட்டு,date
233-435 பற்றி பேசினோம்.,இருநூற்று முப்பத்துமூன்று முதல் நானூற்று முப்பத்தைந்து பற்றி பேசினோம் .,range
4.0,நான்கு புள்ளி பூஜ்யம்,decimal
07-03-2716,ஏழு மார்ச் இரண்டாயிரத்து எழுநூற்றுப்பதினாறு,date
௭௧௯-௧௪௦௫ பேருக்கு € 2 செலவு ஆகும்.,எழுநூற்றுப்பத்தொன்பது முதல் ஆயிரத்து நானூற்று ஐந்து பேருக்கு இரண்டு யூரோ செலவு ஆகும் .,mixed
5 லி.,ஐந்து லிட்டர்,measure
6வது மாடியில் அலுவலகம் உள்ளது.,ஆறாவது மாடியில் அலுவலகம் உள்ளது .,ordinal
மொத்தம் 989 மாணவர்கள் உள்ளனர்.,மொத்தம் தொள்ளாயிரத்து எண்பத்தொன்பது மாணவர்கள் உள்ளனர் .,cardinal
மொத்தம் 1000ல் மாணவர்கள் உள்ளனர்.,மொத்தம் ஆயிரத்தில் மாணவர்கள் உள்ளனர் .,cardinal
நீளம் 835.642 ஆக இருந்தது.,நீளம் எண்ணூற்று முப்பத்தைந்து புள்ளி ஆறு நான்கு இரண்டு ஆக இருந்தது .,decimal
கூட்டம் 24:34 தொடங்கும்.,கூட்டம் இருபத்துநான்கு மணி முப்பத்துநான்கு நிமிடம் தொடங்கும் .,time
பதிவு தேதி 01-11-2078 ஆகும்.,பதிவு தேதி ஒன்று நவம்பர் இரண்டாயிரத்து எழுபத்தெட்டு ஆகும் .,date
இதில் 122 குறிப்பிடப்பட்டுள்ளது.,இதில் நூற்று இருபத்திரண்டு குறிப்பிடப்பட்டுள்ளது .,cardinal
14-11-2027,பதினான்கு நவம்பர் இரண்டாயிரத்து இருபத்தேழு,date
அவர் ₹37.93 செலுத்தினார்.,அவர் முப்பத்தேழு ரூபாய் தொண்ணூற்றுமூன்று பைசா செலுத்தினார் .,money
1910-12-02 முதல் விற்பனை தொடங்கும்.,ஆயிரத்து தொள்ளாயிரத்து பத்து டிசம்பர் இரண்டு முதல் விற்பனை தொடங்கும் .,date
நிலப்பரப்பு 36 oz ஆகும்.,நிலப்பரப்பு முப்பத்தாறு அவுன்ஸ் ஆகும் .,measure
19.06.1989,பத்தொன்பது ஜூன் ஆயிரத்து தொள்ளாயிரத்து எண்பத்தொன்பது,date
0511-35571726,பூஜ்யம் ஐந்து ஒன்று ஒன்று மூன்று ஐந்து ஐந்து ஏழு ஒன்று ஏழு இரண்டு ஆறு,telephone
பள்ளியில் 9574 ஆசிரியர்கள் உள்ளனர்.,பள்ளியில் ஒன்பதாயிரத்து ஐந்நூற்று எழுபத்துநான்கு ஆசிரியர்கள் உள்ளனர் .,cardinal
இன்றைய விலை 97288.295 ஆக உயர்ந்தது.,இன்றைய விலை தொண்ணூற்றேழு ஆயிரம் இருநூற்று எண்பத்தெட்டு புள்ளி இரண்டு ஒன்பது ஐந்து ஆக உயர்ந்தது .,decimal
௧௧ ௧௩/௨௦ பங்கு மாணவர்கள் தேர்ச்சி பெற்றனர்.,பதினொன்று மற்றும் இருபதில் பதிமூன்று பங்கு மாணவர்கள் தேர்ச்சி பெற்றனர் .,fraction
௧௭:௩௦:௦௦,பதினேழு மணி முப்பது நிமிடம்,time
அளவு 732.23 ஆக உள்ளது.,அளவு எழுநூற்று முப்பத்திரண்டு புள்ளி இரண்டு மூன்று ஆக உள்ளது .,decimal
1958-03-22,ஆயிரத்து தொள்ளாயிரத்து ஐம்பத்தெட்டு மார்ச் இருபத்திரண்டு,date
இதில் 654 குறிப்பிடப்பட்டுள்ளது.,இதில் அறுநூற்று ஐம்பத்துநான்கு குறிப்பிடப்பட்டுள்ளது .,cardinal
-2364 மாணவர்கள் 05:07 மணிக்கு வந்தனர்.,மைனஸ் இரண்டாயிரத்து முந்நூற்று அறுபத்துநான்கு மாணவர்கள் ஐந்து மணி ஏழு நிமிடம் வந்தனர் .,mixed
67,அறுபத்தேழு,cardinal
2541225,இருபத்தைந்து இலட்சம் நாற்பத்தொன்று ஆயிரம் இருநூற்று இருபத்தைந்து,cardinal
26.45oz,இருபத்தாறு புள்ளி நான்கு ஐந்து அவுன்ஸ்,measure
செய்தியில் 3 மீ. என்று வந்தது.,செய்தியில் மூன்று மீட்டர் என்று வந்தது .,measure
அவள் உயரம் ௯௯.௬ hr ஆகும்.,அவள் உயரம் தொண்ணூற்றொன்பது புள்ளி ஆறு மணி ஆகும் .,measure
புகார் எண் 04-5445827 ஆகும்.,புகார் எண் பூஜ்யம் நான்கு ஐந்து நான்கு நான்கு ஐந்து எட்டு இரண்டு ஏழு ஆகும் .,telephone
செய்தியில் 08-13-1902 என்று வந்தது.,செய்தியில் ஆகஸ்ட் பதிமூன்று ஆயிரத்து தொள்ளாயிரத்து இரண்டு என்று வந்தது .,date
கடிதத்தில் $58992 இருந்தது.,கடிதத்தில் ஐம்பத்தெட்டு ஆயிரம் தொள்ளாயிரத்து தொண்ணூற்றிரண்டு டாலர் இருந்தது .,money
நிகழ்ச்சி 17:00 ஒளிபரப்பாகும்.,நிகழ்ச்சி பதினேழு மணி ஒளிபரப்பாகும் .,time
"₹44,15,172",நாற்பத்துநான்கு இலட்சம் பதினைந்து ஆயிரம் நூற்றெழுபத்து இரண்டு ரூபாய்,money
1:54,ஒரு மணி ஐம்பத்துநான்கு நிமிடம்,time
அளவு 593.889 ஆக உள்ளது.,அளவு ஐந்நூற்றுத்தொண்ணூற்றுமூன்று புள்ளி எட்டு எட்டு ஒன்பது ஆக உள்ளது .,decimal
9399ல்,ஒன்பதாயிரத்து முந்நூற்றுத்தொண்ணூற்றொன்பதில்,cardinal
அந்த நிலம் £௯௧௮௯ விலை போனது.,அந்த நிலம் ஒன்பதாயிரத்து நூற்றெண்பத்து ஒன்பது பவுண்ட் விலை போனது .,money
20:15:06 மணிக்கு,இருபது மணி பதினைந்து நிமிடம் ஆறு வினாடி,time
அலுவலகம் ௧௧:௪௯:௦௦ திறக்கும்.,அலுவலகம் பதினொன்று மணி நாற்பத்தொன்பது நிமிடம் திறக்கும் .,time
பள்ளியில் 306 ஆசிரியர்கள் உள்ளனர்.,பள்ளியில் முந்நூற்று ஆறு ஆசிரியர்கள் உள்ளனர் .,cardinal
செய்தியில் 074-0213045 என்று வந்தது.,செய்தியில் பூஜ்யம் ஏழு நான்கு பூஜ்யம் இரண்டு ஒன்று மூன்று பூஜ்யம் நான்கு ஐந்து என்று வந்தது .,telephone
அவர் 7278.41ரூ. செலுத்தினார்.,அவர் ஏழாயிரத்து இருநூற்று எழுபத்தெட்டு ரூபாய் நாற்பத்தொன்று பைசா செலுத்தினார் .,money
அவள் 1000ல் புத்தகங்கள் வாங்கினாள்.,அவள் ஆயிரத்தில் புத்தகங்கள் வாங்கினாள் .,cardinal
கணக்கு 25% என்று வரும்.,கணக்கு இருபத்தைந்து சதவீதம் என்று வரும் .,whitelist
௧௧-௧௩-௧௯௯௮,நவம்பர் பதிமூன்று ஆயிரத்து தொள்ளாயிரத்து தொண்ணூற்றெட்டு,date
மொத்தத்தில் 4/70 பங்கு.,மொத்தத்தில் எழுபதில் நான்கு பங்கு .,fraction
அவன் 4.316 மதிப்பெண் பெற்றான்.,அவன் நான்கு புள்ளி மூன்று ஒன்று ஆறு மதிப்பெண் பெற்றான் .,decimal
11/07/2335,பதினொன்று ஜூலை இரண்டாயிரத்து முந்நூற்று முப்பத்தைந்து,date
சராசரி -2.351 ஆகும்.,சராசரி மைனஸ் இரண்டு புள்ளி மூன்று ஐந்து ஒன்று ஆகும் .,decimal
கட்டணம் ரூ.9503.5 என அறிவித்தனர்.,கட்டணம் ஒன்பதாயிரத்து ஐந்நூற்று மூன்று ரூபாய் ஐம்பது பைசா என அறிவித்தனர் .,money
40191.21 சரியானது.,நாற்பது ஆயிரம் நூற்றுத்தொண்ணூற்றொன்று புள்ளி இரண்டு ஒன்று சரியானது .,decimal
12:24 மணிக்கு,பன்னிரண்டு மணி இருபத்துநான்கு நிமிடம்,time
"௭௦,௧௩,௨௯,௭௬௪ பேருக்கு Rs 2488 கொடுத்தேன்.",எழுபது கோடி பதிமூன்று இலட்சம் இருபத்தொன்பது ஆயிரம் எழுநூற்று அறுபத்துநான்கு பேருக்கு இரண்டாயிரத்து நானூற்று எண்பத்தெட்டு ரூபாய் கொடுத்தேன் .,mixed
14-வது,பதினான்காவது,ordinal
"கட்டணம் ₹ 9,72,40,236 என அறிவித்தனர்.",கட்டணம் ஒன்பது கோடி எழுபத்திரண்டு இலட்சம் நாற்பது ஆயிரம் இருநூற்று முப்பத்தாறு ரூபாய் என அறிவித்தனர் .,money
859வது,எண்ணூற்று ஐம்பத்தொன்பதாவது,ordinal
32ஆம் கூட்டம் 11/02/2040 அன்று நடந்தது.,முப்பத்திரண்டாம் கூட்டம் பதினொன்று பிப்ரவரி இரண்டாயிரத்து நாற்பது அன்று நடந்தது .,mixed
மொத்தத்தில் 3 84/90 பங்கு.,மொத்தத்தில் மூன்று மற்றும் தொண்ணூறில் எண்பத்துநான்கு பங்கு .,fraction
51.97 l என்பதை நினைவில் கொள்ளுங்கள்.,ஐம்பத்தொன்று புள்ளி ஒன்பது ஏழு லிட்டர் என்பதை நினைவில் கொள்ளுங்கள் .,measure
அவள் 5 புத்தகங்கள் வாங்கினாள்.,அவள் ஐந்து புத்தகங்கள் வாங்கினாள் .,cardinal
மா. பிரியா,மாஸ்டர் பிரியா,whitelist
மதிப்பீடு 0.028.,மதிப்பீடு பூஜ்யம் புள்ளி பூஜ்யம் இரண்டு எட்டு .,decimal
௩௫௫௯ kg,மூன்றாயிரத்து ஐந்நூற்று ஐம்பத்தொன்பது கிலோகிராம்,measure
08 என்பதை நினைவில் கொள்ளுங்கள்.,பூஜ்யம் எட்டு என்பதை நினைவில் கொள்ளுங்கள் .,cardinal
விண்ணப்பம் 02-04-1593 அன்று அனுப்பப்பட்டது.,விண்ணப்பம் இரண்டு ஏப்ரல் ஆயிரத்து ஐந்நூற்றுத்தொண்ணூற்றுமூன்று அன்று அனுப்பப்பட்டது .,date
€ 87,எண்பத்தேழு யூரோ,money
4758ல்,நான்காயிரத்து எழுநூற்று ஐம்பத்தெட்டில்,cardinal
9529211939,ஒன்பது ஐந்து இரண்டு ஒன்பது இரண்டு ஒன்று ஒன்று ஒன்பது மூன்று ஒன்பது,telephone
இதில் 9552வது குறிப்பிடப்பட்டுள்ளது.,இதில் ஒன்பதாயிரத்து ஐந்நூற்று ஐம்பத்திரண்டாவது குறிப்பிடப்பட்டுள்ளது .,ordinal
இதில் 3.685 குறிப்பிடப்பட்டுள்ளது.,இதில் மூன்று புள்ளி ஆறு எட்டு ஐந்து குறிப்பிடப்பட்டுள்ளது .,decimal
1/11 பங்கு வேலை முடிந்தது.,பதினொன்றில் ஒன்று பங்கு வேலை முடிந்தது .,fraction
பெட்டியின் எடை 72 லி. இருக்கும்.,பெட்டியின் எடை எழுபத்திரண்டு லிட்டர் இருக்கும் .,measure
3.0 சரியானது.,மூன்று புள்ளி பூஜ்யம் சரியானது .,decimal
இதில் 18-09-2011 குறிப்பிடப்பட்டுள்ளது.,இதில் பதினெட்டு செப்டம்பர் இரண்டாயிரத்து பதினொன்று குறிப்பிடப்பட்டுள்ளது .,date
15:27:17,பதினைந்து மணி இருபத்தேழு நிமிடம் பதினேழு வினாடி,time
செய்தியில் 85 என்று வந்தது.,செய்தியில் எண்பத்தைந்து என்று வந்தது .,cardinal
"இந்த சட்டை $8,52,80,429 ஆகும்.",இந்த சட்டை எட்டு கோடி ஐம்பத்திரண்டு இலட்சம் எண்பது ஆயிரம் நானூற்று இருபத்தொன்பது டாலர் ஆகும் .,money
925641669,தொண்ணூற்றிரண்டு கோடி ஐம்பத்தாறு இலட்சம் நாற்பத்தொன்று ஆயிரம் அறுநூற்று அறுபத்தொன்பது,cardinal
"₹ 67,48,672/-",அறுபத்தேழு இலட்சம் நாற்பத்தெட்டு ஆயிரம் அறுநூற்று எழுபத்திரண்டு ரூபாய்,money
நிலத்தில் 47/80 பங்கு விற்றார்.,நிலத்தில் எண்பதில் நாற்பத்தேழு பங்கு விற்றார் .,fraction
18-11-2035,பதினெட்டு நவம்பர் இரண்டாயிரத்து முப்பத்தைந்து,date
719.82 கோடி சரியானது.,எழுநூற்றுப்பத்தொன்பது புள்ளி எட்டு இரண்டு கோடி சரியானது .,decimal
"இதில் Rs 9,24,46,898.1 குறிப்பிடப்பட்டுள்ளது.",இதில் ஒன்பது கோடி இருபத்துநான்கு இலட்சம் நாற்பத்தாறு ஆயிரம் எண்ணூற்றுத்தொண்ணூற்றெட்டு ரூபாய் பத்து பைசா குறிப்பிடப்பட்டுள்ளது .,money
அவர் 09/03/2046 என்றார்.,அவர் ஒன்பது மார்ச் இரண்டாயிரத்து நாற்பத்தாறு என்றார் .,date
செய்தியில் 431407111 என்று வந்தது.,செய்தியில் நாற்பத்துமூன்று கோடி பதினான்கு இலட்சம் ஏழாயிரத்து நூற்றுப்பதினொன்று என்று வந்தது .,cardinal
அவள் ௬௭௫வது வகுப்பு படிக்கிறாள்.,அவள் அறுநூற்று எழுபத்தைந்தாவது வகுப்பு படிக்கிறாள் .,ordinal
77 மி.லி.,எழுபத்தேழு மில்லிலிட்டர்,measure
6/10 சரியானது.,பத்தில் ஆறு சரியானது .,fraction
116,நூற்றுப்பதினாறு,cardinal
171.82 என்பதை நினைவில் கொள்ளுங்கள்.,நூற்றெழுபத்து ஒன்று புள்ளி எட்டு இரண்டு என்பதை நினைவில் கொள்ளுங்கள் .,decimal
₹ 22,இருபத்திரண்டு ரூபாய்,money
8996வது,எட்டாயிரத்து தொள்ளாயிரத்து தொண்ணூற்றாறாவது,ordinal
06-01-2058 அன்று மழை பெய்தது.,ஆறு ஜனவரி இரண்டாயிரத்து ஐம்பத்தெட்டு அன்று மழை பெய்தது .,date
21:00 மணிக்கு என்று எழுதப்பட்டுள்ளது.,இருபத்தொன்று மணி என்று எழுதப்பட்டுள்ளது .,time
வாடகை Rs68 /- ஆக உயர்ந்தது.,வாடகை அறுபத்தெட்டு ரூபாய் ஆக உயர்ந்தது .,money
11:19,பதினொன்று மணி பத்தொன்பது நிமிடம்,time
அவர் 49/70 என்றார்.,அவர் எழுபதில் நாற்பத்தொன்பது என்றார் .,fraction
எண் 982805 சரியானது.,எண் ஒன்பது இலட்சம் எண்பத்திரண்டு ஆயிரம் எண்ணூற்று ஐந்து சரியானது .,cardinal
-961.1,மைனஸ் தொள்ளாயிரத்து அறுபத்தொன்று புள்ளி ஒன்று,decimal
இதில் 8:14:13 மணிக்கு குறிப்பிடப்பட்டுள்ளது.,இதில் எட்டு மணி பதினான்கு நிமிடம் பதிமூன்று வினாடி குறிப்பிடப்பட்டுள்ளது .,time
09-05-1948,ஒன்பது மே ஆயிரத்து தொள்ளாயிரத்து நாற்பத்தெட்டு,date
விமானம் 22:51:17 மணிக்கு வந்தடையும்.,விமானம் இருபத்திரண்டு மணி ஐம்பத்தொன்று நிமிடம் பதினேழு வினாடி வந்தடையும் .,time
18:32,பதினெட்டு மணி முப்பத்திரண்டு நிமிடம்,time
3171 பற்றி பேசினோம்.,மூன்றாயிரத்து நூற்றெழுபத்து ஒன்று பற்றி பேசினோம் .,cardinal
4 கி.மீ,நான்கு கிலோமீட்டர்,measure
தேர்வு 04/04/2054 தேதியில் தொடங்கும்.,தேர்வு நான்கு ஏப்ரல் இரண்டாயிரத்து ஐம்பத்துநான்கு தேதியில் தொடங்கும் .,date
கூட்டம் 8:00 தொடங்கும்.,கூட்டம் எட்டு மணி தொடங்கும் .,time
22:19 மணிக்கு சரியானது.,இருபத்திரண்டு மணி பத்தொன்பது நிமிடம் சரியானது .,time
௬௮வது,அறுபத்தெட்டாவது,ordinal
5 கி.கி பற்றி பேசினோம்.,ஐந்து கிலோகிராம் பற்றி பேசினோம் .,measure
64-100,அறுபத்துநான்கு முதல் நூறு,range
"76,69,41,881",எழுபத்தாறு கோடி அறுபத்தொன்பது இலட்சம் நாற்பத்தொன்று ஆயிரம் எண்ணூற்று எண்பத்தொன்று,cardinal
30-12-2034 அன்று 7 மீ. மழை பெய்தது.,முப்பது டிசம்பர் இரண்டாயிரத்து முப்பத்துநான்கு அன்று ஏழு மீட்டர் மழை பெய்தது .,mixed
இதன் மதிப்பு 756.807 தான்.,இதன் மதிப்பு எழுநூற்று ஐம்பத்தாறு புள்ளி எட்டு பூஜ்யம் ஏழு தான் .,decimal
இதில் ௧௨ ௩/௫ பங்கு எனக்கு.,இதில் பன்னிரண்டு மற்றும் ஐந்தில் மூன்று பங்கு எனக்கு .,fraction
அவர் 59930.73 என்றார்.,அவர் ஐம்பத்தொன்பது ஆயிரம் தொள்ளாயிரத்து முப்பது புள்ளி ஏழு மூன்று என்றார் .,decimal
புகார் எண் +44 6033363747 ஆகும்.,புகார் எண் பிளஸ் நான்கு நான்கு ஆறு பூஜ்யம் மூன்று மூன்று மூன்று ஆறு மூன்று ஏழு நான்கு ஏழு ஆகும் .,telephone
16¾,பதினாறு மற்றும் நான்கில் மூன்று,fraction
05:55,ஐந்து மணி ஐம்பத்தைந்து நிமிடம்,time
இதில் +91 8514708709 குறிப்பிடப்பட்டுள்ளது.,இதில் பிளஸ் ஒன்பது ஒன்று எட்டு ஐந்து ஒன்று நான்கு ஏழு பூஜ்யம் எட்டு ஏழு பூஜ்யம் ஒன்பது குறிப்பிடப்பட்டுள்ளது .,telephone
"733,329 மாணவர்கள் 11:42 வந்தனர்.",ஏழு இலட்சம் முப்பத்துமூன்று ஆயிரம் முந்நூற்று இருபத்தொன்பது மாணவர்கள் பதினொன்று மணி நாற்பத்திரண்டு நிமிடம் வந்தனர் .,mixed
655.7,அறுநூற்று ஐம்பத்தைந்து புள்ளி ஏழு,decimal
விண்ணப்பம் 26-01-2812 அன்று அனுப்பப்பட்டது.,விண்ணப்பம் இருபத்தாறு ஜனவரி இரண்டாயிரத்து எண்ணூற்றுப்பன்னிரண்டு அன்று அனுப்பப்பட்டது .,date
16-05-2001 அன்று விடுமுறை.,பதினாறு மே இரண்டாயிரத்து ஒன்று அன்று விடுமுறை .,date
-57066.675 என்பதை நினைவில் கொள்ளுங்கள்.,மைனஸ் ஐம்பத்தேழு ஆயிரம் அறுபத்தாறு புள்ளி ஆறு ஏழு ஐந்து என்பதை நினைவில் கொள்ளுங்கள் .,decimal
இதில் 76/90 குறிப்பிடப்பட்டுள்ளது.,இதில் தொண்ணூறில் எழுபத்தாறு குறிப்பிடப்பட்டுள்ளது .,fraction
3:52 என்பதை நினைவில் கொள்ளுங்கள்.,மூன்று மணி ஐம்பத்திரண்டு நிமிடம் என்பதை நினைவில் கொள்ளுங்கள் .,time
48606.649 சரியானது.,நாற்பத்தெட்டு ஆயிரம் அறுநூற்று ஆறு புள்ளி ஆறு நான்கு ஒன்பது சரியானது .,decimal
௧௯-௦௪-௨௦௪௧,பத்தொன்பது ஏப்ரல் இரண்டாயிரத்து நாற்பத்தொன்று,date
-2006,மைனஸ் இரண்டாயிரத்து ஆறு,cardinal
அவர் 15:47:00 மணிக்கு என்றார்.,அவர் பதினைந்து மணி நாற்பத்தேழு நிமிடம் என்றார் .,time
14-10-2071 அன்று ரூ௫௧.௧௭ செலுத்தினேன்.,பதினான்கு அக்டோபர் இரண்டாயிரத்து எழுபத்தொன்று அன்று ஐம்பத்தொன்று ரூபாய் பதினேழு பைசா செலுத்தினேன் .,mixed
5.868 பற்றி பேசினோம்.,ஐந்து புள்ளி எட்டு ஆறு எட்டு பற்றி பேசினோம் .,decimal
6724,ஆறாயிரத்து எழுநூற்று இருபத்துநான்கு,cardinal
அவள் உயரம் ௩௮௫௦ கி.மீ ஆகும்.,அவள் உயரம் மூன்றாயிரத்து எண்ணூற்று ஐம்பது கிலோமீட்டர் ஆகும் .,measure
அலுவலக எண் 7544492187.,அலுவலக எண் ஏழு ஐந்து நான்கு நான்கு நான்கு ஒன்பது இரண்டு ஒன்று எட்டு ஏழு .,telephone
29/70 பங்கு மாணவர்கள் தேர்ச்சி பெற்றனர்.,எழுபதில் இருபத்தொன்பது பங்கு மாணவர்கள் தேர்ச்சி பெற்றனர் .,fraction
மொத்த செலவு ரூ. ௬௪௪௨.,மொத்த செலவு ஆறாயிரத்து நானூற்று நாற்பத்திரண்டு ரூபாய் .,money
8878வது,எட்டாயிரத்து எண்ணூற்று எழுபத்தெட்டாவது,ordinal
5:10,ஐந்து மணி பத்து நிமிடம்,time
கடிதத்தில் +91 8347750341 இருந்தது.,கடிதத்தில் பிளஸ் ஒன்பது ஒன்று எட்டு மூன்று நான்கு ஏழு ஏழு ஐந்து பூஜ்யம் மூன்று நான்கு ஒன்று இருந்தது .,telephone
1000ல்,ஆயிரத்தில்,cardinal
8277 கி.மீ என்பதை நினைவில் கொள்ளுங்கள்.,எட்டாயிரத்து இருநூற்று எழுபத்தேழு கிலோமீட்டர் என்பதை நினைவில் கொள்ளுங்கள் .,measure
35.11min,முப்பத்தைந்து புள்ளி ஒன்று ஒன்று நிமிடம்,measure
+657662746707 என்பதை நினைவில் கொள்ளுங்கள்.,பிளஸ் ஆறு ஐந்து ஏழு ஆறு ஆறு இரண்டு ஏழு நான்கு ஆறு ஏழு பூஜ்யம் ஏழு என்பதை நினைவில் கொள்ளுங்கள் .,telephone
அவர் 995.5 என்றார்.,அவர் தொள்ளாயிரத்து தொண்ணூற்றைந்து புள்ளி ஐந்து என்றார் .,decimal
அவர் 266 என்றார்.,அவர் இருநூற்று அறுபத்தாறு என்றார் .,cardinal
2073-02-27,இரண்டாயிரத்து எழுபத்துமூன்று பிப்ரவரி இருபத்தேழு,date
செய்தியில் 473400385 என்று வந்தது.,செய்தியில் நாற்பத்தேழு கோடி முப்பத்துநான்கு இலட்சம் முந்நூற்று எண்பத்தைந்து என்று வந்தது .,cardinal
அவர் 24 என்றார்.,அவர் இருபத்துநான்கு என்றார் .,cardinal
வண்டி எண் -4 ஆகும்.,வண்டி எண் மைனஸ் நான்கு ஆகும் .,cardinal
374.781,முந்நூற்று எழுபத்துநான்கு புள்ளி ஏழு எட்டு ஒன்று,decimal
57349,ஐம்பத்தேழு ஆயிரம் முந்நூற்று நாற்பத்தொன்பது,cardinal
Rs.475,நானூற்று எழுபத்தைந்து ரூபாய்,money
ரூ.191,நூற்றுத்தொண்ணூற்றொன்று ரூபாய்,money
23248,இருபத்துமூன்று ஆயிரம் இருநூற்று நாற்பத்தெட்டு,cardinal
1070-1146,ஆயிரத்து எழுபது முதல் ஆயிரத்து நூற்று நாற்பத்தாறு,range
7263.3 KB என்பதை நினைவில் கொள்ளுங்கள்.,ஏழாயிரத்து இருநூற்று அறுபத்துமூன்று புள்ளி மூன்று கிலோபைட் என்பதை நினைவில் கொள்ளுங்கள் .,measure
₹52,ஐம்பத்திரண்டு ரூபாய்,money
3 hr,மூன்று மணி,measure
₹ 392 சரியானது.,முந்நூற்றுத்தொண்ணூற்றிரண்டு ரூபாய் சரியானது .,money
31142.8 பற்றி பேசினோம்.,முப்பத்தொன்று ஆயிரம் நூற்று நாற்பத்திரண்டு புள்ளி எட்டு பற்றி பேசினோம் .,decimal
392,முந்நூற்றுத்தொண்ணூற்றிரண்டு,cardinal
"மொத்த செலவு Rs.3,99,06,479.",மொத்த செலவு மூன்று கோடி தொண்ணூற்றொன்பது இலட்சம் ஆறாயிரத்து நானூற்று எழுபத்தொன்பது ரூபாய் .,money
20-08-1904,இருபது ஆகஸ்ட் ஆயிரத்து தொள்ளாயிரத்து நான்கு,date
05-13-2047,மே பதிமூன்று இரண்டாயிரத்து நாற்பத்தேழு,date
௪௩௦௮௫௨௦௪௨௦,நான்கு மூன்று பூஜ்யம் எட்டு ஐந்து இரண்டு பூஜ்யம் நான்கு இரண்டு பூஜ்யம்,cardinal
விண்ணப்பம் 30-06-2019 அன்று அனுப்பப்பட்டது.,விண்ணப்பம் முப்பது ஜூன் இரண்டாயிரத்து பத்தொன்பது அன்று அனுப்பப்பட்டது .,date
673ஆவது என்று எழுதப்பட்டுள்ளது.,அறுநூற்று எழுபத்துமூன்றாவது என்று எழுதப்பட்டுள்ளது .,ordinal
கூட்டத்தில் 80859 பேர் வந்தனர்.,கூட்டத்தில் எண்பது ஆயிரம் எண்ணூற்று ஐம்பத்தொன்பது பேர் வந்தனர் .,cardinal
528.665,ஐந்நூற்று இருபத்தெட்டு புள்ளி ஆறு ஆறு ஐந்து,decimal
"௧௦௮௮-௧௩௬௨ பேருக்கு €7,24,48,087 செலவு ஆகும்.",ஆயிரத்து எண்பத்தெட்டு முதல் ஆயிரத்து முந்நூற்று அறுபத்திரண்டு பேருக்கு ஏழு கோடி இருபத்துநான்கு இலட்சம் நாற்பத்தெட்டு ஆயிரம் எண்பத்தேழு யூரோ செலவு ஆகும் .,mixed
8738ஆவது,எட்டாயிரத்து எழுநூற்று முப்பத்தெட்டாவது,ordinal
கூட்டத்தில் 800 பேர் வந்தனர்.,கூட்டத்தில் எண்ணூறு பேர் வந்தனர் .,cardinal
746வது,எழுநூற்று நாற்பத்தாறாவது,ordinal
2024-03-05 என்று எழுதப்பட்டுள்ளது.,இரண்டாயிரத்து இருபத்துநான்கு மார்ச் ஐந்து என்று எழுதப்பட்டுள்ளது .,date
௨௯-௧௦-௨௦௫௭,இருபத்தொன்பது அக்டோபர் இரண்டாயிரத்து ஐம்பத்தேழு,date
௮௯-௧௫௫ பேருக்கு $ 934 செலவு ஆகும்.,எண்பத்தொன்பது முதல் நூற்றைம்பத்து ஐந்து பேருக்கு தொள்ளாயிரத்து முப்பத்துநான்கு டாலர் செலவு ஆகும் .,mixed
6372 கிலோ அரிசி வாங்கினேன்.,ஆறாயிரத்து முந்நூற்று எழுபத்திரண்டு கிலோ அரிசி வாங்கினேன் .,cardinal
09/07/1961 பற்றி பேசினோம்.,ஒன்பது ஜூலை ஆயிரத்து தொள்ளாயிரத்து அறுபத்தொன்று பற்றி பேசினோம் .,date
98-132,தொண்ணூற்றெட்டு முதல் நூற்று முப்பத்திரண்டு,range
வாடகை Rs. 23 ஆக உயர்ந்தது.,வாடகை இருபத்துமூன்று ரூபாய் ஆக உயர்ந்தது .,money
759இல்,எழுநூற்று ஐம்பத்தொன்பதில்,cardinal
10/12/1968 அன்று மழை பெய்தது.,பத்து டிசம்பர் ஆயிரத்து தொள்ளாயிரத்து அறுபத்தெட்டு அன்று மழை பெய்தது .,date
கடிதத்தில் 84832.8 இருந்தது.,கடிதத்தில் எண்பத்துநான்கு ஆயிரம் எண்ணூற்று முப்பத்திரண்டு புள்ளி எட்டு இருந்தது .,decimal
51,ஐம்பத்தொன்று,cardinal
௪௭௧,நானூற்று எழுபத்தொன்று,cardinal
+971 8200541804,பிளஸ் ஒன்பது ஏழு ஒன்று எட்டு இரண்டு பூஜ்யம் பூஜ்யம் ஐந்து நான்கு ஒன்று எட்டு பூஜ்யம் நான்கு,telephone
14433.418,பதினான்கு ஆயிரம் நானூற்று முப்பத்துமூன்று புள்ளி நான்கு ஒன்று எட்டு,decimal
அவர் 50 ha என்றார்.,அவர் ஐம்பது ஹெக்டேர் என்றார் .,measure
26-11-1928 அன்று Rs 83 செலுத்தினேன்.,இருபத்தாறு நவம்பர் ஆயிரத்து தொள்ளாயிரத்து இருபத்தெட்டு அன்று எண்பத்துமூன்று ரூபாய் செலுத்தினேன் .,mixed
அவர் 9143ஆம் இடம் பிடித்தார்.,அவர் ஒன்பதாயிரத்து நூற்று நாற்பத்துமூன்றாம் இடம் பிடித்தார் .,ordinal
14431,பதினான்கு ஆயிரம் நானூற்று முப்பத்தொன்று,cardinal
"விலை $ ௭,௫௬,௬௯,௭௮௪.௯௯ மட்டும்.",விலை ஏழு கோடி ஐம்பத்தாறு இலட்சம் அறுபத்தொன்பது ஆயிரம் எழுநூற்று எண்பத்துநான்கு டாலர் தொண்ணூற்றொன்பது சென்ட் மட்டும் .,money
8006855868,எட்டு பூஜ்யம் பூஜ்யம் ஆறு எட்டு ஐந்து ஐந்து எட்டு ஆறு எட்டு,telephone
84இல்,எண்பத்துநான்கில்,cardinal
3310366504749,மூன்று மூன்று ஒன்று பூஜ்யம் மூன்று ஆறு ஆறு ஐந்து பூஜ்யம் நான்கு ஏழு நான்கு ஒன்பது,cardinal
செய்தியில் 8181748033 என்று வந்தது.,செய்தியில் எட்டு ஒன்று எட்டு ஒன்று ஏழு நான்கு எட்டு பூஜ்யம் மூன்று மூன்று என்று வந்தது .,telephone
216 நாட்கள் ஆயிற்று.,இருநூற்றுப்பதினாறு நாட்கள் ஆயிற்று .,cardinal
5/100,நூறில் ஐந்து,fraction
77% என்பது சரி.,எழுபத்தேழு சதவீதம் என்பது சரி .,whitelist
18-10-1948,பதினெட்டு அக்டோபர் ஆயிரத்து தொள்ளாயிரத்து நாற்பத்தெட்டு,date
9654,ஒன்பதாயிரத்து அறுநூற்று ஐம்பத்துநான்கு,cardinal
௨௦௧௩-௩௧௮௫ பேருக்கு £ 0.49 செலவு ஆகும்.,இரண்டாயிரத்து பதிமூன்று முதல் மூன்றாயிரத்து நூற்றெண்பத்து ஐந்து பேருக்கு நாற்பத்தொன்பது பென்ஸ் செலவு ஆகும் .,mixed
கடிதத்தில் 1882-3077 இருந்தது.,கடிதத்தில் ஆயிரத்து எண்ணூற்று எண்பத்திரண்டு முதல் மூன்றாயிரத்து எழுபத்தேழு இருந்தது .,range
கடிதத்தில் 3:39:54 இருந்தது.,கடிதத்தில் மூன்று மணி முப்பத்தொன்பது நிமிடம் ஐம்பத்துநான்கு வினாடி இருந்தது .,time
செய்தியில் 22:45 என்று வந்தது.,செய்தியில் இருபத்திரண்டு மணி நாற்பத்தைந்து நிமிடம் என்று வந்தது .,time
25-02-2097,இருபத்தைந்து பிப்ரவரி இரண்டாயிரத்து தொண்ணூற்றேழு,date
௦௫-௧௩-௨௦௧௬,மே பதிமூன்று இரண்டாயிரத்து பதினாறு,date
அவர் 03-03-1930 அன்று பிறந்தார்.,அவர் மூன்று மார்ச் ஆயிரத்து தொள்ளாயிரத்து முப்பது அன்று பிறந்தார் .,date
விமானம் 20:55 மணிக்கு வந்தடையும்.,விமானம் இருபது மணி ஐம்பத்தைந்து நிமிடம் வந்தடையும் .,time
992வது,தொள்ளாயிரத்து தொண்ணூற்றிரண்டாவது,ordinal
+91 9524083238,பிளஸ் ஒன்பது ஒன்று ஒன்பது ஐந்து இரண்டு நான்கு பூஜ்யம் எட்டு மூன்று இரண்டு மூன்று எட்டு,telephone
3/30 என்று எழுதப்பட்டுள்ளது.,முப்பதில் மூன்று என்று எழுதப்பட்டுள்ளது .,fraction
அவன் 709வது ஆண்டு படிக்கிறான்.,அவன் எழுநூற்று ஒன்பதாவது ஆண்டு படிக்கிறான் .,ordinal
88/100 பங்கு வேலை முடிந்தது.,நூறில் எண்பத்தெட்டு பங்கு வேலை முடிந்தது .,fraction
50877,ஐம்பது ஆயிரம் எண்ணூற்று எழுபத்தேழு,cardinal
வண்டி எண் 559633935 ஆகும்.,வண்டி எண் ஐம்பத்தைந்து கோடி தொண்ணூற்றாறு இலட்சம் முப்பத்துமூன்று ஆயிரம் தொள்ளாயிரத்து முப்பத்தைந்து ஆகும் .,cardinal
அலுவலக எண் 8045396231.,அலுவலக எண் எட்டு பூஜ்யம் நான்கு ஐந்து மூன்று ஒன்பது ஆறு இரண்டு மூன்று ஒன்று .,telephone
ரயில் 10:03 புறப்படும்.,ரயில் பத்து மணி மூன்று நிமிடம் புறப்படும் .,time
வெப்பநிலை 60 MW ஆக இருந்தது.,வெப்பநிலை அறுபது மெகாவாட் ஆக இருந்தது .,measure
திருமணம் 17-07-2091 அன்று நடைபெறும்.,திருமணம் பதினேழு ஜூலை இரண்டாயிரத்து தொண்ணூற்றொன்று அன்று நடைபெறும் .,date
6 17/90,ஆறு மற்றும் தொண்ணூறில் பதினேழு,fraction
18:39,பதினெட்டு மணி முப்பத்தொன்பது நிமிடம்,time
அவன் 38523.42 மதிப்பெண் பெற்றான்.,அவன் முப்பத்தெட்டு ஆயிரம் ஐந்நூற்று இருபத்துமூன்று புள்ளி நான்கு இரண்டு மதிப்பெண் பெற்றான் .,decimal
ரயில் 21:22 மணிக்கு புறப்படும்.,ரயில் இருபத்தொன்று மணி இருபத்திரண்டு நிமிடம் புறப்படும் .,time
வகுப்பு ௧:௨௨ முடியும்.,வகுப்பு ஒரு மணி இருபத்திரண்டு நிமிடம் முடியும் .,time
விலை ரூ8611760.56 மட்டும்.,விலை எண்பத்தாறு இலட்சம் பதினொன்று ஆயிரம் எழுநூற்று அறுபது ரூபாய் ஐம்பத்தாறு பைசா மட்டும் .~விலை எண்பத்தாறு இலட்சம் பதினொன்று ஆயிரம் எழுநூற்றறுபது ரூபாய் ஐம்பத்தாறு பைசா மட்டும் .,money
௧௧:௩௬:௪௧,பதினொன்று மணி முப்பத்தாறு நிமிடம் நாற்பத்தொன்று வினாடி,time
"97,31,33,447",தொண்ணூற்றேழு கோடி முப்பத்தொன்று இலட்சம் முப்பத்துமூன்று ஆயிரம் நானூற்று நாற்பத்தேழு,cardinal
௯௦௯வது கூட்டம் 2097-10-04 அன்று நடந்தது.,தொள்ளாயிரத்து ஒன்பதாவது கூட்டம் இரண்டாயிரத்து தொண்ணூற்றேழு அக்டோபர் நான்கு அன்று நடந்தது .,mixed
36 கிலோ அரிசி வாங்கினேன்.,முப்பத்தாறு கிலோ அரிசி வாங்கினேன் .,cardinal
கூட்டம் 1281-11-16 அன்று நடந்தது.,கூட்டம் ஆயிரத்து இருநூற்று எண்பத்தொன்று நவம்பர் பதினாறு அன்று நடந்தது .,date
21-27,இருபத்தொன்று முதல் இருபத்தேழு,range
கட்டணம் £6467.19 என அறிவித்தனர்.,கட்டணம் ஆறாயிரத்து நானூற்று அறுபத்தேழு பவுண்ட் பத்தொன்பது பென்ஸ் என அறிவித்தனர் .,money
92869,தொண்ணூற்றிரண்டு ஆயிரம் எண்ணூற்று அறுபத்தொன்பது,cardinal
32%,முப்பத்திரண்டு சதவீதம்,whitelist
945,தொள்ளாயிரத்து நாற்பத்தைந்து,cardinal
9657395028 பற்றி பேசினோம்.,ஒன்பது ஆறு ஐந்து ஏழு மூன்று ஒன்பது ஐந்து பூஜ்யம் இரண்டு எட்டு பற்றி பேசினோம் .,telephone
செய்தியில் 06:00 என்று வந்தது.,செய்தியில் ஆறு மணி என்று வந்தது .,time
பெட்டியின் எடை 4.46 கி.மீ. இருக்கும்.,பெட்டியின் எடை நான்கு புள்ளி நான்கு ஆறு கிலோமீட்டர் இருக்கும் .,measure
29-03-2022,இருபத்தொன்பது மார்ச் இரண்டாயிரத்து இருபத்திரண்டு,date
கடிதத்தில் 12ஆம் இருந்தது.,கடிதத்தில் பன்னிரண்டாம் இருந்தது .,ordinal
19:19,பத்தொன்பது மணி பத்தொன்பது நிமிடம்,time
இன்று 118661405 பேர் வருகை தந்தனர்.,இன்று பதினொன்று கோடி எண்பத்தாறு இலட்சம் அறுபத்தொன்று ஆயிரம் நானூற்று ஐந்து பேர் வருகை தந்தனர் .,cardinal
7320 கி.மீ.,ஏழாயிரத்து முந்நூற்று இருபது கிலோமீட்டர்,measure
2003-06-04,இரண்டாயிரத்து மூன்று ஜூன் நான்கு,date
8639568025,எட்டு ஆறு மூன்று ஒன்பது ஐந்து ஆறு எட்டு பூஜ்யம் இரண்டு ஐந்து,telephone
அவன் வீட்டுக்கு சென்றான்.,அவன் வீட்டுக்கு சென்றான் .,word
-9717375,மைனஸ் தொண்ணூற்றேழு இலட்சம் பதினேழு ஆயிரம் முந்நூற்று எழுபத்தைந்து,cardinal
பேருந்து 1:45 கிளம்பும்.,பேருந்து ஒரு மணி நாற்பத்தைந்து நிமிடம் கிளம்பும் .,time
"இதில் 44,40,21,401 குறிப்பிடப்பட்டுள்ளது.",இதில் நாற்பத்துநான்கு கோடி நாற்பது இலட்சம் இருபத்தொன்று ஆயிரம் நானூற்று ஒன்று குறிப்பிடப்பட்டுள்ளது .,cardinal
11:22 மணிக்கு,பதினொன்று மணி இருபத்திரண்டு நிமிடம்,time
30-06-2518,முப்பது ஜூன் இரண்டாயிரத்து ஐந்நூற்றுப்பதினெட்டு,date
இந்த நூலில் 7841221 பக்கங்கள் உள்ளன.,இந்த நூலில் எழுபத்தெட்டு இலட்சம் நாற்பத்தொன்று ஆயிரம் இருநூற்று இருபத்தொன்று பக்கங்கள் உள்ளன .,cardinal
அவர் €37.36 செலுத்தினார்.,அவர் முப்பத்தேழு யூரோ முப்பத்தாறு சென்ட் செலுத்தினார் .,money
9:18 சாப்பிட வா.,ஒன்பது மணி பதினெட்டு நிமிடம் சாப்பிட வா .,time
மதிப்பீடு 870.17.,மதிப்பீடு எண்ணூற்று எழுபது புள்ளி ஒன்று ஏழு .,decimal
8666 ft,எட்டாயிரத்து அறுநூற்று அறுபத்தாறு அடி,measure
கடிதத்தில் 1226 கி.கி. இருந்தது.,கடிதத்தில் ஆயிரத்து இருநூற்று இருபத்தாறு கிலோகிராம் இருந்தது .,measure
1 லி.,ஒரு லிட்டர்,measure
4086,நான்காயிரத்து எண்பத்தாறு,cardinal
அந்த ஊரில் 69 வீடுகள் உள்ளன.,அந்த ஊரில் அறுபத்தொன்பது வீடுகள் உள்ளன .,cardinal
12:21 மணிக்கு என்பதை நினைவில் கொள்ளுங்கள்.,பன்னிரண்டு மணி இருபத்தொன்று நிமிடம் என்பதை நினைவில் கொள்ளுங்கள் .,time
2/9 பங்கு வேலை முடிந்தது.,ஒன்பதில் இரண்டு பங்கு வேலை முடிந்தது .,fraction
7824544464 என்று எழுதப்பட்டுள்ளது.,ஏழு எட்டு இரண்டு நான்கு ஐந்து நான்கு நான்கு நான்கு ஆறு நான்கு என்று எழுதப்பட்டுள்ளது .,telephone
செய்தியில் +91 9982272244 என்று வந்தது.,செய்தியில் பிளஸ் ஒன்பது ஒன்று ஒன்பது ஒன்பது எட்டு இரண்டு இரண்டு ஏழு இரண்டு இரண்டு நான்கு நான்கு என்று வந்தது .,telephone
இந்த நூலில் 451 பக்கங்கள் உள்ளன.,இந்த நூலில் நானூற்று ஐம்பத்தொன்று பக்கங்கள் உள்ளன .,cardinal
"ரூ7,62,92,382 என்று எழுதப்பட்டுள்ளது.",ஏழு கோடி அறுபத்திரண்டு இலட்சம் தொண்ணூற்றிரண்டு ஆயிரம் முந்நூற்று எண்பத்திரண்டு ரூபாய் என்று எழுதப்பட்டுள்ளது .,money
Rs31877302.60 பற்றி பேசினோம்.,மூன்று கோடி பதினெட்டு இலட்சம் எழுபத்தேழு ஆயிரம் முந்நூற்று இரண்டு ரூபாய் அறுபது பைசா பற்றி பேசினோம் .,money
₹321.8,முந்நூற்று இருபத்தொன்று ரூபாய் எண்பது பைசா,money
விலை ₹42 மட்டும்.,விலை நாற்பத்திரண்டு ரூபாய் மட்டும் .,money
2.96 ft,இரண்டு புள்ளி ஒன்பது ஆறு அடி,measure
Rs௧.௩௦ கடன் வாங்கினேன்.,ஒரு ரூபாய் முப்பது பைசா கடன் வாங்கினேன் .,money
87-160,எண்பத்தேழு முதல் நூற்று அறுபது~எண்பத்தேழு முதல் நூற்றறுபது,range
அவர் 9267774176 என்றார்.,அவர் ஒன்பது இரண்டு ஆறு ஏழு ஏழு ஏழு நான்கு ஒன்று ஏழு ஆறு என்றார் .,telephone
செய்தியில் ௪௮ கி.கி என்று வந்தது.,செய்தியில் நாற்பத்தெட்டு கிலோகிராம் என்று வந்தது .,measure
பள்ளியில் 392 ஆசிரியர்கள் உள்ளனர்.,பள்ளியில் முந்நூற்றுத்தொண்ணூற்றிரண்டு ஆசிரியர்கள் உள்ளனர் .,cardinal
4.18km பற்றி பேசினோம்.,நான்கு புள்ளி ஒன்று எட்டு கிலோமீட்டர் பற்றி பேசினோம் .,measure
"342,927",மூன்று இலட்சம் நாற்பத்திரண்டு ஆயிரம் தொள்ளாயிரத்து இருபத்தேழு,cardinal
அந்த நிறுவனத்தில் 4 ஊழியர்கள் பணிபுரிகின்றனர்.,அந்த நிறுவனத்தில் நான்கு ஊழியர்கள் பணிபுரிகின்றனர் .,cardinal
59-65 நாட்கள் ஆகும்.,ஐம்பத்தொன்பது முதல் அறுபத்தைந்து நாட்கள் ஆகும் .,range
"14,751 நாட்கள் ஆயிற்று.",பதினான்கு ஆயிரம் எழுநூற்று ஐம்பத்தொன்று நாட்கள் ஆயிற்று .,cardinal
20 1/8 பங்கு அதாவது 6 மி.லி. மட்டும் மீதம்.,இருபது மற்றும் எட்டில் ஒன்று பங்கு அதாவது ஆறு மில்லிலிட்டர் மட்டும் மீதம் .,mixed
அவள் 414 புத்தகங்கள் வாங்கினாள்.,அவள் நானூற்றுப்பதினான்கு புத்தகங்கள் வாங்கினாள் .,cardinal
அவன் 6.879 மதிப்பெண் பெற்றான்.,அவன் ஆறு புள்ளி எட்டு ஏழு ஒன்பது மதிப்பெண் பெற்றான் .,decimal
எண் 91370 சரியானது.,எண் தொண்ணூற்றொன்று ஆயிரம் முந்நூற்று எழுபது சரியானது .~எண் தொண்ணூற்றொன்று ஆயிரம் முந்நூற்றெழுபது சரியானது .,cardinal
அந்த ஊரில் ௪௧௯௩௭௬௭ வீடுகள் உள்ளன.,அந்த ஊரில் நாற்பத்தொன்று இலட்சம் தொண்ணூற்றுமூன்று ஆயிரம் எழுநூற்று அறுபத்தேழு வீடுகள் உள்ளன .,cardinal
"2,37,84,252₹",இரண்டு கோடி முப்பத்தேழு இலட்சம் எண்பத்துநான்கு ஆயிரம் இருநூற்று ஐம்பத்திரண்டு ரூபாய்,money
அலுவலகம் ௮:௦௦ மணிக்கு திறக்கும்.,அலுவலகம் எட்டு மணி திறக்கும் .,time
ரூ.9939/-,ஒன்பதாயிரத்து தொள்ளாயிரத்து முப்பத்தொன்பது ரூபாய்,money
அவன் -4.136 மதிப்பெண் பெற்றான்.,அவன் மைனஸ் நான்கு புள்ளி ஒன்று மூன்று ஆறு மதிப்பெண் பெற்றான் .,decimal
விலை £0.27 ஆனது 7.233 சதவீதம் உயர்வு.,விலை இருபத்தேழு பென்ஸ் ஆனது ஏழு புள்ளி இரண்டு மூன்று மூன்று சதவீதம் உயர்வு .,mixed
12-13-1998,டிசம்பர் பதிமூன்று ஆயிரத்து தொள்ளாயிரத்து தொண்ணூற்றெட்டு,date
13-02-2039 அன்று 50.55kg மழை பெய்தது.,பதிமூன்று பிப்ரவரி இரண்டாயிரத்து முப்பத்தொன்பது அன்று ஐம்பது புள்ளி ஐந்து ஐந்து கிலோகிராம் மழை பெய்தது .,mixed
942 என்பதை நினைவில் கொள்ளுங்கள்.,தொள்ளாயிரத்து நாற்பத்திரண்டு என்பதை நினைவில் கொள்ளுங்கள் .,cardinal
28-04-2047,இருபத்தெட்டு ஏப்ரல் இரண்டாயிரத்து நாற்பத்தேழு,date
4/7 பங்கு அதாவது 6188 மி.லி. மட்டும் மீதம்.,ஏழில் நான்கு பங்கு அதாவது ஆறாயிரத்து நூற்றெண்பத்து எட்டு மில்லிலிட்டர் மட்டும் மீதம் .,mixed
1:00,ஒரு மணி,time
பள்ளியில் 92 ஆசிரியர்கள் உள்ளனர்.,பள்ளியில் தொண்ணூற்றிரண்டு ஆசிரியர்கள் உள்ளனர் .,cardinal
செய்தியில் 06:27:51 என்று வந்தது.,செய்தியில் ஆறு மணி இருபத்தேழு நிமிடம் ஐம்பத்தொன்று வினாடி என்று வந்தது .,time
36 TB அரிசி Rs 9472 ஆகும்.,முப்பத்தாறு டெராபைட் அரிசி ஒன்பதாயிரத்து நானூற்று எழுபத்திரண்டு ரூபாய் ஆகும் .,mixed
பரிசுத் தொகை €5995.37.,பரிசுத் தொகை ஐந்தாயிரத்து தொள்ளாயிரத்து தொண்ணூற்றைந்து யூரோ முப்பத்தேழு சென்ட் .,money
தொடர்புக்கு 0029-472815.,தொடர்புக்கு பூஜ்யம் பூஜ்யம் இரண்டு ஒன்பது நான்கு ஏழு இரண்டு எட்டு ஒன்று ஐந்து .,telephone
இது அவரது 6819ஆவது புத்தகம்.,இது அவரது ஆறாயிரத்து எண்ணூற்றுப்பத்தொன்பதாவது புத்தகம் .,ordinal
17.26 hr,பதினேழு புள்ளி இரண்டு ஆறு மணி,measure
கடிதத்தில் 3 doz இருந்தது.,கடிதத்தில் மூன்று டஜன் இருந்தது .,measure
செய்தியில் 91337621 என்று வந்தது.,செய்தியில் ஒன்பது கோடி பதிமூன்று இலட்சம் முப்பத்தேழு ஆயிரம் அறுநூற்று இருபத்தொன்று என்று வந்தது .,cardinal
ரூ.75,எழுபத்தைந்து ரூபாய்,money
கடிதத்தில் 54இல் இருந்தது.,கடிதத்தில் ஐம்பத்துநான்கில் இருந்தது .,cardinal
நிலப்பரப்பு 1727 yr ஆகும்.,நிலப்பரப்பு ஆயிரத்து எழுநூற்று இருபத்தேழு ஆண்டு ஆகும் .,measure
பிறந்த நாள் 28-11-2085.,பிறந்த நாள் இருபத்தெட்டு நவம்பர் இரண்டாயிரத்து எண்பத்தைந்து .,date
7265,ஏழாயிரத்து இருநூற்று அறுபத்தைந்து,cardinal
அவர் 55427 ஓட்டங்கள் எடுத்தார்.,அவர் ஐம்பத்தைந்து ஆயிரம் நானூற்று இருபத்தேழு ஓட்டங்கள் எடுத்தார் .,cardinal
பை மதிப்பு 23226.64 ஆகும்.,பை மதிப்பு இருபத்துமூன்று ஆயிரம் இருநூற்று இருபத்தாறு புள்ளி ஆறு நான்கு ஆகும் .,decimal
2029-03-11 பற்றி பேசினோம்.,இரண்டாயிரத்து இருபத்தொன்பது மார்ச் பதினொன்று பற்றி பேசினோம் .,date
+65 9779754472,பிளஸ் ஆறு ஐந்து ஒன்பது ஏழு ஏழு ஒன்பது ஏழு ஐந்து நான்கு நான்கு ஏழு இரண்டு,telephone
"Rs 1,86,80,747.5",ஒரு கோடி எண்பத்தாறு இலட்சம் எண்பது ஆயிரம் எழுநூற்று நாற்பத்தேழு ரூபாய் ஐம்பது பைசா,money
வகுப்பு ௧௨:௦௬ மணிக்கு முடியும்.,வகுப்பு பன்னிரண்டு மணி ஆறு நிமிடம் முடியும் .,time
எண் 9 சரியானது.,எண் ஒன்பது சரியானது .,cardinal
செய்தியில் 58209.852 என்று வந்தது.,செய்தியில் ஐம்பத்தெட்டு ஆயிரம் இருநூற்று ஒன்பது புள்ளி எட்டு ஐந்து இரண்டு என்று வந்தது .,decimal
கட்டணம் ₹7908.9 என அறிவித்தனர்.,கட்டணம் ஏழாயிரத்து தொள்ளாயிரத்து எட்டு ரூபாய் தொண்ணூறு பைசா என அறிவித்தனர் .,money
௧௪/௫ சரியானது.,ஐந்தில் பதினான்கு சரியானது .,fraction
83 ha,எண்பத்துமூன்று ஹெக்டேர்,measure
பாத்திரத்தில் 1/7 பங்கு நீர் உள்ளது.,பாத்திரத்தில் ஏழில் ஒன்று பங்கு நீர் உள்ளது .,fraction
08:52 மணிக்கு,எட்டு மணி ஐம்பத்திரண்டு நிமிடம்,time
செய்தியில் 7469 என்று வந்தது.,செய்தியில் ஏழாயிரத்து நானூற்று அறுபத்தொன்பது என்று வந்தது .,cardinal
7014299413 இந்த எண்ணில் அழையுங்கள்.,ஏழு பூஜ்யம் ஒன்று நான்கு இரண்டு ஒன்பது ஒன்பது நான்கு ஒன்று மூன்று இந்த எண்ணில் அழையுங்கள் .,telephone
1.91 செ.மீ,ஒன்று புள்ளி ஒன்பது ஒன்று சென்டிமீட்டர்,measure
இதில் -94 குறிப்பிடப்பட்டுள்ளது.,இதில் மைனஸ் தொண்ணூற்றுநான்கு குறிப்பிடப்பட்டுள்ளது .,cardinal
"அவர் 837,377 ஓட்டங்கள் எடுத்தார்.",அவர் எட்டு இலட்சம் முப்பத்தேழு ஆயிரம் முந்நூற்று எழுபத்தேழு ஓட்டங்கள் எடுத்தார் .,cardinal
"அவர் ரூ8,37,56,996 என்றார்.",அவர் எட்டு கோடி முப்பத்தேழு இலட்சம் ஐம்பத்தாறு ஆயிரம் தொள்ளாயிரத்து தொண்ணூற்றாறு ரூபாய் என்றார் .,money
௭௯௫௭௭௬௫,எழுபத்தொன்பது இலட்சம் ஐம்பத்தேழு ஆயிரம் எழுநூற்று அறுபத்தைந்து,cardinal
அவன் 647 முறை முயன்றான்.,அவன் அறுநூற்று நாற்பத்தேழு முறை முயன்றான் .,cardinal
93 என்று எழுதப்பட்டுள்ளது.,தொண்ணூற்றுமூன்று என்று எழுதப்பட்டுள்ளது .,cardinal
கடிதத்தில் 27.36°C இருந்தது.,கடிதத்தில் இருபத்தேழு புள்ளி மூன்று ஆறு டிகிரி செல்சியஸ் இருந்தது .,measure
21 g,இருபத்தொன்று கிராம்,measure
எனக்கு 9398 வயது.,எனக்கு ஒன்பதாயிரத்து முந்நூற்றுத்தொண்ணூற்றெட்டு வயது .,cardinal
அந்த நிறுவனத்தில் 3112 ஊழியர்கள் பணிபுரிகின்றனர்.,அந்த நிறுவனத்தில் மூன்றாயிரத்து நூற்றுப்பன்னிரண்டு ஊழியர்கள் பணிபுரிகின்றனர் .,cardinal
"அவன் 71,98,08,022 முறை முயன்றான்.",அவன் எழுபத்தொன்று கோடி தொண்ணூற்றெட்டு இலட்சம் எட்டாயிரத்து இருபத்திரண்டு முறை முயன்றான் .,cardinal
செய்தியில் 11ஆவது என்று வந்தது.,செய்தியில் பதினொன்றாவது என்று வந்தது .,ordinal
அந்த ஊரில் 2018 வீடுகள் உள்ளன.,அந்த ஊரில் இரண்டாயிரத்து பதினெட்டு வீடுகள் உள்ளன .,cardinal
அவர் 37965.3 என்றார்.,அவர் முப்பத்தேழு ஆயிரம் தொள்ளாயிரத்து அறுபத்தைந்து புள்ளி மூன்று என்றார் .,decimal
௫௭௫௫,ஐந்தாயிரத்து எழுநூற்று ஐம்பத்தைந்து,cardinal
6339765,அறுபத்துமூன்று இலட்சம் முப்பத்தொன்பது ஆயிரம் எழுநூற்று அறுபத்தைந்து,cardinal
பெட்டியின் எடை 78 கி.கி இருக்கும்.,பெட்டியின் எடை எழுபத்தெட்டு கிலோகிராம் இருக்கும் .,measure
15-09-2009 என்று எழுதப்பட்டுள்ளது.,பதினைந்து செப்டம்பர் இரண்டாயிரத்து ஒன்பது என்று எழுதப்பட்டுள்ளது .,date
35/40,நாற்பதில் முப்பத்தைந்து,fraction
07-06-1997,ஏழு ஜூன் ஆயிரத்து தொள்ளாயிரத்து தொண்ணூற்றேழு,date
அவரின் தொலைபேசி எண் 9895863888 ஆகும்.,அவரின் தொலைபேசி எண் ஒன்பது எட்டு ஒன்பது ஐந்து எட்டு ஆறு மூன்று எட்டு எட்டு எட்டு ஆகும் .,telephone
₹ 57 /-,ஐம்பத்தேழு ரூபாய்,money
"3,000,000",முப்பது இலட்சம்,cardinal
788வது,எழுநூற்று எண்பத்தெட்டாவது,ordinal
"பரிசுத் தொகை ரூ.௫,௦௨,௦௮,௭௩௮.",பரிசுத் தொகை ஐந்து கோடி இரண்டு இலட்சம் எட்டாயிரத்து எழுநூற்று முப்பத்தெட்டு ரூபாய் .,money
௧௨:௨௬:௪௪ மணிக்கு சாப்பிட வா.,பன்னிரண்டு மணி இருபத்தாறு நிமிடம் நாற்பத்துநான்கு வினாடி சாப்பிட வா .,time
954.178,தொள்ளாயிரத்து ஐம்பத்துநான்கு புள்ளி ஒன்று ஏழு எட்டு,decimal
+917162076827 என்பதை நினைவில் கொள்ளுங்கள்.,பிளஸ் ஒன்பது ஒன்று ஏழு ஒன்று ஆறு இரண்டு பூஜ்யம் ஏழு ஆறு எட்டு இரண்டு ஏழு என்பதை நினைவில் கொள்ளுங்கள் .,telephone
அலுவலகம் 14:56 மணிக்கு திறக்கும்.,அலுவலகம் பதினான்கு மணி ஐம்பத்தாறு நிமிடம் திறக்கும் .,time
தொடர்புக்கு 7393284242.,தொடர்புக்கு ஏழு மூன்று ஒன்பது மூன்று இரண்டு எட்டு நான்கு இரண்டு நான்கு இரண்டு .,telephone
9719வது,ஒன்பதாயிரத்து எழுநூற்றுப்பத்தொன்பதாவது,ordinal
இதில் 77/80 குறிப்பிடப்பட்டுள்ளது.,இதில் எண்பதில் எழுபத்தேழு குறிப்பிடப்பட்டுள்ளது .,fraction
இந்த சட்டை ₹ 6875 ஆகும்.,இந்த சட்டை ஆறாயிரத்து எண்ணூற்று எழுபத்தைந்து ரூபாய் ஆகும் .,money
69-99 வயது குழந்தைகள் வரலாம்.,அறுபத்தொன்பது முதல் தொண்ணூற்றொன்பது வயது குழந்தைகள் வரலாம் .,range
¥௫௯,ஐம்பத்தொன்பது யென்,money
"கூட்டத்தில் 36,04,59,774 பேர் வந்தனர்.",கூட்டத்தில் முப்பத்தாறு கோடி நான்கு இலட்சம் ஐம்பத்தொன்பது ஆயிரம் எழுநூற்று எழுபத்துநான்கு பேர் வந்தனர் .,cardinal
கட்டணம் £9 என அறிவித்தனர்.,கட்டணம் ஒன்பது பவுண்ட் என அறிவித்தனர் .,money
20:16 சாப்பிட வா.,இருபது மணி பதினாறு நிமிடம் சாப்பிட வா .,time
அவர் 6 ஓட்டங்கள் எடுத்தார்.,அவர் ஆறு ஓட்டங்கள் எடுத்தார் .,cardinal
€ 7,ஏழு யூரோ,money
6569790361,ஆறு ஐந்து ஆறு ஒன்பது ஏழு ஒன்பது பூஜ்யம் மூன்று ஆறு ஒன்று,telephone
2426,இரண்டாயிரத்து நானூற்று இருபத்தாறு,cardinal
37588.5,முப்பத்தேழு ஆயிரம் ஐந்நூற்று எண்பத்தெட்டு புள்ளி ஐந்து,decimal
42858 பற்றி பேசினோம்.,நாற்பத்திரண்டு ஆயிரம் எண்ணூற்று ஐம்பத்தெட்டு பற்றி பேசினோம் .,cardinal
Rs 17330.2,பதினேழு ஆயிரம் முந்நூற்று முப்பது ரூபாய் இருபது பைசா,money
அவர் Rs 6310.47 செலுத்தினார்.,அவர் ஆறாயிரத்து முந்நூற்றுப்பத்து ரூபாய் நாற்பத்தேழு பைசா செலுத்தினார் .,money
02-10-1997 பற்றி பேசினோம்.,இரண்டு அக்டோபர் ஆயிரத்து தொள்ளாயிரத்து தொண்ணூற்றேழு பற்றி பேசினோம் .,date
9114,ஒன்பதாயிரத்து நூற்றுப்பதினான்கு,cardinal
பேருந்து கட்டணம் ₹2992.80 ஆகும்.,பேருந்து கட்டணம் இரண்டாயிரத்து தொள்ளாயிரத்து தொண்ணூற்றிரண்டு ரூபாய் எண்பது பைசா ஆகும் .,money
422.8 என்று எழுதப்பட்டுள்ளது.,நானூற்று இருபத்திரண்டு புள்ளி எட்டு என்று எழுதப்பட்டுள்ளது .,decimal
"அவள் 89,21,10,058 புத்தகங்கள் வாங்கினாள்.",அவள் எண்பத்தொன்பது கோடி இருபத்தொன்று இலட்சம் பத்து ஆயிரம் ஐம்பத்தெட்டு புத்தகங்கள் வாங்கினாள் .,cardinal
182341960,பதினெட்டு கோடி இருபத்துமூன்று இலட்சம் நாற்பத்தொன்று ஆயிரம் தொள்ளாயிரத்து அறுபது,cardinal
8 ft,எட்டு அடி,measure
458,நானூற்று ஐம்பத்தெட்டு,cardinal
23-02-1933,இருபத்துமூன்று பிப்ரவரி ஆயிரத்து தொள்ளாயிரத்து முப்பத்துமூன்று,date
கடைசி தேதி ௨௦௮௪-௧௨-௨௮.,கடைசி தேதி இரண்டாயிரத்து எண்பத்துநான்கு டிசம்பர் இருபத்தெட்டு .,date
எனக்கு 310 வயது.,எனக்கு முந்நூற்றுப்பத்து வயது .,cardinal
குழந்தைகள் பூங்காவில் விளையாடுகின்றனர்.,குழந்தைகள் பூங்காவில் விளையாடுகின்றனர் .,word
9742071034 சரியானது.,ஒன்பது ஏழு நான்கு இரண்டு பூஜ்யம் ஏழு ஒன்று பூஜ்யம் மூன்று நான்கு சரியானது .,telephone
989,தொள்ளாயிரத்து எண்பத்தொன்பது,cardinal
9ஆவது என்று எழுதப்பட்டுள்ளது.,ஒன்பதாவது என்று எழுதப்பட்டுள்ளது .,ordinal
17:27:09,பதினேழு மணி இருபத்தேழு நிமிடம் ஒன்பது வினாடி,time
இன்று 69 பேர் வருகை தந்தனர்.,இன்று அறுபத்தொன்பது பேர் வருகை தந்தனர் .,cardinal
26/06/2075 அன்று மழை பெய்தது.,இருபத்தாறு ஜூன் இரண்டாயிரத்து எழுபத்தைந்து அன்று மழை பெய்தது .,date
கடிதத்தில் +971 7186657778 இருந்தது.,கடிதத்தில் பிளஸ் ஒன்பது ஏழு ஒன்று ஏழு ஒன்று எட்டு ஆறு ஆறு ஐந்து ஏழு ஏழு ஏழு எட்டு இருந்தது .,telephone
23:00 கிளம்பி 41 கி.கி நடந்தோம்.,இருபத்துமூன்று மணி கிளம்பி நாற்பத்தொன்று கிலோகிராம் நடந்தோம் .,mixed
இதன் மதிப்பு -0.751 தான்.,இதன் மதிப்பு மைனஸ் பூஜ்யம் புள்ளி ஏழு ஐந்து ஒன்று தான் .,decimal
¥ 17,பதினேழு யென்,money
பாத்திரத்தில் 12/16 பங்கு நீர் உள்ளது.,பாத்திரத்தில் பதினாறில் பன்னிரண்டு பங்கு நீர் உள்ளது .,fraction
547092215362 சரியானது.,ஐந்து நான்கு ஏழு பூஜ்யம் ஒன்பது இரண்டு இரண்டு ஒன்று ஐந்து மூன்று ஆறு இரண்டு சரியானது .,cardinal
04-03-1922 அன்று மழை பெய்தது.,நான்கு மார்ச் ஆயிரத்து தொள்ளாயிரத்து இருபத்திரண்டு அன்று மழை பெய்தது .,date
97660,தொண்ணூற்றேழு ஆயிரம் அறுநூற்று அறுபது~தொண்ணூற்றேழு ஆயிரம் அறுநூற்றறுபது,cardinal
81221 சரியானது.,எண்பத்தொன்று ஆயிரம் இருநூற்று இருபத்தொன்று சரியானது .,cardinal
9:03,ஒன்பது மணி மூன்று நிமிடம்,time
23:57:07 பற்றி பேசினோம்.,இருபத்துமூன்று மணி ஐம்பத்தேழு நிமிடம் ஏழு வினாடி பற்றி பேசினோம் .,time
+91 6664433005 இந்த எண்ணில் அழையுங்கள்.,பிளஸ் ஒன்பது ஒன்று ஆறு ஆறு ஆறு நான்கு நான்கு மூன்று மூன்று பூஜ்யம் பூஜ்யம் ஐந்து இந்த எண்ணில் அழையுங்கள் .,telephone
7943584468,ஏழு ஒன்பது நான்கு மூன்று ஐந்து எட்டு நான்கு நான்கு ஆறு எட்டு,telephone
63 min,அறுபத்துமூன்று நிமிடம்,measure
திருமணம் 2020-10-03 அன்று நடைபெறும்.,திருமணம் இரண்டாயிரத்து இருபது அக்டோபர் மூன்று அன்று நடைபெறும் .,date
அவன் 2548 முறை முயன்றான்.,அவன் இரண்டாயிரத்து ஐந்நூற்று நாற்பத்தெட்டு முறை முயன்றான் .,cardinal
£ 34,முப்பத்துநான்கு பவுண்ட்,money
விலை 30.2% உயர்ந்தது.,விலை முப்பது புள்ளி இரண்டு சதவீதம் உயர்ந்தது .,whitelist
2/4/2024,இரண்டு ஏப்ரல் இரண்டாயிரத்து இருபத்துநான்கு,date
₹48088567,நான்கு கோடி எண்பது இலட்சம் எண்பத்தெட்டு ஆயிரம் ஐந்நூற்று அறுபத்தேழு ரூபாய்,money
இதில் 8ஆவது குறிப்பிடப்பட்டுள்ளது.,இதில் எட்டாவது குறிப்பிடப்பட்டுள்ளது .,ordinal
இன்று 666 பேர் வருகை தந்தனர்.,இன்று அறுநூற்று அறுபத்தாறு பேர் வருகை தந்தனர் .,cardinal
7289 மி.மீ.,ஏழாயிரத்து இருநூற்று எண்பத்தொன்பது மில்லிமீட்டர்,measure
12/16 பங்கு மாணவர்கள் தேர்ச்சி பெற்றனர்.,பதினாறில் பன்னிரண்டு பங்கு மாணவர்கள் தேர்ச்சி பெற்றனர் .,fraction
31% என்பது சரி.,முப்பத்தொன்று சதவீதம் என்பது சரி .,whitelist
௧௭௨௮௫௬௪ பற்றி பேசினோம்.,பதினேழு இலட்சம் இருபத்தெட்டு ஆயிரம் ஐந்நூற்று அறுபத்துநான்கு பற்றி பேசினோம் .,cardinal
+91 6409640503,பிளஸ் ஒன்பது ஒன்று ஆறு நான்கு பூஜ்யம் ஒன்பது ஆறு நான்கு பூஜ்யம் ஐந்து பூஜ்யம் மூன்று,telephone
$8030.1,எட்டாயிரத்து முப்பது டாலர் பத்து சென்ட்,money
கடிதத்தில் ₹9560.98 இருந்தது.,கடிதத்தில் ஒன்பதாயிரத்து ஐந்நூற்று அறுபது ரூபாய் தொண்ணூற்றெட்டு பைசா இருந்தது .~கடிதத்தில் ஒன்பதாயிரத்து ஐந்நூற்றறுபது ரூபாய் தொண்ணூற்றெட்டு பைசா இருந்தது .,money
1:09,ஒரு மணி ஒன்பது நிமிடம்,time
வகுப்பு ௦௭:௫௨ முடியும்.,வகுப்பு ஏழு மணி ஐம்பத்திரண்டு நிமிடம் முடியும் .,time
கூட்டம் 2000-08-12 அன்று 21:47 தொடங்கும்.,கூட்டம் இரண்டாயிரம் ஆகஸ்ட் பன்னிரண்டு அன்று இருபத்தொன்று மணி நாற்பத்தேழு நிமிடம் தொடங்கும் .,mixed
2000ல்,இரண்டாயிரத்தில்,cardinal
12 மாணவர்கள் 15:00 வந்தனர்.,பன்னிரண்டு மாணவர்கள் பதினைந்து மணி வந்தனர் .,mixed
செய்தியில் 10ஆம் என்று வந்தது.,செய்தியில் பத்தாம் என்று வந்தது .,ordinal
01-12-2065 பற்றி பேசினோம்.,ஒன்று டிசம்பர் இரண்டாயிரத்து அறுபத்தைந்து பற்றி பேசினோம் .,date
15:35,பதினைந்து மணி முப்பத்தைந்து நிமிடம்,time
மொத்த மதிப்பெண் 8ல்.,மொத்த மதிப்பெண் எட்டில் .,cardinal
6619992 என்று எழுதப்பட்டுள்ளது.,அறுபத்தாறு இலட்சம் பத்தொன்பது ஆயிரம் தொள்ளாயிரத்து தொண்ணூற்றிரண்டு என்று எழுதப்பட்டுள்ளது .,cardinal
அவர் 26-09-2637 அன்று பிறந்தார்.,அவர் இருபத்தாறு செப்டம்பர் இரண்டாயிரத்து அறுநூற்று முப்பத்தேழு அன்று பிறந்தார் .,date
635 பற்றி பேசினோம்.,அறுநூற்று முப்பத்தைந்து பற்றி பேசினோம் .,cardinal
நான் 4:09:33 மணிக்கு எழுந்தேன்.,நான் நான்கு மணி ஒன்பது நிமிடம் முப்பத்துமூன்று வினாடி எழுந்தேன் .,time
அவர் 7875791340 என்றார்.,அவர் ஏழு எட்டு ஏழு ஐந்து ஏழு ஒன்பது ஒன்று மூன்று நான்கு பூஜ்யம் என்றார் .,telephone
4.401 கோடி,நான்கு புள்ளி நான்கு பூஜ்யம் ஒன்று கோடி,decimal
வெப்பநிலை ௯ கி.மீ ஆக இருந்தது.,வெப்பநிலை ஒன்பது கிலோமீட்டர் ஆக இருந்தது .,measure
இதில் 13 12/3 பங்கு எனக்கு.,இதில் பதிமூன்று மற்றும் மூன்றில் பன்னிரண்டு பங்கு எனக்கு .,fraction
இந்த மூட்டை 51 sec எடை உள்ளது.,இந்த மூட்டை ஐம்பத்தொன்று வினாடி எடை உள்ளது .,measure
1578-1589,ஆயிரத்து ஐந்நூற்று எழுபத்தெட்டு முதல் ஆயிரத்து ஐந்நூற்று எண்பத்தொன்பது,range
எண் 287639804812 சரியானது.,எண் இரண்டு எட்டு ஏழு ஆறு மூன்று ஒன்பது எட்டு பூஜ்யம் நான்கு எட்டு ஒன்று இரண்டு சரியானது .,cardinal
60128.749,அறுபது ஆயிரம் நூற்று இருபத்தெட்டு புள்ளி ஏழு நான்கு ஒன்பது,decimal
"845,361",எட்டு இலட்சம் நாற்பத்தைந்து ஆயிரம் முந்நூற்று அறுபத்தொன்று,cardinal
அந்த ஊரில் 1000இல் வீடுகள் உள்ளன.,அந்த ஊரில் ஆயிரத்தில் வீடுகள் உள்ளன .,cardinal
இதில் 1வது குறிப்பிடப்பட்டுள்ளது.,இதில் முதலாவது குறிப்பிடப்பட்டுள்ளது .,ordinal
398ஆம்,முந்நூற்றுத்தொண்ணூற்றெட்டாம்,ordinal
552 பேருக்கு ¥ 1240 கொடுத்தேன்.,ஐந்நூற்று ஐம்பத்திரண்டு பேருக்கு ஆயிரத்து இருநூற்று நாற்பது யென் கொடுத்தேன் .,mixed
3:15:53 பற்றி பேசினோம்.,மூன்று மணி பதினைந்து நிமிடம் ஐம்பத்துமூன்று வினாடி பற்றி பேசினோம் .,time
63/100,நூறில் அறுபத்துமூன்று,fraction
சராசரி 37749.823 ஆகும்.,சராசரி முப்பத்தேழு ஆயிரம் எழுநூற்று நாற்பத்தொன்பது புள்ளி எட்டு இரண்டு மூன்று ஆகும் .,decimal
கடைசி தேதி 24-02-2010.,கடைசி தேதி இருபத்துநான்கு பிப்ரவரி இரண்டாயிரத்து பத்து .,date
பேருந்து 6:15 கிளம்பும்.,பேருந்து ஆறு மணி பதினைந்து நிமிடம் கிளம்பும் .,time
76934.94,எழுபத்தாறு ஆயிரம் தொள்ளாயிரத்து முப்பத்துநான்கு புள்ளி ஒன்பது நான்கு,decimal
4008050,நாற்பது இலட்சம் எட்டாயிரத்து ஐம்பது,cardinal
19 1/19 சரியானது.,பத்தொன்பது மற்றும் பத்தொன்பதில் ஒன்று சரியானது .,fraction
4.65,நான்கு புள்ளி ஆறு ஐந்து,decimal
சராசரி 23881.696 ஆகும்.,சராசரி இருபத்துமூன்று ஆயிரம் எண்ணூற்று எண்பத்தொன்று புள்ளி ஆறு ஒன்பது ஆறு ஆகும் .,decimal
லெ. வேலு பற்றி பேசினோம்.,லெப்டினன்ட் வேலு பற்றி பேசினோம் .,whitelist
என் எண் 9376177621.,என் எண் ஒன்பது மூன்று ஏழு ஆறு ஒன்று ஏழு ஏழு ஆறு இரண்டு ஒன்று .,telephone
கடிதத்தில் 7 mg இருந்தது.,கடிதத்தில் ஏழு மில்லிகிராம் இருந்தது .,measure
செய்தியில் 62 m என்று வந்தது.,செய்தியில் அறுபத்திரண்டு மீட்டர் என்று வந்தது .,measure
Rs.௨௬௦௮,இரண்டாயிரத்து அறுநூற்று எட்டு ரூபாய்,money
நேரம் 02:00:10 ஆகிவிட்டது.,நேரம் இரண்டு மணி பத்து வினாடி ஆகிவிட்டது .,time
7438வது என்பதை நினைவில் கொள்ளுங்கள்.,ஏழாயிரத்து நானூற்று முப்பத்தெட்டாவது என்பதை நினைவில் கொள்ளுங்கள் .,ordinal
9:29,ஒன்பது மணி இருபத்தொன்பது நிமிடம்,time
௭௬ரூ,எழுபத்தாறு ரூபாய்,money
-₹150,மைனஸ் நூற்று ஐம்பது ரூபாய்,money
அந்த நிறுவனத்தில் 818 ஊழியர்கள் பணிபுரிகின்றனர்.,அந்த நிறுவனத்தில் எண்ணூற்றுப்பதினெட்டு ஊழியர்கள் பணிபுரிகின்றனர் .,cardinal
இந்த நூலில் 89இல் பக்கங்கள் உள்ளன.,இந்த நூலில் எண்பத்தொன்பதில் பக்கங்கள் உள்ளன .,cardinal
510409044,ஐம்பத்தொன்று கோடி நான்கு இலட்சம் ஒன்பதாயிரத்து நாற்பத்துநான்கு,cardinal
19.99 ha,பத்தொன்பது புள்ளி ஒன்பது ஒன்பது ஹெக்டேர்,measure
சராசரி 1.88 ஆகும்.,சராசரி ஒன்று புள்ளி எட்டு எட்டு ஆகும் .,decimal
பேருந்து ௧௫:௨௦ மணிக்கு கிளம்பும்.,பேருந்து பதினைந்து மணி இருபது நிமிடம் கிளம்பும் .,time
1114-07-29 அன்று விடுமுறை.,ஆயிரத்து நூற்றுப்பதினான்கு ஜூலை இருபத்தொன்பது அன்று விடுமுறை .,date
781ஆம்,எழுநூற்று எண்பத்தொன்றாம்,ordinal
செய்தியில் 95.58 என்று வந்தது.,செய்தியில் தொண்ணூற்றைந்து புள்ளி ஐந்து எட்டு என்று வந்தது .,decimal
செய்தியில் ௩௩.௩₹ என்று வந்தது.,செய்தியில் முப்பத்துமூன்று ரூபாய் முப்பது பைசா என்று வந்தது .,money
அவள் உயரம் 1 oz ஆகும்.,அவள் உயரம் ஒரு அவுன்ஸ் ஆகும் .,measure
மொத்த மதிப்பெண் 3497.,மொத்த மதிப்பெண் மூன்றாயிரத்து நானூற்றுத்தொண்ணூற்றேழு .,cardinal
புகார் எண் 9682228641 ஆகும்.,புகார் எண் ஒன்பது ஆறு எட்டு இரண்டு இரண்டு இரண்டு எட்டு ஆறு நான்கு ஒன்று ஆகும் .,telephone
வண்டி எண் 40 ஆகும்.,வண்டி எண் நாற்பது ஆகும் .,cardinal
"$93,10,316",தொண்ணூற்றுமூன்று இலட்சம் பத்து ஆயிரம் முந்நூற்றுப்பதினாறு டாலர்,money
08,பூஜ்யம் எட்டு,cardinal
301303040 பற்றி பேசினோம்.,முப்பது கோடி பதிமூன்று இலட்சம் மூன்றாயிரத்து நாற்பது பற்றி பேசினோம் .,cardinal
இதில் 12:02 மணிக்கு குறிப்பிடப்பட்டுள்ளது.,இதில் பன்னிரண்டு மணி இரண்டு நிமிடம் குறிப்பிடப்பட்டுள்ளது .,time
¥5125,ஐந்தாயிரத்து நூற்று இருபத்தைந்து யென்,money
170847199,பதினேழு கோடி எட்டு இலட்சம் நாற்பத்தேழு ஆயிரம் நூற்றுத்தொண்ணூற்றொன்பது,cardinal
9.8,ஒன்பது புள்ளி எட்டு,decimal
மொத்த மதிப்பெண் 37485.,மொத்த மதிப்பெண் முப்பத்தேழு ஆயிரம் நானூற்று எண்பத்தைந்து .,cardinal
6 கி.மீ.,ஆறு கிலோமீட்டர்,measure
மொத்த மதிப்பெண் 14.,மொத்த மதிப்பெண் பதினான்கு .,cardinal
கடிதத்தில் ¼ இருந்தது.,கடிதத்தில் நான்கில் ஒன்று இருந்தது .,fraction
இதில் 24:33:00 குறிப்பிடப்பட்டுள்ளது.,இதில் இருபத்துநான்கு மணி முப்பத்துமூன்று நிமிடம் குறிப்பிடப்பட்டுள்ளது .,time
5384497,ஐம்பத்துமூன்று இலட்சம் எண்பத்துநான்கு ஆயிரம் நானூற்றுத்தொண்ணூற்றேழு,cardinal
67142,அறுபத்தேழு ஆயிரம் நூற்று நாற்பத்திரண்டு,cardinal
இன்று 35866 பேர் வருகை தந்தனர்.,இன்று முப்பத்தைந்து ஆயிரம் எண்ணூற்று அறுபத்தாறு பேர் வருகை தந்தனர் .,cardinal
+971 7992026864,பிளஸ் ஒன்பது ஏழு ஒன்று ஏழு ஒன்பது ஒன்பது இரண்டு பூஜ்யம் இரண்டு ஆறு எட்டு ஆறு நான்கு,telephone
1251-2105 சரியானது.,ஆயிரத்து இருநூற்று ஐம்பத்தொன்று முதல் இரண்டாயிரத்து நூற்று ஐந்து சரியானது .,range
3:39 கிளம்பி ௫ செ.மீ. நடந்தோம்.,மூன்று மணி முப்பத்தொன்பது நிமிடம் கிளம்பி ஐந்து சென்டிமீட்டர் நடந்தோம் .,mixed
௦௭:௧௫ மணிக்கு கிளம்பி 36.80 கி.கி. நடந்தோம்.,ஏழு மணி பதினைந்து நிமிடம் கிளம்பி முப்பத்தாறு புள்ளி எட்டு பூஜ்யம் கிலோகிராம் நடந்தோம் .,mixed
₹7321 என்பதை நினைவில் கொள்ளுங்கள்.,ஏழாயிரத்து முந்நூற்று இருபத்தொன்று ரூபாய் என்பதை நினைவில் கொள்ளுங்கள் .,money
பதிவு தேதி 20-04-2011 ஆகும்.,பதிவு தேதி இருபது ஏப்ரல் இரண்டாயிரத்து பதினொன்று ஆகும் .,date
இது அவரது 11ஆம் புத்தகம்.,இது அவரது பதினொன்றாம் புத்தகம் .,ordinal
"மாத சம்பளம் ₹ 3,41,78,076 தான்.",மாத சம்பளம் மூன்று கோடி நாற்பத்தொன்று இலட்சம் எழுபத்தெட்டு ஆயிரம் எழுபத்தாறு ரூபாய் தான் .,money
15-09-2040,பதினைந்து செப்டம்பர் இரண்டாயிரத்து நாற்பது,date
152516336017 என்று எழுதப்பட்டுள்ளது.,ஒன்று ஐந்து இரண்டு ஐந்து ஒன்று ஆறு மூன்று மூன்று ஆறு பூஜ்யம் ஒன்று ஏழு என்று எழுதப்பட்டுள்ளது .,cardinal
பை மதிப்பு 71796.3 ஆகும்.,பை மதிப்பு எழுபத்தொன்று ஆயிரம் எழுநூற்றுத்தொண்ணூற்றாறு புள்ளி மூன்று ஆகும் .,decimal
4 4/8 பங்கு வேலை முடிந்தது.,நான்கு மற்றும் எட்டில் நான்கு பங்கு வேலை முடிந்தது .,fraction
72ல்,எழுபத்திரண்டில்,cardinal
7 2/7,ஏழு மற்றும் ஏழில் இரண்டு,fraction
அவர் ௯௮௪.௩ என்றார்.,அவர் தொள்ளாயிரத்து எண்பத்துநான்கு புள்ளி மூன்று என்றார் .,decimal
"செய்தியில் ₹5,69,24,696 என்று வந்தது.",செய்தியில் ஐந்து கோடி அறுபத்தொன்பது இலட்சம் இருபத்துநான்கு ஆயிரம் அறுநூற்றுத்தொண்ணூற்றாறு ரூபாய் என்று வந்தது .,money
28வது,இருபத்தெட்டாவது,ordinal
564-1118,ஐந்நூற்று அறுபத்துநான்கு முதல் ஆயிரத்து நூற்றுப்பதினெட்டு,range
1805375 பற்றி பேசினோம்.,பதினெட்டு இலட்சம் ஐந்தாயிரத்து முந்நூற்று எழுபத்தைந்து பற்றி பேசினோம் .,cardinal
+91 8129252034,பிளஸ் ஒன்பது ஒன்று எட்டு ஒன்று இரண்டு ஒன்பது இரண்டு ஐந்து இரண்டு பூஜ்யம் மூன்று நான்கு,telephone
73 % தள்ளுபடி உள்ளது.,எழுபத்துமூன்று சதவீதம் தள்ளுபடி உள்ளது .,whitelist
56ல்,ஐம்பத்தாறில்,cardinal
10.6 %,பத்து புள்ளி ஆறு சதவீதம்,whitelist
31,முப்பத்தொன்று,cardinal
எண் ௮௧௪௪ சரியானது.,எண் எட்டாயிரத்து நூற்று நாற்பத்துநான்கு சரியானது .,cardinal
22:54 மணிக்கு,இருபத்திரண்டு மணி ஐம்பத்துநான்கு நிமிடம்,time
"மொத்த மதிப்பெண் 241,029.",மொத்த மதிப்பெண் இரண்டு இலட்சம் நாற்பத்தொன்று ஆயிரம் இருபத்தொன்பது .,cardinal
4 பற்றி பேசினோம்.,நான்கு பற்றி பேசினோம் .,cardinal
ரயில் 12:20:03 மணிக்கு புறப்படும்.,ரயில் பன்னிரண்டு மணி இருபது நிமிடம் மூன்று வினாடி புறப்படும் .,time
இதில் 09-12-2076 குறிப்பிடப்பட்டுள்ளது.,இதில் ஒன்பது டிசம்பர் இரண்டாயிரத்து எழுபத்தாறு குறிப்பிடப்பட்டுள்ளது .,date
09-11-1927,ஒன்பது நவம்பர் ஆயிரத்து தொள்ளாயிரத்து இருபத்தேழு,date
நிலப்பரப்பு ௩௩௬௫ செ.மீ. ஆகும்.,நிலப்பரப்பு மூன்றாயிரத்து முந்நூற்று அறுபத்தைந்து சென்டிமீட்டர் ஆகும் .,measure
விலை 3378ரூ ஆனது 0.9 சதவீதம் உயர்வு.,விலை மூன்றாயிரத்து முந்நூற்று எழுபத்தெட்டு ரூபாய் ஆனது பூஜ்யம் புள்ளி ஒன்பது சதவீதம் உயர்வு .,mixed
பிறந்த நாள் 27-10-1937.,பிறந்த நாள் இருபத்தேழு அக்டோபர் ஆயிரத்து தொள்ளாயிரத்து முப்பத்தேழு .,date
25-06-2896,இருபத்தைந்து ஜூன் இரண்டாயிரத்து எண்ணூற்றுத்தொண்ணூற்றாறு,date
கூட்டத்தில் 40 பேர் வந்தனர்.,கூட்டத்தில் நாற்பது பேர் வந்தனர் .,cardinal
கடிதத்தில் 1017009 இருந்தது.,கடிதத்தில் பத்து இலட்சம் பதினேழு ஆயிரம் ஒன்பது இருந்தது .,cardinal
எண் 54079 சரியானது.,எண் ஐம்பத்துநான்கு ஆயிரம் எழுபத்தொன்பது சரியானது .,cardinal
பதிவு தேதி 11/08/1963 ஆகும்.,பதிவு தேதி பதினொன்று ஆகஸ்ட் ஆயிரத்து தொள்ளாயிரத்து அறுபத்துமூன்று ஆகும் .,date
அவர் 30-04-1979 அன்று பிறந்தார்.,அவர் முப்பது ஏப்ரல் ஆயிரத்து தொள்ளாயிரத்து எழுபத்தொன்பது அன்று பிறந்தார் .,date
24-07-2091 பற்றி பேசினோம்.,இருபத்துநான்கு ஜூலை இரண்டாயிரத்து தொண்ணூற்றொன்று பற்றி பேசினோம் .,date
பை மதிப்பு ௨௪௪.௦ ஆகும்.,பை மதிப்பு இருநூற்று நாற்பத்துநான்கு புள்ளி பூஜ்யம் ஆகும் .,decimal
கடிதத்தில் 03-6044717 இருந்தது.,கடிதத்தில் பூஜ்யம் மூன்று ஆறு பூஜ்யம் நான்கு நான்கு ஏழு ஒன்று ஏழு இருந்தது .,telephone
அவன் 9906°F நடந்தான்.,அவன் ஒன்பதாயிரத்து தொள்ளாயிரத்து ஆறு டிகிரி பாரன்ஹீட் நடந்தான் .,measure
22011 என்று எழுதப்பட்டுள்ளது.,இருபத்திரண்டு ஆயிரம் பதினொன்று என்று எழுதப்பட்டுள்ளது .,cardinal
இதில் 23.11.2054 குறிப்பிடப்பட்டுள்ளது.,இதில் இருபத்துமூன்று நவம்பர் இரண்டாயிரத்து ஐம்பத்துநான்கு குறிப்பிடப்பட்டுள்ளது .,date
82 கி.மீ.,எண்பத்திரண்டு கிலோமீட்டர்,measure
4×10=40 சரியானது.,நான்கு பெருக்கல் பத்து சமம் நாற்பது சரியானது .,whitelist
14:05 மணிக்கு,பதினான்கு மணி ஐந்து நிமிடம்,time
கடிதத்தில் 7364 இருந்தது.,கடிதத்தில் ஏழாயிரத்து முந்நூற்று அறுபத்துநான்கு இருந்தது .,cardinal
Rs ௬௦௮௧,ஆறாயிரத்து எண்பத்தொன்று ரூபாய்,money
வண்டி எண் 35 ஆகும்.,வண்டி எண் முப்பத்தைந்து ஆகும் .,cardinal
07-07-2086,ஏழு ஜூலை இரண்டாயிரத்து எண்பத்தாறு,date
10:26:05 மணிக்கு என்பதை நினைவில் கொள்ளுங்கள்.,பத்து மணி இருபத்தாறு நிமிடம் ஐந்து வினாடி என்பதை நினைவில் கொள்ளுங்கள் .,time
Rs.8488/-,எட்டாயிரத்து நானூற்று எண்பத்தெட்டு ரூபாய்,money
செய்தியில் +91 9823505369 என்று வந்தது.,செய்தியில் பிளஸ் ஒன்பது ஒன்று ஒன்பது எட்டு இரண்டு மூன்று ஐந்து பூஜ்யம் ஐந்து மூன்று ஆறு ஒன்பது என்று வந்தது .,telephone
2088-08-04,இரண்டாயிரத்து எண்பத்தெட்டு ஆகஸ்ட் நான்கு,date
05-13-1949,மே பதிமூன்று ஆயிரத்து தொள்ளாயிரத்து நாற்பத்தொன்பது,date
683ல் மாணவர்கள் 17:36:06 வந்தனர்.,அறுநூற்று எண்பத்துமூன்றில் மாணவர்கள் பதினேழு மணி முப்பத்தாறு நிமிடம் ஆறு வினாடி வந்தனர் .,mixed
"76,08,06,391",எழுபத்தாறு கோடி எட்டு இலட்சம் ஆறாயிரத்து முந்நூற்றுத்தொண்ணூற்றொன்று,cardinal
அவர் ௪௫௧௯ km என்றார்.,அவர் நான்காயிரத்து ஐந்நூற்றுப்பத்தொன்பது கிலோமீட்டர் என்றார் .,measure
ரூ1106.8,ஆயிரத்து நூற்று ஆறு ரூபாய் எண்பது பைசா,money
கடிதத்தில் 2799hr இருந்தது.,கடிதத்தில் இரண்டாயிரத்து எழுநூற்றுத்தொண்ணூற்றொன்பது மணி இருந்தது .,measure
அந்த நிலம் Rs ௫௯௨௫.௪௯ விலை போனது.,அந்த நிலம் ஐந்தாயிரத்து தொள்ளாயிரத்து இருபத்தைந்து ரூபாய் நாற்பத்தொன்பது பைசா விலை போனது .,money
பிறந்த நாள் 24-01-1947.,பிறந்த நாள் இருபத்துநான்கு ஜனவரி ஆயிரத்து தொள்ளாயிரத்து நாற்பத்தேழு .,date
7011.16,ஏழாயிரத்து பதினொன்று புள்ளி ஒன்று ஆறு,decimal
பள்ளியில் 88 ஆசிரியர்கள் உள்ளனர்.,பள்ளியில் எண்பத்தெட்டு ஆசிரியர்கள் உள்ளனர் .,cardinal
+917177972206 இந்த எண்ணில் அழையுங்கள்.,பிளஸ் ஒன்பது ஒன்று ஏழு ஒன்று ஏழு ஏழு ஒன்பது ஏழு இரண்டு இரண்டு பூஜ்யம் ஆறு இந்த எண்ணில் அழையுங்கள் .,telephone
382.423,முந்நூற்று எண்பத்திரண்டு புள்ளி நான்கு இரண்டு மூன்று,decimal
நீ எங்கே போகிறாய்?,நீ எங்கே போகிறாய் ?,word
12:06,பன்னிரண்டு மணி ஆறு நிமிடம்,time
இது அவரது 888வது புத்தகம்.,இது அவரது எண்ணூற்று எண்பத்தெட்டாவது புத்தகம் .,ordinal
௧௮ ௩௪/௧௦ சரியானது.,பதினெட்டு மற்றும் பத்தில் முப்பத்துநான்கு சரியானது .,fraction
54ஆவது,ஐம்பத்துநான்காவது,ordinal
கடைசி தேதி 13-01-2006.,கடைசி தேதி பதிமூன்று ஜனவரி இரண்டாயிரத்து ஆறு .,date
வேகம் 39m ஆக இருந்தது.,வேகம் முப்பத்தொன்பது மீட்டர் ஆக இருந்தது .,measure
92.26hr,தொண்ணூற்றிரண்டு புள்ளி இரண்டு ஆறு மணி,measure
அவன் 7 முறை முயன்றான்.,அவன் ஏழு முறை முயன்றான் .,cardinal
செய்தியில் 1055₹ என்று வந்தது.,செய்தியில் ஆயிரத்து ஐம்பத்தைந்து ரூபாய் என்று வந்தது .,money
கூட்டம் ௦௬-௦௩-௨௦௬௦ அன்று நடந்தது.,கூட்டம் ஆறு மார்ச் இரண்டாயிரத்து அறுபது அன்று நடந்தது .,date
செய்தியில் 4.8 என்று வந்தது.,செய்தியில் நான்கு புள்ளி எட்டு என்று வந்தது .,decimal
அவர் 8946316 என்றார்.,அவர் எண்பத்தொன்பது இலட்சம் நாற்பத்தாறு ஆயிரம் முந்நூற்றுப்பதினாறு என்றார் .,cardinal
6:21,ஆறு மணி இருபத்தொன்று நிமிடம்,time
+9717686697999,பிளஸ் ஒன்பது ஏழு ஒன்று ஏழு ஆறு எட்டு ஆறு ஆறு ஒன்பது ஏழு ஒன்பது ஒன்பது ஒன்பது,telephone
கு. அருண் பற்றி பேசினோம்.,குமாரி அருண் பற்றி பேசினோம் .,whitelist
-860364234,மைனஸ் எண்பத்தாறு கோடி மூன்று இலட்சம் அறுபத்துநான்கு ஆயிரம் இருநூற்று முப்பத்துநான்கு,cardinal
கடிதத்தில் 55865.029 இருந்தது.,கடிதத்தில் ஐம்பத்தைந்து ஆயிரம் எண்ணூற்று அறுபத்தைந்து புள்ளி பூஜ்யம் இரண்டு ஒன்பது இருந்தது .,decimal
0670-08745428 இந்த எண்ணில் அழையுங்கள்.,பூஜ்யம் ஆறு ஏழு பூஜ்யம் பூஜ்யம் எட்டு ஏழு நான்கு ஐந்து நான்கு இரண்டு எட்டு இந்த எண்ணில் அழையுங்கள் .,telephone
0016-682825,பூஜ்யம் பூஜ்யம் ஒன்று ஆறு ஆறு எட்டு இரண்டு எட்டு இரண்டு ஐந்து,telephone
65 கிலோ அரிசி வாங்கினேன்.,அறுபத்தைந்து கிலோ அரிசி வாங்கினேன் .,cardinal
கடிதத்தில் -14.74 இருந்தது.,கடிதத்தில் மைனஸ் பதினான்கு புள்ளி ஏழு நான்கு இருந்தது .,decimal
இதில் 5615வது குறிப்பிடப்பட்டுள்ளது.,இதில் ஐந்தாயிரத்து அறுநூற்றுப்பதினைந்தாவது குறிப்பிடப்பட்டுள்ளது .,ordinal
நிலப்பரப்பு 6743 கி.மீ. ஆகும்.,நிலப்பரப்பு ஆறாயிரத்து எழுநூற்று நாற்பத்துமூன்று கிலோமீட்டர் ஆகும் .,measure
இந்த நூலில் 6060294801813 பக்கங்கள் உள்ளன.,இந்த நூலில் ஆறு பூஜ்யம் ஆறு பூஜ்யம் இரண்டு ஒன்பது நான்கு எட்டு பூஜ்யம் ஒன்று எட்டு ஒன்று மூன்று பக்கங்கள் உள்ளன .,cardinal
Rs 3559.87,மூன்றாயிரத்து ஐந்நூற்று ஐம்பத்தொன்பது ரூபாய் எண்பத்தேழு பைசா,money
சராசரி -9.239 என்பது 347 மாணவர்களின் கணக்கு.,சராசரி மைனஸ் ஒன்பது புள்ளி இரண்டு மூன்று ஒன்பது என்பது முந்நூற்று நாற்பத்தேழு மாணவர்களின் கணக்கு .,mixed
24:28:19,இருபத்துநான்கு மணி இருபத்தெட்டு நிமிடம் பத்தொன்பது வினாடி,time
அவன் 0.92 மதிப்பெண் பெற்றான்.,அவன் பூஜ்யம் புள்ளி ஒன்பது இரண்டு மதிப்பெண் பெற்றான் .,decimal
தோட்டத்தில் மரங்கள் உள்ளன.,தோட்டத்தில் மரங்கள் உள்ளன .,word
மாத சம்பளம் ₹81.23 தான்.,மாத சம்பளம் எண்பத்தொன்று ரூபாய் இருபத்துமூன்று பைசா தான் .,money
வேகம் 9083.72 கி.கி ஆக இருந்தது.,வேகம் ஒன்பதாயிரத்து எண்பத்துமூன்று புள்ளி ஏழு இரண்டு கிலோகிராம் ஆக இருந்தது .,measure
11:00:21,பதினொன்று மணி இருபத்தொன்று வினாடி,time
7342,ஏழாயிரத்து முந்நூற்று நாற்பத்திரண்டு,cardinal
$ 95,தொண்ணூற்றைந்து டாலர்,money
"பேருந்து கட்டணம் ரூ. 2,82,89,117 ஆகும்.",பேருந்து கட்டணம் இரண்டு கோடி எண்பத்திரண்டு இலட்சம் எண்பத்தொன்பது ஆயிரம் நூற்றுப்பதினேழு ரூபாய் ஆகும் .,money
கூட்டத்தில் 89181 பேர் வந்தனர்.,கூட்டத்தில் எண்பத்தொன்பது ஆயிரம் நூற்றெண்பத்து ஒன்று பேர் வந்தனர் .,cardinal
கடிதத்தில் ₹ 8260 இருந்தது.,கடிதத்தில் எட்டாயிரத்து இருநூற்று அறுபது ரூபாய் இருந்தது .~கடிதத்தில் எட்டாயிரத்து இருநூற்றறுபது ரூபாய் இருந்தது .,money
௬௭௨,அறுநூற்று எழுபத்திரண்டு,cardinal
இப்போது மணி 14:14.,இப்போது மணி பதினான்கு மணி பதினான்கு நிமிடம் .,time
நான் 5712வது நபராக வந்தேன்.,நான் ஐந்தாயிரத்து எழுநூற்றுப்பன்னிரண்டாவது நபராக வந்தேன் .,ordinal
8614983 பற்றி பேசினோம்.,எண்பத்தாறு இலட்சம் பதினான்கு ஆயிரம் தொள்ளாயிரத்து எண்பத்துமூன்று பற்றி பேசினோம் .,cardinal
05-01-1984,ஐந்து ஜனவரி ஆயிரத்து தொள்ளாயிரத்து எண்பத்துநான்கு,date
நிலப்பரப்பு 5857 oz ஆகும்.,நிலப்பரப்பு ஐந்தாயிரத்து எண்ணூற்று ஐம்பத்தேழு அவுன்ஸ் ஆகும் .,measure
கடைசி தேதி 11-04-1911.,கடைசி தேதி பதினொன்று ஏப்ரல் ஆயிரத்து தொள்ளாயிரத்து பதினொன்று .,date
-595.52 பற்றி பேசினோம்.,மைனஸ் ஐந்நூற்றுத்தொண்ணூற்றைந்து புள்ளி ஐந்து இரண்டு பற்றி பேசினோம் .,decimal
07:34,ஏழு மணி முப்பத்துநான்கு நிமிடம்,time
+1 6697939122,பிளஸ் ஒன்று ஆறு ஆறு ஒன்பது ஏழு ஒன்பது மூன்று ஒன்பது ஒன்று இரண்டு இரண்டு,telephone
28/02/2055 அன்று ரூ9266.6 செலுத்தினேன்.,இருபத்தெட்டு பிப்ரவரி இரண்டாயிரத்து ஐம்பத்தைந்து அன்று ஒன்பதாயிரத்து இருநூற்று அறுபத்தாறு ரூபாய் அறுபது பைசா செலுத்தினேன் .,mixed
௧௧:௧௪:௦௦ சாப்பிட வா.,பதினொன்று மணி பதினான்கு நிமிடம் சாப்பிட வா .,time
அவன் 1968 முறை முயன்றான்.,அவன் ஆயிரத்து தொள்ளாயிரத்து அறுபத்தெட்டு முறை முயன்றான் .,cardinal
+448777280695 என்பதை நினைவில் கொள்ளுங்கள்.,பிளஸ் நான்கு நான்கு எட்டு ஏழு ஏழு ஏழு இரண்டு எட்டு பூஜ்யம் ஆறு ஒன்பது ஐந்து என்பதை நினைவில் கொள்ளுங்கள் .,telephone
"அவர் £2,24,32,255.23 செலுத்தினார்.",அவர் இரண்டு கோடி இருபத்துநான்கு இலட்சம் முப்பத்திரண்டு ஆயிரம் இருநூற்று ஐம்பத்தைந்து பவுண்ட் இருபத்துமூன்று பென்ஸ் செலுத்தினார் .,money
"ரூ.50,54,467.51",ஐம்பது இலட்சம் ஐம்பத்துநான்கு ஆயிரம் நானூற்று அறுபத்தேழு ரூபாய் ஐம்பத்தொன்று பைசா,money
1 ft,ஒரு அடி,measure
அவர் 73.75ரூ. என்றார்.,அவர் எழுபத்துமூன்று ரூபாய் எழுபத்தைந்து பைசா என்றார் .,money
இதில் ௪௪௫.௪௭௬ குறிப்பிடப்பட்டுள்ளது.,இதில் நானூற்று நாற்பத்தைந்து புள்ளி நான்கு ஏழு ஆறு குறிப்பிடப்பட்டுள்ளது .,decimal
16 என்பதை நினைவில் கொள்ளுங்கள்.,பதினாறு என்பதை நினைவில் கொள்ளுங்கள் .,cardinal
436வது,நானூற்று முப்பத்தாறாவது,ordinal
₹7518,ஏழாயிரத்து ஐந்நூற்றுப்பதினெட்டு ரூபாய்,money
அந்த நிலம் ரூ48.19 விலை போனது.,அந்த நிலம் நாற்பத்தெட்டு ரூபாய் பத்தொன்பது பைசா விலை போனது .,money
2652814,இருபத்தாறு இலட்சம் ஐம்பத்திரண்டு ஆயிரம் எண்ணூற்றுப்பதினான்கு,cardinal
கூட்டத்தில் 7816 பேர் வந்தனர்.,கூட்டத்தில் ஏழாயிரத்து எண்ணூற்றுப்பதினாறு பேர் வந்தனர் .,cardinal
இதில் ரூ 76 குறிப்பிடப்பட்டுள்ளது.,இதில் எழுபத்தாறு ரூபாய் குறிப்பிடப்பட்டுள்ளது .,money
திருமணம் 30-12-2070 அன்று நடைபெறும்.,திருமணம் முப்பது டிசம்பர் இரண்டாயிரத்து எழுபது அன்று நடைபெறும் .,date
034-060574,பூஜ்யம் மூன்று நான்கு பூஜ்யம் ஆறு பூஜ்யம் ஐந்து ஏழு நான்கு,telephone
இதில் ௨௫௫௮ குறிப்பிடப்பட்டுள்ளது.,இதில் இரண்டாயிரத்து ஐந்நூற்று ஐம்பத்தெட்டு குறிப்பிடப்பட்டுள்ளது .,cardinal
தூரம் ௨௦ l ஆகும்.,தூரம் இருபது லிட்டர் ஆகும் .,measure
"அவன் 306,988 முறை முயன்றான்.",அவன் மூன்று இலட்சம் ஆறாயிரத்து தொள்ளாயிரத்து எண்பத்தெட்டு முறை முயன்றான் .,cardinal
௫௩௪௧வது,ஐந்தாயிரத்து முந்நூற்று நாற்பத்தொன்றாவது,ordinal
இதில் 6.88°F குறிப்பிடப்பட்டுள்ளது.,இதில் ஆறு புள்ளி எட்டு எட்டு டிகிரி பாரன்ஹீட் குறிப்பிடப்பட்டுள்ளது .,measure
"அவர் ₹ 5,97,22,789 என்றார்.",அவர் ஐந்து கோடி தொண்ணூற்றேழு இலட்சம் இருபத்திரண்டு ஆயிரம் எழுநூற்று எண்பத்தொன்பது ரூபாய் என்றார் .,money
விண்ணப்பம் 28-04-2348 அன்று அனுப்பப்பட்டது.,விண்ணப்பம் இருபத்தெட்டு ஏப்ரல் இரண்டாயிரத்து முந்நூற்று நாற்பத்தெட்டு அன்று அனுப்பப்பட்டது .,date
7407427826,ஏழு நான்கு பூஜ்யம் ஏழு நான்கு இரண்டு ஏழு எட்டு இரண்டு ஆறு,telephone
23வது பரிசு 0.86 ₹ ஆகும்.,இருபத்துமூன்றாவது பரிசு எண்பத்தாறு பைசா ஆகும் .,mixed
செய்தியில் 30.08.1987 என்று வந்தது.,செய்தியில் முப்பது ஆகஸ்ட் ஆயிரத்து தொள்ளாயிரத்து எண்பத்தேழு என்று வந்தது .,date
நிலப்பரப்பு 7068 கி.கி ஆகும்.,நிலப்பரப்பு ஏழாயிரத்து அறுபத்தெட்டு கிலோகிராம் ஆகும் .,measure
"அந்த நிறுவனத்தில் 87,73,95,871 ஊழியர்கள் பணிபுரிகின்றனர்.",அந்த நிறுவனத்தில் எண்பத்தேழு கோடி எழுபத்துமூன்று இலட்சம் தொண்ணூற்றைந்து ஆயிரம் எண்ணூற்று எழுபத்தொன்று ஊழியர்கள் பணிபுரிகின்றனர் .,cardinal
67 நாட்கள் ஆயிற்று.,அறுபத்தேழு நாட்கள் ஆயிற்று .,cardinal
3334.22 °C,மூன்றாயிரத்து முந்நூற்று முப்பத்துநான்கு புள்ளி இரண்டு இரண்டு டிகிரி செல்சியஸ்,measure
"$ ௪௫,௭௩,௦௯௭",நாற்பத்தைந்து இலட்சம் எழுபத்துமூன்று ஆயிரம் தொண்ணூற்றேழு டாலர்,money
வகுப்பு 24:23 மணிக்கு முடியும்.,வகுப்பு இருபத்துநான்கு மணி இருபத்துமூன்று நிமிடம் முடியும் .,time
5/4/2024,ஐந்து ஏப்ரல் இரண்டாயிரத்து இருபத்துநான்கு,date
அவர் ௦.௭௪ என்றார்.,அவர் பூஜ்யம் புள்ளி ஏழு நான்கு என்றார் .,decimal
இப்போது மணி 14:04 மணிக்கு.,இப்போது மணி பதினான்கு மணி நான்கு நிமிடம் .,time
Rs 48 பற்றி பேசினோம்.,நாற்பத்தெட்டு ரூபாய் பற்றி பேசினோம் .,money
$19.3 கடன் வாங்கினேன்.,பத்தொன்பது டாலர் முப்பது சென்ட் கடன் வாங்கினேன் .,money
கடிதத்தில் 34287.4 இருந்தது.,கடிதத்தில் முப்பத்துநான்கு ஆயிரம் இருநூற்று எண்பத்தேழு புள்ளி நான்கு இருந்தது .,decimal
"ரூ. 2,12,69,340 பற்றி பேசினோம்.",இரண்டு கோடி பன்னிரண்டு இலட்சம் அறுபத்தொன்பது ஆயிரம் முந்நூற்று நாற்பது ரூபாய் பற்றி பேசினோம் .,money
"ரூ.5,15,74,349",ஐந்து கோடி பதினைந்து இலட்சம் எழுபத்துநான்கு ஆயிரம் முந்நூற்று நாற்பத்தொன்பது ரூபாய்,money
விலை 5×2=10 உயர்ந்தது.,விலை ஐந்து பெருக்கல் இரண்டு சமம் பத்து உயர்ந்தது .,whitelist
8861.611,எட்டாயிரத்து எண்ணூற்று அறுபத்தொன்று புள்ளி ஆறு ஒன்று ஒன்று,decimal
வண்டி எண் 350845 ஆகும்.,வண்டி எண் மூன்று இலட்சம் ஐம்பது ஆயிரம் எண்ணூற்று நாற்பத்தைந்து ஆகும் .,cardinal
14-08-2018 பற்றி பேசினோம்.,பதினான்கு ஆகஸ்ட் இரண்டாயிரத்து பதினெட்டு பற்றி பேசினோம் .,date
அவர் 8044 என்றார்.,அவர் எட்டாயிரத்து நாற்பத்துநான்கு என்றார் .,cardinal
9982973058,ஒன்பது ஒன்பது எட்டு இரண்டு ஒன்பது ஏழு மூன்று பூஜ்யம் ஐந்து எட்டு,telephone
16:41 மணிக்கு,பதினாறு மணி நாற்பத்தொன்று நிமிடம்,time
பேருந்து கட்டணம் 50ரூ /- ஆகும்.,பேருந்து கட்டணம் ஐம்பது ரூபாய் ஆகும் .,money
அவர் 24-01-2313 அன்று பிறந்தார்.,அவர் இருபத்துநான்கு ஜனவரி இரண்டாயிரத்து முந்நூற்றுப்பதிமூன்று அன்று பிறந்தார் .,date
கடைசி தேதி 26-06-2021.,கடைசி தேதி இருபத்தாறு ஜூன் இரண்டாயிரத்து இருபத்தொன்று .,date
14-10-2679,பதினான்கு அக்டோபர் இரண்டாயிரத்து அறுநூற்று எழுபத்தொன்பது,date
கட்டணம் ₹௬௧௯௫ என அறிவித்தனர்.,கட்டணம் ஆறாயிரத்து நூற்றுத்தொண்ணூற்றைந்து ரூபாய் என அறிவித்தனர் .,money
23-03-2031 அன்று மழை பெய்தது.,இருபத்துமூன்று மார்ச் இரண்டாயிரத்து முப்பத்தொன்று அன்று மழை பெய்தது .,date
செய்தியில் 6.63 hr என்று வந்தது.,செய்தியில் ஆறு புள்ளி ஆறு மூன்று மணி என்று வந்தது .,measure
$ ௬௧,அறுபத்தொன்று டாலர்,money
"2,78,57,241.8₹",இரண்டு கோடி எழுபத்தெட்டு இலட்சம் ஐம்பத்தேழு ஆயிரம் இருநூற்று நாற்பத்தொன்று ரூபாய் எண்பது பைசா,money
11-04-1942,பதினொன்று ஏப்ரல் ஆயிரத்து தொள்ளாயிரத்து நாற்பத்திரண்டு,date
சராசரி 0.82 என்பது 60 மாணவர்களின் கணக்கு.,சராசரி பூஜ்யம் புள்ளி எட்டு இரண்டு என்பது அறுபது மாணவர்களின் கணக்கு .,mixed
அவர் 384 ஓட்டங்கள் எடுத்தார்.,அவர் முந்நூற்று எண்பத்துநான்கு ஓட்டங்கள் எடுத்தார் .,cardinal
௯௭௨௦,ஒன்பதாயிரத்து எழுநூற்று இருபது,cardinal
மொத்த செலவு €49.,மொத்த செலவு நாற்பத்தொன்பது யூரோ .,money
வெப்பநிலை 158-228 டிகிரி இருக்கும்.,வெப்பநிலை நூற்றைம்பத்து எட்டு முதல் இருநூற்று இருபத்தெட்டு டிகிரி இருக்கும் .,range
12:04,பன்னிரண்டு மணி நான்கு நிமிடம்,time
2054-2460,இரண்டாயிரத்து ஐம்பத்துநான்கு முதல் இரண்டாயிரத்து நானூற்று அறுபது,range
343,முந்நூற்று நாற்பத்துமூன்று,cardinal
8127414551,எட்டு ஒன்று இரண்டு ஏழு நான்கு ஒன்று நான்கு ஐந்து ஐந்து ஒன்று,telephone
பதிவு தேதி 11-11-2027 ஆகும்.,பதிவு தேதி பதினொன்று நவம்பர் இரண்டாயிரத்து இருபத்தேழு ஆகும் .,date
செய்தியில் Rs ௫௪௧ என்று வந்தது.,செய்தியில் ஐந்நூற்று நாற்பத்தொன்று ரூபாய் என்று வந்தது .,money
32124 நாட்கள் ஆயிற்று.,முப்பத்திரண்டு ஆயிரம் நூற்று இருபத்துநான்கு நாட்கள் ஆயிற்று .,cardinal
செய்தியில் 8 கி.கி என்று வந்தது.,செய்தியில் எட்டு கிலோகிராம் என்று வந்தது .,measure
09-02-2006,ஒன்பது பிப்ரவரி இரண்டாயிரத்து ஆறு,date
426,நானூற்று இருபத்தாறு,cardinal
"அவர் 83,761 என்றார்.",அவர் எண்பத்துமூன்று ஆயிரம் எழுநூற்று அறுபத்தொன்று என்றார் .,cardinal
1096-1679 நாட்கள் ஆகும்.,ஆயிரத்து தொண்ணூற்றாறு முதல் ஆயிரத்து அறுநூற்று எழுபத்தொன்பது நாட்கள் ஆகும் .,range
Rs 11,பதினொன்று ரூபாய்,money
இதில் 87087.476 குறிப்பிடப்பட்டுள்ளது.,இதில் எண்பத்தேழு ஆயிரம் எண்பத்தேழு புள்ளி நான்கு ஏழு ஆறு குறிப்பிடப்பட்டுள்ளது .,decimal
7:22,ஏழு மணி இருபத்திரண்டு நிமிடம்,time
மொத்தம் 49 மாணவர்கள் உள்ளனர்.,மொத்தம் நாற்பத்தொன்பது மாணவர்கள் உள்ளனர் .,cardinal
Rs549,ஐந்நூற்று நாற்பத்தொன்பது ரூபாய்,money
பை மதிப்பு 7016.844 ஆகும்.,பை மதிப்பு ஏழாயிரத்து பதினாறு புள்ளி எட்டு நான்கு நான்கு ஆகும் .,decimal
"813,572",எட்டு இலட்சம் பதிமூன்று ஆயிரம் ஐந்நூற்று எழுபத்திரண்டு,cardinal
Rs. 0.25,இருபத்தைந்து பைசா,money
"98,61,45,562",தொண்ணூற்றெட்டு கோடி அறுபத்தொன்று இலட்சம் நாற்பத்தைந்து ஆயிரம் ஐந்நூற்று அறுபத்திரண்டு,cardinal
694919671,அறுபத்தொன்பது கோடி நாற்பத்தொன்பது இலட்சம் பத்தொன்பது ஆயிரம் அறுநூற்று எழுபத்தொன்று,cardinal
2/8,எட்டில் இரண்டு,fraction
மதிப்பீடு 8.96 கோடி.,மதிப்பீடு எட்டு புள்ளி ஒன்பது ஆறு கோடி .,decimal
11.01.2090,பதினொன்று ஜனவரி இரண்டாயிரத்து தொண்ணூறு,date
இதில் 8991524146 குறிப்பிடப்பட்டுள்ளது.,இதில் எட்டு ஒன்பது ஒன்பது ஒன்று ஐந்து இரண்டு நான்கு ஒன்று நான்கு ஆறு குறிப்பிடப்பட்டுள்ளது .,telephone
3ஆம் பக்கத்தில் பதில் உள்ளது.,மூன்றாம் பக்கத்தில் பதில் உள்ளது .,ordinal
1258-1371 பற்றி பேசினோம்.,ஆயிரத்து இருநூற்று ஐம்பத்தெட்டு முதல் ஆயிரத்து முந்நூற்று எழுபத்தொன்று பற்றி பேசினோம் .,range
21-07-1992,இருபத்தொன்று ஜூலை ஆயிரத்து தொள்ளாயிரத்து தொண்ணூற்றிரண்டு,date
₹ 8998,எட்டாயிரத்து தொள்ளாயிரத்து தொண்ணூற்றெட்டு ரூபாய்,money
4167 மி.லி.,நான்காயிரத்து நூற்றறுபத்து ஏழு மில்லிலிட்டர்,measure
1000இல் என்று எழுதப்பட்டுள்ளது.,ஆயிரத்தில் என்று எழுதப்பட்டுள்ளது .,cardinal
-41,மைனஸ் நாற்பத்தொன்று,cardinal
௨௧:௦௦ வரை 781 பேர் காத்திருந்தனர்.,இருபத்தொன்று மணி வரை எழுநூற்று எண்பத்தொன்று பேர் காத்திருந்தனர் .,mixed
£ 16 என்பதை நினைவில் கொள்ளுங்கள்.,பதினாறு பவுண்ட் என்பதை நினைவில் கொள்ளுங்கள் .,money
"பள்ளியில் 944,376 ஆசிரியர்கள் உள்ளனர்.",பள்ளியில் ஒன்பது இலட்சம் நாற்பத்துநான்கு ஆயிரம் முந்நூற்று எழுபத்தாறு ஆசிரியர்கள் உள்ளனர் .,cardinal
943.8,தொள்ளாயிரத்து நாற்பத்துமூன்று புள்ளி எட்டு,decimal
7 2/10 பங்கு அதாவது 598.44 லி. மட்டும் மீதம்.,ஏழு மற்றும் பத்தில் இரண்டு பங்கு அதாவது ஐந்நூற்றுத்தொண்ணூற்றெட்டு புள்ளி நான்கு நான்கு லிட்டர் மட்டும் மீதம் .,mixed
12:23:14 மணிக்கு,பன்னிரண்டு மணி இருபத்துமூன்று நிமிடம் பதினான்கு வினாடி,time
"எண் 11,14,69,738 சரியானது.",எண் பதினொன்று கோடி பதினான்கு இலட்சம் அறுபத்தொன்பது ஆயிரம் எழுநூற்று முப்பத்தெட்டு சரியானது .,cardinal
+658115932916 என்ற எண்ணை அழைக்கவும்.,பிளஸ் ஆறு ஐந்து எட்டு ஒன்று ஒன்று ஐந்து ஒன்பது மூன்று இரண்டு ஒன்பது ஒன்று ஆறு என்ற எண்ணை அழைக்கவும் .,telephone
இதில் 39% குறிப்பிடப்பட்டுள்ளது.,இதில் முப்பத்தொன்பது சதவீதம் குறிப்பிடப்பட்டுள்ளது .,whitelist
₹436000254,நாற்பத்துமூன்று கோடி அறுபது இலட்சம் இருநூற்று ஐம்பத்துநான்கு ரூபாய்,money
13 6/12 பற்றி பேசினோம்.,பதிமூன்று மற்றும் பன்னிரண்டில் ஆறு பற்றி பேசினோம் .,fraction
84-161 என்று எழுதப்பட்டுள்ளது.,எண்பத்துநான்கு முதல் நூற்றறுபத்து ஒன்று என்று எழுதப்பட்டுள்ளது .,range
3378303,முப்பத்துமூன்று இலட்சம் எழுபத்தெட்டு ஆயிரம் முந்நூற்று மூன்று,cardinal
எண் 5152 சரியானது.,எண் ஐந்தாயிரத்து நூற்றைம்பத்து இரண்டு சரியானது .,cardinal
88 GB,எண்பத்தெட்டு கிகாபைட்,measure
பள்ளியில் 51 ஆசிரியர்கள் உள்ளனர்.,பள்ளியில் ஐம்பத்தொன்று ஆசிரியர்கள் உள்ளனர் .,cardinal
$146,நூற்று நாற்பத்தாறு டாலர்,money
34 நாட்கள் ஆயிற்று.,முப்பத்துநான்கு நாட்கள் ஆயிற்று .,cardinal
1657 kg,ஆயிரத்து அறுநூற்று ஐம்பத்தேழு கிலோகிராம்,measure
அவர் 63 என்றார்.,அவர் அறுபத்துமூன்று என்றார் .,cardinal
40-52 பேருக்கு €448544761 செலவு ஆகும்.,நாற்பது முதல் ஐம்பத்திரண்டு பேருக்கு நாற்பத்துநான்கு கோடி எண்பத்தைந்து இலட்சம் நாற்பத்துநான்கு ஆயிரம் எழுநூற்று அறுபத்தொன்று யூரோ செலவு ஆகும் .,mixed
அவர் 37817.1 என்றார்.,அவர் முப்பத்தேழு ஆயிரம் எண்ணூற்றுப்பதினேழு புள்ளி ஒன்று என்றார் .,decimal
செய்தியில் 5716வது என்று வந்தது.,செய்தியில் ஐந்தாயிரத்து எழுநூற்றுப்பதினாறாவது என்று வந்தது .,ordinal
4652,நான்காயிரத்து அறுநூற்று ஐம்பத்திரண்டு,cardinal
69ஆம்,அறுபத்தொன்பதாம்,ordinal
அவர் 10வது என்றார்.,அவர் பத்தாவது என்றார் .,ordinal
19-02-1981,பத்தொன்பது பிப்ரவரி ஆயிரத்து தொள்ளாயிரத்து எண்பத்தொன்று,date
௨௫௪௭௨.௧௭,இருபத்தைந்து ஆயிரம் நானூற்று எழுபத்திரண்டு புள்ளி ஒன்று ஏழு,decimal
அந்த ஊரில் 7390548101 வீடுகள் உள்ளன.,அந்த ஊரில் ஏழு மூன்று ஒன்பது பூஜ்யம் ஐந்து நான்கு எட்டு ஒன்று பூஜ்யம் ஒன்று வீடுகள் உள்ளன .,cardinal
798ஆம் என்பதை நினைவில் கொள்ளுங்கள்.,எழுநூற்றுத்தொண்ணூற்றெட்டாம் என்பதை நினைவில் கொள்ளுங்கள் .,ordinal
922 கிலோ அரிசி வாங்கினேன்.,தொள்ளாயிரத்து இருபத்திரண்டு கிலோ அரிசி வாங்கினேன் .,cardinal
பரிசுத் தொகை $ 3364.2.,பரிசுத் தொகை மூன்றாயிரத்து முந்நூற்று அறுபத்துநான்கு டாலர் இருபது சென்ட் .,money
5950ல் என்பதை நினைவில் கொள்ளுங்கள்.,ஐந்தாயிரத்து தொள்ளாயிரத்து ஐம்பதில் என்பதை நினைவில் கொள்ளுங்கள் .,cardinal
கடிதத்தில் £௯௨௨௪ இருந்தது.,கடிதத்தில் ஒன்பதாயிரத்து இருநூற்று இருபத்துநான்கு பவுண்ட் இருந்தது .,money
௯.௫௧,ஒன்பது புள்ளி ஐந்து ஒன்று,decimal
£8 பற்றி பேசினோம்.,எட்டு பவுண்ட் பற்றி பேசினோம் .,money
"57,318",ஐம்பத்தேழு ஆயிரம் முந்நூற்றுப்பதினெட்டு,cardinal
வெப்பநிலை 89 மி.லி. ஆக இருந்தது.,வெப்பநிலை எண்பத்தொன்பது மில்லிலிட்டர் ஆக இருந்தது .,measure
கடிதத்தில் 5 MB இருந்தது.,கடிதத்தில் ஐந்து மெகாபைட் இருந்தது .,measure
அவன் ¾ பங்கு சாப்பிட்டான்.,அவன் நான்கில் மூன்று பங்கு சாப்பிட்டான் .,fraction
இதில் 8020 செ.மீ. குறிப்பிடப்பட்டுள்ளது.,இதில் எட்டாயிரத்து இருபது சென்டிமீட்டர் குறிப்பிடப்பட்டுள்ளது .,measure
சராசரி 1.86 என்பது 975 மாணவர்களின் கணக்கு.,சராசரி ஒன்று புள்ளி எட்டு ஆறு என்பது தொள்ளாயிரத்து எழுபத்தைந்து மாணவர்களின் கணக்கு .,mixed
888.9 சரியானது.,எண்ணூற்று எண்பத்தெட்டு புள்ளி ஒன்பது சரியானது .,decimal
199.48,நூற்றுத்தொண்ணூற்றொன்பது புள்ளி நான்கு எட்டு,decimal
"எண் 3,67,95,244 சரியானது.",எண் மூன்று கோடி அறுபத்தேழு இலட்சம் தொண்ணூற்றைந்து ஆயிரம் இருநூற்று நாற்பத்துநான்கு சரியானது .,cardinal
33.20lb,முப்பத்துமூன்று புள்ளி இரண்டு பூஜ்யம் பவுண்டு,measure
செய்தியில் 38 % என்று வந்தது.,செய்தியில் முப்பத்தெட்டு சதவீதம் என்று வந்தது .,whitelist
76105.448,எழுபத்தாறு ஆயிரம் நூற்று ஐந்து புள்ளி நான்கு நான்கு எட்டு,decimal
அவரின் தொலைபேசி எண் 9648249556 ஆகும்.,அவரின் தொலைபேசி எண் ஒன்பது ஆறு நான்கு எட்டு இரண்டு நான்கு ஒன்பது ஐந்து ஐந்து ஆறு ஆகும் .,telephone
14:34 மணிக்கு,பதினான்கு மணி முப்பத்துநான்கு நிமிடம்,time
357,முந்நூற்று ஐம்பத்தேழு,cardinal
02.08.2004,இரண்டு ஆகஸ்ட் இரண்டாயிரத்து நான்கு,date
பேருந்து ௧௬:௨௬ மணிக்கு கிளம்பும்.,பேருந்து பதினாறு மணி இருபத்தாறு நிமிடம் கிளம்பும் .,time
8237287 பற்றி பேசினோம்.,எண்பத்திரண்டு இலட்சம் முப்பத்தேழு ஆயிரம் இருநூற்று எண்பத்தேழு பற்றி பேசினோம் .,cardinal
வண்டி எண் 96 ஆகும்.,வண்டி எண் தொண்ணூற்றாறு ஆகும் .,cardinal
அவர் 21:00 என்றார்.,அவர் இருபத்தொன்று மணி என்றார் .,time
08:22:00 மணிக்கு,எட்டு மணி இருபத்திரண்டு நிமிடம்,time
20:19,இருபது மணி பத்தொன்பது நிமிடம்,time
இதன் மதிப்பு 68569.657 தான்.,இதன் மதிப்பு அறுபத்தெட்டு ஆயிரம் ஐந்நூற்று அறுபத்தொன்பது புள்ளி ஆறு ஐந்து ஏழு தான் .,decimal
கடிதத்தில் 8402.06 இருந்தது.,கடிதத்தில் எட்டாயிரத்து நானூற்று இரண்டு புள்ளி பூஜ்யம் ஆறு இருந்தது .,decimal
"24,69,47,927 சரியானது.",இருபத்துநான்கு கோடி அறுபத்தொன்பது இலட்சம் நாற்பத்தேழு ஆயிரம் தொள்ளாயிரத்து இருபத்தேழு சரியானது .,cardinal
8494522,எண்பத்துநான்கு இலட்சம் தொண்ணூற்றுநான்கு ஆயிரம் ஐந்நூற்று இருபத்திரண்டு,cardinal
8511,எட்டாயிரத்து ஐந்நூற்றுப்பதினொன்று,cardinal
12/14,பதினான்கில் பன்னிரண்டு,fraction
20lb,இருபது பவுண்டு,measure
மொத்த மதிப்பெண் 6420.,மொத்த மதிப்பெண் ஆறாயிரத்து நானூற்று இருபது .,cardinal
மா. மீனா,மாஸ்டர் மீனா,whitelist
3423 Hz,மூன்றாயிரத்து நானூற்று இருபத்துமூன்று ஹெர்ட்ஸ்,measure
அலுவலக எண் +917776406972.,அலுவலக எண் பிளஸ் ஒன்பது ஒன்று ஏழு ஏழு ஏழு ஆறு நான்கு பூஜ்யம் ஆறு ஒன்பது ஏழு இரண்டு .,telephone
கடிதத்தில் Rs5571 இருந்தது.,கடிதத்தில் ஐந்தாயிரத்து ஐந்நூற்று எழுபத்தொன்று ரூபாய் இருந்தது .,money
௧௯௨௦-௦௮-௧௧ அன்று விடுமுறை.,ஆயிரத்து தொள்ளாயிரத்து இருபது ஆகஸ்ட் பதினொன்று அன்று விடுமுறை .,date
௦௮,பூஜ்யம் எட்டு,cardinal
ரூ11 சரியானது.,பதினொன்று ரூபாய் சரியானது .,money
2010வது என்று எழுதப்பட்டுள்ளது.,இரண்டாயிரத்து பத்தாவது என்று எழுதப்பட்டுள்ளது .,ordinal
கட்டணம் ரூ. 9816.5 என அறிவித்தனர்.,கட்டணம் ஒன்பதாயிரத்து எண்ணூற்றுப்பதினாறு ரூபாய் ஐம்பது பைசா என அறிவித்தனர் .,money
நிலப்பரப்பு ௪௭ l ஆகும்.,நிலப்பரப்பு நாற்பத்தேழு லிட்டர் ஆகும் .,measure
597,ஐந்நூற்றுத்தொண்ணூற்றேழு,cardinal
22-10-1912 என்று எழுதப்பட்டுள்ளது.,இருபத்திரண்டு அக்டோபர் ஆயிரத்து தொள்ளாயிரத்து பன்னிரண்டு என்று எழுதப்பட்டுள்ளது .,date
இன்றைய விலை 2.372 ஆக உயர்ந்தது.,இன்றைய விலை இரண்டு புள்ளி மூன்று ஏழு இரண்டு ஆக உயர்ந்தது .,decimal
தினமும் 1mm ஓடுகிறேன்.,தினமும் ஒரு மில்லிமீட்டர் ஓடுகிறேன் .,measure
1853-2779 வயது குழந்தைகள் வரலாம்.,ஆயிரத்து எண்ணூற்று ஐம்பத்துமூன்று முதல் இரண்டாயிரத்து எழுநூற்று எழுபத்தொன்பது வயது குழந்தைகள் வரலாம் .,range
பாத்திரத்தில் 54/70 பங்கு நீர் உள்ளது.,பாத்திரத்தில் எழுபதில் ஐம்பத்துநான்கு பங்கு நீர் உள்ளது .,fraction
098-18219264,பூஜ்யம் ஒன்பது எட்டு ஒன்று எட்டு இரண்டு ஒன்று ஒன்பது இரண்டு ஆறு நான்கு,telephone
74ஆம்,எழுபத்துநான்காம்,ordinal
"421,460",நான்கு இலட்சம் இருபத்தொன்று ஆயிரம் நானூற்று அறுபது,cardinal
773,எழுநூற்று எழுபத்துமூன்று,cardinal
2482ஆம்,இரண்டாயிரத்து நானூற்று எண்பத்திரண்டாம்,ordinal
பேருந்து கட்டணம் ₹812/- ஆகும்.,பேருந்து கட்டணம் எண்ணூற்றுப்பன்னிரண்டு ரூபாய் ஆகும் .,money
கடிதத்தில் 2 செ.மீ இருந்தது.,கடிதத்தில் இரண்டு சென்டிமீட்டர் இருந்தது .,measure
+44 8412909711 பற்றி பேசினோம்.,பிளஸ் நான்கு நான்கு எட்டு நான்கு ஒன்று இரண்டு ஒன்பது பூஜ்யம் ஒன்பது ஏழு ஒன்று ஒன்று பற்றி பேசினோம் .,telephone
6:00,ஆறு மணி,time
செய்தியில் Rs.222943463/- என்று வந்தது.,செய்தியில் இருபத்திரண்டு கோடி இருபத்தொன்பது இலட்சம் நாற்பத்துமூன்று ஆயிரம் நானூற்று அறுபத்துமூன்று ரூபாய் என்று வந்தது .,money
70.59 கி.கி,எழுபது புள்ளி ஐந்து ஒன்பது கிலோகிராம்,measure
40/14,பதினான்கில் நாற்பது,fraction
1730ஆவது நூற்றாண்டு இலக்கியம்.,ஆயிரத்து எழுநூற்று முப்பதாவது நூற்றாண்டு இலக்கியம் .,ordinal
இன்று ௫௯௬௬௮ பேர் வருகை தந்தனர்.,இன்று ஐம்பத்தொன்பது ஆயிரம் அறுநூற்று அறுபத்தெட்டு பேர் வருகை தந்தனர் .,cardinal
22:33:59,இருபத்திரண்டு மணி முப்பத்துமூன்று நிமிடம் ஐம்பத்தொன்பது வினாடி,time
94/100 பற்றி பேசினோம்.,நூறில் தொண்ணூற்றுநான்கு பற்றி பேசினோம் .,fraction
கடிதத்தில் 566.505 இருந்தது.,கடிதத்தில் ஐந்நூற்று அறுபத்தாறு புள்ளி ஐந்து பூஜ்யம் ஐந்து இருந்தது .,decimal
29-09-2705,இருபத்தொன்பது செப்டம்பர் இரண்டாயிரத்து எழுநூற்று ஐந்து,date
அந்த நிறுவனத்தில் 9815 ஊழியர்கள் பணிபுரிகின்றனர்.,அந்த நிறுவனத்தில் ஒன்பதாயிரத்து எண்ணூற்றுப்பதினைந்து ஊழியர்கள் பணிபுரிகின்றனர் .,cardinal
வட்டி 46% ஆக உள்ளது.,வட்டி நாற்பத்தாறு சதவீதம் ஆக உள்ளது .,whitelist
"193,021",ஒரு இலட்சம் தொண்ணூற்றுமூன்று ஆயிரம் இருபத்தொன்று,cardinal
வெப்பநிலை 5 sec ஆக இருந்தது.,வெப்பநிலை ஐந்து வினாடி ஆக இருந்தது .,measure
மொத்த மதிப்பெண் 16309.,மொத்த மதிப்பெண் பதினாறு ஆயிரம் முந்நூற்று ஒன்பது .,cardinal
$85,எண்பத்தைந்து டாலர்,money
பதிவு தேதி 26-08-2018 ஆகும்.,பதிவு தேதி இருபத்தாறு ஆகஸ்ட் இரண்டாயிரத்து பதினெட்டு ஆகும் .,date
ரூ.28,இருபத்தெட்டு ரூபாய்,money
5144,ஐந்தாயிரத்து நூற்று நாற்பத்துநான்கு,cardinal
அவள் 5504 புத்தகங்கள் வாங்கினாள்.,அவள் ஐந்தாயிரத்து ஐந்நூற்று நான்கு புத்தகங்கள் வாங்கினாள் .,cardinal
2671 MB,இரண்டாயிரத்து அறுநூற்று எழுபத்தொன்று மெகாபைட்,measure
எனக்கு 292598298 வயது.,எனக்கு இருபத்தொன்பது கோடி இருபத்தைந்து இலட்சம் தொண்ணூற்றெட்டு ஆயிரம் இருநூற்றுத்தொண்ணூற்றெட்டு வயது .,cardinal
ரூ5605/-,ஐந்தாயிரத்து அறுநூற்று ஐந்து ரூபாய்,money
அவர் $972.2 என்றார்.,அவர் தொள்ளாயிரத்து எழுபத்திரண்டு டாலர் இருபது சென்ட் என்றார் .,money
402.54,நானூற்று இரண்டு புள்ளி ஐந்து நான்கு,decimal
உதவி எண் 6768895136 என அறிவித்தனர்.,உதவி எண் ஆறு ஏழு ஆறு எட்டு எட்டு ஒன்பது ஐந்து ஒன்று மூன்று ஆறு என அறிவித்தனர் .,telephone
-4 என்பதை நினைவில் கொள்ளுங்கள்.,மைனஸ் நான்கு என்பதை நினைவில் கொள்ளுங்கள் .,cardinal
இந்த மூட்டை 6617 செ.மீ. எடை உள்ளது.,இந்த மூட்டை ஆறாயிரத்து அறுநூற்றுப்பதினேழு சென்டிமீட்டர் எடை உள்ளது .,measure
07:05,ஏழு மணி ஐந்து நிமிடம்,time
2793,இரண்டாயிரத்து எழுநூற்றுத்தொண்ணூற்றுமூன்று,cardinal
வண்டி எண் 2974398 ஆகும்.,வண்டி எண் இருபத்தொன்பது இலட்சம் எழுபத்துநான்கு ஆயிரம் முந்நூற்றுத்தொண்ணூற்றெட்டு ஆகும் .,cardinal
அவர் 06 என்றார்.,அவர் பூஜ்யம் ஆறு என்றார் .,cardinal
௩௦-௦௭-௨௦௫௮,முப்பது ஜூலை இரண்டாயிரத்து ஐம்பத்தெட்டு,date
92644.04,தொண்ணூற்றிரண்டு ஆயிரம் அறுநூற்று நாற்பத்துநான்கு புள்ளி பூஜ்யம் நான்கு,decimal
இதில் 969111814 குறிப்பிடப்பட்டுள்ளது.,இதில் தொண்ணூற்றாறு கோடி தொண்ணூற்றொன்று இலட்சம் பதினொன்று ஆயிரம் எண்ணூற்றுப்பதினான்கு குறிப்பிடப்பட்டுள்ளது .,cardinal
-770.156,மைனஸ் எழுநூற்று எழுபது புள்ளி ஒன்று ஐந்து ஆறு~மைனஸ் எழுநூற்றெழுபது புள்ளி ஒன்று ஐந்து ஆறு,decimal
விடை 7/11 ஆகும்.,விடை பதினொன்றில் ஏழு ஆகும் .,fraction
372488822,முப்பத்தேழு கோடி இருபத்துநான்கு இலட்சம் எண்பத்தெட்டு ஆயிரம் எண்ணூற்று இருபத்திரண்டு,cardinal
அவள் 23ஆம் வகுப்பு படிக்கிறாள்.,அவள் இருபத்துமூன்றாம் வகுப்பு படிக்கிறாள் .,ordinal
1584-2388,ஆயிரத்து ஐந்நூற்று எண்பத்துநான்கு முதல் இரண்டாயிரத்து முந்நூற்று எண்பத்தெட்டு,range
9293.85 ml என்று எழுதப்பட்டுள்ளது.,ஒன்பதாயிரத்து இருநூற்றுத்தொண்ணூற்றுமூன்று புள்ளி எட்டு ஐந்து மில்லிலிட்டர் என்று எழுதப்பட்டுள்ளது .,measure
அவர் 1900-11-22 அன்று பிறந்தார்.,அவர் ஆயிரத்து தொள்ளாயிரம் நவம்பர் இருபத்திரண்டு அன்று பிறந்தார் .,date
Rs13 அபராதம் விதிக்கப்பட்டது.,பதிமூன்று ரூபாய் அபராதம் விதிக்கப்பட்டது .,money
18407.789 சரியானது.,பதினெட்டு ஆயிரம் நானூற்று ஏழு புள்ளி ஏழு எட்டு ஒன்பது சரியானது .,decimal
புரோ. கண்ணன் மாணவர்கள் தேர்ச்சி பெற்றனர்.,பேராசிரியர் கண்ணன் மாணவர்கள் தேர்ச்சி பெற்றனர் .,whitelist
"௩௧,௦௬௭",முப்பத்தொன்று ஆயிரம் அறுபத்தேழு,cardinal
17/19 சரியானது.,பத்தொன்பதில் பதினேழு சரியானது .,fraction
அவன் 2.392 மதிப்பெண் பெற்றான்.,அவன் இரண்டு புள்ளி மூன்று ஒன்பது இரண்டு மதிப்பெண் பெற்றான் .,decimal
வண்டி எண் ௭௩௫௫ ஆகும்.,வண்டி எண் ஏழாயிரத்து முந்நூற்று ஐம்பத்தைந்து ஆகும் .,cardinal
அவர் ௬௪௧.௧௫ ரூ. என்றார்.,அவர் அறுநூற்று நாற்பத்தொன்று ரூபாய் பதினைந்து பைசா என்றார் .,money
4.08,நான்கு புள்ளி பூஜ்யம் எட்டு,decimal
பை மதிப்பு 302.8 ஆகும்.,பை மதிப்பு முந்நூற்று இரண்டு புள்ளி எட்டு ஆகும் .,decimal
அலுவலக எண் +91 9849754369.,அலுவலக எண் பிளஸ் ஒன்பது ஒன்று ஒன்பது எட்டு நான்கு ஒன்பது ஏழு ஐந்து நான்கு மூன்று ஆறு ஒன்பது .,telephone
7993l,ஏழாயிரத்து தொள்ளாயிரத்து தொண்ணூற்றுமூன்று லிட்டர்,measure
7820710157 என்ற எண்ணை 05:02 மணிக்கு அழைக்கவும்.,ஏழு எட்டு இரண்டு பூஜ்யம் ஏழு ஒன்று பூஜ்யம் ஒன்று ஐந்து ஏழு என்ற எண்ணை ஐந்து மணி இரண்டு நிமிடம் அழைக்கவும் .,mixed
₹ ௨௮.௭௫,இருபத்தெட்டு ரூபாய் எழுபத்தைந்து பைசா,money
௭௦௧,எழுநூற்று ஒன்று,cardinal
நான் 12:00 எழுந்தேன்.,நான் பன்னிரண்டு மணி எழுந்தேன் .,time
இந்த நூலில் 594 பக்கங்கள் உள்ளன.,இந்த நூலில் ஐந்நூற்றுத்தொண்ணூற்றுநான்கு பக்கங்கள் உள்ளன .,cardinal
இன்று 644 பேர் வருகை தந்தனர்.,இன்று அறுநூற்று நாற்பத்துநான்கு பேர் வருகை தந்தனர் .,cardinal
மதிப்பீடு 6.1.,மதிப்பீடு ஆறு புள்ளி ஒன்று .,decimal
5வது கூட்டம் 01-07-2057 அன்று நடந்தது.,ஐந்தாவது கூட்டம் ஒன்று ஜூலை இரண்டாயிரத்து ஐம்பத்தேழு அன்று நடந்தது .,mixed
நல்லது நடக்கும்!,நல்லது நடக்கும் !,word
7km தண்ணீர் குடிக்க வேண்டும்.,ஏழு கிலோமீட்டர் தண்ணீர் குடிக்க வேண்டும் .,measure
இந்த நூலில் 9 பக்கங்கள் உள்ளன.,இந்த நூலில் ஒன்பது பக்கங்கள் உள்ளன .,cardinal
37இல்,முப்பத்தேழில்,cardinal
அவள் 5574605 புத்தகங்கள் வாங்கினாள்.,அவள் ஐம்பத்தைந்து இலட்சம் எழுபத்துநான்கு ஆயிரம் அறுநூற்று ஐந்து புத்தகங்கள் வாங்கினாள் .,cardinal
630,அறுநூற்று முப்பது,cardinal
௨௦௦௦ல்,இரண்டாயிரத்தில்,cardinal
"கூட்டத்தில் 44,65,33,200 பேர் வந்தனர்.",கூட்டத்தில் நாற்பத்துநான்கு கோடி அறுபத்தைந்து இலட்சம் முப்பத்துமூன்று ஆயிரம் இருநூறு பேர் வந்தனர் .,cardinal
௭௫௦௬.௯௨ oz,ஏழாயிரத்து ஐந்நூற்று ஆறு புள்ளி ஒன்பது இரண்டு அவுன்ஸ்,measure
64 கி.கி,அறுபத்துநான்கு கிலோகிராம்,measure
21-11-2580,இருபத்தொன்று நவம்பர் இரண்டாயிரத்து ஐந்நூற்று எண்பது~இருபத்தொன்று நவம்பர் இரண்டாயிரத்து ஐந்நூற்றெண்பது,date
அவர் ௨/௮ என்றார்.,அவர் எட்டில் இரண்டு என்றார் .,fraction
1:23 கிளம்பி 4 செ.மீ நடந்தோம்.,ஒரு மணி இருபத்துமூன்று நிமிடம் கிளம்பி நான்கு சென்டிமீட்டர் நடந்தோம் .,mixed
நேரம் 17:24 மணிக்கு ஆகிவிட்டது.,நேரம் பதினேழு மணி இருபத்துநான்கு நிமிடம் ஆகிவிட்டது .,time
விண்ணப்பம் ௨௦௩௬-௦௬-௦௮ அன்று அனுப்பப்பட்டது.,விண்ணப்பம் இரண்டாயிரத்து முப்பத்தாறு ஜூன் எட்டு அன்று அனுப்பப்பட்டது .,date
செய்தியில் 33-52 என்று வந்தது.,செய்தியில் முப்பத்துமூன்று முதல் ஐம்பத்திரண்டு என்று வந்தது .,range
-௩௯௧௮௦,மைனஸ் முப்பத்தொன்பது ஆயிரம் நூற்று எண்பது~மைனஸ் முப்பத்தொன்பது ஆயிரம் நூற்றெண்பது,cardinal
6590698511,ஆறு ஐந்து ஒன்பது பூஜ்யம் ஆறு ஒன்பது எட்டு ஐந்து ஒன்று ஒன்று,telephone
1202-06-11 என்று எழுதப்பட்டுள்ளது.,ஆயிரத்து இருநூற்று இரண்டு ஜூன் பதினொன்று என்று எழுதப்பட்டுள்ளது .,date
96வது,தொண்ணூற்றாறாவது,ordinal
௭௬௭,எழுநூற்று அறுபத்தேழு,cardinal
22:50,இருபத்திரண்டு மணி ஐம்பது நிமிடம்,time
அவர் 57846.702 இலட்சம் என்றார்.,அவர் ஐம்பத்தேழு ஆயிரம் எண்ணூற்று நாற்பத்தாறு புள்ளி ஏழு பூஜ்யம் இரண்டு இலட்சம் என்றார் .,decimal
விண்ணப்பம் 14-05-1981 அன்று அனுப்பப்பட்டது.,விண்ணப்பம் பதினான்கு மே ஆயிரத்து தொள்ளாயிரத்து எண்பத்தொன்று அன்று அனுப்பப்பட்டது .,date
அவர் 2/16 என்றார்.,அவர் பதினாறில் இரண்டு என்றார் .,fraction
513.6,ஐந்நூற்றுப்பதிமூன்று புள்ளி ஆறு,decimal
1/17,பதினேழில் ஒன்று,fraction
பேருந்து கட்டணம் ரூ 27 /- ஆகும்.,பேருந்து கட்டணம் இருபத்தேழு ரூபாய் ஆகும் .,money
571வது,ஐந்நூற்று எழுபத்தொன்றாவது,ordinal
மொத்த மதிப்பெண் 7876.,மொத்த மதிப்பெண் ஏழாயிரத்து எண்ணூற்று எழுபத்தாறு .,cardinal
கூட்டத்தில் 86 பேர் வந்தனர்.,கூட்டத்தில் எண்பத்தாறு பேர் வந்தனர் .,cardinal
டாக். அருண் பற்றி பேசினோம்.,டாக்டர் அருண் பற்றி பேசினோம் .,whitelist
இது என் புதிய வீடு.,இது என் புதிய வீடு .,word
85.31 oz,எண்பத்தைந்து புள்ளி மூன்று ஒன்று அவுன்ஸ்,measure
"இதில் 484,691 குறிப்பிடப்பட்டுள்ளது.",இதில் நான்கு இலட்சம் எண்பத்துநான்கு ஆயிரம் அறுநூற்றுத்தொண்ணூற்றொன்று குறிப்பிடப்பட்டுள்ளது .,cardinal
₹ ௫௩.௮௮,ஐம்பத்துமூன்று ரூபாய் எண்பத்தெட்டு பைசா,money
27-02-2091,இருபத்தேழு பிப்ரவரி இரண்டாயிரத்து தொண்ணூற்றொன்று,date
அவர் ₹ ௬௮.௮ என்றார்.,அவர் அறுபத்தெட்டு ரூபாய் எண்பது பைசா என்றார் .,money
02:58,இரண்டு மணி ஐம்பத்தெட்டு நிமிடம்,time
அலுவலக எண் +917139993315.,அலுவலக எண் பிளஸ் ஒன்பது ஒன்று ஏழு ஒன்று மூன்று ஒன்பது ஒன்பது ஒன்பது மூன்று மூன்று ஒன்று ஐந்து .,telephone
அவர் 8÷8 என்றார்.,அவர் எட்டு வகுத்தல் எட்டு என்றார் .,whitelist
7994₹ என்று எழுதப்பட்டுள்ளது.,ஏழாயிரத்து தொள்ளாயிரத்து தொண்ணூற்றுநான்கு ரூபாய் என்று எழுதப்பட்டுள்ளது .,money
அவர் 11ஆம் இடம் பிடித்தார்.,அவர் பதினொன்றாம் இடம் பிடித்தார் .,ordinal
அவன் 73 முறை முயன்றான்.,அவன் எழுபத்துமூன்று முறை முயன்றான் .,cardinal
635வது கூட்டம் 04-11-1980 அன்று நடந்தது.,அறுநூற்று முப்பத்தைந்தாவது கூட்டம் நான்கு நவம்பர் ஆயிரத்து தொள்ளாயிரத்து எண்பது அன்று நடந்தது .,mixed
381.48,முந்நூற்று எண்பத்தொன்று புள்ளி நான்கு எட்டு,decimal
"08-13-1942 அன்று ¥ 5,75,95,605.7 செலுத்தினேன்.",ஆகஸ்ட் பதிமூன்று ஆயிரத்து தொள்ளாயிரத்து நாற்பத்திரண்டு அன்று ஐந்து கோடி எழுபத்தைந்து இலட்சம் தொண்ணூற்றைந்து ஆயிரம் அறுநூற்று ஐந்து யென் எழுபது சென் செலுத்தினேன் .,mixed
81.8 % பற்றி பேசினோம்.,எண்பத்தொன்று புள்ளி எட்டு சதவீதம் பற்றி பேசினோம் .,whitelist
மழை அளவு 800.5 என பதிவானது.,மழை அளவு எண்ணூறு புள்ளி ஐந்து என பதிவானது .,decimal
அவன் 2179 முறை முயன்றான்.,அவன் இரண்டாயிரத்து நூற்றெழுபத்து ஒன்பது முறை முயன்றான் .,cardinal
அவர் 93வது இடம் பிடித்தார்.,அவர் தொண்ணூற்றுமூன்றாவது இடம் பிடித்தார் .,ordinal
வளர்ச்சி விகிதம் -295.0 ஆக இருந்தது.,வளர்ச்சி விகிதம் மைனஸ் இருநூற்றுத்தொண்ணூற்றைந்து புள்ளி பூஜ்யம் ஆக இருந்தது .,decimal
08-13-2058,ஆகஸ்ட் பதிமூன்று இரண்டாயிரத்து ஐம்பத்தெட்டு,date
அவர் 7430701654 என்றார்.,அவர் ஏழு நான்கு மூன்று பூஜ்யம் ஏழு பூஜ்யம் ஒன்று ஆறு ஐந்து நான்கு என்றார் .,telephone
அவன் 9934806 முறை முயன்றான்.,அவன் தொண்ணூற்றொன்பது இலட்சம் முப்பத்துநான்கு ஆயிரம் எண்ணூற்று ஆறு முறை முயன்றான் .,cardinal
5299,ஐந்தாயிரத்து இருநூற்றுத்தொண்ணூற்றொன்பது,cardinal
வகுப்பு 24:00 முடியும்.,வகுப்பு இருபத்துநான்கு மணி முடியும் .,time
24:21,இருபத்துநான்கு மணி இருபத்தொன்று நிமிடம்,time
931வது,தொள்ளாயிரத்து முப்பத்தொன்றாவது,ordinal
0.67 சரியானது.,பூஜ்யம் புள்ளி ஆறு ஏழு சரியானது .,decimal
8:22,எட்டு மணி இருபத்திரண்டு நிமிடம்,time
04:42 மணிக்கு,நான்கு மணி நாற்பத்திரண்டு நிமிடம்,time
119வது,நூற்றுப்பத்தொன்பதாவது,ordinal
வகுப்பு 11:30 முடியும்.,வகுப்பு பதினொன்று மணி முப்பது நிமிடம் முடியும் .,time
அவர் 5093856497465 ஓட்டங்கள் எடுத்தார்.,அவர் ஐந்து பூஜ்யம் ஒன்பது மூன்று எட்டு ஐந்து ஆறு நான்கு ஒன்பது ஏழு நான்கு ஆறு ஐந்து ஓட்டங்கள் எடுத்தார் .,cardinal
813ஆம் பற்றி பேசினோம்.,எண்ணூற்றுப்பதிமூன்றாம் பற்றி பேசினோம் .,ordinal
¥74 கடன் வாங்கினேன்.,எழுபத்துநான்கு யென் கடன் வாங்கினேன் .,money
அலுவலகம் 14:11 மணிக்கு திறக்கும்.,அலுவலகம் பதினான்கு மணி பதினொன்று நிமிடம் திறக்கும் .,time
8969203224,எட்டு ஒன்பது ஆறு ஒன்பது இரண்டு பூஜ்யம் மூன்று இரண்டு இரண்டு நான்கு,telephone
+65 6582170244 என்ற எண்ணை ௧௫:௪௮ அழைக்கவும்.,பிளஸ் ஆறு ஐந்து ஆறு ஐந்து எட்டு இரண்டு ஒன்று ஏழு பூஜ்யம் இரண்டு நான்கு நான்கு என்ற எண்ணை பதினைந்து மணி நாற்பத்தெட்டு நிமிடம் அழைக்கவும் .,mixed
7ha,ஏழு ஹெக்டேர்,measure
செய்தியில் 37ல் என்று வந்தது.,செய்தியில் முப்பத்தேழில் என்று வந்தது .,cardinal
3919வது அத்தியாயம் படிக்கவும்.,மூன்றாயிரத்து தொள்ளாயிரத்து பத்தொன்பதாவது அத்தியாயம் படிக்கவும் .,ordinal
கூட்டத்தில் 4947446 பேர் வந்தனர்.,கூட்டத்தில் நாற்பத்தொன்பது இலட்சம் நாற்பத்தேழு ஆயிரம் நானூற்று நாற்பத்தாறு பேர் வந்தனர் .,cardinal
௧ ௪/௭,ஒன்று மற்றும் ஏழில் நான்கு,fraction
இதில் 1370l குறிப்பிடப்பட்டுள்ளது.,இதில் ஆயிரத்து முந்நூற்று எழுபது லிட்டர் குறிப்பிடப்பட்டுள்ளது .~இதில் ஆயிரத்து முந்நூற்றெழுபது லிட்டர் குறிப்பிடப்பட்டுள்ளது .,measure
வளர்ச்சி விகிதம் 98815.21 ஆக இருந்தது.,வளர்ச்சி விகிதம் தொண்ணூற்றெட்டு ஆயிரம் எண்ணூற்றுப்பதினைந்து புள்ளி இரண்டு ஒன்று ஆக இருந்தது .,decimal
செய்தியில் 08:10 என்று வந்தது.,செய்தியில் எட்டு மணி பத்து நிமிடம் என்று வந்தது .,time
1938 ha,ஆயிரத்து தொள்ளாயிரத்து முப்பத்தெட்டு ஹெக்டேர்,measure
இன்றைய விலை 79756.608 ஆக உயர்ந்தது.,இன்றைய விலை எழுபத்தொன்பது ஆயிரம் எழுநூற்று ஐம்பத்தாறு புள்ளி ஆறு பூஜ்யம் எட்டு ஆக உயர்ந்தது .,decimal
0708-72819727,பூஜ்யம் ஏழு பூஜ்யம் எட்டு ஏழு இரண்டு எட்டு ஒன்று ஒன்பது ஏழு இரண்டு ஏழு,telephone
மொத்த செலவு Rs65.20.,மொத்த செலவு அறுபத்தைந்து ரூபாய் இருபது பைசா .,money
4166,நான்காயிரத்து நூற்றறுபத்து ஆறு,cardinal
552,ஐந்நூற்று ஐம்பத்திரண்டு,cardinal
157ஆவது,நூற்றைம்பத்து ஏழாவது,ordinal
21:19 மணிக்கு,இருபத்தொன்று மணி பத்தொன்பது நிமிடம்,time
5808 கிலோ அரிசி வாங்கினேன்.,ஐந்தாயிரத்து எண்ணூற்று எட்டு கிலோ அரிசி வாங்கினேன் .,cardinal
நான் 9:00 எழுந்தேன்.,நான் ஒன்பது மணி எழுந்தேன் .,time
8900372227 என்று எழுதப்பட்டுள்ளது.,எட்டு ஒன்பது பூஜ்யம் பூஜ்யம் மூன்று ஏழு இரண்டு இரண்டு இரண்டு ஏழு என்று எழுதப்பட்டுள்ளது .,telephone
1947-10-09,ஆயிரத்து தொள்ளாயிரத்து நாற்பத்தேழு அக்டோபர் ஒன்பது,date
ரூ.2967 சரியானது.,இரண்டாயிரத்து தொள்ளாயிரத்து அறுபத்தேழு ரூபாய் சரியானது .,money
மாத சம்பளம் ₹ 1163 தான்.,மாத சம்பளம் ஆயிரத்து நூற்றறுபத்து மூன்று ரூபாய் தான் .,money
"396,547",மூன்று இலட்சம் தொண்ணூற்றாறு ஆயிரம் ஐந்நூற்று நாற்பத்தேழு,cardinal
கூட்டம் 10:50:55 தொடங்கும்.,கூட்டம் பத்து மணி ஐம்பது நிமிடம் ஐம்பத்தைந்து வினாடி தொடங்கும் .,time
8×5=40 பற்றி பேசினோம்.,எட்டு பெருக்கல் ஐந்து சமம் நாற்பது பற்றி பேசினோம் .,whitelist
64% என்பது சரி.,அறுபத்துநான்கு சதவீதம் என்பது சரி .,whitelist
அவர் 11:39 என்றார்.,அவர் பதினொன்று மணி முப்பத்தொன்பது நிமிடம் என்றார் .,time
7862247799 பற்றி பேசினோம்.,ஏழு எட்டு ஆறு இரண்டு இரண்டு நான்கு ஏழு ஏழு ஒன்பது ஒன்பது பற்றி பேசினோம் .,telephone
"கடிதத்தில் ₹௮,௨௪,௭௪,௭௫௨ இருந்தது.",கடிதத்தில் எட்டு கோடி இருபத்துநான்கு இலட்சம் எழுபத்துநான்கு ஆயிரம் எழுநூற்று ஐம்பத்திரண்டு ரூபாய் இருந்தது .,money
செய்தியில் 600 என்று வந்தது.,செய்தியில் அறுநூறு என்று வந்தது .,cardinal
98-134 நாட்கள் ஆகும்.,தொண்ணூற்றெட்டு முதல் நூற்று முப்பத்துநான்கு நாட்கள் ஆகும் .,range
80716261709,எட்டு பூஜ்யம் ஏழு ஒன்று ஆறு இரண்டு ஆறு ஒன்று ஏழு பூஜ்யம் ஒன்பது,cardinal
59.90mg,ஐம்பத்தொன்பது புள்ளி ஒன்பது பூஜ்யம் மில்லிகிராம்,measure
02:48,இரண்டு மணி நாற்பத்தெட்டு நிமிடம்,time
9131,ஒன்பதாயிரத்து நூற்று முப்பத்தொன்று,cardinal
அவர் ரூ9682.92 செலுத்தினார்.,அவர் ஒன்பதாயிரத்து அறுநூற்று எண்பத்திரண்டு ரூபாய் தொண்ணூற்றிரண்டு பைசா செலுத்தினார் .,money
கடைசி தேதி 2021-05-27.,கடைசி தேதி இரண்டாயிரத்து இருபத்தொன்று மே இருபத்தேழு .,date
செய்தியில் 6126 என்று வந்தது.,செய்தியில் ஆறாயிரத்து நூற்று இருபத்தாறு என்று வந்தது .,cardinal
எண் 133 சரியானது.,எண் நூற்று முப்பத்துமூன்று சரியானது .,cardinal
21:29,இருபத்தொன்று மணி இருபத்தொன்பது நிமிடம்,time
Rs 25,இருபத்தைந்து ரூபாய்,money
௯௧௨வது என்று எழுதப்பட்டுள்ளது.,தொள்ளாயிரத்து பன்னிரண்டாவது என்று எழுதப்பட்டுள்ளது .,ordinal
௩/௧௭ என்று எழுதப்பட்டுள்ளது.,பதினேழில் மூன்று என்று எழுதப்பட்டுள்ளது .,fraction
அவன் 19372 முறை முயன்றான்.,அவன் பத்தொன்பது ஆயிரம் முந்நூற்று எழுபத்திரண்டு முறை முயன்றான் .,cardinal
கடிதத்தில் 4:57:08 இருந்தது.,கடிதத்தில் நான்கு மணி ஐம்பத்தேழு நிமிடம் எட்டு வினாடி இருந்தது .,time
13-05-1917 அன்று விடுமுறை.,பதிமூன்று மே ஆயிரத்து தொள்ளாயிரத்து பதினேழு அன்று விடுமுறை .,date
பரிசுத் தொகை Rs1946.,பரிசுத் தொகை ஆயிரத்து தொள்ளாயிரத்து நாற்பத்தாறு ரூபாய் .,money
அவள் ௮௭௦௦௭ புத்தகங்கள் வாங்கினாள்.,அவள் எண்பத்தேழு ஆயிரம் ஏழு புத்தகங்கள் வாங்கினாள் .,cardinal
அந்த நிலம் £௧௬௭௪ விலை போனது.,அந்த நிலம் ஆயிரத்து அறுநூற்று எழுபத்துநான்கு பவுண்ட் விலை போனது .,money
அவள் 55 புத்தகங்கள் வாங்கினாள்.,அவள் ஐம்பத்தைந்து புத்தகங்கள் வாங்கினாள் .,cardinal
௪௩௫௩௯௩௩,நாற்பத்துமூன்று இலட்சம் ஐம்பத்துமூன்று ஆயிரம் தொள்ளாயிரத்து முப்பத்துமூன்று,cardinal
21:37:24 என்பதை நினைவில் கொள்ளுங்கள்.,இருபத்தொன்று மணி முப்பத்தேழு நிமிடம் இருபத்துநான்கு வினாடி என்பதை நினைவில் கொள்ளுங்கள் .,time
அவன் 58 முறை முயன்றான்.,அவன் ஐம்பத்தெட்டு முறை முயன்றான் .,cardinal
அவள் 835 புத்தகங்கள் வாங்கினாள்.,அவள் எண்ணூற்று முப்பத்தைந்து புத்தகங்கள் வாங்கினாள் .,cardinal
"Rs4,39,89,052.9",நான்கு கோடி முப்பத்தொன்பது இலட்சம் எண்பத்தொன்பது ஆயிரம் ஐம்பத்திரண்டு ரூபாய் தொண்ணூறு பைசா,money
எண் 961 சரியானது.,எண் தொள்ளாயிரத்து அறுபத்தொன்று சரியானது .,cardinal
+918456826570 என்பதை நினைவில் கொள்ளுங்கள்.,பிளஸ் ஒன்பது ஒன்று எட்டு நான்கு ஐந்து ஆறு எட்டு இரண்டு ஆறு ஐந்து ஏழு பூஜ்யம் என்பதை நினைவில் கொள்ளுங்கள் .,telephone
5 MB அரிசி €16.83 ஆகும்.,ஐந்து மெகாபைட் அரிசி பதினாறு யூரோ எண்பத்துமூன்று சென்ட் ஆகும் .,mixed
செய்தியில் 7330588077 என்று வந்தது.,செய்தியில் ஏழு மூன்று மூன்று பூஜ்யம் ஐந்து எட்டு எட்டு பூஜ்யம் ஏழு ஏழு என்று வந்தது .,telephone
+91 6154146267,பிளஸ் ஒன்பது ஒன்று ஆறு ஒன்று ஐந்து நான்கு ஒன்று நான்கு ஆறு இரண்டு ஆறு ஏழு,telephone
செய்தியில் 10:40:22 மணிக்கு என்று வந்தது.,செய்தியில் பத்து மணி நாற்பது நிமிடம் இருபத்திரண்டு வினாடி என்று வந்தது .,time
9½ பங்கு வேலை முடிந்தது.,ஒன்பது மற்றும் இரண்டில் ஒன்று பங்கு வேலை முடிந்தது .,fraction
கடிதத்தில் 761 இருந்தது.,கடிதத்தில் எழுநூற்று அறுபத்தொன்று இருந்தது .,cardinal
இப்போது மணி 11:50 மணிக்கு.,இப்போது மணி பதினொன்று மணி ஐம்பது நிமிடம் .,time
கடிதத்தில் 14-04-2032 இருந்தது.,கடிதத்தில் பதினான்கு ஏப்ரல் இரண்டாயிரத்து முப்பத்திரண்டு இருந்தது .,date
6485 பற்றி பேசினோம்.,ஆறாயிரத்து நானூற்று எண்பத்தைந்து பற்றி பேசினோம் .,cardinal
அவர் +1 8186469366 என்றார்.,அவர் பிளஸ் ஒன்று எட்டு ஒன்று எட்டு ஆறு நான்கு ஆறு ஒன்பது மூன்று ஆறு ஆறு என்றார் .,telephone
16:49,பதினாறு மணி நாற்பத்தொன்பது நிமிடம்,time
அவர் 04:36 என்றார்.,அவர் நான்கு மணி முப்பத்தாறு நிமிடம் என்றார் .,time
"₹ 4,47,94,833.41",நான்கு கோடி நாற்பத்தேழு இலட்சம் தொண்ணூற்றுநான்கு ஆயிரம் எண்ணூற்று முப்பத்துமூன்று ரூபாய் நாற்பத்தொன்று பைசா,money
1:28,ஒரு மணி இருபத்தெட்டு நிமிடம்,time
செய்தியில் 7×11=77 என்று வந்தது.,செய்தியில் ஏழு பெருக்கல் பதினொன்று சமம் எழுபத்தேழு என்று வந்தது .,whitelist
அவர் 01:05:05 என்றார்.,அவர் ஒரு மணி ஐந்து நிமிடம் ஐந்து வினாடி என்றார் .,time
2041-12-26,இரண்டாயிரத்து நாற்பத்தொன்று டிசம்பர் இருபத்தாறு,date
10-11-2083 பற்றி பேசினோம்.,பத்து நவம்பர் இரண்டாயிரத்து எண்பத்துமூன்று பற்றி பேசினோம் .,date
₹370.84 கடன் வாங்கினேன்.,முந்நூற்று எழுபது ரூபாய் எண்பத்துநான்கு பைசா கடன் வாங்கினேன் .~முந்நூற்றெழுபது ரூபாய் எண்பத்துநான்கு பைசா கடன் வாங்கினேன் .,money
அவர் 07 ஓட்டங்கள் எடுத்தார்.,அவர் பூஜ்யம் ஏழு ஓட்டங்கள் எடுத்தார் .,cardinal
8978ஆம் சரியானது.,எட்டாயிரத்து தொள்ளாயிரத்து எழுபத்தெட்டாம் சரியானது .,ordinal
789.6 சரியானது.,எழுநூற்று எண்பத்தொன்பது புள்ளி ஆறு சரியானது .,decimal
15:45:00 கிளம்பி 5766 மீ. நடந்தோம்.,பதினைந்து மணி நாற்பத்தைந்து நிமிடம் கிளம்பி ஐந்தாயிரத்து எழுநூற்று அறுபத்தாறு மீட்டர் நடந்தோம் .,mixed
மழை அளவு 637.3 என பதிவானது.,மழை அளவு அறுநூற்று முப்பத்தேழு புள்ளி மூன்று என பதிவானது .,decimal
293வது பரிசு Rs.௨௯௫௨ ஆகும்.,இருநூற்றுத்தொண்ணூற்றுமூன்றாவது பரிசு இரண்டாயிரத்து தொள்ளாயிரத்து ஐம்பத்திரண்டு ரூபாய் ஆகும் .,mixed
வெப்பநிலை 56.25kg ஆக இருந்தது.,வெப்பநிலை ஐம்பத்தாறு புள்ளி இரண்டு ஐந்து கிலோகிராம் ஆக இருந்தது .,measure
இந்த நூலில் 98093632 பக்கங்கள் உள்ளன.,இந்த நூலில் ஒன்பது கோடி எண்பது இலட்சம் தொண்ணூற்றுமூன்று ஆயிரம் அறுநூற்று முப்பத்திரண்டு பக்கங்கள் உள்ளன .,cardinal
£69,அறுபத்தொன்பது பவுண்ட்,money
6.14 கி.மீ. பற்றி பேசினோம்.,ஆறு புள்ளி ஒன்று நான்கு கிலோமீட்டர் பற்றி பேசினோம் .,measure
டாக். வேலு,டாக்டர் வேலு,whitelist
இன்று 411 பேர் வருகை தந்தனர்.,இன்று நானூற்றுப்பதினொன்று பேர் வருகை தந்தனர் .,cardinal
வண்டி எண் 729912 ஆகும்.,வண்டி எண் ஏழு இலட்சம் இருபத்தொன்பது ஆயிரம் தொள்ளாயிரத்து பன்னிரண்டு ஆகும் .,cardinal
0397-2938392,பூஜ்யம் மூன்று ஒன்பது ஏழு இரண்டு ஒன்பது மூன்று எட்டு மூன்று ஒன்பது இரண்டு,telephone
இதில் 8/14 குறிப்பிடப்பட்டுள்ளது.,இதில் பதினான்கில் எட்டு குறிப்பிடப்பட்டுள்ளது .,fraction
Rs 387,முந்நூற்று எண்பத்தேழு ரூபாய்,money
1960-08-23,ஆயிரத்து தொள்ளாயிரத்து அறுபது ஆகஸ்ட் இருபத்துமூன்று,date
கு. அருண் வந்தார்.,குமாரி அருண் வந்தார் .,whitelist
05-24-2025 அன்று 80 மி.லி மழை பெய்தது.,மே இருபத்துநான்கு இரண்டாயிரத்து இருபத்தைந்து அன்று எண்பது மில்லிலிட்டர் மழை பெய்தது .,mixed
11-05-1651,பதினொன்று மே ஆயிரத்து அறுநூற்று ஐம்பத்தொன்று,date
725 கிலோ அரிசி வாங்கினேன்.,எழுநூற்று இருபத்தைந்து கிலோ அரிசி வாங்கினேன் .,cardinal
₹ 25.78,இருபத்தைந்து ரூபாய் எழுபத்தெட்டு பைசா,money
௮ mm,எட்டு மில்லிமீட்டர்,measure
955,தொள்ளாயிரத்து ஐம்பத்தைந்து,cardinal
19:13 வரை 5348 பேர் காத்திருந்தனர்.,பத்தொன்பது மணி பதிமூன்று நிமிடம் வரை ஐந்தாயிரத்து முந்நூற்று நாற்பத்தெட்டு பேர் காத்திருந்தனர் .,mixed
70457 என்று எழுதப்பட்டுள்ளது.,எழுபது ஆயிரம் நானூற்று ஐம்பத்தேழு என்று எழுதப்பட்டுள்ளது .,cardinal
3ஆம் பற்றி பேசினோம்.,மூன்றாம் பற்றி பேசினோம் .,ordinal
12-04-2009 அன்று மழை பெய்தது.,பன்னிரண்டு ஏப்ரல் இரண்டாயிரத்து ஒன்பது அன்று மழை பெய்தது .,date
அந்த நிலம் ₹ 44 விலை போனது.,அந்த நிலம் நாற்பத்துநான்கு ரூபாய் விலை போனது .,money
50-86 பற்றி பேசினோம்.,ஐம்பது முதல் எண்பத்தாறு பற்றி பேசினோம் .,range
எனக்கு 9179 வயது.,எனக்கு ஒன்பதாயிரத்து நூற்றெழுபத்து ஒன்பது வயது .,cardinal
அந்த ஊரில் ௧௫௯௬ வீடுகள் உள்ளன.,அந்த ஊரில் ஆயிரத்து ஐந்நூற்றுத்தொண்ணூற்றாறு வீடுகள் உள்ளன .,cardinal
கூட்டத்தில் 3721003 பேர் வந்தனர்.,கூட்டத்தில் முப்பத்தேழு இலட்சம் இருபத்தொன்று ஆயிரம் மூன்று பேர் வந்தனர் .,cardinal
இந்த சட்டை ₹ 6127 ஆகும்.,இந்த சட்டை ஆறாயிரத்து நூற்று இருபத்தேழு ரூபாய் ஆகும் .,money
6வது,ஆறாவது,ordinal
அவர் ௧௪-௦௧-௨௦௧௨ அன்று பிறந்தார்.,அவர் பதினான்கு ஜனவரி இரண்டாயிரத்து பன்னிரண்டு அன்று பிறந்தார் .,date
387 சரியானது.,முந்நூற்று எண்பத்தேழு சரியானது .,cardinal
"₹௭,௦௫,௦௩,௬௧௧",ஏழு கோடி ஐந்து இலட்சம் மூன்றாயிரத்து அறுநூற்றுப்பதினொன்று ரூபாய்,money
1/2 சரியானது.,இரண்டில் ஒன்று சரியானது .,fraction
23-05-1944 சரியானது.,இருபத்துமூன்று மே ஆயிரத்து தொள்ளாயிரத்து நாற்பத்துநான்கு சரியானது .,date
கடிதத்தில் +1 7370152567 இருந்தது.,கடிதத்தில் பிளஸ் ஒன்று ஏழு மூன்று ஏழு பூஜ்யம் ஒன்று ஐந்து இரண்டு ஐந்து ஆறு ஏழு இருந்தது .,telephone
பிறந்த நாள் 15-11-1905.,பிறந்த நாள் பதினைந்து நவம்பர் ஆயிரத்து தொள்ளாயிரத்து ஐந்து .,date
99-194 நாட்கள் ஆகும்.,தொண்ணூற்றொன்பது முதல் நூற்றுத்தொண்ணூற்றுநான்கு நாட்கள் ஆகும் .,range
கூட்டம் 24-11-1999 அன்று ௦௧:௦௦:௫௫ தொடங்கும்.,கூட்டம் இருபத்துநான்கு நவம்பர் ஆயிரத்து தொள்ளாயிரத்து தொண்ணூற்றொன்பது அன்று ஒரு மணி ஐம்பத்தைந்து வினாடி தொடங்கும் .,mixed
€8672 என்பதை நினைவில் கொள்ளுங்கள்.,எட்டாயிரத்து அறுநூற்று எழுபத்திரண்டு யூரோ என்பதை நினைவில் கொள்ளுங்கள் .,money
7869 என்பதை நினைவில் கொள்ளுங்கள்.,ஏழாயிரத்து எண்ணூற்று அறுபத்தொன்பது என்பதை நினைவில் கொள்ளுங்கள் .,cardinal
"கட்டணம் ரூ6,65,81,301.52 என அறிவித்தனர்.",கட்டணம் ஆறு கோடி அறுபத்தைந்து இலட்சம் எண்பத்தொன்று ஆயிரம் முந்நூற்று ஒன்று ரூபாய் ஐம்பத்திரண்டு பைசா என அறிவித்தனர் .,money
இதன் மதிப்பு 750.57 தான்.,இதன் மதிப்பு எழுநூற்று ஐம்பது புள்ளி ஐந்து ஏழு தான் .~இதன் மதிப்பு எழுநூற்றைம்பது புள்ளி ஐந்து ஏழு தான் .,decimal
27618 நாட்கள் ஆயிற்று.,இருபத்தேழு ஆயிரம் அறுநூற்றுப்பதினெட்டு நாட்கள் ஆயிற்று .,cardinal
இதில் 69 செ.மீ. குறிப்பிடப்பட்டுள்ளது.,இதில் அறுபத்தொன்பது சென்டிமீட்டர் குறிப்பிடப்பட்டுள்ளது .,measure
செய்தியில் 81520.95 என்று வந்தது.,செய்தியில் எண்பத்தொன்று ஆயிரம் ஐந்நூற்று இருபது புள்ளி ஒன்பது ஐந்து என்று வந்தது .,decimal
2053-08-26,இரண்டாயிரத்து ஐம்பத்துமூன்று ஆகஸ்ட் இருபத்தாறு,date
5522 ரூ,ஐந்தாயிரத்து ஐந்நூற்று இருபத்திரண்டு ரூபாய்,money
7.645,ஏழு புள்ளி ஆறு நான்கு ஐந்து,decimal
கடிதத்தில் 5.43 doz இருந்தது.,கடிதத்தில் ஐந்து புள்ளி நான்கு மூன்று டஜன் இருந்தது .,measure
Rs.486.53,நானூற்று எண்பத்தாறு ரூபாய் ஐம்பத்துமூன்று பைசா,money
62993,அறுபத்திரண்டு ஆயிரம் தொள்ளாயிரத்து தொண்ணூற்றுமூன்று,cardinal
செய்தியில் 4.97 மி.லி. என்று வந்தது.,செய்தியில் நான்கு புள்ளி ஒன்பது ஏழு மில்லிலிட்டர் என்று வந்தது .,measure
௭௯௬௪௩௩௦,எழுபத்தொன்பது இலட்சம் அறுபத்துநான்கு ஆயிரம் முந்நூற்று முப்பது,cardinal
"௯௭,௫௦,௪௫,௭௨௨",தொண்ணூற்றேழு கோடி ஐம்பது இலட்சம் நாற்பத்தைந்து ஆயிரம் எழுநூற்று இருபத்திரண்டு,cardinal
"Rs7,03,22,542",ஏழு கோடி மூன்று இலட்சம் இருபத்திரண்டு ஆயிரம் ஐந்நூற்று நாற்பத்திரண்டு ரூபாய்,money
+971 6977878888 இந்த எண்ணில் அழையுங்கள்.,பிளஸ் ஒன்பது ஏழு ஒன்று ஆறு ஒன்பது ஏழு ஏழு எட்டு ஏழு எட்டு எட்டு எட்டு எட்டு இந்த எண்ணில் அழையுங்கள் .,telephone
85.6%,எண்பத்தைந்து புள்ளி ஆறு சதவீதம்,whitelist
72472,எழுபத்திரண்டு ஆயிரம் நானூற்று எழுபத்திரண்டு,cardinal
14:00,பதினான்கு மணி,time
"3,72,55,906 ரூ கடன் வாங்கினேன்.",மூன்று கோடி எழுபத்திரண்டு இலட்சம் ஐம்பத்தைந்து ஆயிரம் தொள்ளாயிரத்து ஆறு ரூபாய் கடன் வாங்கினேன் .,money
அந்த ஊரில் -903999399 வீடுகள் உள்ளன.,அந்த ஊரில் மைனஸ் தொண்ணூறு கோடி முப்பத்தொன்பது இலட்சம் தொண்ணூற்றொன்பது ஆயிரம் முந்நூற்றுத்தொண்ணூற்றொன்பது வீடுகள் உள்ளன .,cardinal
983 hr,தொள்ளாயிரத்து எண்பத்துமூன்று மணி,measure
852-1535,எண்ணூற்று ஐம்பத்திரண்டு முதல் ஆயிரத்து ஐந்நூற்று முப்பத்தைந்து,range
மழை அளவு 835.1 என பதிவானது.,மழை அளவு எண்ணூற்று முப்பத்தைந்து புள்ளி ஒன்று என பதிவானது .,decimal
௧/௯,ஒன்பதில் ஒன்று,fraction
2034-06-24,இரண்டாயிரத்து முப்பத்துநான்கு ஜூன் இருபத்துநான்கு,date
-௩௦௯௨௩௨௮௩௬,மைனஸ் முப்பது கோடி தொண்ணூற்றிரண்டு இலட்சம் முப்பத்திரண்டு ஆயிரம் எண்ணூற்று முப்பத்தாறு,cardinal
அவன் -6292 முறை முயன்றான்.,அவன் மைனஸ் ஆறாயிரத்து இருநூற்றுத்தொண்ணூற்றிரண்டு முறை முயன்றான் .,cardinal
செய்தியில் 346ல் என்று வந்தது.,செய்தியில் முந்நூற்று நாற்பத்தாறில் என்று வந்தது .,cardinal
புகார் எண் +1 8490046041 ஆகும்.,புகார் எண் பிளஸ் ஒன்று எட்டு நான்கு ஒன்பது பூஜ்யம் பூஜ்யம் நான்கு ஆறு பூஜ்யம் நான்கு ஒன்று ஆகும் .,telephone
22-07-1911,இருபத்திரண்டு ஜூலை ஆயிரத்து தொள்ளாயிரத்து பதினொன்று,date
+65 7222071916,பிளஸ் ஆறு ஐந்து ஏழு இரண்டு இரண்டு இரண்டு பூஜ்யம் ஏழு ஒன்று ஒன்பது ஒன்று ஆறு,telephone
"அவர் Rs 6,34,31,512.4 செலுத்தினார்.",அவர் ஆறு கோடி முப்பத்துநான்கு இலட்சம் முப்பத்தொன்று ஆயிரம் ஐந்நூற்றுப்பன்னிரண்டு ரூபாய் நாற்பது பைசா செலுத்தினார் .,money
2.4,இரண்டு புள்ளி நான்கு,decimal
+91 7229461746 இந்த எண்ணில் அழையுங்கள்.,பிளஸ் ஒன்பது ஒன்று ஏழு இரண்டு இரண்டு ஒன்பது நான்கு ஆறு ஒன்று ஏழு நான்கு ஆறு இந்த எண்ணில் அழையுங்கள் .,telephone
நிலத்தில் 23/60 பங்கு விற்றார்.,நிலத்தில் அறுபதில் இருபத்துமூன்று பங்கு விற்றார் .,fraction
-880172960 சரியானது.,மைனஸ் எண்பத்தெட்டு கோடி ஒன்று இலட்சம் எழுபத்திரண்டு ஆயிரம் தொள்ளாயிரத்து அறுபது சரியானது .,cardinal
அவர் 9671018593 என்றார்.,அவர் ஒன்பது ஆறு ஏழு ஒன்று பூஜ்யம் ஒன்று எட்டு ஐந்து ஒன்பது மூன்று என்றார் .,telephone
47வது,நாற்பத்தேழாவது,ordinal
5.2,ஐந்து புள்ளி இரண்டு,decimal
கடிதத்தில் 66% இருந்தது.,கடிதத்தில் அறுபத்தாறு சதவீதம் இருந்தது .,whitelist
செய்தியில் 06-07-1939 என்று வந்தது.,செய்தியில் ஆறு ஜூலை ஆயிரத்து தொள்ளாயிரத்து முப்பத்தொன்பது என்று வந்தது .,date
020-6144427,பூஜ்யம் இரண்டு பூஜ்யம் ஆறு ஒன்று நான்கு நான்கு நான்கு இரண்டு ஏழு,telephone
அவர் 917.572 என்றார்.,அவர் தொள்ளாயிரத்து பதினேழு புள்ளி ஐந்து ஏழு இரண்டு என்றார் .,decimal
₹ 4472.86 சரியானது.,நான்காயிரத்து நானூற்று எழுபத்திரண்டு ரூபாய் எண்பத்தாறு பைசா சரியானது .,money
மாலை நேரம் அழகாக இருந்தது.,மாலை நேரம் அழகாக இருந்தது .,word
14-05-1990,பதினான்கு மே ஆயிரத்து தொள்ளாயிரத்து தொண்ணூறு,date
6213013794,ஆறு இரண்டு ஒன்று மூன்று பூஜ்யம் ஒன்று மூன்று ஏழு ஒன்பது நான்கு,telephone
அவர் 67ரூ. செலுத்தினார்.,அவர் அறுபத்தேழு ரூபாய் செலுத்தினார் .,money
3.5,மூன்று புள்ளி ஐந்து,decimal
71848,எழுபத்தொன்று ஆயிரம் எண்ணூற்று நாற்பத்தெட்டு,cardinal
6.9 சரியானது.,ஆறு புள்ளி ஒன்பது சரியானது .,decimal
இஞ். ரவி மாணவர்கள் தேர்ச்சி பெற்றனர்.,இன்ஜினியர் ரவி மாணவர்கள் தேர்ச்சி பெற்றனர் .,whitelist
2.61 mi பற்றி பேசினோம்.,இரண்டு புள்ளி ஆறு ஒன்று மைல் பற்றி பேசினோம் .,measure
௩௬௮௭,மூன்றாயிரத்து அறுநூற்று எண்பத்தேழு,cardinal
செய்தியில் 3mg என்று வந்தது.,செய்தியில் மூன்று மில்லிகிராம் என்று வந்தது .,measure
48 சரியானது.,நாற்பத்தெட்டு சரியானது .,cardinal
கடிதத்தில் 014-44258053 இருந்தது.,கடிதத்தில் பூஜ்யம் ஒன்று நான்கு நான்கு நான்கு இரண்டு ஐந்து எட்டு பூஜ்யம் ஐந்து மூன்று இருந்தது .,telephone
அவர் 2098 ஓட்டங்கள் எடுத்தார்.,அவர் இரண்டாயிரத்து தொண்ணூற்றெட்டு ஓட்டங்கள் எடுத்தார் .,cardinal
2.153 என்பதை நினைவில் கொள்ளுங்கள்.,இரண்டு புள்ளி ஒன்று ஐந்து மூன்று என்பதை நினைவில் கொள்ளுங்கள் .,decimal
"88,40,33,474",எண்பத்தெட்டு கோடி நாற்பது இலட்சம் முப்பத்துமூன்று ஆயிரம் நானூற்று எழுபத்துநான்கு,cardinal
+91 9278979589 என்று எழுதப்பட்டுள்ளது.,பிளஸ் ஒன்பது ஒன்று ஒன்பது இரண்டு ஏழு எட்டு ஒன்பது ஏழு ஒன்பது ஐந்து எட்டு ஒன்பது என்று எழுதப்பட்டுள்ளது .,telephone
இதில் 5/19 குறிப்பிடப்பட்டுள்ளது.,இதில் பத்தொன்பதில் ஐந்து குறிப்பிடப்பட்டுள்ளது .,fraction
செய்தியில் 5வது என்று வந்தது.,செய்தியில் ஐந்தாவது என்று வந்தது .,ordinal
38ல்,முப்பத்தெட்டில்,cardinal
அந்த நிறுவனத்தில் 16 ஊழியர்கள் பணிபுரிகின்றனர்.,அந்த நிறுவனத்தில் பதினாறு ஊழியர்கள் பணிபுரிகின்றனர் .,cardinal
15½,பதினைந்து மற்றும் இரண்டில் ஒன்று,fraction
ரூ.5311,ஐந்தாயிரத்து முந்நூற்றுப்பதினொன்று ரூபாய்,money
இதில் 22/60 குறிப்பிடப்பட்டுள்ளது.,இதில் அறுபதில் இருபத்திரண்டு குறிப்பிடப்பட்டுள்ளது .,fraction
₹ 48,நாற்பத்தெட்டு ரூபாய்,money
630.9,அறுநூற்று முப்பது புள்ளி ஒன்பது,decimal
1:38 பற்றி பேசினோம்.,ஒரு மணி முப்பத்தெட்டு நிமிடம் பற்றி பேசினோம் .,time
214,இருநூற்றுப்பதினான்கு,cardinal
23-04-1959,இருபத்துமூன்று ஏப்ரல் ஆயிரத்து தொள்ளாயிரத்து ஐம்பத்தொன்பது,date
784ஆவது மாடியில் அலுவலகம் உள்ளது.,எழுநூற்று எண்பத்துநான்காவது மாடியில் அலுவலகம் உள்ளது .,ordinal
அவர் 01 என்றார்.,அவர் பூஜ்யம் ஒன்று என்றார் .,cardinal
16-03-1963 என்று எழுதப்பட்டுள்ளது.,பதினாறு மார்ச் ஆயிரத்து தொள்ளாயிரத்து அறுபத்துமூன்று என்று எழுதப்பட்டுள்ளது .,date
576.23 km/h என்று எழுதப்பட்டுள்ளது.,ஐந்நூற்று எழுபத்தாறு புள்ளி இரண்டு மூன்று கிலோமீட்டர் ஒரு மணி நேரத்திற்கு என்று எழுதப்பட்டுள்ளது .,measure
19:08 மணிக்கு என்பதை நினைவில் கொள்ளுங்கள்.,பத்தொன்பது மணி எட்டு நிமிடம் என்பதை நினைவில் கொள்ளுங்கள் .,time
செய்தியில் 77944.554 என்று வந்தது.,செய்தியில் எழுபத்தேழு ஆயிரம் தொள்ளாயிரத்து நாற்பத்துநான்கு புள்ளி ஐந்து ஐந்து நான்கு என்று வந்தது .,decimal
7264886482 என்பதை நினைவில் கொள்ளுங்கள்.,ஏழு இரண்டு ஆறு நான்கு எட்டு எட்டு ஆறு நான்கு எட்டு இரண்டு என்பதை நினைவில் கொள்ளுங்கள் .,telephone
அவன் 1000இல் முறை முயன்றான்.,அவன் ஆயிரத்தில் முறை முயன்றான் .,cardinal
55 %,ஐம்பத்தைந்து சதவீதம்,whitelist
வெப்பநிலை 50-99 டிகிரி இருக்கும்.,வெப்பநிலை ஐம்பது முதல் தொண்ணூற்றொன்பது டிகிரி இருக்கும் .,range
-784.94,மைனஸ் எழுநூற்று எண்பத்துநான்கு புள்ளி ஒன்பது நான்கு,decimal
08:01,எட்டு மணி ஒன்று நிமிடம்,time
கூட்டத்தில் 431 பேர் வந்தனர்.,கூட்டத்தில் நானூற்று முப்பத்தொன்று பேர் வந்தனர் .,cardinal
"90,82,98,707",தொண்ணூறு கோடி எண்பத்திரண்டு இலட்சம் தொண்ணூற்றெட்டு ஆயிரம் எழுநூற்று ஏழு,cardinal
மொத்தத்தில் 12/15 பங்கு.,மொத்தத்தில் பதினைந்தில் பன்னிரண்டு பங்கு .,fraction
இன்று 26 பேர் வருகை தந்தனர்.,இன்று இருபத்தாறு பேர் வருகை தந்தனர் .,cardinal
9.5,ஒன்பது புள்ளி ஐந்து,decimal
91777.571,தொண்ணூற்றொன்று ஆயிரம் எழுநூற்று எழுபத்தேழு புள்ளி ஐந்து ஏழு ஒன்று,decimal
1923-03-15,ஆயிரத்து தொள்ளாயிரத்து இருபத்துமூன்று மார்ச் பதினைந்து,date
Rs.80 என்று எழுதப்பட்டுள்ளது.,எண்பது ரூபாய் என்று எழுதப்பட்டுள்ளது .,money
இதில் 7202117431 குறிப்பிடப்பட்டுள்ளது.,இதில் ஏழு இரண்டு பூஜ்யம் இரண்டு ஒன்று ஒன்று ஏழு நான்கு மூன்று ஒன்று குறிப்பிடப்பட்டுள்ளது .,telephone
4 1/4,நான்கு மற்றும் நான்கில் ஒன்று,fraction
கூட்டம் 18/01/2093 அன்று ௧௨:௦௫ தொடங்கும்.,கூட்டம் பதினெட்டு ஜனவரி இரண்டாயிரத்து தொண்ணூற்றுமூன்று அன்று பன்னிரண்டு மணி ஐந்து நிமிடம் தொடங்கும் .,mixed
260,இருநூற்று அறுபது~இருநூற்றறுபது,cardinal
அவர் 415 என்றார்.,அவர் நானூற்றுப்பதினைந்து என்றார் .,cardinal
9.20 yr,ஒன்பது புள்ளி இரண்டு பூஜ்யம் ஆண்டு,measure
-25178.04,மைனஸ் இருபத்தைந்து ஆயிரம் நூற்றெழுபத்து எட்டு புள்ளி பூஜ்யம் நான்கு,decimal
செய்தியில் 0.22₹ என்று வந்தது.,செய்தியில் இருபத்திரண்டு பைசா என்று வந்தது .,money
095-626048,பூஜ்யம் ஒன்பது ஐந்து ஆறு இரண்டு ஆறு பூஜ்யம் நான்கு எட்டு,telephone
அவள் உயரம் 49.83 ac ஆகும்.,அவள் உயரம் நாற்பத்தொன்பது புள்ளி எட்டு மூன்று ஏக்கர் ஆகும் .,measure
19:51 சாப்பிட வா.,பத்தொன்பது மணி ஐம்பத்தொன்று நிமிடம் சாப்பிட வா .,time
௭௭௦௯௧ சரியானது.,எழுபத்தேழு ஆயிரம் தொண்ணூற்றொன்று சரியானது .,cardinal
33190,முப்பத்துமூன்று ஆயிரம் நூற்றுத்தொண்ணூறு,cardinal
புகார் எண் +44 7784356592 ஆகும்.,புகார் எண் பிளஸ் நான்கு நான்கு ஏழு ஏழு எட்டு நான்கு மூன்று ஐந்து ஆறு ஐந்து ஒன்பது இரண்டு ஆகும் .,telephone
7.37 என்பதை நினைவில் கொள்ளுங்கள்.,ஏழு புள்ளி மூன்று ஏழு என்பதை நினைவில் கொள்ளுங்கள் .,decimal
௧௧:௪௯ மணிக்கு,பதினொன்று மணி நாற்பத்தொன்பது நிமிடம்,time
0.861,பூஜ்யம் புள்ளி எட்டு ஆறு ஒன்று,decimal
298.7,இருநூற்றுத்தொண்ணூற்றெட்டு புள்ளி ஏழு,decimal
அவர் ¥7124469 செலுத்தினார்.,அவர் எழுபத்தொன்று இலட்சம் இருபத்துநான்கு ஆயிரம் நானூற்று அறுபத்தொன்பது யென் செலுத்தினார் .,money
690 என்று எழுதப்பட்டுள்ளது.,அறுநூற்றுத்தொண்ணூறு என்று எழுதப்பட்டுள்ளது .,cardinal
மொத்தம் 80 மாணவர்கள் உள்ளனர்.,மொத்தம் எண்பது மாணவர்கள் உள்ளனர் .,cardinal
243,இருநூற்று நாற்பத்துமூன்று,cardinal
"41kg அரிசி Rs 1,59,27,667.58 ஆகும்.",நாற்பத்தொன்று கிலோகிராம் அரிசி ஒரு கோடி ஐம்பத்தொன்பது இலட்சம் இருபத்தேழு ஆயிரம் அறுநூற்று அறுபத்தேழு ரூபாய் ஐம்பத்தெட்டு பைசா ஆகும் .,mixed
"£ 1,68,06,978.97 கடன் வாங்கினேன்.",ஒரு கோடி அறுபத்தெட்டு இலட்சம் ஆறாயிரத்து தொள்ளாயிரத்து எழுபத்தெட்டு பவுண்ட் தொண்ணூற்றேழு பென்ஸ் கடன் வாங்கினேன் .,money
1204 பற்றி பேசினோம்.,ஆயிரத்து இருநூற்று நான்கு பற்றி பேசினோம் .,cardinal
41890371483 என்பதை நினைவில் கொள்ளுங்கள்.,நான்கு ஒன்று எட்டு ஒன்பது பூஜ்யம் மூன்று ஏழு ஒன்று நான்கு எட்டு மூன்று என்பதை நினைவில் கொள்ளுங்கள் .,cardinal
அவர் 1962-06-20 என்றார்.,அவர் ஆயிரத்து தொள்ளாயிரத்து அறுபத்திரண்டு ஜூன் இருபது என்றார் .,date
செய்தியில் 17/70 என்று வந்தது.,செய்தியில் எழுபதில் பதினேழு என்று வந்தது .,fraction
அந்த ஊரில் 343 வீடுகள் உள்ளன.,அந்த ஊரில் முந்நூற்று நாற்பத்துமூன்று வீடுகள் உள்ளன .,cardinal
வளர்ச்சி விகிதம் 4.509 ஆக இருந்தது.,வளர்ச்சி விகிதம் நான்கு புள்ளி ஐந்து பூஜ்யம் ஒன்பது ஆக இருந்தது .,decimal
1ஆம்,முதலாம்,ordinal
௪௭௨௯ மீ. பால் வாங்கினேன்.,நான்காயிரத்து எழுநூற்று இருபத்தொன்பது மீட்டர் பால் வாங்கினேன் .,measure
23.8ரூ,இருபத்துமூன்று ரூபாய் எண்பது பைசா,money
1043987 என்று எழுதப்பட்டுள்ளது.,பத்து இலட்சம் நாற்பத்துமூன்று ஆயிரம் தொள்ளாயிரத்து எண்பத்தேழு என்று எழுதப்பட்டுள்ளது .,cardinal
1/4 என்று எழுதப்பட்டுள்ளது.,நான்கில் ஒன்று என்று எழுதப்பட்டுள்ளது .,fraction
அலுவலக எண் 022-093904.,அலுவலக எண் பூஜ்யம் இரண்டு இரண்டு பூஜ்யம் ஒன்பது மூன்று ஒன்பது பூஜ்யம் நான்கு .,telephone
2068-11-08,இரண்டாயிரத்து அறுபத்தெட்டு நவம்பர் எட்டு,date
நேரம் 02:40 ஆகிவிட்டது.,நேரம் இரண்டு மணி நாற்பது நிமிடம் ஆகிவிட்டது .,time
மாத சம்பளம் ₹ 7102.29 தான்.,மாத சம்பளம் ஏழாயிரத்து நூற்று இரண்டு ரூபாய் இருபத்தொன்பது பைசா தான் .,money
எண் ௪௩ சரியானது.,எண் நாற்பத்துமூன்று சரியானது .,cardinal
அவர் 28-03-1909 அன்று பிறந்தார்.,அவர் இருபத்தெட்டு மார்ச் ஆயிரத்து தொள்ளாயிரத்து ஒன்பது அன்று பிறந்தார் .,date
அவன் 99851.225 மதிப்பெண் பெற்றான்.,அவன் தொண்ணூற்றொன்பது ஆயிரம் எண்ணூற்று ஐம்பத்தொன்று புள்ளி இரண்டு இரண்டு ஐந்து மதிப்பெண் பெற்றான் .,decimal
Rs35.11,முப்பத்தைந்து ரூபாய் பதினொன்று பைசா,money
770-1422 என்பதை நினைவில் கொள்ளுங்கள்.,எழுநூற்று எழுபது முதல் ஆயிரத்து நானூற்று இருபத்திரண்டு என்பதை நினைவில் கொள்ளுங்கள் .~எழுநூற்றெழுபது முதல் ஆயிரத்து நானூற்று இருபத்திரண்டு என்பதை நினைவில் கொள்ளுங்கள் .,range
கடிதத்தில் 6127369490 இருந்தது.,கடிதத்தில் ஆறு ஒன்று இரண்டு ஏழு மூன்று ஆறு ஒன்பது நான்கு ஒன்பது பூஜ்யம் இருந்தது .,telephone
"834,748 என்பதை நினைவில் கொள்ளுங்கள்.",எட்டு இலட்சம் முப்பத்துநான்கு ஆயிரம் எழுநூற்று நாற்பத்தெட்டு என்பதை நினைவில் கொள்ளுங்கள் .,cardinal
1842-2909,ஆயிரத்து எண்ணூற்று நாற்பத்திரண்டு முதல் இரண்டாயிரத்து தொள்ளாயிரத்து ஒன்பது,range
பேருந்து கட்டணம் ₹916 ஆகும்.,பேருந்து கட்டணம் தொள்ளாயிரத்து பதினாறு ரூபாய் ஆகும் .,money
ரூ90880,தொண்ணூறு ஆயிரம் எண்ணூற்று எண்பது ரூபாய்,money
39/11,பதினொன்றில் முப்பத்தொன்பது,fraction
8.9,எட்டு புள்ளி ஒன்பது,decimal
13 கிலோ அரிசி வாங்கினேன்.,பதிமூன்று கிலோ அரிசி வாங்கினேன் .,cardinal
03-12-2088,மூன்று டிசம்பர் இரண்டாயிரத்து எண்பத்தெட்டு,date
வெப்பநிலை 4748 கி.கி. ஆக இருந்தது.,வெப்பநிலை நான்காயிரத்து எழுநூற்று நாற்பத்தெட்டு கிலோகிராம் ஆக இருந்தது .,measure
24-02-1583,இருபத்துநான்கு பிப்ரவரி ஆயிரத்து ஐந்நூற்று எண்பத்துமூன்று,date
$ 498,நானூற்றுத்தொண்ணூற்றெட்டு டாலர்,money
வண்டி எண் 44 ஆகும்.,வண்டி எண் நாற்பத்துநான்கு ஆகும் .,cardinal
செய்தியில் ௦௮-௦௧-௧௯௮௨ என்று வந்தது.,செய்தியில் எட்டு ஜனவரி ஆயிரத்து தொள்ளாயிரத்து எண்பத்திரண்டு என்று வந்தது .,date
563-595,ஐந்நூற்று அறுபத்துமூன்று முதல் ஐந்நூற்றுத்தொண்ணூற்றைந்து,range
வளர்ச்சி விகிதம் 50044.41 ஆக இருந்தது.,வளர்ச்சி விகிதம் ஐம்பது ஆயிரம் நாற்பத்துநான்கு புள்ளி நான்கு ஒன்று ஆக இருந்தது .,decimal
30-08-1991 அன்று ¥83 செலுத்தினேன்.,முப்பது ஆகஸ்ட் ஆயிரத்து தொள்ளாயிரத்து தொண்ணூற்றொன்று அன்று எண்பத்துமூன்று யென் செலுத்தினேன் .,mixed
540.2,ஐந்நூற்று நாற்பது புள்ளி இரண்டு,decimal
9756778330,ஒன்பது ஏழு ஐந்து ஆறு ஏழு ஏழு எட்டு மூன்று மூன்று பூஜ்யம்,telephone
8257908135,எட்டு இரண்டு ஐந்து ஏழு ஒன்பது பூஜ்யம் எட்டு ஒன்று மூன்று ஐந்து,telephone
இந்த மூட்டை 1.78 yr எடை உள்ளது.,இந்த மூட்டை ஒன்று புள்ளி ஏழு எட்டு ஆண்டு எடை உள்ளது .,measure
அவர் 11-08-2079 என்றார்.,அவர் பதினொன்று ஆகஸ்ட் இரண்டாயிரத்து எழுபத்தொன்பது என்றார் .,date
213-356,இருநூற்றுப்பதிமூன்று முதல் முந்நூற்று ஐம்பத்தாறு,range
ரூ.69,அறுபத்தொன்பது ரூபாய்,money
இது 46ஆவது முறை.,இது நாற்பத்தாறாவது முறை .,ordinal
கடைசி தேதி 1296-01-20.,கடைசி தேதி ஆயிரத்து இருநூற்றுத்தொண்ணூற்றாறு ஜனவரி இருபது .,date
செய்தியில் 12/07/2032 என்று வந்தது.,செய்தியில் பன்னிரண்டு ஜூலை இரண்டாயிரத்து முப்பத்திரண்டு என்று வந்தது .,date
6314ஆம் பக்கத்தில் பதில் உள்ளது.,ஆறாயிரத்து முந்நூற்றுப்பதினான்காம் பக்கத்தில் பதில் உள்ளது .,ordinal
மதிப்பீடு 8681.8.,மதிப்பீடு எட்டாயிரத்து அறுநூற்று எண்பத்தொன்று புள்ளி எட்டு .,decimal
கூட்டத்தில் 9533628 பேர் வந்தனர்.,கூட்டத்தில் தொண்ணூற்றைந்து இலட்சம் முப்பத்துமூன்று ஆயிரம் அறுநூற்று இருபத்தெட்டு பேர் வந்தனர் .,cardinal
487,நானூற்று எண்பத்தேழு,cardinal
¥4814,நான்காயிரத்து எண்ணூற்றுப்பதினான்கு யென்,money
14:38 மணிக்கு,பதினான்கு மணி முப்பத்தெட்டு நிமிடம்,time
24-10-1924,இருபத்துநான்கு அக்டோபர் ஆயிரத்து தொள்ளாயிரத்து இருபத்துநான்கு,date
௩௨,முப்பத்திரண்டு,cardinal
"9,03,94,624₹/-",ஒன்பது கோடி மூன்று இலட்சம் தொண்ணூற்றுநான்கு ஆயிரம் அறுநூற்று இருபத்துநான்கு ரூபாய்,money
13:31,பதிமூன்று மணி முப்பத்தொன்று நிமிடம்,time
12-13-1908,டிசம்பர் பதிமூன்று ஆயிரத்து தொள்ளாயிரத்து எட்டு,date
"Rs.௭,௪௫,௦௧,௩௬௪",ஏழு கோடி நாற்பத்தைந்து இலட்சம் ஒன்று ஆயிரம் முந்நூற்று அறுபத்துநான்கு ரூபாய்,money
1573ஆவது மாடியில் அலுவலகம் உள்ளது.,ஆயிரத்து ஐந்நூற்று எழுபத்துமூன்றாவது மாடியில் அலுவலகம் உள்ளது .,ordinal
வேகம் 6ha ஆக இருந்தது.,வேகம் ஆறு ஹெக்டேர் ஆக இருந்தது .,measure
44-49 என்று எழுதப்பட்டுள்ளது.,நாற்பத்துநான்கு முதல் நாற்பத்தொன்பது என்று எழுதப்பட்டுள்ளது .,range
௨௩-௦௨-௨௦௧௩,இருபத்துமூன்று பிப்ரவரி இரண்டாயிரத்து பதிமூன்று,date
3378353,முப்பத்துமூன்று இலட்சம் எழுபத்தெட்டு ஆயிரம் முந்நூற்று ஐம்பத்துமூன்று,cardinal
இது 27ஆம் முறை.,இது இருபத்தேழாம் முறை .,ordinal
Rs52,ஐம்பத்திரண்டு ரூபாய்,money
மொத்தத்தில் 2/3 பங்கு.,மொத்தத்தில் மூன்றில் இரண்டு பங்கு .,fraction
11673.0,பதினொன்று ஆயிரம் அறுநூற்று எழுபத்துமூன்று புள்ளி பூஜ்யம்,decimal
பேருந்து 8:20 கிளம்பும்.,பேருந்து எட்டு மணி இருபது நிமிடம் கிளம்பும் .,time
அவன் 892.14 மதிப்பெண் பெற்றான்.,அவன் எண்ணூற்றுத்தொண்ணூற்றிரண்டு புள்ளி ஒன்று நான்கு மதிப்பெண் பெற்றான் .,decimal
565,ஐந்நூற்று அறுபத்தைந்து,cardinal
கூட்டம் 04-04-1964 அன்று 15:37:19 மணிக்கு தொடங்கும்.,கூட்டம் நான்கு ஏப்ரல் ஆயிரத்து தொள்ளாயிரத்து அறுபத்துநான்கு அன்று பதினைந்து மணி முப்பத்தேழு நிமிடம் பத்தொன்பது வினாடி தொடங்கும் .,mixed
விமானம் 19:03 வந்தடையும்.,விமானம் பத்தொன்பது மணி மூன்று நிமிடம் வந்தடையும் .,time
01:31:21 மணிக்கு,ஒரு மணி முப்பத்தொன்று நிமிடம் இருபத்தொன்று வினாடி,time
பை மதிப்பு 169.13 ஆகும்.,பை மதிப்பு நூற்றறுபத்து ஒன்பது புள்ளி ஒன்று மூன்று ஆகும் .,decimal
1371ஆவது,ஆயிரத்து முந்நூற்று எழுபத்தொன்றாவது,ordinal
€ 29.9,இருபத்தொன்பது யூரோ தொண்ணூறு சென்ட்,money
4547 என்பதை நினைவில் கொள்ளுங்கள்.,நான்காயிரத்து ஐந்நூற்று நாற்பத்தேழு என்பதை நினைவில் கொள்ளுங்கள் .,cardinal
5696cm அரிசி ₹ 3513 ஆகும்.,ஐந்தாயிரத்து அறுநூற்றுத்தொண்ணூற்றாறு சென்டிமீட்டர் அரிசி மூன்றாயிரத்து ஐந்நூற்றுப்பதிமூன்று ரூபாய் ஆகும் .,mixed
1வது,முதலாவது,ordinal
செய்தியில் 759ஆம் என்று வந்தது.,செய்தியில் எழுநூற்று ஐம்பத்தொன்பதாம் என்று வந்தது .,ordinal
12-12-1913 முதல் விற்பனை தொடங்கும்.,பன்னிரண்டு டிசம்பர் ஆயிரத்து தொள்ளாயிரத்து பதிமூன்று முதல் விற்பனை தொடங்கும் .,date
அந்த நிலம் ரூ47 விலை போனது.,அந்த நிலம் நாற்பத்தேழு ரூபாய் விலை போனது .,money
இதில் 4 குறிப்பிடப்பட்டுள்ளது.,இதில் நான்கு குறிப்பிடப்பட்டுள்ளது .,cardinal
ரூ 750,எழுநூற்று ஐம்பது ரூபாய்~எழுநூற்றைம்பது ரூபாய்,money
5 ha,ஐந்து ஹெக்டேர்,measure
738 நாட்கள் ஆயிற்று.,எழுநூற்று முப்பத்தெட்டு நாட்கள் ஆயிற்று .,cardinal
1983-10-22,ஆயிரத்து தொள்ளாயிரத்து எண்பத்துமூன்று அக்டோபர் இருபத்திரண்டு,date
21/80,எண்பதில் இருபத்தொன்று,fraction
புரோ. ராமன்,பேராசிரியர் ராமன்,whitelist
18.06.2056,பதினெட்டு ஜூன் இரண்டாயிரத்து ஐம்பத்தாறு,date
வண்டி எண் 423 ஆகும்.,வண்டி எண் நானூற்று இருபத்துமூன்று ஆகும் .,cardinal
நிலப்பரப்பு 59MW ஆகும்.,நிலப்பரப்பு ஐம்பத்தொன்பது மெகாவாட் ஆகும் .,measure
இதில் 1579 குறிப்பிடப்பட்டுள்ளது.,இதில் ஆயிரத்து ஐந்நூற்று எழுபத்தொன்பது குறிப்பிடப்பட்டுள்ளது .,cardinal
வண்டி எண் 990386637 ஆகும்.,வண்டி எண் தொண்ணூற்றொன்பது கோடி மூன்று இலட்சம் எண்பத்தாறு ஆயிரம் அறுநூற்று முப்பத்தேழு ஆகும் .,cardinal
13/06/1923,பதிமூன்று ஜூன் ஆயிரத்து தொள்ளாயிரத்து இருபத்துமூன்று,date
099-836574 என்பதை நினைவில் கொள்ளுங்கள்.,பூஜ்யம் ஒன்பது ஒன்பது எட்டு மூன்று ஆறு ஐந்து ஏழு நான்கு என்பதை நினைவில் கொள்ளுங்கள் .,telephone
7ஆவது,ஏழாவது,ordinal
"அவர் Rs 1,00,82,738 செலுத்தினார்.",அவர் ஒரு கோடி எண்பத்திரண்டு ஆயிரம் எழுநூற்று முப்பத்தெட்டு ரூபாய் செலுத்தினார் .,money
ரயில் 17:53 மணிக்கு புறப்படும்.,ரயில் பதினேழு மணி ஐம்பத்துமூன்று நிமிடம் புறப்படும் .,time
9082வது,ஒன்பதாயிரத்து எண்பத்திரண்டாவது,ordinal
+91 9435323461 இந்த எண்ணில் அழையுங்கள்.,பிளஸ் ஒன்பது ஒன்று ஒன்பது நான்கு மூன்று ஐந்து மூன்று இரண்டு மூன்று நான்கு ஆறு ஒன்று இந்த எண்ணில் அழையுங்கள் .,telephone
தொடர்புக்கு 6023220280.,தொடர்புக்கு ஆறு பூஜ்யம் இரண்டு மூன்று இரண்டு இரண்டு பூஜ்யம் இரண்டு எட்டு பூஜ்யம் .,telephone
8340698297,எட்டு மூன்று நான்கு பூஜ்யம் ஆறு ஒன்பது எட்டு இரண்டு ஒன்பது ஏழு,telephone
17-28,பதினேழு முதல் இருபத்தெட்டு,range
புகார் எண் 070-97558107 ஆகும்.,புகார் எண் பூஜ்யம் ஏழு பூஜ்யம் ஒன்பது ஏழு ஐந்து ஐந்து எட்டு ஒன்று பூஜ்யம் ஏழு ஆகும் .,telephone
அவர் ¥1226 என்றார்.,அவர் ஆயிரத்து இருநூற்று இருபத்தாறு யென் என்றார் .,money
45-62,நாற்பத்தைந்து முதல் அறுபத்திரண்டு,range
பேருந்து கட்டணம் 59 ₹ ஆகும்.,பேருந்து கட்டணம் ஐம்பத்தொன்பது ரூபாய் ஆகும் .,money
"கூட்டத்தில் 12,37,34,024 பேர் வந்தனர்.",கூட்டத்தில் பன்னிரண்டு கோடி முப்பத்தேழு இலட்சம் முப்பத்துநான்கு ஆயிரம் இருபத்துநான்கு பேர் வந்தனர் .,cardinal
மொத்தத்தில் 14/100 பங்கு.,மொத்தத்தில் நூறில் பதினான்கு பங்கு .,fraction
1942-10-03,ஆயிரத்து தொள்ளாயிரத்து நாற்பத்திரண்டு அக்டோபர் மூன்று,date
அவர் 76 லி. என்றார்.,அவர் எழுபத்தாறு லிட்டர் என்றார் .,measure
இதன் மதிப்பு 249.8 கோடி தான்.,இதன் மதிப்பு இருநூற்று நாற்பத்தொன்பது புள்ளி எட்டு கோடி தான் .,decimal
13-02-1713,பதிமூன்று பிப்ரவரி ஆயிரத்து எழுநூற்றுப்பதிமூன்று,date
30 பற்றி பேசினோம்.,முப்பது பற்றி பேசினோம் .,cardinal
Rs.13,பதிமூன்று ரூபாய்,money
20%,இருபது சதவீதம்,whitelist
1097mm,ஆயிரத்து தொண்ணூற்றேழு மில்லிமீட்டர்,measure
அவரின் தொலைபேசி எண் 05-49737650 ஆகும்.,அவரின் தொலைபேசி எண் பூஜ்யம் ஐந்து நான்கு ஒன்பது ஏழு மூன்று ஏழு ஆறு ஐந்து பூஜ்யம் ஆகும் .,telephone
இதில் 7049 கி.கி குறிப்பிடப்பட்டுள்ளது.,இதில் ஏழாயிரத்து நாற்பத்தொன்பது கிலோகிராம் குறிப்பிடப்பட்டுள்ளது .,measure
29/30 பற்றி பேசினோம்.,முப்பதில் இருபத்தொன்பது பற்றி பேசினோம் .,fraction
"428,216",நான்கு இலட்சம் இருபத்தெட்டு ஆயிரம் இருநூற்றுப்பதினாறு,cardinal
சராசரி 0.491 ஆகும்.,சராசரி பூஜ்யம் புள்ளி நான்கு ஒன்பது ஒன்று ஆகும் .,decimal
1 36/80,ஒன்று மற்றும் எண்பதில் முப்பத்தாறு,fraction
அவர் ₹121 என்றார்.,அவர் நூற்று இருபத்தொன்று ரூபாய் என்றார் .,money
12:30 என்பதை நினைவில் கொள்ளுங்கள்.,பன்னிரண்டு மணி முப்பது நிமிடம் என்பதை நினைவில் கொள்ளுங்கள் .,time
82ஆம் கூட்டம் 13-03-2019 அன்று நடந்தது.,எண்பத்திரண்டாம் கூட்டம் பதிமூன்று மார்ச் இரண்டாயிரத்து பத்தொன்பது அன்று நடந்தது .,mixed
€8371222.52,எண்பத்துமூன்று இலட்சம் எழுபத்தொன்று ஆயிரம் இருநூற்று இருபத்திரண்டு யூரோ ஐம்பத்திரண்டு சென்ட்,money
அவன் 5/7 பங்கு சாப்பிட்டான்.,அவன் ஏழில் ஐந்து பங்கு சாப்பிட்டான் .,fraction
இந்த நூலில் 03 பக்கங்கள் உள்ளன.,இந்த நூலில் பூஜ்யம் மூன்று பக்கங்கள் உள்ளன .,cardinal
16 கி.கி,பதினாறு கிலோகிராம்,measure
இந்த நூலில் 25ல் பக்கங்கள் உள்ளன.,இந்த நூலில் இருபத்தைந்தில் பக்கங்கள் உள்ளன .,cardinal
நிலத்தில் ௫௮/௬ பங்கு விற்றார்.,நிலத்தில் ஆறில் ஐம்பத்தெட்டு பங்கு விற்றார் .,fraction
௨௧-௦௩-௨௦௦௩,இருபத்தொன்று மார்ச் இரண்டாயிரத்து மூன்று,date
இதில் ௧௯ செ.மீ. குறிப்பிடப்பட்டுள்ளது.,இதில் பத்தொன்பது சென்டிமீட்டர் குறிப்பிடப்பட்டுள்ளது .,measure
கூட்டத்தில் 14 பேர் வந்தனர்.,கூட்டத்தில் பதினான்கு பேர் வந்தனர் .,cardinal
இன்று 2804 பேர் வருகை தந்தனர்.,இன்று இரண்டாயிரத்து எண்ணூற்று நான்கு பேர் வருகை தந்தனர் .,cardinal
06-22-1744 என்பதை நினைவில் கொள்ளுங்கள்.,ஜூன் இருபத்திரண்டு ஆயிரத்து எழுநூற்று நாற்பத்துநான்கு என்பதை நினைவில் கொள்ளுங்கள் .,date
16:00 மணிக்கு,பதினாறு மணி,time
"89,65,12,819 என்று எழுதப்பட்டுள்ளது.",எண்பத்தொன்பது கோடி அறுபத்தைந்து இலட்சம் பன்னிரண்டு ஆயிரம் எண்ணூற்றுப்பத்தொன்பது என்று எழுதப்பட்டுள்ளது .,cardinal
நாள் 11-01-2054 என்று குறிக்கப்பட்டுள்ளது.,நாள் பதினொன்று ஜனவரி இரண்டாயிரத்து ஐம்பத்துநான்கு என்று குறிக்கப்பட்டுள்ளது .,date
9014706879,ஒன்பது பூஜ்யம் ஒன்று நான்கு ஏழு பூஜ்யம் ஆறு எட்டு ஏழு ஒன்பது,telephone
பதிவு தேதி 03/11/1938 ஆகும்.,பதிவு தேதி மூன்று நவம்பர் ஆயிரத்து தொள்ளாயிரத்து முப்பத்தெட்டு ஆகும் .,date
அவள் 274 புத்தகங்கள் வாங்கினாள்.,அவள் இருநூற்று எழுபத்துநான்கு புத்தகங்கள் வாங்கினாள் .,cardinal
கூட்டத்தில் 116 பேர் வந்தனர்.,கூட்டத்தில் நூற்றுப்பதினாறு பேர் வந்தனர் .,cardinal
20:24,இருபது மணி இருபத்துநான்கு நிமிடம்,time
22:56:00 வரை ௩௮௭௦௧௪௭௭௦ பேர் காத்திருந்தனர்.,இருபத்திரண்டு மணி ஐம்பத்தாறு நிமிடம் வரை முப்பத்தெட்டு கோடி எழுபது இலட்சம் பதினான்கு ஆயிரம் எழுநூற்று எழுபது பேர் காத்திருந்தனர் .~இருபத்திரண்டு மணி ஐம்பத்தாறு நிமிடம் வரை முப்பத்தெட்டு கோடி எழுபது இலட்சம் பதினான்கு ஆயிரம் எழுநூற்றெழுபது பேர் காத்திருந்தனர் .,mixed
"வண்டி எண் 21,57,46,412 ஆகும்.",வண்டி எண் இருபத்தொன்று கோடி ஐம்பத்தேழு இலட்சம் நாற்பத்தாறு ஆயிரம் நானூற்றுப்பன்னிரண்டு ஆகும் .,cardinal
536-850 பேருக்கு 4015.5ரூ செலவு ஆகும்.,ஐந்நூற்று முப்பத்தாறு முதல் எண்ணூற்று ஐம்பது பேருக்கு நான்காயிரத்து பதினைந்து ரூபாய் ஐம்பது பைசா செலவு ஆகும் .,mixed
08-02-2029,எட்டு பிப்ரவரி இரண்டாயிரத்து இருபத்தொன்பது,date
9:38:57 மணிக்கு,ஒன்பது மணி முப்பத்தெட்டு நிமிடம் ஐம்பத்தேழு வினாடி,time
அவன் 22551 முறை முயன்றான்.,அவன் இருபத்திரண்டு ஆயிரம் ஐந்நூற்று ஐம்பத்தொன்று முறை முயன்றான் .,cardinal
6114316711,ஆறு ஒன்று ஒன்று நான்கு மூன்று ஒன்று ஆறு ஏழு ஒன்று ஒன்று,telephone
03/12/1997,மூன்று டிசம்பர் ஆயிரத்து தொள்ளாயிரத்து தொண்ணூற்றேழு,date
செய்தியில் 0.8 என்று வந்தது.,செய்தியில் பூஜ்யம் புள்ளி எட்டு என்று வந்தது .,decimal
இதில் 956213974299 குறிப்பிடப்பட்டுள்ளது.,இதில் ஒன்பது ஐந்து ஆறு இரண்டு ஒன்று மூன்று ஒன்பது ஏழு நான்கு இரண்டு ஒன்பது ஒன்பது குறிப்பிடப்பட்டுள்ளது .,cardinal
00-190477,பூஜ்யம் பூஜ்யம் ஒன்று ஒன்பது பூஜ்யம் நான்கு ஏழு ஏழு,telephone
85 % தள்ளுபடி உள்ளது.,எண்பத்தைந்து சதவீதம் தள்ளுபடி உள்ளது .,whitelist
அவர் ௦௯-௦௧-௨௫௩௩ அன்று பிறந்தார்.,அவர் ஒன்பது ஜனவரி இரண்டாயிரத்து ஐந்நூற்று முப்பத்துமூன்று அன்று பிறந்தார் .,date
"செய்தியில் ௯௮௫,௮௦௦ என்று வந்தது.",செய்தியில் ஒன்பது இலட்சம் எண்பத்தைந்து ஆயிரம் எண்ணூறு என்று வந்தது .,cardinal
கூட்டம் 24-08-1938 அன்று நடந்தது.,கூட்டம் இருபத்துநான்கு ஆகஸ்ட் ஆயிரத்து தொள்ளாயிரத்து முப்பத்தெட்டு அன்று நடந்தது .,date
செய்தியில் 6வது என்று வந்தது.,செய்தியில் ஆறாவது என்று வந்தது .,ordinal
கடிதத்தில் 9255697201 இருந்தது.,கடிதத்தில் ஒன்பது இரண்டு ஐந்து ஐந்து ஆறு ஒன்பது ஏழு இரண்டு பூஜ்யம் ஒன்று இருந்தது .,telephone
௦௬:௨௭:௧௯,ஆறு மணி இருபத்தேழு நிமிடம் பத்தொன்பது வினாடி,time
18 GB,பதினெட்டு கிகாபைட்,measure
தொடர்புக்கு 6209817419.,தொடர்புக்கு ஆறு இரண்டு பூஜ்யம் ஒன்பது எட்டு ஒன்று ஏழு நான்கு ஒன்று ஒன்பது .,telephone
ரூ8404 கடன் வாங்கினேன்.,எட்டாயிரத்து நானூற்று நான்கு ரூபாய் கடன் வாங்கினேன் .,money
இதில் 7590180098 குறிப்பிடப்பட்டுள்ளது.,இதில் ஏழு ஐந்து ஒன்பது பூஜ்யம் ஒன்று எட்டு பூஜ்யம் பூஜ்யம் ஒன்பது எட்டு குறிப்பிடப்பட்டுள்ளது .,telephone
இதில் 25-07-2067 குறிப்பிடப்பட்டுள்ளது.,இதில் இருபத்தைந்து ஜூலை இரண்டாயிரத்து அறுபத்தேழு குறிப்பிடப்பட்டுள்ளது .,date
26-11-1779,இருபத்தாறு நவம்பர் ஆயிரத்து எழுநூற்று எழுபத்தொன்பது,date
399-773 நாட்கள் ஆகும்.,முந்நூற்றுத்தொண்ணூற்றொன்பது முதல் எழுநூற்று எழுபத்துமூன்று நாட்கள் ஆகும் .,range
"பேருந்து கட்டணம் ₹ 1,94,42,573.31 ஆகும்.",பேருந்து கட்டணம் ஒரு கோடி தொண்ணூற்றுநான்கு இலட்சம் நாற்பத்திரண்டு ஆயிரம் ஐந்நூற்று எழுபத்துமூன்று ரூபாய் முப்பத்தொன்று பைசா ஆகும் .,money
தேர்வு 21-12-2062 தேதியில் தொடங்கும்.,தேர்வு இருபத்தொன்று டிசம்பர் இரண்டாயிரத்து அறுபத்திரண்டு தேதியில் தொடங்கும் .,date
தொடர்புக்கு 077-780212.,தொடர்புக்கு பூஜ்யம் ஏழு ஏழு ஏழு எட்டு பூஜ்யம் இரண்டு ஒன்று இரண்டு .,telephone
"இதில் 90,29,31,138 குறிப்பிடப்பட்டுள்ளது.",இதில் தொண்ணூறு கோடி இருபத்தொன்பது இலட்சம் முப்பத்தொன்று ஆயிரம் நூற்று முப்பத்தெட்டு குறிப்பிடப்பட்டுள்ளது .,cardinal
07:00 கிளம்பி 5 m நடந்தோம்.,ஏழு மணி கிளம்பி ஐந்து மீட்டர் நடந்தோம் .,mixed
0748-135058 என்ற எண்ணை அழைக்கவும்.,பூஜ்யம் ஏழு நான்கு எட்டு ஒன்று மூன்று ஐந்து பூஜ்யம் ஐந்து எட்டு என்ற எண்ணை அழைக்கவும் .,telephone
$ 0.99 என்பதை நினைவில் கொள்ளுங்கள்.,தொண்ணூற்றொன்பது சென்ட் என்பதை நினைவில் கொள்ளுங்கள் .,money
இன்று 98இல் பேர் வருகை தந்தனர்.,இன்று தொண்ணூற்றெட்டில் பேர் வருகை தந்தனர் .,cardinal
இப்போது மணி 19:02 மணிக்கு.,இப்போது மணி பத்தொன்பது மணி இரண்டு நிமிடம் .,time
அவன் 1/2 பங்கு சாப்பிட்டான்.,அவன் இரண்டில் ஒன்று பங்கு சாப்பிட்டான் .,fraction
௧/௧௭,பதினேழில் ஒன்று,fraction
இதில் ரூ4936 குறிப்பிடப்பட்டுள்ளது.,இதில் நான்காயிரத்து தொள்ளாயிரத்து முப்பத்தாறு ரூபாய் குறிப்பிடப்பட்டுள்ளது .,money
82ஆம் நூற்றாண்டு இலக்கியம்.,எண்பத்திரண்டாம் நூற்றாண்டு இலக்கியம் .,ordinal
பிறந்த நாள் 2950-01-22.,பிறந்த நாள் இரண்டாயிரத்து தொள்ளாயிரத்து ஐம்பது ஜனவரி இருபத்திரண்டு .,date
"அவர் Rs 1,25,68,889 என்றார்.",அவர் ஒரு கோடி இருபத்தைந்து இலட்சம் அறுபத்தெட்டு ஆயிரம் எண்ணூற்று எண்பத்தொன்பது ரூபாய் என்றார் .,money
87267,எண்பத்தேழு ஆயிரம் இருநூற்று அறுபத்தேழு,cardinal
ரயில் ௨௨:௨௨:௩௫ மணிக்கு புறப்படும்.,ரயில் இருபத்திரண்டு மணி இருபத்திரண்டு நிமிடம் முப்பத்தைந்து வினாடி புறப்படும் .,time
17/04/2090 முதல் விற்பனை தொடங்கும்.,பதினேழு ஏப்ரல் இரண்டாயிரத்து தொண்ணூறு முதல் விற்பனை தொடங்கும் .,date
"விலை 97,89,484ரூ மட்டும்.",விலை தொண்ணூற்றேழு இலட்சம் எண்பத்தொன்பது ஆயிரம் நானூற்று எண்பத்துநான்கு ரூபாய் மட்டும் .,money
8138164209,எட்டு ஒன்று மூன்று எட்டு ஒன்று ஆறு நான்கு இரண்டு பூஜ்யம் ஒன்பது,telephone
31176.05 என்று எழுதப்பட்டுள்ளது.,முப்பத்தொன்று ஆயிரம் நூற்றெழுபத்து ஆறு புள்ளி பூஜ்யம் ஐந்து என்று எழுதப்பட்டுள்ளது .,decimal
எண் 39164 சரியானது.,எண் முப்பத்தொன்பது ஆயிரம் நூற்றறுபத்து நான்கு சரியானது .,cardinal
1736-2497 நாட்கள் ஆகும்.,ஆயிரத்து எழுநூற்று முப்பத்தாறு முதல் இரண்டாயிரத்து நானூற்றுத்தொண்ணூற்றேழு நாட்கள் ஆகும் .,range
623.7 பற்றி பேசினோம்.,அறுநூற்று இருபத்துமூன்று புள்ளி ஏழு பற்றி பேசினோம் .,decimal
+91 6415327379,பிளஸ் ஒன்பது ஒன்று ஆறு நான்கு ஒன்று ஐந்து மூன்று இரண்டு ஏழு மூன்று ஏழு ஒன்பது,telephone
வெப்பநிலை 3455 hr ஆக இருந்தது.,வெப்பநிலை மூன்றாயிரத்து நானூற்று ஐம்பத்தைந்து மணி ஆக இருந்தது .,measure
¾ என்று எழுதப்பட்டுள்ளது.,நான்கில் மூன்று என்று எழுதப்பட்டுள்ளது .,fraction
2000இல் பற்றி பேசினோம்.,இரண்டாயிரத்தில் பற்றி பேசினோம் .,cardinal
37776.702 சரியானது.,முப்பத்தேழு ஆயிரம் எழுநூற்று எழுபத்தாறு புள்ளி ஏழு பூஜ்யம் இரண்டு சரியானது .,decimal
550-834 வயது குழந்தைகள் வரலாம்.,ஐந்நூற்று ஐம்பது முதல் எண்ணூற்று முப்பத்துநான்கு வயது குழந்தைகள் வரலாம் .~ஐந்நூற்றைம்பது முதல் எண்ணூற்று முப்பத்துநான்கு வயது குழந்தைகள் வரலாம் .,range
784 என்பதை நினைவில் கொள்ளுங்கள்.,எழுநூற்று எண்பத்துநான்கு என்பதை நினைவில் கொள்ளுங்கள் .,cardinal
பெட்டியின் எடை 12 கி.மீ. இருக்கும்.,பெட்டியின் எடை பன்னிரண்டு கிலோமீட்டர் இருக்கும் .,measure
செய்தியில் 24:42 மணிக்கு என்று வந்தது.,செய்தியில் இருபத்துநான்கு மணி நாற்பத்திரண்டு நிமிடம் என்று வந்தது .,time
கடிதத்தில் ௫௨௪௭௬.௯௨ இருந்தது.,கடிதத்தில் ஐம்பத்திரண்டு ஆயிரம் நானூற்று எழுபத்தாறு புள்ளி ஒன்பது இரண்டு இருந்தது .,decimal
24-10-1979,இருபத்துநான்கு அக்டோபர் ஆயிரத்து தொள்ளாயிரத்து எழுபத்தொன்பது,date
பை மதிப்பு 72115.4 ஆகும்.,பை மதிப்பு எழுபத்திரண்டு ஆயிரம் நூற்றுப்பதினைந்து புள்ளி நான்கு ஆகும் .,decimal
21:40 வரை 292 பேர் காத்திருந்தனர்.,இருபத்தொன்று மணி நாற்பது நிமிடம் வரை இருநூற்றுத்தொண்ணூற்றிரண்டு பேர் காத்திருந்தனர் .,mixed
4/15,பதினைந்தில் நான்கு,fraction
7730 min,ஏழாயிரத்து எழுநூற்று முப்பது நிமிடம்,measure
₹0.16,பதினாறு பைசா,money
4475588 நாட்கள் ஆயிற்று.,நாற்பத்துநான்கு இலட்சம் எழுபத்தைந்து ஆயிரம் ஐந்நூற்று எண்பத்தெட்டு நாட்கள் ஆயிற்று .,cardinal
12%,பன்னிரண்டு சதவீதம்,whitelist
மா. மீனா என்று எழுதப்பட்டுள்ளது.,மாஸ்டர் மீனா என்று எழுதப்பட்டுள்ளது .,whitelist
என் எண் +91 8222084823.,என் எண் பிளஸ் ஒன்பது ஒன்று எட்டு இரண்டு இரண்டு இரண்டு பூஜ்யம் எட்டு நான்கு எட்டு இரண்டு மூன்று .,telephone
அவர் 16-10-2010 என்றார்.,அவர் பதினாறு அக்டோபர் இரண்டாயிரத்து பத்து என்றார் .,date
"இந்த சட்டை 40,54,561.6 ரூ ஆகும்.",இந்த சட்டை நாற்பது இலட்சம் ஐம்பத்துநான்கு ஆயிரம் ஐந்நூற்று அறுபத்தொன்று ரூபாய் அறுபது பைசா ஆகும் .,money
₹ 26,இருபத்தாறு ரூபாய்,money
செய்தியில் 40739461 என்று வந்தது.,செய்தியில் நான்கு கோடி ஏழு இலட்சம் முப்பத்தொன்பது ஆயிரம் நானூற்று அறுபத்தொன்று என்று வந்தது .,cardinal
வண்டி எண் 9468217 ஆகும்.,வண்டி எண் தொண்ணூற்றுநான்கு இலட்சம் அறுபத்தெட்டு ஆயிரம் இருநூற்றுப்பதினேழு ஆகும் .,cardinal
9439,ஒன்பதாயிரத்து நானூற்று முப்பத்தொன்பது,cardinal
7029895800,ஏழு பூஜ்யம் இரண்டு ஒன்பது எட்டு ஒன்பது ஐந்து எட்டு பூஜ்யம் பூஜ்யம்,telephone
இதில் 8991002894 குறிப்பிடப்பட்டுள்ளது.,இதில் எட்டு ஒன்பது ஒன்பது ஒன்று பூஜ்யம் பூஜ்யம் இரண்டு எட்டு ஒன்பது நான்கு குறிப்பிடப்பட்டுள்ளது .,telephone
நான் தினமும் நடைப்பயிற்சி செய்கிறேன்.,நான் தினமும் நடைப்பயிற்சி செய்கிறேன் .,word
கடைசி தேதி 16.10.1962.,கடைசி தேதி பதினாறு அக்டோபர் ஆயிரத்து தொள்ளாயிரத்து அறுபத்திரண்டு .,date
97ஆம் பற்றி பேசினோம்.,தொண்ணூற்றேழாம் பற்றி பேசினோம் .,ordinal
கடிதத்தில் 366வது இருந்தது.,கடிதத்தில் முந்நூற்று அறுபத்தாறாவது இருந்தது .,ordinal
₹43 /-,நாற்பத்துமூன்று ரூபாய்,money
௨௧௬௮௫.௮ பற்றி பேசினோம்.,இருபத்தொன்று ஆயிரம் அறுநூற்று எண்பத்தைந்து புள்ளி எட்டு பற்றி பேசினோம் .,decimal
"836-1639 பேருக்கு $ 6,18,86,324 செலவு ஆகும்.",எண்ணூற்று முப்பத்தாறு முதல் ஆயிரத்து அறுநூற்று முப்பத்தொன்பது பேருக்கு ஆறு கோடி பதினெட்டு இலட்சம் எண்பத்தாறு ஆயிரம் முந்நூற்று இருபத்துநான்கு டாலர் செலவு ஆகும் .,mixed
0392-638460 என்ற எண்ணை அழைக்கவும்.,பூஜ்யம் மூன்று ஒன்பது இரண்டு ஆறு மூன்று எட்டு நான்கு ஆறு பூஜ்யம் என்ற எண்ணை அழைக்கவும் .,telephone
௨௯௮ சரியானது.,இருநூற்றுத்தொண்ணூற்றெட்டு சரியானது .,cardinal
+65 7258595111 என்பதை நினைவில் கொள்ளுங்கள்.,பிளஸ் ஆறு ஐந்து ஏழு இரண்டு ஐந்து எட்டு ஐந்து ஒன்பது ஐந்து ஒன்று ஒன்று ஒன்று என்பதை நினைவில் கொள்ளுங்கள் .,telephone
ரூ43 என்று எழுதப்பட்டுள்ளது.,நாற்பத்துமூன்று ரூபாய் என்று எழுதப்பட்டுள்ளது .,money
12-19-1911 என்பதை நினைவில் கொள்ளுங்கள்.,டிசம்பர் பத்தொன்பது ஆயிரத்து தொள்ளாயிரத்து பதினொன்று என்பதை நினைவில் கொள்ளுங்கள் .,date
கடிதத்தில் 46வது இருந்தது.,கடிதத்தில் நாற்பத்தாறாவது இருந்தது .,ordinal
அவன் 1/13 பங்கு சாப்பிட்டான்.,அவன் பதிமூன்றில் ஒன்று பங்கு சாப்பிட்டான் .,fraction
"$4,88,82,153 என்று எழுதப்பட்டுள்ளது.",நான்கு கோடி எண்பத்தெட்டு இலட்சம் எண்பத்திரண்டு ஆயிரம் நூற்றைம்பத்து மூன்று டாலர் என்று எழுதப்பட்டுள்ளது .,money
கூட்டம் 18-03-1924 அன்று நடந்தது.,கூட்டம் பதினெட்டு மார்ச் ஆயிரத்து தொள்ளாயிரத்து இருபத்துநான்கு அன்று நடந்தது .,date
29 MW என்பதை நினைவில் கொள்ளுங்கள்.,இருபத்தொன்பது மெகாவாட் என்பதை நினைவில் கொள்ளுங்கள் .,measure
9 பற்றி பேசினோம்.,ஒன்பது பற்றி பேசினோம் .,cardinal
14:48:44 மணிக்கு,பதினான்கு மணி நாற்பத்தெட்டு நிமிடம் நாற்பத்துநான்கு வினாடி,time
வளர்ச்சி விகிதம் 7.41 ஆக இருந்தது.,வளர்ச்சி விகிதம் ஏழு புள்ளி நான்கு ஒன்று ஆக இருந்தது .,decimal
௪௩௬ஆம் அத்தியாயம் படிக்கவும்.,நானூற்று முப்பத்தாறாம் அத்தியாயம் படிக்கவும் .,ordinal
நிகழ்ச்சி 07:09 ஒளிபரப்பாகும்.,நிகழ்ச்சி ஏழு மணி ஒன்பது நிமிடம் ஒளிபரப்பாகும் .,time
"எனக்கு ௬௮௩,௬௧௧ வயது.",எனக்கு ஆறு இலட்சம் எண்பத்துமூன்று ஆயிரம் அறுநூற்றுப்பதினொன்று வயது .,cardinal
1×4=4 என்பதை நினைவில் கொள்ளுங்கள்.,ஒன்று பெருக்கல் நான்கு சமம் நான்கு என்பதை நினைவில் கொள்ளுங்கள் .,whitelist
நாள் 1955-06-11 என்று குறிக்கப்பட்டுள்ளது.,நாள் ஆயிரத்து தொள்ளாயிரத்து ஐம்பத்தைந்து ஜூன் பதினொன்று என்று குறிக்கப்பட்டுள்ளது .,date
கூட்டம் 26-05-1937 அன்று 03:21 மணிக்கு தொடங்கும்.,கூட்டம் இருபத்தாறு மே ஆயிரத்து தொள்ளாயிரத்து முப்பத்தேழு அன்று மூன்று மணி இருபத்தொன்று நிமிடம் தொடங்கும் .,mixed
கடிதத்தில் 13257 இருந்தது.,கடிதத்தில் பதிமூன்று ஆயிரம் இருநூற்று ஐம்பத்தேழு இருந்தது .,cardinal
4.11,நான்கு புள்ளி ஒன்று ஒன்று,decimal
4729,நான்காயிரத்து எழுநூற்று இருபத்தொன்பது,cardinal
9322980344 இந்த எண்ணில் அழையுங்கள்.,ஒன்பது மூன்று இரண்டு இரண்டு ஒன்பது எட்டு பூஜ்யம் மூன்று நான்கு நான்கு இந்த எண்ணில் அழையுங்கள் .,telephone
76-104 பற்றி பேசினோம்.,எழுபத்தாறு முதல் நூற்று நான்கு பற்றி பேசினோம் .,range
அவர் 87 ஓட்டங்கள் எடுத்தார்.,அவர் எண்பத்தேழு ஓட்டங்கள் எடுத்தார் .,cardinal
5 mg தண்ணீர் குடிக்க வேண்டும்.,ஐந்து மில்லிகிராம் தண்ணீர் குடிக்க வேண்டும் .,measure
"£ 3,82,07,203.2",மூன்று கோடி எண்பத்திரண்டு இலட்சம் ஏழாயிரத்து இருநூற்று மூன்று பவுண்ட் இருபது பென்ஸ்,money
9477246930 சரியானது.,ஒன்பது நான்கு ஏழு ஏழு இரண்டு நான்கு ஆறு ஒன்பது மூன்று பூஜ்யம் சரியானது .,telephone
2069-06-11,இரண்டாயிரத்து அறுபத்தொன்பது ஜூன் பதினொன்று,date
கட்டணம் Rs 21 என அறிவித்தனர்.,கட்டணம் இருபத்தொன்று ரூபாய் என அறிவித்தனர் .,money
-177161789 என்று எழுதப்பட்டுள்ளது.,மைனஸ் பதினேழு கோடி எழுபத்தொன்று இலட்சம் அறுபத்தொன்று ஆயிரம் எழுநூற்று எண்பத்தொன்பது என்று எழுதப்பட்டுள்ளது .,cardinal
இந்த மூட்டை 7 செ.மீ எடை உள்ளது.,இந்த மூட்டை ஏழு சென்டிமீட்டர் எடை உள்ளது .,measure
"₹5,87,53,700.1",ஐந்து கோடி எண்பத்தேழு இலட்சம் ஐம்பத்துமூன்று ஆயிரம் எழுநூறு ரூபாய் பத்து பைசா,money
"அவள் 31,80,65,565 புத்தகங்கள் வாங்கினாள்.",அவள் முப்பத்தொன்று கோடி எண்பது இலட்சம் அறுபத்தைந்து ஆயிரம் ஐந்நூற்று அறுபத்தைந்து புத்தகங்கள் வாங்கினாள் .,cardinal
₹ 24.36,இருபத்துநான்கு ரூபாய் முப்பத்தாறு பைசா,money
கடிதத்தில் 1993-10-30 இருந்தது.,கடிதத்தில் ஆயிரத்து தொள்ளாயிரத்து தொண்ணூற்றுமூன்று அக்டோபர் முப்பது இருந்தது .,date
கடிதத்தில் 1111-02-21 இருந்தது.,கடிதத்தில் ஆயிரத்து நூற்றுப்பதினொன்று பிப்ரவரி இருபத்தொன்று இருந்தது .,date
Rs7100,ஏழாயிரத்து நூறு ரூபாய்,money
£17,பதினேழு பவுண்ட்,money
"இந்த நூலில் 57,64,61,016 பக்கங்கள் உள்ளன.",இந்த நூலில் ஐம்பத்தேழு கோடி அறுபத்துநான்கு இலட்சம் அறுபத்தொன்று ஆயிரம் பதினாறு பக்கங்கள் உள்ளன .,cardinal
அவன் 9869ல் முறை முயன்றான்.,அவன் ஒன்பதாயிரத்து எண்ணூற்று அறுபத்தொன்பதில் முறை முயன்றான் .,cardinal
வேகம் 6251.8 கி.கி. ஆக இருந்தது.,வேகம் ஆறாயிரத்து இருநூற்று ஐம்பத்தொன்று புள்ளி எட்டு கிலோகிராம் ஆக இருந்தது .,measure
2006-10-04,இரண்டாயிரத்து ஆறு அக்டோபர் நான்கு,date
1000இல் என்பதை நினைவில் கொள்ளுங்கள்.,ஆயிரத்தில் என்பதை நினைவில் கொள்ளுங்கள் .,cardinal
அவன் 2/3 பங்கு சாப்பிட்டான்.,அவன் மூன்றில் இரண்டு பங்கு சாப்பிட்டான் .,fraction
01-07-1900,ஒன்று ஜூலை ஆயிரத்து தொள்ளாயிரம்,date
08-6318845 சரியானது.,பூஜ்யம் எட்டு ஆறு மூன்று ஒன்று எட்டு எட்டு நான்கு ஐந்து சரியானது .,telephone
-84,மைனஸ் எண்பத்துநான்கு,cardinal
18:01 மணிக்கு,பதினெட்டு மணி ஒன்று நிமிடம்,time
40 ft என்பதை நினைவில் கொள்ளுங்கள்.,நாற்பது அடி என்பதை நினைவில் கொள்ளுங்கள் .,measure
16-12-2028 என்று எழுதப்பட்டுள்ளது.,பதினாறு டிசம்பர் இரண்டாயிரத்து இருபத்தெட்டு என்று எழுதப்பட்டுள்ளது .,date
திருமணம் 23-03-1901 அன்று நடைபெறும்.,திருமணம் இருபத்துமூன்று மார்ச் ஆயிரத்து தொள்ளாயிரத்து ஒன்று அன்று நடைபெறும் .,date
இன்றைய விலை 15738.993 ஆக உயர்ந்தது.,இன்றைய விலை பதினைந்து ஆயிரம் எழுநூற்று முப்பத்தெட்டு புள்ளி ஒன்பது ஒன்பது மூன்று ஆக உயர்ந்தது .,decimal
எனக்கு 1466 வயது.,எனக்கு ஆயிரத்து நானூற்று அறுபத்தாறு வயது .,cardinal
அவள் உயரம் 1160 ft ஆகும்.,அவள் உயரம் ஆயிரத்து நூற்று அறுபது அடி ஆகும் .~அவள் உயரம் ஆயிரத்து நூற்றறுபது அடி ஆகும் .,measure
செய்தியில் 11/17 என்று வந்தது.,செய்தியில் பதினேழில் பதினொன்று என்று வந்தது .,fraction
86620.3,எண்பத்தாறு ஆயிரம் அறுநூற்று இருபது புள்ளி மூன்று,decimal
இந்த நூலில் 1000ல் பக்கங்கள் உள்ளன.,இந்த நூலில் ஆயிரத்தில் பக்கங்கள் உள்ளன .,cardinal
"15-01-1997 அன்று $ 8,40,99,052 செலுத்தினேன்.",பதினைந்து ஜனவரி ஆயிரத்து தொள்ளாயிரத்து தொண்ணூற்றேழு அன்று எட்டு கோடி நாற்பது இலட்சம் தொண்ணூற்றொன்பது ஆயிரம் ஐம்பத்திரண்டு டாலர் செலுத்தினேன் .,mixed
791,எழுநூற்றுத்தொண்ணூற்றொன்று,cardinal
15:23:43,பதினைந்து மணி இருபத்துமூன்று நிமிடம் நாற்பத்துமூன்று வினாடி,time
அவர் 1989807 என்றார்.,அவர் பத்தொன்பது இலட்சம் எண்பத்தொன்பது ஆயிரம் எண்ணூற்று ஏழு என்றார் .,cardinal
பிறந்த நாள் 22-12-2093.,பிறந்த நாள் இருபத்திரண்டு டிசம்பர் இரண்டாயிரத்து தொண்ணூற்றுமூன்று .,date
10:01 மணிக்கு,பத்து மணி ஒன்று நிமிடம்,time
அவர் 99% என்றார்.,அவர் தொண்ணூற்றொன்பது சதவீதம் என்றார் .,whitelist
கூட்டம் ௩:௧௦:௨௦ தொடங்கும்.,கூட்டம் மூன்று மணி பத்து நிமிடம் இருபது வினாடி தொடங்கும் .,time
1002 கிலோ அரிசி வாங்கினேன்.,ஆயிரத்து இரண்டு கிலோ அரிசி வாங்கினேன் .,cardinal
தூரம் 9550.87 mi ஆகும்.,தூரம் ஒன்பதாயிரத்து ஐந்நூற்று ஐம்பது புள்ளி எட்டு ஏழு மைல் ஆகும் .~தூரம் ஒன்பதாயிரத்து ஐந்நூற்றைம்பது புள்ளி எட்டு ஏழு மைல் ஆகும் .,measure
மாத சம்பளம் ₹6754 தான்.,மாத சம்பளம் ஆறாயிரத்து எழுநூற்று ஐம்பத்துநான்கு ரூபாய் தான் .,money
அவர் +65 9865895003 என்றார்.,அவர் பிளஸ் ஆறு ஐந்து ஒன்பது எட்டு ஆறு ஐந்து எட்டு ஒன்பது ஐந்து பூஜ்யம் பூஜ்யம் மூன்று என்றார் .,telephone
9603834041 பற்றி பேசினோம்.,ஒன்பது ஆறு பூஜ்யம் மூன்று எட்டு மூன்று நான்கு பூஜ்யம் நான்கு ஒன்று பற்றி பேசினோம் .,telephone
7123இல்,ஏழாயிரத்து நூற்று இருபத்துமூன்றில்,cardinal
8ஆவது கூட்டம் 20-11-2081 அன்று நடந்தது.,எட்டாவது கூட்டம் இருபது நவம்பர் இரண்டாயிரத்து எண்பத்தொன்று அன்று நடந்தது .,mixed
87வது அத்தியாயம் படிக்கவும்.,எண்பத்தேழாவது அத்தியாயம் படிக்கவும் .,ordinal
16/60,அறுபதில் பதினாறு,fraction
௧௯ ௫/௧௮,பத்தொன்பது மற்றும் பதினெட்டில் ஐந்து,fraction
அவர் $9294 செலுத்தினார்.,அவர் ஒன்பதாயிரத்து இருநூற்றுத்தொண்ணூற்றுநான்கு டாலர் செலுத்தினார் .,money
பள்ளியில் 8494 ஆசிரியர்கள் உள்ளனர்.,பள்ளியில் எட்டாயிரத்து நானூற்றுத்தொண்ணூற்றுநான்கு ஆசிரியர்கள் உள்ளனர் .,cardinal
விடை 11/15 ஆகும்.,விடை பதினைந்தில் பதினொன்று ஆகும் .,fraction
தேர்வு 12.10.2089 தேதியில் தொடங்கும்.,தேர்வு பன்னிரண்டு அக்டோபர் இரண்டாயிரத்து எண்பத்தொன்பது தேதியில் தொடங்கும் .,date
அவர் 31-08-1924 என்றார்.,அவர் முப்பத்தொன்று ஆகஸ்ட் ஆயிரத்து தொள்ளாயிரத்து இருபத்துநான்கு என்றார் .,date
இதில் 9952120477 குறிப்பிடப்பட்டுள்ளது.,இதில் ஒன்பது ஒன்பது ஐந்து இரண்டு ஒன்று இரண்டு பூஜ்யம் நான்கு ஏழு ஏழு குறிப்பிடப்பட்டுள்ளது .,telephone
₹ 944,தொள்ளாயிரத்து நாற்பத்துநான்கு ரூபாய்,money
இது அவரது 69ஆவது புத்தகம்.,இது அவரது அறுபத்தொன்பதாவது புத்தகம் .,ordinal
இந்த மூட்டை 1 mg எடை உள்ளது.,இந்த மூட்டை ஒரு மில்லிகிராம் எடை உள்ளது .,measure
வண்டி எண் 3360143554 ஆகும்.,வண்டி எண் மூன்று மூன்று ஆறு பூஜ்யம் ஒன்று நான்கு மூன்று ஐந்து ஐந்து நான்கு ஆகும் .,cardinal
இன்றைய விலை 17109.166 ஆக உயர்ந்தது.,இன்றைய விலை பதினேழு ஆயிரம் நூற்று ஒன்பது புள்ளி ஒன்று ஆறு ஆறு ஆக உயர்ந்தது .,decimal
96% வந்தார்.,தொண்ணூற்றாறு சதவீதம் வந்தார் .,whitelist
5361,ஐந்தாயிரத்து முந்நூற்று அறுபத்தொன்று,cardinal
1821ha பற்றி பேசினோம்.,ஆயிரத்து எண்ணூற்று இருபத்தொன்று ஹெக்டேர் பற்றி பேசினோம் .,measure
௨௮௧வது கூட்டம் 1935-04-28 அன்று நடந்தது.,இருநூற்று எண்பத்தொன்றாவது கூட்டம் ஆயிரத்து தொள்ளாயிரத்து முப்பத்தைந்து ஏப்ரல் இருபத்தெட்டு அன்று நடந்தது .,mixed
$ 5587960.67,ஐம்பத்தைந்து இலட்சம் எண்பத்தேழு ஆயிரம் தொள்ளாயிரத்து அறுபது டாலர் அறுபத்தேழு சென்ட்,money
இதில் 866.02 குறிப்பிடப்பட்டுள்ளது.,இதில் எண்ணூற்று அறுபத்தாறு புள்ளி பூஜ்யம் இரண்டு குறிப்பிடப்பட்டுள்ளது .,decimal
42 செ.மீ.,நாற்பத்திரண்டு சென்டிமீட்டர்,measure
புகார் எண் +971 8802897001 ஆகும்.,புகார் எண் பிளஸ் ஒன்பது ஏழு ஒன்று எட்டு எட்டு பூஜ்யம் இரண்டு எட்டு ஒன்பது ஏழு பூஜ்யம் பூஜ்யம் ஒன்று ஆகும் .,telephone
கூட்டம் 2064-01-11 அன்று நடந்தது.,கூட்டம் இரண்டாயிரத்து அறுபத்துநான்கு ஜனவரி பதினொன்று அன்று நடந்தது .,date
இதில் 90 குறிப்பிடப்பட்டுள்ளது.,இதில் தொண்ணூறு குறிப்பிடப்பட்டுள்ளது .,cardinal
இதில் 983598861 குறிப்பிடப்பட்டுள்ளது.,இதில் தொண்ணூற்றெட்டு கோடி முப்பத்தைந்து இலட்சம் தொண்ணூற்றெட்டு ஆயிரம் எண்ணூற்று அறுபத்தொன்று குறிப்பிடப்பட்டுள்ளது .,cardinal
அந்த ஊரில் 65 வீடுகள் உள்ளன.,அந்த ஊரில் அறுபத்தைந்து வீடுகள் உள்ளன .,cardinal
௪௬௨௦.௫௮ km,நான்காயிரத்து அறுநூற்று இருபது புள்ளி ஐந்து எட்டு கிலோமீட்டர்,measure
00-71266994,பூஜ்யம் பூஜ்யம் ஏழு ஒன்று இரண்டு ஆறு ஆறு ஒன்பது ஒன்பது நான்கு,telephone
22.11.2073 அன்று ௨௫௬ பேர் வந்தனர்.,இருபத்திரண்டு நவம்பர் இரண்டாயிரத்து எழுபத்துமூன்று அன்று இருநூற்று ஐம்பத்தாறு பேர் வந்தனர் .,mixed
65,அறுபத்தைந்து,cardinal
இதன் மதிப்பு 4.7 தான்.,இதன் மதிப்பு நான்கு புள்ளி ஏழு தான் .,decimal
௨௨-௧௨-௨௦௨௯,இருபத்திரண்டு டிசம்பர் இரண்டாயிரத்து இருபத்தொன்பது,date
10-02-1920,பத்து பிப்ரவரி ஆயிரத்து தொள்ளாயிரத்து இருபது,date
37,முப்பத்தேழு,cardinal
33ஆம்,முப்பத்துமூன்றாம்,ordinal
1/8 பங்கு அதாவது 93 மி.லி. மட்டும் மீதம்.,எட்டில் ஒன்று பங்கு அதாவது தொண்ணூற்றுமூன்று மில்லிலிட்டர் மட்டும் மீதம் .,mixed
கூட்டத்தில் 10 பேர் வந்தனர்.,கூட்டத்தில் பத்து பேர் வந்தனர் .,cardinal
பள்ளியில் 58905 ஆசிரியர்கள் உள்ளனர்.,பள்ளியில் ஐம்பத்தெட்டு ஆயிரம் தொள்ளாயிரத்து ஐந்து ஆசிரியர்கள் உள்ளனர் .,cardinal
09/10/2072 முதல் விற்பனை தொடங்கும்.,ஒன்பது அக்டோபர் இரண்டாயிரத்து எழுபத்திரண்டு முதல் விற்பனை தொடங்கும் .,date
மொத்தத்தில் 1/2 பங்கு.,மொத்தத்தில் இரண்டில் ஒன்று பங்கு .,fraction
Rs.950.5,தொள்ளாயிரத்து ஐம்பது ரூபாய் ஐம்பது பைசா,money
௦௭-௦௪-௧௯௫௬ அன்று மழை பெய்தது.,ஏழு ஏப்ரல் ஆயிரத்து தொள்ளாயிரத்து ஐம்பத்தாறு அன்று மழை பெய்தது .,date
8-13,எட்டு முதல் பதிமூன்று,range
அந்த நிறுவனத்தில் 873 ஊழியர்கள் பணிபுரிகின்றனர்.,அந்த நிறுவனத்தில் எண்ணூற்று எழுபத்துமூன்று ஊழியர்கள் பணிபுரிகின்றனர் .,cardinal
அவர் 25/10/2037 என்றார்.,அவர் இருபத்தைந்து அக்டோபர் இரண்டாயிரத்து முப்பத்தேழு என்றார் .,date
77/100 சரியானது.,நூறில் எழுபத்தேழு சரியானது .,fraction
இஞ். பிரியா என்பது சரி.,இன்ஜினியர் பிரியா என்பது சரி .,whitelist
6816268198,ஆறு எட்டு ஒன்று ஆறு இரண்டு ஆறு எட்டு ஒன்று ஒன்பது எட்டு,telephone
செய்தியில் 19891 என்று வந்தது.,செய்தியில் பத்தொன்பது ஆயிரம் எண்ணூற்றுத்தொண்ணூற்றொன்று என்று வந்தது .,cardinal
மொத்த மதிப்பெண் 5174.,மொத்த மதிப்பெண் ஐந்தாயிரத்து நூற்றெழுபத்து நான்கு .,cardinal
-1 °C,மைனஸ் ஒரு டிகிரி செல்சியஸ்,measure
பள்ளியில் 7057 ஆசிரியர்கள் உள்ளனர்.,பள்ளியில் ஏழாயிரத்து ஐம்பத்தேழு ஆசிரியர்கள் உள்ளனர் .,cardinal
5வது நூற்றாண்டு இலக்கியம்.,ஐந்தாவது நூற்றாண்டு இலக்கியம் .,ordinal
10-13-2017 என்று எழுதப்பட்டுள்ளது.,அக்டோபர் பதிமூன்று இரண்டாயிரத்து பதினேழு என்று எழுதப்பட்டுள்ளது .,date
பேருந்து கட்டணம் ரூ. ௨௦.௨௨ ஆகும்.,பேருந்து கட்டணம் இருபது ரூபாய் இருபத்திரண்டு பைசா ஆகும் .,money
42வது சரியானது.,நாற்பத்திரண்டாவது சரியானது .,ordinal
வெப்பநிலை 78 km/h ஆக இருந்தது.,வெப்பநிலை எழுபத்தெட்டு கிலோமீட்டர் ஒரு மணி நேரத்திற்கு ஆக இருந்தது .,measure
விலை ₹5170 மட்டும்.,விலை ஐந்தாயிரத்து நூற்று எழுபது ரூபாய் மட்டும் .~விலை ஐந்தாயிரத்து நூற்றெழுபது ரூபாய் மட்டும் .,money
9652.65ரூ,ஒன்பதாயிரத்து அறுநூற்று ஐம்பத்திரண்டு ரூபாய் அறுபத்தைந்து பைசா,money
74 மாணவர்கள் 01:58 வந்தனர்.,எழுபத்துநான்கு மாணவர்கள் ஒரு மணி ஐம்பத்தெட்டு நிமிடம் வந்தனர் .,mixed
01:30 சாப்பிட வா.,ஒரு மணி முப்பது நிமிடம் சாப்பிட வா .,time
0321145365079,பூஜ்யம் மூன்று இரண்டு ஒன்று ஒன்று நான்கு ஐந்து மூன்று ஆறு ஐந்து பூஜ்யம் ஏழு ஒன்பது,cardinal
92வது,தொண்ணூற்றிரண்டாவது,ordinal
இப்போது மணி 12:12.,இப்போது மணி பன்னிரண்டு மணி பன்னிரண்டு நிமிடம் .,time
8360501146 பற்றி பேசினோம்.,எட்டு மூன்று ஆறு பூஜ்யம் ஐந்து பூஜ்யம் ஒன்று ஒன்று நான்கு ஆறு பற்றி பேசினோம் .,telephone
விமானம் 19:00 மணிக்கு வந்தடையும்.,விமானம் பத்தொன்பது மணி வந்தடையும் .,time
24:46:08 கிளம்பி ௩ cm நடந்தோம்.,இருபத்துநான்கு மணி நாற்பத்தாறு நிமிடம் எட்டு வினாடி கிளம்பி மூன்று சென்டிமீட்டர் நடந்தோம் .,mixed
7140,ஏழாயிரத்து நூற்று நாற்பது,cardinal
எனக்கு 336 வயது.,எனக்கு முந்நூற்று முப்பத்தாறு வயது .,cardinal
5839,ஐந்தாயிரத்து எண்ணூற்று முப்பத்தொன்பது,cardinal
அவர் 04:29:21 மணிக்கு என்றார்.,அவர் நான்கு மணி இருபத்தொன்பது நிமிடம் இருபத்தொன்று வினாடி என்றார் .,time
05-67157443 என்ற எண்ணை ௦௯:௪௬:௦௩ அழைக்கவும்.,பூஜ்யம் ஐந்து ஆறு ஏழு ஒன்று ஐந்து ஏழு நான்கு நான்கு மூன்று என்ற எண்ணை ஒன்பது மணி நாற்பத்தாறு நிமிடம் மூன்று வினாடி அழைக்கவும் .,mixed
03/07/2089,மூன்று ஜூலை இரண்டாயிரத்து எண்பத்தொன்பது,date
"செய்தியில் ₹6,02,86,363.8 என்று வந்தது.",செய்தியில் ஆறு கோடி இரண்டு இலட்சம் எண்பத்தாறு ஆயிரம் முந்நூற்று அறுபத்துமூன்று ரூபாய் எண்பது பைசா என்று வந்தது .,money
பதிவு தேதி 02-01-2046 ஆகும்.,பதிவு தேதி இரண்டு ஜனவரி இரண்டாயிரத்து நாற்பத்தாறு ஆகும் .,date
விலை ¥0.61 ஆனது 342.06 சதவீதம் உயர்வு.,விலை அறுபத்தொன்று சென் ஆனது முந்நூற்று நாற்பத்திரண்டு புள்ளி பூஜ்யம் ஆறு சதவீதம் உயர்வு .,mixed
152 மாணவர்கள் 18:31:08 வந்தனர்.,நூற்றைம்பத்து இரண்டு மாணவர்கள் பதினெட்டு மணி முப்பத்தொன்று நிமிடம் எட்டு வினாடி வந்தனர் .,mixed
செய்தியில் 1/7 என்று வந்தது.,செய்தியில் ஏழில் ஒன்று என்று வந்தது .,fraction
"52,06,28,730 என்று எழுதப்பட்டுள்ளது.",ஐம்பத்திரண்டு கோடி ஆறு இலட்சம் இருபத்தெட்டு ஆயிரம் எழுநூற்று முப்பது என்று எழுதப்பட்டுள்ளது .,cardinal
அவர் 16-09-2224 என்றார்.,அவர் பதினாறு செப்டம்பர் இரண்டாயிரத்து இருநூற்று இருபத்துநான்கு என்றார் .,date
௭:௦௭,ஏழு மணி ஏழு நிமிடம்,time
¥60 சரியானது.,அறுபது யென் சரியானது .,money
5:53 என்பதை நினைவில் கொள்ளுங்கள்.,ஐந்து மணி ஐம்பத்துமூன்று நிமிடம் என்பதை நினைவில் கொள்ளுங்கள் .,time
புகார் எண் 6175011906 ஆகும்.,புகார் எண் ஆறு ஒன்று ஏழு ஐந்து பூஜ்யம் ஒன்று ஒன்று ஒன்பது பூஜ்யம் ஆறு ஆகும் .,telephone
"£ 5,76,62,119 கடன் வாங்கினேன்.",ஐந்து கோடி எழுபத்தாறு இலட்சம் அறுபத்திரண்டு ஆயிரம் நூற்றுப்பத்தொன்பது பவுண்ட் கடன் வாங்கினேன் .,money
9 8/12 பங்கு வேலை முடிந்தது.,ஒன்பது மற்றும் பன்னிரண்டில் எட்டு பங்கு வேலை முடிந்தது .,fraction
பெட்டியின் எடை 3934 cm இருக்கும்.,பெட்டியின் எடை மூன்றாயிரத்து தொள்ளாயிரத்து முப்பத்துநான்கு சென்டிமீட்டர் இருக்கும் .,measure
25-06-1934,இருபத்தைந்து ஜூன் ஆயிரத்து தொள்ளாயிரத்து முப்பத்துநான்கு,date
1587 ரூ,ஆயிரத்து ஐந்நூற்று எண்பத்தேழு ரூபாய்,money
294-527 மணி நேரம் தேவை.,இருநூற்றுத்தொண்ணூற்றுநான்கு முதல் ஐந்நூற்று இருபத்தேழு மணி நேரம் தேவை .,range
"¥5,69,07,230",ஐந்து கோடி அறுபத்தொன்பது இலட்சம் ஏழாயிரத்து இருநூற்று முப்பது யென்,money
14 95/15,பதினான்கு மற்றும் பதினைந்தில் தொண்ணூற்றைந்து,fraction
கடிதத்தில் 14:53 இருந்தது.,கடிதத்தில் பதினான்கு மணி ஐம்பத்துமூன்று நிமிடம் இருந்தது .,time
இதன் மதிப்பு 533.47 தான்.,இதன் மதிப்பு ஐந்நூற்று முப்பத்துமூன்று புள்ளி நான்கு ஏழு தான் .,decimal
24/100 சரியானது.,நூறில் இருபத்துநான்கு சரியானது .,fraction
அவர் -7 °C என்றார்.,அவர் மைனஸ் ஏழு டிகிரி செல்சியஸ் என்றார் .,measure
19:29,பத்தொன்பது மணி இருபத்தொன்பது நிமிடம்,time
வண்டி எண் 510 ஆகும்.,வண்டி எண் ஐந்நூற்றுப்பத்து ஆகும் .,cardinal
தேர்வு 14-02-2074 தேதியில் தொடங்கும்.,தேர்வு பதினான்கு பிப்ரவரி இரண்டாயிரத்து எழுபத்துநான்கு தேதியில் தொடங்கும் .,date
மொத்தத்தில் 4/12 பங்கு.,மொத்தத்தில் பன்னிரண்டில் நான்கு பங்கு .,fraction
₹43/-,நாற்பத்துமூன்று ரூபாய்,money
அவர் 2000இல் என்றார்.,அவர் இரண்டாயிரத்தில் என்றார் .,cardinal
"இதில் 290,214 குறிப்பிடப்பட்டுள்ளது.",இதில் இரண்டு இலட்சம் தொண்ணூறு ஆயிரம் இருநூற்றுப்பதினான்கு குறிப்பிடப்பட்டுள்ளது .,cardinal
9×3=27,ஒன்பது பெருக்கல் மூன்று சமம் இருபத்தேழு,whitelist
அளவு 9.28 ஆக உள்ளது.,அளவு ஒன்பது புள்ளி இரண்டு எட்டு ஆக உள்ளது .,decimal
௧௬௦௬௧ என்பதை நினைவில் கொள்ளுங்கள்.,பதினாறு ஆயிரம் அறுபத்தொன்று என்பதை நினைவில் கொள்ளுங்கள் .,cardinal
இதில் ௨௨௯ குறிப்பிடப்பட்டுள்ளது.,இதில் இருநூற்று இருபத்தொன்பது குறிப்பிடப்பட்டுள்ளது .,cardinal
செய்தியில் Rs 4432037.2 என்று வந்தது.,செய்தியில் நாற்பத்துநான்கு இலட்சம் முப்பத்திரண்டு ஆயிரம் முப்பத்தேழு ரூபாய் இருபது பைசா என்று வந்தது .,money
6234429174,ஆறு இரண்டு மூன்று நான்கு நான்கு இரண்டு ஒன்பது ஒன்று ஏழு நான்கு,telephone
பிறந்த நாள் 05/04/1962.,பிறந்த நாள் ஐந்து ஏப்ரல் ஆயிரத்து தொள்ளாயிரத்து அறுபத்திரண்டு .,date
647.889,அறுநூற்று நாற்பத்தேழு புள்ளி எட்டு எட்டு ஒன்பது,decimal
ரயில் 11:53:34 மணிக்கு புறப்படும்.,ரயில் பதினொன்று மணி ஐம்பத்துமூன்று நிமிடம் முப்பத்துநான்கு வினாடி புறப்படும் .,time
இதில் 998-1091 குறிப்பிடப்பட்டுள்ளது.,இதில் தொள்ளாயிரத்து தொண்ணூற்றெட்டு முதல் ஆயிரத்து தொண்ணூற்றொன்று குறிப்பிடப்பட்டுள்ளது .,range
மதிப்பீடு 9.8.,மதிப்பீடு ஒன்பது புள்ளி எட்டு .,decimal
Rs 77.7,எழுபத்தேழு ரூபாய் எழுபது பைசா,money
பரிசுத் தொகை ₹ ௧௭௩௫/-.,பரிசுத் தொகை ஆயிரத்து எழுநூற்று முப்பத்தைந்து ரூபாய் .,money
திருமணம் 01-03-2088 அன்று நடைபெறும்.,திருமணம் ஒன்று மார்ச் இரண்டாயிரத்து எண்பத்தெட்டு அன்று நடைபெறும் .,date
53-99 பக்கங்கள் படிக்கவும்.,ஐம்பத்துமூன்று முதல் தொண்ணூற்றொன்பது பக்கங்கள் படிக்கவும் .,range
28இல்,இருபத்தெட்டில்,cardinal
13Hz,பதிமூன்று ஹெர்ட்ஸ்,measure
வாடகை Rs 69 ஆக உயர்ந்தது.,வாடகை அறுபத்தொன்பது ரூபாய் ஆக உயர்ந்தது .,money
கடிதத்தில் 21:44 இருந்தது.,கடிதத்தில் இருபத்தொன்று மணி நாற்பத்துநான்கு நிமிடம் இருந்தது .,time
18-06-2035 அன்று ௩ பேர் வந்தனர்.,பதினெட்டு ஜூன் இரண்டாயிரத்து முப்பத்தைந்து அன்று மூன்று பேர் வந்தனர் .,mixed
75% தள்ளுபடி உள்ளது.,எழுபத்தைந்து சதவீதம் தள்ளுபடி உள்ளது .,whitelist
1931-11-05,ஆயிரத்து தொள்ளாயிரத்து முப்பத்தொன்று நவம்பர் ஐந்து,date
௫௨-௬௯,ஐம்பத்திரண்டு முதல் அறுபத்தொன்பது,range
அவன் 4625536838 முறை முயன்றான்.,அவன் நான்கு ஆறு இரண்டு ஐந்து ஐந்து மூன்று ஆறு எட்டு மூன்று எட்டு முறை முயன்றான் .,cardinal
கடிதத்தில் ₹ 2395 இருந்தது.,கடிதத்தில் இரண்டாயிரத்து முந்நூற்றுத்தொண்ணூற்றைந்து ரூபாய் இருந்தது .,money
12:49 மணிக்கு,பன்னிரண்டு மணி நாற்பத்தொன்பது நிமிடம்,time
அவர் 406 ஓட்டங்கள் எடுத்தார்.,அவர் நானூற்று ஆறு ஓட்டங்கள் எடுத்தார் .,cardinal
₹ 3704,மூன்றாயிரத்து எழுநூற்று நான்கு ரூபாய்,money
65337.864,அறுபத்தைந்து ஆயிரம் முந்நூற்று முப்பத்தேழு புள்ளி எட்டு ஆறு நான்கு,decimal
பேருந்து கட்டணம் Rs 3615 ஆகும்.,பேருந்து கட்டணம் மூன்றாயிரத்து அறுநூற்றுப்பதினைந்து ரூபாய் ஆகும் .,money
மாத சம்பளம் ரூ. 744.9 தான்.,மாத சம்பளம் எழுநூற்று நாற்பத்துநான்கு ரூபாய் தொண்ணூறு பைசா தான் .,money
234.75,இருநூற்று முப்பத்துநான்கு புள்ளி ஏழு ஐந்து,decimal
உதவி எண் 9199917311 என அறிவித்தனர்.,உதவி எண் ஒன்பது ஒன்று ஒன்பது ஒன்பது ஒன்பது ஒன்று ஏழு மூன்று ஒன்று ஒன்று என அறிவித்தனர் .,telephone
19-06-2000 அன்று 846 sec மழை பெய்தது.,பத்தொன்பது ஜூன் இரண்டாயிரம் அன்று எண்ணூற்று நாற்பத்தாறு வினாடி மழை பெய்தது .,mixed
அவன் 303.24 மதிப்பெண் பெற்றான்.,அவன் முந்நூற்று மூன்று புள்ளி இரண்டு நான்கு மதிப்பெண் பெற்றான் .,decimal
6:03 மணிக்கு,ஆறு மணி மூன்று நிமிடம்,time
5.45 ac,ஐந்து புள்ளி நான்கு ஐந்து ஏக்கர்,measure
17 கி.கி.,பதினேழு கிலோகிராம்,measure
லெ. சுரேஷ்,லெப்டினன்ட் சுரேஷ்,whitelist
5.29 கி.கி,ஐந்து புள்ளி இரண்டு ஒன்பது கிலோகிராம்,measure
ரூ85.1,எண்பத்தைந்து ரூபாய் பத்து பைசா,money
4 °F,நான்கு டிகிரி பாரன்ஹீட்,measure
கடிதத்தில் ₹9455 இருந்தது.,கடிதத்தில் ஒன்பதாயிரத்து நானூற்று ஐம்பத்தைந்து ரூபாய் இருந்தது .,money
06.01.1972,ஆறு ஜனவரி ஆயிரத்து தொள்ளாயிரத்து எழுபத்திரண்டு,date
மா. குமார் என்பது சரி.,மாஸ்டர் குமார் என்பது சரி .,whitelist
5700 நாட்கள் ஆயிற்று.,ஐந்தாயிரத்து எழுநூறு நாட்கள் ஆயிற்று .,cardinal
2125,இரண்டாயிரத்து நூற்று இருபத்தைந்து,cardinal
விண்ணப்பம் 10-24-2244 அன்று அனுப்பப்பட்டது.,விண்ணப்பம் அக்டோபர் இருபத்துநான்கு இரண்டாயிரத்து இருநூற்று நாற்பத்துநான்கு அன்று அனுப்பப்பட்டது .,date
வெப்பநிலை 22-34 டிகிரி இருக்கும்.,வெப்பநிலை இருபத்திரண்டு முதல் முப்பத்துநான்கு டிகிரி இருக்கும் .,range
இதில் ₹ 5357492 குறிப்பிடப்பட்டுள்ளது.,இதில் ஐம்பத்துமூன்று இலட்சம் ஐம்பத்தேழு ஆயிரம் நானூற்றுத்தொண்ணூற்றிரண்டு ரூபாய் குறிப்பிடப்பட்டுள்ளது .,money
1 kg,ஒரு கிலோகிராம்,measure
"பரிசுத் தொகை ரூ.5,27,10,078.73.",பரிசுத் தொகை ஐந்து கோடி இருபத்தேழு இலட்சம் பத்து ஆயிரம் எழுபத்தெட்டு ரூபாய் எழுபத்துமூன்று பைசா .,money
௧௯:௨௫:௩௧,பத்தொன்பது மணி இருபத்தைந்து நிமிடம் முப்பத்தொன்று வினாடி,time
19/60,அறுபதில் பத்தொன்பது,fraction
"1333-1640 பேருக்கு €62,58,357 செலவு ஆகும்.",ஆயிரத்து முந்நூற்று முப்பத்துமூன்று முதல் ஆயிரத்து அறுநூற்று நாற்பது பேருக்கு அறுபத்திரண்டு இலட்சம் ஐம்பத்தெட்டு ஆயிரம் முந்நூற்று ஐம்பத்தேழு யூரோ செலவு ஆகும் .,mixed
810,எண்ணூற்றுப்பத்து,cardinal
2/5 என்று எழுதப்பட்டுள்ளது.,ஐந்தில் இரண்டு என்று எழுதப்பட்டுள்ளது .,fraction
97 என்று எழுதப்பட்டுள்ளது.,தொண்ணூற்றேழு என்று எழுதப்பட்டுள்ளது .,cardinal
இதன் மதிப்பு 9888.7 தான்.,இதன் மதிப்பு ஒன்பதாயிரத்து எண்ணூற்று எண்பத்தெட்டு புள்ளி ஏழு தான் .,decimal
எண் ௭௦௪௧௭ சரியானது.,எண் எழுபது ஆயிரம் நானூற்றுப்பதினேழு சரியானது .,cardinal
77-91 பேர் வரலாம்.,எழுபத்தேழு முதல் தொண்ணூற்றொன்று பேர் வரலாம் .,range
19-06-2058,பத்தொன்பது ஜூன் இரண்டாயிரத்து ஐம்பத்தெட்டு,date
5வது,ஐந்தாவது,ordinal
விடை 86/100 ஆகும்.,விடை நூறில் எண்பத்தாறு ஆகும் .,fraction
$30,முப்பது டாலர்,money
விண்ணப்பம் ௧௬-௦௫-௨௮௫௬ அன்று அனுப்பப்பட்டது.,விண்ணப்பம் பதினாறு மே இரண்டாயிரத்து எண்ணூற்று ஐம்பத்தாறு அன்று அனுப்பப்பட்டது .,date
08:43:20 மணிக்கு,எட்டு மணி நாற்பத்துமூன்று நிமிடம் இருபது வினாடி,time
இதில் 52301 குறிப்பிடப்பட்டுள்ளது.,இதில் ஐம்பத்திரண்டு ஆயிரம் முந்நூற்று ஒன்று குறிப்பிடப்பட்டுள்ளது .,cardinal
235ஆம் நூற்றாண்டு இலக்கியம்.,இருநூற்று முப்பத்தைந்தாம் நூற்றாண்டு இலக்கியம் .,ordinal
4 என்று எழுதப்பட்டுள்ளது.,நான்கு என்று எழுதப்பட்டுள்ளது .,cardinal
464302997,நாற்பத்தாறு கோடி நாற்பத்துமூன்று இலட்சம் இரண்டாயிரத்து தொள்ளாயிரத்து தொண்ணூற்றேழு,cardinal
அவர் ₹ 74151 /- செலுத்தினார்.,அவர் எழுபத்துநான்கு ஆயிரம் நூற்றைம்பத்து ஒன்று ரூபாய் செலுத்தினார் .,money
பை மதிப்பு 0.6 ஆகும்.,பை மதிப்பு பூஜ்யம் புள்ளி ஆறு ஆகும் .,decimal
6392இல்,ஆறாயிரத்து முந்நூற்றுத்தொண்ணூற்றிரண்டில்,cardinal
மழை அளவு ௬.௩௫௩ என பதிவானது.,மழை அளவு ஆறு புள்ளி மூன்று ஐந்து மூன்று என பதிவானது .,decimal
கடிதத்தில் 18:34:59 இருந்தது.,கடிதத்தில் பதினெட்டு மணி முப்பத்துநான்கு நிமிடம் ஐம்பத்தொன்பது வினாடி இருந்தது .,time
௩௨௩௯௫௮,மூன்று இலட்சம் இருபத்துமூன்று ஆயிரம் தொள்ளாயிரத்து ஐம்பத்தெட்டு,cardinal
7352048813,ஏழு மூன்று ஐந்து இரண்டு பூஜ்யம் நான்கு எட்டு எட்டு ஒன்று மூன்று,telephone
13 16/19 என்பதை நினைவில் கொள்ளுங்கள்.,பதிமூன்று மற்றும் பத்தொன்பதில் பதினாறு என்பதை நினைவில் கொள்ளுங்கள் .,fraction
29-06-2057,இருபத்தொன்பது ஜூன் இரண்டாயிரத்து ஐம்பத்தேழு,date
ரூ172,நூற்றெழுபத்து இரண்டு ரூபாய்,money
81580.504 பற்றி பேசினோம்.,எண்பத்தொன்று ஆயிரம் ஐந்நூற்று எண்பது புள்ளி ஐந்து பூஜ்யம் நான்கு பற்றி பேசினோம் .~எண்பத்தொன்று ஆயிரம் ஐந்நூற்றெண்பது புள்ளி ஐந்து பூஜ்யம் நான்கு பற்றி பேசினோம் .,decimal
0688-931085,பூஜ்யம் ஆறு எட்டு எட்டு ஒன்பது மூன்று ஒன்று பூஜ்யம் எட்டு ஐந்து,telephone
அவர் 7413 செ.மீ என்றார்.,அவர் ஏழாயிரத்து நானூற்றுப்பதிமூன்று சென்டிமீட்டர் என்றார் .,measure
கூட்டம் ௨௪-௦௬-௧௬௯௬ அன்று 11:00 தொடங்கும்.,கூட்டம் இருபத்துநான்கு ஜூன் ஆயிரத்து அறுநூற்றுத்தொண்ணூற்றாறு அன்று பதினொன்று மணி தொடங்கும் .,mixed
கூட்டத்தில் 1468 பேர் வந்தனர்.,கூட்டத்தில் ஆயிரத்து நானூற்று அறுபத்தெட்டு பேர் வந்தனர் .,cardinal
657.429 சரியானது.,அறுநூற்று ஐம்பத்தேழு புள்ளி நான்கு இரண்டு ஒன்பது சரியானது .,decimal
அவர் 11-22-1663 என்றார்.,அவர் நவம்பர் இருபத்திரண்டு ஆயிரத்து அறுநூற்று அறுபத்துமூன்று என்றார் .,date
"கட்டணம் ரூ 6,93,82,683.88 என அறிவித்தனர்.",கட்டணம் ஆறு கோடி தொண்ணூற்றுமூன்று இலட்சம் எண்பத்திரண்டு ஆயிரம் அறுநூற்று எண்பத்துமூன்று ரூபாய் எண்பத்தெட்டு பைசா என அறிவித்தனர் .,money
34வது என்று எழுதப்பட்டுள்ளது.,முப்பத்துநான்காவது என்று எழுதப்பட்டுள்ளது .,ordinal
0.425,பூஜ்யம் புள்ளி நான்கு இரண்டு ஐந்து,decimal
அந்த நிலம் ரூ.௩௩.௩௯ விலை போனது.,அந்த நிலம் முப்பத்துமூன்று ரூபாய் முப்பத்தொன்பது பைசா விலை போனது .,money
கடிதத்தில் 208வது இருந்தது.,கடிதத்தில் இருநூற்று எட்டாவது இருந்தது .,ordinal
அந்த ஊரில் 02 வீடுகள் உள்ளன.,அந்த ஊரில் பூஜ்யம் இரண்டு வீடுகள் உள்ளன .,cardinal
"1569-1857 பேருக்கு ₹6,93,87,874.21 செலவு ஆகும்.",ஆயிரத்து ஐந்நூற்று அறுபத்தொன்பது முதல் ஆயிரத்து எண்ணூற்று ஐம்பத்தேழு பேருக்கு ஆறு கோடி தொண்ணூற்றுமூன்று இலட்சம் எண்பத்தேழு ஆயிரம் எண்ணூற்று எழுபத்துநான்கு ரூபாய் இருபத்தொன்று பைசா செலவு ஆகும் .,mixed
8906913980 என்ற எண்ணை அழைக்கவும்.,எட்டு ஒன்பது பூஜ்யம் ஆறு ஒன்பது ஒன்று மூன்று ஒன்பது எட்டு பூஜ்யம் என்ற எண்ணை அழைக்கவும் .,telephone
அந்த நிலம் Rs.1995 விலை போனது.,அந்த நிலம் ஆயிரத்து தொள்ளாயிரத்து தொண்ணூற்றைந்து ரூபாய் விலை போனது .,money
அளவு 0.7 ஆக உள்ளது.,அளவு பூஜ்யம் புள்ளி ஏழு ஆக உள்ளது .,decimal
செய்தியில் ௦௭-௦௯-௨௦௬௯ என்று வந்தது.,செய்தியில் ஏழு செப்டம்பர் இரண்டாயிரத்து அறுபத்தொன்பது என்று வந்தது .,date
௧௧௫௨வது,ஆயிரத்து நூற்றைம்பத்து இரண்டாவது,ordinal
இதில் 3:59 மணிக்கு குறிப்பிடப்பட்டுள்ளது.,இதில் மூன்று மணி ஐம்பத்தொன்பது நிமிடம் குறிப்பிடப்பட்டுள்ளது .,time
புரோ. லதா என்று எழுதப்பட்டுள்ளது.,பேராசிரியர் லதா என்று எழுதப்பட்டுள்ளது .,whitelist
01/11/1989,ஒன்று நவம்பர் ஆயிரத்து தொள்ளாயிரத்து எண்பத்தொன்பது,date
"32,08,33,967",முப்பத்திரண்டு கோடி எட்டு இலட்சம் முப்பத்துமூன்று ஆயிரம் தொள்ளாயிரத்து அறுபத்தேழு,cardinal
மாத சம்பளம் ₹ ௪.௮ தான்.,மாத சம்பளம் நான்கு ரூபாய் எண்பது பைசா தான் .,money
அந்த நிறுவனத்தில் 6931 ஊழியர்கள் பணிபுரிகின்றனர்.,அந்த நிறுவனத்தில் ஆறாயிரத்து தொள்ளாயிரத்து முப்பத்தொன்று ஊழியர்கள் பணிபுரிகின்றனர் .,cardinal
4.45 இலட்சம்,நான்கு புள்ளி நான்கு ஐந்து இலட்சம்,decimal
எனக்கு 85528 வயது.,எனக்கு எண்பத்தைந்து ஆயிரம் ஐந்நூற்று இருபத்தெட்டு வயது .,cardinal
7106வது,ஏழாயிரத்து நூற்று ஆறாவது,ordinal
-6450,மைனஸ் ஆறாயிரத்து நானூற்று ஐம்பது,cardinal
கடைசி தேதி 16-07-2013.,கடைசி தேதி பதினாறு ஜூலை இரண்டாயிரத்து பதிமூன்று .,date
செய்தியில் 7465362797 என்று வந்தது.,செய்தியில் ஏழு நான்கு ஆறு ஐந்து மூன்று ஆறு இரண்டு ஏழு ஒன்பது ஏழு என்று வந்தது .,telephone
08:33 மணிக்கு,எட்டு மணி முப்பத்துமூன்று நிமிடம்,time
316781028826,மூன்று ஒன்று ஆறு ஏழு எட்டு ஒன்று பூஜ்யம் இரண்டு எட்டு எட்டு இரண்டு ஆறு,cardinal
02-13-2081 என்று எழுதப்பட்டுள்ளது.,பிப்ரவரி பதிமூன்று இரண்டாயிரத்து எண்பத்தொன்று என்று எழுதப்பட்டுள்ளது .,date
23:34:18,இருபத்துமூன்று மணி முப்பத்துநான்கு நிமிடம் பதினெட்டு வினாடி,time
செய்தியில் ரூ985 என்று வந்தது.,செய்தியில் தொள்ளாயிரத்து எண்பத்தைந்து ரூபாய் என்று வந்தது .,money
33-40,முப்பத்துமூன்று முதல் நாற்பது,range
௩௮௭௮௨ பற்றி பேசினோம்.,முப்பத்தெட்டு ஆயிரம் எழுநூற்று எண்பத்திரண்டு பற்றி பேசினோம் .,cardinal
2080-08-06,இரண்டாயிரத்து எண்பது ஆகஸ்ட் ஆறு,date
அவன் ௪௭௯௭.௧௯ மதிப்பெண் பெற்றான்.,அவன் நான்காயிரத்து எழுநூற்றுத்தொண்ணூற்றேழு புள்ளி ஒன்று ஒன்பது மதிப்பெண் பெற்றான் .,decimal
£83,எண்பத்துமூன்று பவுண்ட்,money
-88431 என்பதை நினைவில் கொள்ளுங்கள்.,மைனஸ் எண்பத்தெட்டு ஆயிரம் நானூற்று முப்பத்தொன்று என்பதை நினைவில் கொள்ளுங்கள் .,cardinal
19/09/2731,பத்தொன்பது செப்டம்பர் இரண்டாயிரத்து எழுநூற்று முப்பத்தொன்று,date
விலை ₹92 மட்டும்.,விலை தொண்ணூற்றிரண்டு ரூபாய் மட்டும் .,money
பை மதிப்பு 1.567 ஆகும்.,பை மதிப்பு ஒன்று புள்ளி ஐந்து ஆறு ஏழு ஆகும் .,decimal
4162247,நாற்பத்தொன்று இலட்சம் அறுபத்திரண்டு ஆயிரம் இருநூற்று நாற்பத்தேழு,cardinal
1 ac என்று எழுதப்பட்டுள்ளது.,ஒரு ஏக்கர் என்று எழுதப்பட்டுள்ளது .,measure
5667 கிலோ அரிசி வாங்கினேன்.,ஐந்தாயிரத்து அறுநூற்று அறுபத்தேழு கிலோ அரிசி வாங்கினேன் .,cardinal
29-12-1918 அன்று மழை பெய்தது.,இருபத்தொன்பது டிசம்பர் ஆயிரத்து தொள்ளாயிரத்து பதினெட்டு அன்று மழை பெய்தது .,date
4/18,பதினெட்டில் நான்கு,fraction
நான் 1:09:29 எழுந்தேன்.,நான் ஒரு மணி ஒன்பது நிமிடம் இருபத்தொன்பது வினாடி எழுந்தேன் .,time
3×5=15,மூன்று பெருக்கல் ஐந்து சமம் பதினைந்து,whitelist
அவர் 10-03-2077 அன்று பிறந்தார்.,அவர் பத்து மார்ச் இரண்டாயிரத்து எழுபத்தேழு அன்று பிறந்தார் .,date
என் எண் 059-64583994.,என் எண் பூஜ்யம் ஐந்து ஒன்பது ஆறு நான்கு ஐந்து எட்டு மூன்று ஒன்பது ஒன்பது நான்கு .,telephone
9m,ஒன்பது மீட்டர்,measure
அந்த நிலம் €52 விலை போனது.,அந்த நிலம் ஐம்பத்திரண்டு யூரோ விலை போனது .,money
4855,நான்காயிரத்து எண்ணூற்று ஐம்பத்தைந்து,cardinal
அவள் உயரம் ௯௬ TB ஆகும்.,அவள் உயரம் தொண்ணூற்றாறு டெராபைட் ஆகும் .,measure
21-01-1971,இருபத்தொன்று ஜனவரி ஆயிரத்து தொள்ளாயிரத்து எழுபத்தொன்று,date
+447903529651,பிளஸ் நான்கு நான்கு ஏழு ஒன்பது பூஜ்யம் மூன்று ஐந்து இரண்டு ஒன்பது ஆறு ஐந்து ஒன்று,telephone
இஞ். பிரியா,இன்ஜினியர் பிரியா,whitelist
"இந்த சட்டை $4,13,49,440 ஆகும்.",இந்த சட்டை நான்கு கோடி பதிமூன்று இலட்சம் நாற்பத்தொன்பது ஆயிரம் நானூற்று நாற்பது டாலர் ஆகும் .,money
12:58 மணிக்கு,பன்னிரண்டு மணி ஐம்பத்தெட்டு நிமிடம்,time
மொத்த மதிப்பெண் -493.,மொத்த மதிப்பெண் மைனஸ் நானூற்றுத்தொண்ணூற்றுமூன்று .,cardinal
06:37:00 மணிக்கு சரியானது.,ஆறு மணி முப்பத்தேழு நிமிடம் சரியானது .,time
€ 5709.84 கடன் வாங்கினேன்.,ஐந்தாயிரத்து எழுநூற்று ஒன்பது யூரோ எண்பத்துநான்கு சென்ட் கடன் வாங்கினேன் .,money
வீட்டில் யாரும் இல்லை.,வீட்டில் யாரும் இல்லை .,word
-56,மைனஸ் ஐம்பத்தாறு,cardinal
+91 7368570093 சரியானது.,பிளஸ் ஒன்பது ஒன்று ஏழு மூன்று ஆறு எட்டு ஐந்து ஏழு பூஜ்யம் பூஜ்யம் ஒன்பது மூன்று சரியானது .,telephone
Rs௦.௯௮,தொண்ணூற்றெட்டு பைசா,money
"$42,43,670",நாற்பத்திரண்டு இலட்சம் நாற்பத்துமூன்று ஆயிரம் அறுநூற்று எழுபது டாலர்~நாற்பத்திரண்டு இலட்சம் நாற்பத்துமூன்று ஆயிரம் அறுநூற்றெழுபது டாலர்,money
"பரிசுத் தொகை €7,37,88,024.",பரிசுத் தொகை ஏழு கோடி முப்பத்தேழு இலட்சம் எண்பத்தெட்டு ஆயிரம் இருபத்துநான்கு யூரோ .,money
₹ 0.74,எழுபத்துநான்கு பைசா,money
90-167,தொண்ணூறு முதல் நூற்றறுபத்து ஏழு,range
விமானம் 23:59 மணிக்கு வந்தடையும்.,விமானம் இருபத்துமூன்று மணி ஐம்பத்தொன்பது நிமிடம் வந்தடையும் .,time
இதில் 65ரூ குறிப்பிடப்பட்டுள்ளது.,இதில் அறுபத்தைந்து ரூபாய் குறிப்பிடப்பட்டுள்ளது .,money
+91 9220410591 இந்த எண்ணில் அழையுங்கள்.,பிளஸ் ஒன்பது ஒன்று ஒன்பது இரண்டு இரண்டு பூஜ்யம் நான்கு ஒன்று பூஜ்யம் ஐந்து ஒன்பது ஒன்று இந்த எண்ணில் அழையுங்கள் .,telephone
பேருந்து கட்டணம் Rs. 499 ஆகும்.,பேருந்து கட்டணம் நானூற்றுத்தொண்ணூற்றொன்பது ரூபாய் ஆகும் .,money
மதிப்பீடு 283.57.,மதிப்பீடு இருநூற்று எண்பத்துமூன்று புள்ளி ஐந்து ஏழு .,decimal
6954584906,ஆறு ஒன்பது ஐந்து நான்கு ஐந்து எட்டு நான்கு ஒன்பது பூஜ்யம் ஆறு,telephone
லெ. கண்ணன்,லெப்டினன்ட் கண்ணன்,whitelist
மதிப்பீடு 64454.0.,மதிப்பீடு அறுபத்துநான்கு ஆயிரம் நானூற்று ஐம்பத்துநான்கு புள்ளி பூஜ்யம் .,decimal
மாத சம்பளம் Rs 3117 தான்.,மாத சம்பளம் மூன்றாயிரத்து நூற்றுப்பதினேழு ரூபாய் தான் .,money
திருமணம் 13-07-2338 அன்று நடைபெறும்.,திருமணம் பதிமூன்று ஜூலை இரண்டாயிரத்து முந்நூற்று முப்பத்தெட்டு அன்று நடைபெறும் .,date
44227,நாற்பத்துநான்கு ஆயிரம் இருநூற்று இருபத்தேழு,cardinal
₹8437,எட்டாயிரத்து நானூற்று முப்பத்தேழு ரூபாய்,money
௩௯௪௯௮௧௫௨௪.௫ ரூ.,முப்பத்தொன்பது கோடி நாற்பத்தொன்பது இலட்சம் எண்பத்தொன்று ஆயிரம் ஐந்நூற்று இருபத்துநான்கு ரூபாய் ஐம்பது பைசா,money
11¾,பதினொன்று மற்றும் நான்கில் மூன்று,fraction
849 நாட்கள் ஆயிற்று.,எண்ணூற்று நாற்பத்தொன்பது நாட்கள் ஆயிற்று .,cardinal
9874 கி.மீ.,ஒன்பதாயிரத்து எண்ணூற்று எழுபத்துநான்கு கிலோமீட்டர்,measure
நாள் 10-02-1915 என்று குறிக்கப்பட்டுள்ளது.,நாள் பத்து பிப்ரவரி ஆயிரத்து தொள்ளாயிரத்து பதினைந்து என்று குறிக்கப்பட்டுள்ளது .,date
44வது பக்கத்தில் பதில் உள்ளது.,நாற்பத்துநான்காவது பக்கத்தில் பதில் உள்ளது .,ordinal
அவர் 19-34 என்றார்.,அவர் பத்தொன்பது முதல் முப்பத்துநான்கு என்றார் .,range
அலுவலக எண் +91 8142193206.,அலுவலக எண் பிளஸ் ஒன்பது ஒன்று எட்டு ஒன்று நான்கு இரண்டு ஒன்று ஒன்பது மூன்று இரண்டு பூஜ்யம் ஆறு .,telephone
"€3,19,32,297",மூன்று கோடி பத்தொன்பது இலட்சம் முப்பத்திரண்டு ஆயிரம் இருநூற்றுத்தொண்ணூற்றேழு யூரோ,money
2105-11-04 அன்று மழை பெய்தது.,இரண்டாயிரத்து நூற்று ஐந்து நவம்பர் நான்கு அன்று மழை பெய்தது .,date
"89 கி.மீ. அரிசி ¥41,35,414 ஆகும்.",எண்பத்தொன்பது கிலோமீட்டர் அரிசி நாற்பத்தொன்று இலட்சம் முப்பத்தைந்து ஆயிரம் நானூற்றுப்பதினான்கு யென் ஆகும் .,mixed
40÷10,நாற்பது வகுத்தல் பத்து,whitelist
27-11-1940 அன்று 40332 பேர் வந்தனர்.,இருபத்தேழு நவம்பர் ஆயிரத்து தொள்ளாயிரத்து நாற்பது அன்று நாற்பது ஆயிரம் முந்நூற்று முப்பத்திரண்டு பேர் வந்தனர் .,mixed
09-17-1920 அன்று ரூ879 செலுத்தினேன்.,செப்டம்பர் பதினேழு ஆயிரத்து தொள்ளாயிரத்து இருபது அன்று எண்ணூற்று எழுபத்தொன்பது ரூபாய் செலுத்தினேன் .,mixed
எண் 7020 சரியானது.,எண் ஏழாயிரத்து இருபது சரியானது .,cardinal
63ஆம் பக்கத்தில் பதில் உள்ளது.,அறுபத்துமூன்றாம் பக்கத்தில் பதில் உள்ளது .,ordinal
3.7 என்பதை நினைவில் கொள்ளுங்கள்.,மூன்று புள்ளி ஏழு என்பதை நினைவில் கொள்ளுங்கள் .,decimal
468.735 சரியானது.,நானூற்று அறுபத்தெட்டு புள்ளி ஏழு மூன்று ஐந்து சரியானது .,decimal
"எண் 29,61,20,507 சரியானது.",எண் இருபத்தொன்பது கோடி அறுபத்தொன்று இலட்சம் இருபது ஆயிரம் ஐந்நூற்று ஏழு சரியானது .,cardinal
அவர் 0117-582400 என்றார்.,அவர் பூஜ்யம் ஒன்று ஒன்று ஏழு ஐந்து எட்டு இரண்டு நான்கு பூஜ்யம் பூஜ்யம் என்றார் .,telephone
21-12-1916,இருபத்தொன்று டிசம்பர் ஆயிரத்து தொள்ளாயிரத்து பதினாறு,date
மொத்த மதிப்பெண் 1641000.,மொத்த மதிப்பெண் பதினாறு இலட்சம் நாற்பத்தொன்று ஆயிரம் .,cardinal
"11,73,64,154",பதினொன்று கோடி எழுபத்துமூன்று இலட்சம் அறுபத்துநான்கு ஆயிரம் நூற்றைம்பத்து நான்கு,cardinal
இதில் 374 குறிப்பிடப்பட்டுள்ளது.,இதில் முந்நூற்று எழுபத்துநான்கு குறிப்பிடப்பட்டுள்ளது .,cardinal
அவன் 54 முறை முயன்றான்.,அவன் ஐம்பத்துநான்கு முறை முயன்றான் .,cardinal
15.07.2088,பதினைந்து ஜூலை இரண்டாயிரத்து எண்பத்தெட்டு,date
அவர் 10-02-1915 அன்று பிறந்தார்.,அவர் பத்து பிப்ரவரி ஆயிரத்து தொள்ளாயிரத்து பதினைந்து அன்று பிறந்தார் .,date
523,ஐந்நூற்று இருபத்துமூன்று,cardinal
05/09/1967 சரியானது.,ஐந்து செப்டம்பர் ஆயிரத்து தொள்ளாயிரத்து அறுபத்தேழு சரியானது .,date
2702 sec,இரண்டாயிரத்து எழுநூற்று இரண்டு வினாடி,measure
௨௫-௦௮-௨௦௧௨ என்று எழுதப்பட்டுள்ளது.,இருபத்தைந்து ஆகஸ்ட் இரண்டாயிரத்து பன்னிரண்டு என்று எழுதப்பட்டுள்ளது .,date
16-11-2047,பதினாறு நவம்பர் இரண்டாயிரத்து நாற்பத்தேழு,date
088-250355 என்ற எண்ணை அழைக்கவும்.,பூஜ்யம் எட்டு எட்டு இரண்டு ஐந்து பூஜ்யம் மூன்று ஐந்து ஐந்து என்ற எண்ணை அழைக்கவும் .,telephone
வெப்பநிலை 703-1143 டிகிரி இருக்கும்.,வெப்பநிலை எழுநூற்று மூன்று முதல் ஆயிரத்து நூற்று நாற்பத்துமூன்று டிகிரி இருக்கும் .,range
அவள் 398668535507 புத்தகங்கள் வாங்கினாள்.,அவள் மூன்று ஒன்பது எட்டு ஆறு ஆறு எட்டு ஐந்து மூன்று ஐந்து ஐந்து பூஜ்யம் ஏழு புத்தகங்கள் வாங்கினாள் .,cardinal
+91 9211978018 என்று எழுதப்பட்டுள்ளது.,பிளஸ் ஒன்பது ஒன்று ஒன்பது இரண்டு ஒன்று ஒன்று ஒன்பது ஏழு எட்டு பூஜ்யம் ஒன்று எட்டு என்று எழுதப்பட்டுள்ளது .,telephone
கடிதத்தில் 23-09-2042 இருந்தது.,கடிதத்தில் இருபத்துமூன்று செப்டம்பர் இரண்டாயிரத்து நாற்பத்திரண்டு இருந்தது .,date
4123,நான்காயிரத்து நூற்று இருபத்துமூன்று,cardinal
வகுப்பு 4:51 முடியும்.,வகுப்பு நான்கு மணி ஐம்பத்தொன்று நிமிடம் முடியும் .,time
மொத்த மதிப்பெண் ௬௫ல்.,மொத்த மதிப்பெண் அறுபத்தைந்தில் .,cardinal
15:25:00 மணிக்கு,பதினைந்து மணி இருபத்தைந்து நிமிடம்,time
25 % என்பதை நினைவில் கொள்ளுங்கள்.,இருபத்தைந்து சதவீதம் என்பதை நினைவில் கொள்ளுங்கள் .,whitelist
5945.71 MB,ஐந்தாயிரத்து தொள்ளாயிரத்து நாற்பத்தைந்து புள்ளி ஏழு ஒன்று மெகாபைட்,measure
1199-1715,ஆயிரத்து நூற்றுத்தொண்ணூற்றொன்பது முதல் ஆயிரத்து எழுநூற்றுப்பதினைந்து,range
அவர் 2321054902 ஓட்டங்கள் எடுத்தார்.,அவர் இரண்டு மூன்று இரண்டு ஒன்று பூஜ்யம் ஐந்து நான்கு ஒன்பது பூஜ்யம் இரண்டு ஓட்டங்கள் எடுத்தார் .,cardinal
32இல்,முப்பத்திரண்டில்,cardinal
வகுப்பு 12:29:00 முடியும்.,வகுப்பு பன்னிரண்டு மணி இருபத்தொன்பது நிமிடம் முடியும் .,time
91549 கிலோ அரிசி வாங்கினேன்.,தொண்ணூற்றொன்று ஆயிரம் ஐந்நூற்று நாற்பத்தொன்பது கிலோ அரிசி வாங்கினேன் .,cardinal
09-03-1938,ஒன்பது மார்ச் ஆயிரத்து தொள்ளாயிரத்து முப்பத்தெட்டு,date
"65,06,37,082 சரியானது.",அறுபத்தைந்து கோடி ஆறு இலட்சம் முப்பத்தேழு ஆயிரம் எண்பத்திரண்டு சரியானது .,cardinal
மொத்தம் 98இல் மாணவர்கள் உள்ளனர்.,மொத்தம் தொண்ணூற்றெட்டில் மாணவர்கள் உள்ளனர் .,cardinal
7628906107,ஏழு ஆறு இரண்டு எட்டு ஒன்பது பூஜ்யம் ஆறு ஒன்று பூஜ்யம் ஏழு,telephone
08:50,எட்டு மணி ஐம்பது நிமிடம்,time
கடிதத்தில் 4:05 இருந்தது.,கடிதத்தில் நான்கு மணி ஐந்து நிமிடம் இருந்தது .,time
௧௨௦௫வது,ஆயிரத்து இருநூற்று ஐந்தாவது,ordinal
அவர் 36÷9 என்றார்.,அவர் முப்பத்தாறு வகுத்தல் ஒன்பது என்றார் .,whitelist
13 4/14 என்பதை நினைவில் கொள்ளுங்கள்.,பதிமூன்று மற்றும் பதினான்கில் நான்கு என்பதை நினைவில் கொள்ளுங்கள் .,fraction
"இதில் Rs 5,39,06,903.2 குறிப்பிடப்பட்டுள்ளது.",இதில் ஐந்து கோடி முப்பத்தொன்பது இலட்சம் ஆறாயிரத்து தொள்ளாயிரத்து மூன்று ரூபாய் இருபது பைசா குறிப்பிடப்பட்டுள்ளது .,money
அளவு 9.93 ஆக உள்ளது.,அளவு ஒன்பது புள்ளி ஒன்பது மூன்று ஆக உள்ளது .,decimal
கூட்டம் 1962-11-12 அன்று நடந்தது.,கூட்டம் ஆயிரத்து தொள்ளாயிரத்து அறுபத்திரண்டு நவம்பர் பன்னிரண்டு அன்று நடந்தது .,date
"21:23:55 மணிக்கு வரை 657,829 பேர் காத்திருந்தனர்.",இருபத்தொன்று மணி இருபத்துமூன்று நிமிடம் ஐம்பத்தைந்து வினாடி வரை ஆறு இலட்சம் ஐம்பத்தேழு ஆயிரம் எண்ணூற்று இருபத்தொன்பது பேர் காத்திருந்தனர் .,mixed
தேர்வு 24-10-2985 தேதியில் தொடங்கும்.,தேர்வு இருபத்துநான்கு அக்டோபர் இரண்டாயிரத்து தொள்ளாயிரத்து எண்பத்தைந்து தேதியில் தொடங்கும் .,date
கடிதத்தில் 26-10-1921 இருந்தது.,கடிதத்தில் இருபத்தாறு அக்டோபர் ஆயிரத்து தொள்ளாயிரத்து இருபத்தொன்று இருந்தது .,date
276.1,இருநூற்று எழுபத்தாறு புள்ளி ஒன்று,decimal
19:11 மணிக்கு,பத்தொன்பது மணி பதினொன்று நிமிடம்,time
17-02-2057,பதினேழு பிப்ரவரி இரண்டாயிரத்து ஐம்பத்தேழு,date
பிறந்த நாள் ௨௯/௦௮/௨௦௧௯.,பிறந்த நாள் இருபத்தொன்பது ஆகஸ்ட் இரண்டாயிரத்து பத்தொன்பது .,date
இன்று 8756 பேர் வருகை தந்தனர்.,இன்று எட்டாயிரத்து எழுநூற்று ஐம்பத்தாறு பேர் வருகை தந்தனர் .,cardinal
393.53 கோடி,முந்நூற்றுத்தொண்ணூற்றுமூன்று புள்ளி ஐந்து மூன்று கோடி,decimal
அவர் 4827ஆவது இடம் பிடித்தார்.,அவர் நான்காயிரத்து எண்ணூற்று இருபத்தேழாவது இடம் பிடித்தார் .,ordinal
நிகழ்ச்சி 20:58:24 ஒளிபரப்பாகும்.,நிகழ்ச்சி இருபது மணி ஐம்பத்தெட்டு நிமிடம் இருபத்துநான்கு வினாடி ஒளிபரப்பாகும் .,time
94 cm,தொண்ணூற்றுநான்கு சென்டிமீட்டர்,measure
29hr பால் வாங்கினேன்.,இருபத்தொன்பது மணி பால் வாங்கினேன் .,measure
விடை 5/19 ஆகும்.,விடை பத்தொன்பதில் ஐந்து ஆகும் .,fraction
இன்று 8098இல் பேர் வருகை தந்தனர்.,இன்று எட்டாயிரத்து தொண்ணூற்றெட்டில் பேர் வருகை தந்தனர் .,cardinal
26-09-2058,இருபத்தாறு செப்டம்பர் இரண்டாயிரத்து ஐம்பத்தெட்டு,date
5500.8°F,ஐந்தாயிரத்து ஐந்நூறு புள்ளி எட்டு டிகிரி பாரன்ஹீட்,measure
வெப்பநிலை 1233 மி.மீ. ஆக இருந்தது.,வெப்பநிலை ஆயிரத்து இருநூற்று முப்பத்துமூன்று மில்லிமீட்டர் ஆக இருந்தது .,measure
20-09-1956,இருபது செப்டம்பர் ஆயிரத்து தொள்ளாயிரத்து ஐம்பத்தாறு,date
விடை 3/6 ஆகும்.,விடை ஆறில் மூன்று ஆகும் .,fraction
ரூ. 0.72 சரியானது.,எழுபத்திரண்டு பைசா சரியானது .,money
இந்த மூட்டை 63 கி.மீ எடை உள்ளது.,இந்த மூட்டை அறுபத்துமூன்று கிலோமீட்டர் எடை உள்ளது .,measure
03/10/2091,மூன்று அக்டோபர் இரண்டாயிரத்து தொண்ணூற்றொன்று,date
புரோ. மீனா பற்றி பேசினோம்.,பேராசிரியர் மீனா பற்றி பேசினோம் .,whitelist
பை மதிப்பு 2.072 ஆகும்.,பை மதிப்பு இரண்டு புள்ளி பூஜ்யம் ஏழு இரண்டு ஆகும் .,decimal
12:39 மணிக்கு என்பதை நினைவில் கொள்ளுங்கள்.,பன்னிரண்டு மணி முப்பத்தொன்பது நிமிடம் என்பதை நினைவில் கொள்ளுங்கள் .,time
20:22 மணிக்கு வரை 30 பேர் காத்திருந்தனர்.,இருபது மணி இருபத்திரண்டு நிமிடம் வரை முப்பது பேர் காத்திருந்தனர் .,mixed
11:47:14,பதினொன்று மணி நாற்பத்தேழு நிமிடம் பதினான்கு வினாடி,time
435.3,நானூற்று முப்பத்தைந்து புள்ளி மூன்று,decimal
கூட்டம் 19-10-1948 அன்று நடந்தது.,கூட்டம் பத்தொன்பது அக்டோபர் ஆயிரத்து தொள்ளாயிரத்து நாற்பத்தெட்டு அன்று நடந்தது .,date
மொத்தம் 73463 மாணவர்கள் உள்ளனர்.,மொத்தம் எழுபத்துமூன்று ஆயிரம் நானூற்று அறுபத்துமூன்று மாணவர்கள் உள்ளனர் .,cardinal
இதில் 8687965430 குறிப்பிடப்பட்டுள்ளது.,இதில் எட்டு ஆறு எட்டு ஏழு ஒன்பது ஆறு ஐந்து நான்கு மூன்று பூஜ்யம் குறிப்பிடப்பட்டுள்ளது .,telephone
775ஆவது,எழுநூற்று எழுபத்தைந்தாவது,ordinal
பரிசுத் தொகை ₹35.,பரிசுத் தொகை முப்பத்தைந்து ரூபாய் .,money
எண் 9487595 சரியானது.,எண் தொண்ணூற்றுநான்கு இலட்சம் எண்பத்தேழு ஆயிரம் ஐந்நூற்றுத்தொண்ணூற்றைந்து சரியானது .,cardinal
தினமும் 7024 மி.லி ஓடுகிறேன்.,தினமும் ஏழாயிரத்து இருபத்துநான்கு மில்லிலிட்டர் ஓடுகிறேன் .,measure
4778327945 சரியானது.,நான்கு ஏழு ஏழு எட்டு மூன்று இரண்டு ஏழு ஒன்பது நான்கு ஐந்து சரியானது .,cardinal
இதன் மதிப்பு 26017.145 தான்.,இதன் மதிப்பு இருபத்தாறு ஆயிரம் பதினேழு புள்ளி ஒன்று நான்கு ஐந்து தான் .,decimal
இதில் 22÷11 குறிப்பிடப்பட்டுள்ளது.,இதில் இருபத்திரண்டு வகுத்தல் பதினொன்று குறிப்பிடப்பட்டுள்ளது .,whitelist
அலுவலக எண் 09-0317712.,அலுவலக எண் பூஜ்யம் ஒன்பது பூஜ்யம் மூன்று ஒன்று ஏழு ஏழு ஒன்று இரண்டு .,telephone
௭௪௭௩௧,எழுபத்துநான்கு ஆயிரம் எழுநூற்று முப்பத்தொன்று,cardinal
என் எண் 014-6760399.,என் எண் பூஜ்யம் ஒன்று நான்கு ஆறு ஏழு ஆறு பூஜ்யம் மூன்று ஒன்பது ஒன்பது .,telephone
செய்தியில் 33 லி. என்று வந்தது.,செய்தியில் முப்பத்துமூன்று லிட்டர் என்று வந்தது .,measure
இந்த மூட்டை 32 cm எடை உள்ளது.,இந்த மூட்டை முப்பத்திரண்டு சென்டிமீட்டர் எடை உள்ளது .,measure
11-12-2008,பதினொன்று டிசம்பர் இரண்டாயிரத்து எட்டு,date
பேருந்து 22:31 கிளம்பும்.,பேருந்து இருபத்திரண்டு மணி முப்பத்தொன்று நிமிடம் கிளம்பும் .,time
கூட்டம் 2:01:13 தொடங்கும்.,கூட்டம் இரண்டு மணி ஒன்று நிமிடம் பதிமூன்று வினாடி தொடங்கும் .,time
17-12-1987,பதினேழு டிசம்பர் ஆயிரத்து தொள்ளாயிரத்து எண்பத்தேழு,date
வளர்ச்சி விகிதம் ௯.௮௬௬ ஆக இருந்தது.,வளர்ச்சி விகிதம் ஒன்பது புள்ளி எட்டு ஆறு ஆறு ஆக இருந்தது .,decimal
8069056511,எட்டு பூஜ்யம் ஆறு ஒன்பது பூஜ்யம் ஐந்து ஆறு ஐந்து ஒன்று ஒன்று,telephone
11:18 மணிக்கு,பதினொன்று மணி பதினெட்டு நிமிடம்,time
7.166 பற்றி பேசினோம்.,ஏழு புள்ளி ஒன்று ஆறு ஆறு பற்றி பேசினோம் .,decimal
21-32 மணி நேரம் தேவை.,இருபத்தொன்று முதல் முப்பத்திரண்டு மணி நேரம் தேவை .,range
25/11/1908 என்று எழுதப்பட்டுள்ளது.,இருபத்தைந்து நவம்பர் ஆயிரத்து தொள்ளாயிரத்து எட்டு என்று எழுதப்பட்டுள்ளது .,date
489481225436 என்பதை நினைவில் கொள்ளுங்கள்.,நான்கு எட்டு ஒன்பது நான்கு எட்டு ஒன்று இரண்டு இரண்டு ஐந்து நான்கு மூன்று ஆறு என்பதை நினைவில் கொள்ளுங்கள் .,cardinal
2%,இரண்டு சதவீதம்,whitelist
7 oz,ஏழு அவுன்ஸ்,measure
அவள் 1 புத்தகங்கள் வாங்கினாள்.,அவள் ஒன்று புத்தகங்கள் வாங்கினாள் .,cardinal
௬௯ ₹,அறுபத்தொன்பது ரூபாய்,money
26,இருபத்தாறு,cardinal
9 மி.லி. தண்ணீர் குடிக்க வேண்டும்.,ஒன்பது மில்லிலிட்டர் தண்ணீர் குடிக்க வேண்டும் .,measure
கூட்டத்தில் 324 பேர் வந்தனர்.,கூட்டத்தில் முந்நூற்று இருபத்துநான்கு பேர் வந்தனர் .,cardinal
4/15 என்று எழுதப்பட்டுள்ளது.,பதினைந்தில் நான்கு என்று எழுதப்பட்டுள்ளது .,fraction
26-09-1998,இருபத்தாறு செப்டம்பர் ஆயிரத்து தொள்ளாயிரத்து தொண்ணூற்றெட்டு,date
-474,மைனஸ் நானூற்று எழுபத்துநான்கு,cardinal
₹16.9 கடன் வாங்கினேன்.,பதினாறு ரூபாய் தொண்ணூறு பைசா கடன் வாங்கினேன் .,money
அவள் 4வது வகுப்பு படிக்கிறாள்.,அவள் நான்காவது வகுப்பு படிக்கிறாள் .,ordinal
அலுவலக எண் 6833696036.,அலுவலக எண் ஆறு எட்டு மூன்று மூன்று ஆறு ஒன்பது ஆறு பூஜ்யம் மூன்று ஆறு .,telephone
அவன் 757 முறை முயன்றான்.,அவன் எழுநூற்று ஐம்பத்தேழு முறை முயன்றான் .,cardinal
8 cm,எட்டு சென்டிமீட்டர்,measure
56-72,ஐம்பத்தாறு முதல் எழுபத்திரண்டு,range
96463.665,தொண்ணூற்றாறு ஆயிரம் நானூற்று அறுபத்துமூன்று புள்ளி ஆறு ஆறு ஐந்து,decimal
அளவு 14744.742 ஆக உள்ளது.,அளவு பதினான்கு ஆயிரம் எழுநூற்று நாற்பத்துநான்கு புள்ளி ஏழு நான்கு இரண்டு ஆக உள்ளது .,decimal
வளர்ச்சி விகிதம் 2.788 ஆக இருந்தது.,வளர்ச்சி விகிதம் இரண்டு புள்ளி ஏழு எட்டு எட்டு ஆக இருந்தது .,decimal
நான் 22:03 எழுந்தேன்.,நான் இருபத்திரண்டு மணி மூன்று நிமிடம் எழுந்தேன் .,time
08-09-2031 அன்று 5151936 பேர் வந்தனர்.,எட்டு செப்டம்பர் இரண்டாயிரத்து முப்பத்தொன்று அன்று ஐம்பத்தொன்று இலட்சம் ஐம்பத்தொன்று ஆயிரம் தொள்ளாயிரத்து முப்பத்தாறு பேர் வந்தனர் .,mixed
வண்டி எண் 2953 ஆகும்.,வண்டி எண் இரண்டாயிரத்து தொள்ளாயிரத்து ஐம்பத்துமூன்று ஆகும் .,cardinal
615 என்பதை நினைவில் கொள்ளுங்கள்.,அறுநூற்றுப்பதினைந்து என்பதை நினைவில் கொள்ளுங்கள் .,cardinal
பரிசுத் தொகை 5477₹.,பரிசுத் தொகை ஐந்தாயிரத்து நானூற்று எழுபத்தேழு ரூபாய் .,money
18-03-2029,பதினெட்டு மார்ச் இரண்டாயிரத்து இருபத்தொன்பது,date
8066807444,எட்டு பூஜ்யம் ஆறு ஆறு எட்டு பூஜ்யம் ஏழு நான்கு நான்கு நான்கு,telephone
அவன் ௧௭ ௭௮/௭ பங்கு சாப்பிட்டான்.,அவன் பதினேழு மற்றும் ஏழில் எழுபத்தெட்டு பங்கு சாப்பிட்டான் .,fraction
23/01/2008 பற்றி பேசினோம்.,இருபத்துமூன்று ஜனவரி இரண்டாயிரத்து எட்டு பற்றி பேசினோம் .,date
9517680260,ஒன்பது ஐந்து ஒன்று ஏழு ஆறு எட்டு பூஜ்யம் இரண்டு ஆறு பூஜ்யம்,telephone
44-80,நாற்பத்துநான்கு முதல் எண்பது,range
2.199 பற்றி பேசினோம்.,இரண்டு புள்ளி ஒன்று ஒன்பது ஒன்பது பற்றி பேசினோம் .,decimal
6939,ஆறாயிரத்து தொள்ளாயிரத்து முப்பத்தொன்பது,cardinal
₹1074,ஆயிரத்து எழுபத்துநான்கு ரூபாய்,money
இஞ். குமார் பற்றி பேசினோம்.,இன்ஜினியர் குமார் பற்றி பேசினோம் .,whitelist
8243 mi,எட்டாயிரத்து இருநூற்று நாற்பத்துமூன்று மைல்,measure
"931,626 பற்றி பேசினோம்.",ஒன்பது இலட்சம் முப்பத்தொன்று ஆயிரம் அறுநூற்று இருபத்தாறு பற்றி பேசினோம் .,cardinal
செய்தியில் 07/06/2079 என்று வந்தது.,செய்தியில் ஏழு ஜூன் இரண்டாயிரத்து எழுபத்தொன்பது என்று வந்தது .,date
இது 5வது முறை.,இது ஐந்தாவது முறை .,ordinal
அவர் 6113m என்றார்.,அவர் ஆறாயிரத்து நூற்றுப்பதிமூன்று மீட்டர் என்றார் .,measure
12:54,பன்னிரண்டு மணி ஐம்பத்துநான்கு நிமிடம்,time
அவர் 5707 கி.மீ. என்றார்.,அவர் ஐந்தாயிரத்து எழுநூற்று ஏழு கிலோமீட்டர் என்றார் .,measure
+447306635479 என்பதை நினைவில் கொள்ளுங்கள்.,பிளஸ் நான்கு நான்கு ஏழு மூன்று பூஜ்யம் ஆறு ஆறு மூன்று ஐந்து நான்கு ஏழு ஒன்பது என்பதை நினைவில் கொள்ளுங்கள் .,telephone
கட்டணம் ₹7263 என அறிவித்தனர்.,கட்டணம் ஏழாயிரத்து இருநூற்று அறுபத்துமூன்று ரூபாய் என அறிவித்தனர் .,money
638-660 சரியானது.,அறுநூற்று முப்பத்தெட்டு முதல் அறுநூற்று அறுபது சரியானது .~அறுநூற்று முப்பத்தெட்டு முதல் அறுநூற்றறுபது சரியானது .,range
இதன் மதிப்பு 0.44 தான்.,இதன் மதிப்பு பூஜ்யம் புள்ளி நான்கு நான்கு தான் .,decimal
"சராசரி 45238.834 என்பது 91,14,89,478 மாணவர்களின் கணக்கு.",சராசரி நாற்பத்தைந்து ஆயிரம் இருநூற்று முப்பத்தெட்டு புள்ளி எட்டு மூன்று நான்கு என்பது தொண்ணூற்றொன்று கோடி பதினான்கு இலட்சம் எண்பத்தொன்பது ஆயிரம் நானூற்று எழுபத்தெட்டு மாணவர்களின் கணக்கு .,mixed
£24.55,இருபத்துநான்கு பவுண்ட் ஐம்பத்தைந்து பென்ஸ்,money
₹0.46 பற்றி பேசினோம்.,நாற்பத்தாறு பைசா பற்றி பேசினோம் .,money
1172-1280 என்பதை நினைவில் கொள்ளுங்கள்.,ஆயிரத்து நூற்றெழுபத்து இரண்டு முதல் ஆயிரத்து இருநூற்று எண்பது என்பதை நினைவில் கொள்ளுங்கள் .~ஆயிரத்து நூற்றெழுபத்து இரண்டு முதல் ஆயிரத்து இருநூற்றெண்பது என்பதை நினைவில் கொள்ளுங்கள் .,range
08-03-1978,எட்டு மார்ச் ஆயிரத்து தொள்ளாயிரத்து எழுபத்தெட்டு,date
16/6 என்று எழுதப்பட்டுள்ளது.,ஆறில் பதினாறு என்று எழுதப்பட்டுள்ளது .,fraction
01:01 சரியானது.,ஒரு மணி ஒன்று நிமிடம் சரியானது .,time
255 கிலோ அரிசி வாங்கினேன்.,இருநூற்று ஐம்பத்தைந்து கிலோ அரிசி வாங்கினேன் .,cardinal
8393887065,எட்டு மூன்று ஒன்பது மூன்று எட்டு எட்டு ஏழு பூஜ்யம் ஆறு ஐந்து,telephone
எண் 38997 சரியானது.,எண் முப்பத்தெட்டு ஆயிரம் தொள்ளாயிரத்து தொண்ணூற்றேழு சரியானது .,cardinal
பேருந்து 09:51 கிளம்பும்.,பேருந்து ஒன்பது மணி ஐம்பத்தொன்று நிமிடம் கிளம்பும் .,time
அப்பா அலுவலகம் சென்றார்.,அப்பா அலுவலகம் சென்றார் .,word
௪௫வது,நாற்பத்தைந்தாவது,ordinal
22:29:35 மணிக்கு,இருபத்திரண்டு மணி இருபத்தொன்பது நிமிடம் முப்பத்தைந்து வினாடி,time
கடைசி தேதி 17/03/2094.,கடைசி தேதி பதினேழு மார்ச் இரண்டாயிரத்து தொண்ணூற்றுநான்கு .,date
இது அவரது 36வது புத்தகம்.,இது அவரது முப்பத்தாறாவது புத்தகம் .,ordinal
1/10 என்பதை நினைவில் கொள்ளுங்கள்.,பத்தில் ஒன்று என்பதை நினைவில் கொள்ளுங்கள் .,fraction
இதில் ₹0.32 குறிப்பிடப்பட்டுள்ளது.,இதில் முப்பத்திரண்டு பைசா குறிப்பிடப்பட்டுள்ளது .,money
"அவன் ௪௪,௭௪,௯௧,௧௧௩ முறை முயன்றான்.",அவன் நாற்பத்துநான்கு கோடி எழுபத்துநான்கு இலட்சம் தொண்ணூற்றொன்று ஆயிரம் நூற்றுப்பதிமூன்று முறை முயன்றான் .,cardinal
52/30 சரியானது.,முப்பதில் ஐம்பத்திரண்டு சரியானது .,fraction
இதில் ௨௨-௦௯-௨௦௬௨ குறிப்பிடப்பட்டுள்ளது.,இதில் இருபத்திரண்டு செப்டம்பர் இரண்டாயிரத்து அறுபத்திரண்டு குறிப்பிடப்பட்டுள்ளது .,date
பாத்திரத்தில் ௧/௧௨ பங்கு நீர் உள்ளது.,பாத்திரத்தில் பன்னிரண்டில் ஒன்று பங்கு நீர் உள்ளது .,fraction
86% வந்தார்.,எண்பத்தாறு சதவீதம் வந்தார் .,whitelist
09:00 பற்றி பேசினோம்.,ஒன்பது மணி பற்றி பேசினோம் .,time
94 ₹,தொண்ணூற்றுநான்கு ரூபாய்,money
76543.1,எழுபத்தாறு ஆயிரம் ஐந்நூற்று நாற்பத்துமூன்று புள்ளி ஒன்று,decimal
7199178530,ஏழு ஒன்று ஒன்பது ஒன்பது ஒன்று ஏழு எட்டு ஐந்து மூன்று பூஜ்யம்,telephone
மழை அளவு 301.2 என பதிவானது.,மழை அளவு முந்நூற்று ஒன்று புள்ளி இரண்டு என பதிவானது .,decimal
௮௭௭,எண்ணூற்று எழுபத்தேழு,cardinal
மொத்தம் 5724 மாணவர்கள் உள்ளனர்.,மொத்தம் ஐந்தாயிரத்து எழுநூற்று இருபத்துநான்கு மாணவர்கள் உள்ளனர் .,cardinal
24725,இருபத்துநான்கு ஆயிரம் எழுநூற்று இருபத்தைந்து,cardinal
¥8135,எட்டாயிரத்து நூற்று முப்பத்தைந்து யென்,money
1 5/8,ஒன்று மற்றும் எட்டில் ஐந்து,fraction
42.46km,நாற்பத்திரண்டு புள்ளி நான்கு ஆறு கிலோமீட்டர்,measure
மதிப்பீடு 801.9.,மதிப்பீடு எண்ணூற்று ஒன்று புள்ளி ஒன்பது .,decimal
௨௦:௫௪ சரியானது.,இருபது மணி ஐம்பத்துநான்கு நிமிடம் சரியானது .,time
74ரூ/-,எழுபத்துநான்கு ரூபாய்,money
அவர் 18இல் என்றார்.,அவர் பதினெட்டில் என்றார் .,cardinal
₹ 5 /- கடன் வாங்கினேன்.,ஐந்து ரூபாய் கடன் வாங்கினேன் .,money
-₹200,மைனஸ் இருநூறு ரூபாய்,money
உதவி எண் 8393119194 என அறிவித்தனர்.,உதவி எண் எட்டு மூன்று ஒன்பது மூன்று ஒன்று ஒன்று ஒன்பது ஒன்று ஒன்பது நான்கு என அறிவித்தனர் .,telephone
"338,226 சரியானது.",மூன்று இலட்சம் முப்பத்தெட்டு ஆயிரம் இருநூற்று இருபத்தாறு சரியானது .,cardinal
1049 நாட்கள் ஆயிற்று.,ஆயிரத்து நாற்பத்தொன்பது நாட்கள் ஆயிற்று .,cardinal
80695,எண்பது ஆயிரம் அறுநூற்றுத்தொண்ணூற்றைந்து,cardinal
அவன் 397.633 கோடி மதிப்பெண் பெற்றான்.,அவன் முந்நூற்றுத்தொண்ணூற்றேழு புள்ளி ஆறு மூன்று மூன்று கோடி மதிப்பெண் பெற்றான் .,decimal
1.72GB,ஒன்று புள்ளி ஏழு இரண்டு கிகாபைட்,measure
இதில் 74070 குறிப்பிடப்பட்டுள்ளது.,இதில் எழுபத்துநான்கு ஆயிரம் எழுபது குறிப்பிடப்பட்டுள்ளது .,cardinal
அவர் 30 ஓட்டங்கள் எடுத்தார்.,அவர் முப்பது ஓட்டங்கள் எடுத்தார் .,cardinal
10 பற்றி பேசினோம்.,பத்து பற்றி பேசினோம் .,cardinal
3120677,முப்பத்தொன்று இலட்சம் இருபது ஆயிரம் அறுநூற்று எழுபத்தேழு,cardinal
அந்த ஊரில் 3990 வீடுகள் உள்ளன.,அந்த ஊரில் மூன்றாயிரத்து தொள்ளாயிரத்து தொண்ணூறு வீடுகள் உள்ளன .,cardinal
பிறந்த நாள் 1021-07-28.,பிறந்த நாள் ஆயிரத்து இருபத்தொன்று ஜூலை இருபத்தெட்டு .,date
செய்தியில் 9:00 என்று வந்தது.,செய்தியில் ஒன்பது மணி என்று வந்தது .,time
தூரம் 4hr ஆகும்.,தூரம் நான்கு மணி ஆகும் .,measure
வேகம் 98 கி.மீ. ஆக இருந்தது.,வேகம் தொண்ணூற்றெட்டு கிலோமீட்டர் ஆக இருந்தது .,measure
அந்த நிலம் $ 51 விலை போனது.,அந்த நிலம் ஐம்பத்தொன்று டாலர் விலை போனது .,money
இதில் 56256.1 குறிப்பிடப்பட்டுள்ளது.,இதில் ஐம்பத்தாறு ஆயிரம் இருநூற்று ஐம்பத்தாறு புள்ளி ஒன்று குறிப்பிடப்பட்டுள்ளது .,decimal
௮௯௮ நாட்கள் ஆயிற்று.,எண்ணூற்றுத்தொண்ணூற்றெட்டு நாட்கள் ஆயிற்று .,cardinal
₹ 9834,ஒன்பதாயிரத்து எண்ணூற்று முப்பத்துநான்கு ரூபாய்,money
2055-06-04 என்பதை நினைவில் கொள்ளுங்கள்.,இரண்டாயிரத்து ஐம்பத்தைந்து ஜூன் நான்கு என்பதை நினைவில் கொள்ளுங்கள் .,date
அவன் 6/14 பங்கு சாப்பிட்டான்.,அவன் பதினான்கில் ஆறு பங்கு சாப்பிட்டான் .,fraction
2788₹,இரண்டாயிரத்து எழுநூற்று எண்பத்தெட்டு ரூபாய்,money
13-11-2068 அன்று £40.18 செலுத்தினேன்.,பதிமூன்று நவம்பர் இரண்டாயிரத்து அறுபத்தெட்டு அன்று நாற்பது பவுண்ட் பதினெட்டு பென்ஸ் செலுத்தினேன் .,mixed
6 oz,ஆறு அவுன்ஸ்,measure
"அவள் 93,08,85,271 புத்தகங்கள் வாங்கினாள்.",அவள் தொண்ணூற்றுமூன்று கோடி எட்டு இலட்சம் எண்பத்தைந்து ஆயிரம் இருநூற்று எழுபத்தொன்று புத்தகங்கள் வாங்கினாள் .,cardinal
97 பேருக்கு ரூ2924.46 கொடுத்தேன்.,தொண்ணூற்றேழு பேருக்கு இரண்டாயிரத்து தொள்ளாயிரத்து இருபத்துநான்கு ரூபாய் நாற்பத்தாறு பைசா கொடுத்தேன் .,mixed
-944,மைனஸ் தொள்ளாயிரத்து நாற்பத்துநான்கு,cardinal
40÷4,நாற்பது வகுத்தல் நான்கு,whitelist
06-04-2053 அன்று 8614 பேர் வந்தனர்.,ஆறு ஏப்ரல் இரண்டாயிரத்து ஐம்பத்துமூன்று அன்று எட்டாயிரத்து அறுநூற்றுப்பதினான்கு பேர் வந்தனர் .,mixed
அந்த ஊரில் 6644 வீடுகள் உள்ளன.,அந்த ஊரில் ஆறாயிரத்து அறுநூற்று நாற்பத்துநான்கு வீடுகள் உள்ளன .,cardinal
இன்று 5595 பேர் வருகை தந்தனர்.,இன்று ஐந்தாயிரத்து ஐந்நூற்றுத்தொண்ணூற்றைந்து பேர் வருகை தந்தனர் .,cardinal
௨௪:௪௬,இருபத்துநான்கு மணி நாற்பத்தாறு நிமிடம்,time
1.4 மீ. பற்றி பேசினோம்.,ஒன்று புள்ளி நான்கு மீட்டர் பற்றி பேசினோம் .,measure
திருமணம் 11-03-1989 அன்று நடைபெறும்.,திருமணம் பதினொன்று மார்ச் ஆயிரத்து தொள்ளாயிரத்து எண்பத்தொன்பது அன்று நடைபெறும் .,date
செய்தியில் 32977.163 என்று வந்தது.,செய்தியில் முப்பத்திரண்டு ஆயிரம் தொள்ளாயிரத்து எழுபத்தேழு புள்ளி ஒன்று ஆறு மூன்று என்று வந்தது .,decimal
19520.5,பத்தொன்பது ஆயிரம் ஐந்நூற்று இருபது புள்ளி ஐந்து,decimal
24/05/1905,இருபத்துநான்கு மே ஆயிரத்து தொள்ளாயிரத்து ஐந்து,date
98வது,தொண்ணூற்றெட்டாவது,ordinal
சராசரி 57461.1 என்பது 6175435 மாணவர்களின் கணக்கு.,சராசரி ஐம்பத்தேழு ஆயிரம் நானூற்று அறுபத்தொன்று புள்ளி ஒன்று என்பது அறுபத்தொன்று இலட்சம் எழுபத்தைந்து ஆயிரம் நானூற்று முப்பத்தைந்து மாணவர்களின் கணக்கு .,mixed
91-152 என்பதை நினைவில் கொள்ளுங்கள்.,தொண்ணூற்றொன்று முதல் நூற்றைம்பத்து இரண்டு என்பதை நினைவில் கொள்ளுங்கள் .,range
21-10-1952,இருபத்தொன்று அக்டோபர் ஆயிரத்து தொள்ளாயிரத்து ஐம்பத்திரண்டு,date
"£1,21,64,108 என்று எழுதப்பட்டுள்ளது.",ஒரு கோடி இருபத்தொன்று இலட்சம் அறுபத்துநான்கு ஆயிரம் நூற்று எட்டு பவுண்ட் என்று எழுதப்பட்டுள்ளது .,money
2872101,இருபத்தெட்டு இலட்சம் எழுபத்திரண்டு ஆயிரம் நூற்று ஒன்று,cardinal
"அவர் 13,99,392₹ என்றார்.",அவர் பதிமூன்று இலட்சம் தொண்ணூற்றொன்பது ஆயிரம் முந்நூற்றுத்தொண்ணூற்றிரண்டு ரூபாய் என்றார் .,money
௯௬/௧௦௦,நூறில் தொண்ணூற்றாறு,fraction
86வது,எண்பத்தாறாவது,ordinal
83259915904 என்பதை நினைவில் கொள்ளுங்கள்.,எட்டு மூன்று இரண்டு ஐந்து ஒன்பது ஒன்பது ஒன்று ஐந்து ஒன்பது பூஜ்யம் நான்கு என்பதை நினைவில் கொள்ளுங்கள் .,cardinal
வளர்ச்சி விகிதம் 59580.3 ஆக இருந்தது.,வளர்ச்சி விகிதம் ஐம்பத்தொன்பது ஆயிரம் ஐந்நூற்று எண்பது புள்ளி மூன்று ஆக இருந்தது .~வளர்ச்சி விகிதம் ஐம்பத்தொன்பது ஆயிரம் ஐந்நூற்றெண்பது புள்ளி மூன்று ஆக இருந்தது .,decimal
"1790.10 KB அரிசி £28,39,882.1 ஆகும்.",ஆயிரத்து எழுநூற்றுத்தொண்ணூறு புள்ளி ஒன்று பூஜ்யம் கிலோபைட் அரிசி இருபத்தெட்டு இலட்சம் முப்பத்தொன்பது ஆயிரம் எண்ணூற்று எண்பத்திரண்டு பவுண்ட் பத்து பென்ஸ் ஆகும் .,mixed
விமானம் 10:36:41 வந்தடையும்.,விமானம் பத்து மணி முப்பத்தாறு நிமிடம் நாற்பத்தொன்று வினாடி வந்தடையும் .,time
7145,ஏழாயிரத்து நூற்று நாற்பத்தைந்து,cardinal
17-01-2036 என்பதை நினைவில் கொள்ளுங்கள்.,பதினேழு ஜனவரி இரண்டாயிரத்து முப்பத்தாறு என்பதை நினைவில் கொள்ளுங்கள் .,date
2379 கி.கி.,இரண்டாயிரத்து முந்நூற்று எழுபத்தொன்பது கிலோகிராம்,measure
அவன் 397.0 மதிப்பெண் பெற்றான்.,அவன் முந்நூற்றுத்தொண்ணூற்றேழு புள்ளி பூஜ்யம் மதிப்பெண் பெற்றான் .,decimal
அலுவலக எண் 9287255261.,அலுவலக எண் ஒன்பது இரண்டு எட்டு ஏழு இரண்டு ஐந்து ஐந்து இரண்டு ஆறு ஒன்று .,telephone
வாடகை ரூ 39.8 ஆக உயர்ந்தது.,வாடகை முப்பத்தொன்பது ரூபாய் எண்பது பைசா ஆக உயர்ந்தது .,money
அவர்கள் விவசாயம் செய்கிறார்கள்.,அவர்கள் விவசாயம் செய்கிறார்கள் .,word
அவர் 06-09-1902 என்றார்.,அவர் ஆறு செப்டம்பர் ஆயிரத்து தொள்ளாயிரத்து இரண்டு என்றார் .,date
புரோ. வேலு பற்றி பேசினோம்.,பேராசிரியர் வேலு பற்றி பேசினோம் .,whitelist
11/16,பதினாறில் பதினொன்று,fraction
இதில் £ 834361.3 குறிப்பிடப்பட்டுள்ளது.,இதில் எட்டு இலட்சம் முப்பத்துநான்கு ஆயிரம் முந்நூற்று அறுபத்தொன்று பவுண்ட் முப்பது பென்ஸ் குறிப்பிடப்பட்டுள்ளது .,money
அவர் 148 என்றார்.,அவர் நூற்று நாற்பத்தெட்டு என்றார் .,cardinal
இதில் 10900.89 குறிப்பிடப்பட்டுள்ளது.,இதில் பத்து ஆயிரம் தொள்ளாயிரம் புள்ளி எட்டு ஒன்பது குறிப்பிடப்பட்டுள்ளது .,decimal
8 TB,எட்டு டெராபைட்,measure
8834,எட்டாயிரத்து எண்ணூற்று முப்பத்துநான்கு,cardinal
வணக்கம் நண்பர்களே.,வணக்கம் நண்பர்களே .,word
7:16 மணிக்கு,ஏழு மணி பதினாறு நிமிடம்,time
650.29 GB,அறுநூற்று ஐம்பது புள்ளி இரண்டு ஒன்பது கிகாபைட்~அறுநூற்றைம்பது புள்ளி இரண்டு ஒன்பது கிகாபைட்,measure
9 நாட்கள் ஆயிற்று.,ஒன்பது நாட்கள் ஆயிற்று .,cardinal
அவர் 11வது என்றார்.,அவர் பதினொன்றாவது என்றார் .,ordinal
பள்ளியில் 27 ஆசிரியர்கள் உள்ளனர்.,பள்ளியில் இருபத்தேழு ஆசிரியர்கள் உள்ளனர் .,cardinal
அலுவலக எண் 9693330633.,அலுவலக எண் ஒன்பது ஆறு ஒன்பது மூன்று மூன்று மூன்று பூஜ்யம் ஆறு மூன்று மூன்று .,telephone
1982,ஆயிரத்து தொள்ளாயிரத்து எண்பத்திரண்டு,cardinal
611 நாட்கள் ஆயிற்று.,அறுநூற்றுப்பதினொன்று நாட்கள் ஆயிற்று .,cardinal
கடிதத்தில் 19/09/1906 இருந்தது.,கடிதத்தில் பத்தொன்பது செப்டம்பர் ஆயிரத்து தொள்ளாயிரத்து ஆறு இருந்தது .,date
1922.74 sec,ஆயிரத்து தொள்ளாயிரத்து இருபத்திரண்டு புள்ளி ஏழு நான்கு வினாடி,measure
13:30:00,பதிமூன்று மணி முப்பது நிமிடம்,time
கடைசி தேதி 05-03-1956.,கடைசி தேதி ஐந்து மார்ச் ஆயிரத்து தொள்ளாயிரத்து ஐம்பத்தாறு .,date
1 °C என்று எழுதப்பட்டுள்ளது.,ஒரு டிகிரி செல்சியஸ் என்று எழுதப்பட்டுள்ளது .,measure
வேகம் 6 மி.லி ஆக இருந்தது.,வேகம் ஆறு மில்லிலிட்டர் ஆக இருந்தது .,measure
¥9179,ஒன்பதாயிரத்து நூற்றெழுபத்து ஒன்பது யென்,money
4 மி.லி,நான்கு மில்லிலிட்டர்,measure
1209-2126,ஆயிரத்து இருநூற்று ஒன்பது முதல் இரண்டாயிரத்து நூற்று இருபத்தாறு,range
சராசரி 8.009 ஆகும்.,சராசரி எட்டு புள்ளி பூஜ்யம் பூஜ்யம் ஒன்பது ஆகும் .,decimal
அவர் +91 9461713376 என்றார்.,அவர் பிளஸ் ஒன்பது ஒன்று ஒன்பது நான்கு ஆறு ஒன்று ஏழு ஒன்று மூன்று மூன்று ஏழு ஆறு என்றார் .,telephone
22:37:02 மணிக்கு என்பதை நினைவில் கொள்ளுங்கள்.,இருபத்திரண்டு மணி முப்பத்தேழு நிமிடம் இரண்டு வினாடி என்பதை நினைவில் கொள்ளுங்கள் .,time
"௧௬,௫௯,௪௭,௮௭௯",பதினாறு கோடி ஐம்பத்தொன்பது இலட்சம் நாற்பத்தேழு ஆயிரம் எண்ணூற்று எழுபத்தொன்பது,cardinal
கடிதத்தில் 95333.79 இருந்தது.,கடிதத்தில் தொண்ணூற்றைந்து ஆயிரம் முந்நூற்று முப்பத்துமூன்று புள்ளி ஏழு ஒன்பது இருந்தது .,decimal
30-10-2059,முப்பது அக்டோபர் இரண்டாயிரத்து ஐம்பத்தொன்பது,date
81 லி.,எண்பத்தொன்று லிட்டர்,measure
விலை ₹94 ஆனது 0.793 சதவீதம் உயர்வு.,விலை தொண்ணூற்றுநான்கு ரூபாய் ஆனது பூஜ்யம் புள்ளி ஏழு ஒன்பது மூன்று சதவீதம் உயர்வு .,mixed
32 கி.கி,முப்பத்திரண்டு கிலோகிராம்,measure
07-05-1930 முதல் விற்பனை தொடங்கும்.,ஏழு மே ஆயிரத்து தொள்ளாயிரத்து முப்பது முதல் விற்பனை தொடங்கும் .,date
069-2941295,பூஜ்யம் ஆறு ஒன்பது இரண்டு ஒன்பது நான்கு ஒன்று இரண்டு ஒன்பது ஐந்து,telephone
39-52 என்பதை நினைவில் கொள்ளுங்கள்.,முப்பத்தொன்பது முதல் ஐம்பத்திரண்டு என்பதை நினைவில் கொள்ளுங்கள் .,range
399ஆம் நூற்றாண்டு இலக்கியம்.,முந்நூற்றுத்தொண்ணூற்றொன்பதாம் நூற்றாண்டு இலக்கியம் .,ordinal
இஞ். குமார்,இன்ஜினியர் குமார்,whitelist
9 ft,ஒன்பது அடி,measure
1g பற்றி பேசினோம்.,ஒரு கிராம் பற்றி பேசினோம் .,measure
20-02-1990,இருபது பிப்ரவரி ஆயிரத்து தொள்ளாயிரத்து தொண்ணூறு,date
புகார் எண் +1 9516169177 ஆகும்.,புகார் எண் பிளஸ் ஒன்று ஒன்பது ஐந்து ஒன்று ஆறு ஒன்று ஆறு ஒன்பது ஒன்று ஏழு ஏழு ஆகும் .,telephone
அலுவலக எண் 6023763807.,அலுவலக எண் ஆறு பூஜ்யம் இரண்டு மூன்று ஏழு ஆறு மூன்று எட்டு பூஜ்யம் ஏழு .,telephone
"பள்ளியில் 87,46,76,777 ஆசிரியர்கள் உள்ளனர்.",பள்ளியில் எண்பத்தேழு கோடி நாற்பத்தாறு இலட்சம் எழுபத்தாறு ஆயிரம் எழுநூற்று எழுபத்தேழு ஆசிரியர்கள் உள்ளனர் .,cardinal
23-09-2033,இருபத்துமூன்று செப்டம்பர் இரண்டாயிரத்து முப்பத்துமூன்று,date
88938,எண்பத்தெட்டு ஆயிரம் தொள்ளாயிரத்து முப்பத்தெட்டு,cardinal
மாத சம்பளம் 2224₹ தான்.,மாத சம்பளம் இரண்டாயிரத்து இருநூற்று இருபத்துநான்கு ரூபாய் தான் .,money
வளர்ச்சி விகிதம் 364.4 ஆக இருந்தது.,வளர்ச்சி விகிதம் முந்நூற்று அறுபத்துநான்கு புள்ளி நான்கு ஆக இருந்தது .,decimal
கடிதத்தில் 7164862371 இருந்தது.,கடிதத்தில் ஏழு ஒன்று ஆறு நான்கு எட்டு ஆறு இரண்டு மூன்று ஏழு ஒன்று இருந்தது .,telephone
22.07.2028 அன்று 135 பேர் வந்தனர்.,இருபத்திரண்டு ஜூலை இரண்டாயிரத்து இருபத்தெட்டு அன்று நூற்று முப்பத்தைந்து பேர் வந்தனர் .,mixed
+656305389583,பிளஸ் ஆறு ஐந்து ஆறு மூன்று பூஜ்யம் ஐந்து மூன்று எட்டு ஒன்பது ஐந்து எட்டு மூன்று,telephone
2269746,இருபத்திரண்டு இலட்சம் அறுபத்தொன்பது ஆயிரம் எழுநூற்று நாற்பத்தாறு,cardinal
6:06 மணிக்கு,ஆறு மணி ஆறு நிமிடம்,time
996 நாட்கள் ஆயிற்று.,தொள்ளாயிரத்து தொண்ணூற்றாறு நாட்கள் ஆயிற்று .,cardinal
22,இருபத்திரண்டு,cardinal
இதில் 2 குறிப்பிடப்பட்டுள்ளது.,இதில் இரண்டு குறிப்பிடப்பட்டுள்ளது .,cardinal
புகார் எண் 08-699838 ஆகும்.,புகார் எண் பூஜ்யம் எட்டு ஆறு ஒன்பது ஒன்பது எட்டு மூன்று எட்டு ஆகும் .,telephone
24/03/2081 அன்று விடுமுறை.,இருபத்துநான்கு மார்ச் இரண்டாயிரத்து எண்பத்தொன்று அன்று விடுமுறை .,date
அவள் 150 புத்தகங்கள் வாங்கினாள்.,அவள் நூற்று ஐம்பது புத்தகங்கள் வாங்கினாள் .~அவள் நூற்றைம்பது புத்தகங்கள் வாங்கினாள் .,cardinal
௫/௧௧ என்பதை நினைவில் கொள்ளுங்கள்.,பதினொன்றில் ஐந்து என்பதை நினைவில் கொள்ளுங்கள் .,fraction
நீளம் 37.517 ஆக இருந்தது.,நீளம் முப்பத்தேழு புள்ளி ஐந்து ஒன்று ஏழு ஆக இருந்தது .,decimal
இந்த சட்டை £1804 ஆகும்.,இந்த சட்டை ஆயிரத்து எண்ணூற்று நான்கு பவுண்ட் ஆகும் .,money
€௧௪௦௨.௯௦,ஆயிரத்து நானூற்று இரண்டு யூரோ தொண்ணூறு சென்ட்,money
அவர் ₹5.1 செலுத்தினார்.,அவர் ஐந்து ரூபாய் பத்து பைசா செலுத்தினார் .,money
அவர் 12:29 மணிக்கு என்றார்.,அவர் பன்னிரண்டு மணி இருபத்தொன்பது நிமிடம் என்றார் .,time
இதில் 2kW குறிப்பிடப்பட்டுள்ளது.,இதில் இரண்டு கிலோவாட் குறிப்பிடப்பட்டுள்ளது .,measure
2015-03-27,இரண்டாயிரத்து பதினைந்து மார்ச் இருபத்தேழு,date
16-02-2058 அன்று மழை பெய்தது.,பதினாறு பிப்ரவரி இரண்டாயிரத்து ஐம்பத்தெட்டு அன்று மழை பெய்தது .,date
கூட்டம் 02-08-1984 அன்று நடந்தது.,கூட்டம் இரண்டு ஆகஸ்ட் ஆயிரத்து தொள்ளாயிரத்து எண்பத்துநான்கு அன்று நடந்தது .,date
"36,18,92,562 என்பதை நினைவில் கொள்ளுங்கள்.",முப்பத்தாறு கோடி பதினெட்டு இலட்சம் தொண்ணூற்றிரண்டு ஆயிரம் ஐந்நூற்று அறுபத்திரண்டு என்பதை நினைவில் கொள்ளுங்கள் .,cardinal
வெப்பநிலை ௪௬௬௩L ஆக இருந்தது.,வெப்பநிலை நான்காயிரத்து அறுநூற்று அறுபத்துமூன்று லிட்டர் ஆக இருந்தது .,measure
கடிதத்தில் 5-7 இருந்தது.,கடிதத்தில் ஐந்து முதல் ஏழு இருந்தது .,range
அவர் 8.5 என்றார்.,அவர் எட்டு புள்ளி ஐந்து என்றார் .,decimal
அவன் 396719129 முறை முயன்றான்.,அவன் முப்பத்தொன்பது கோடி அறுபத்தேழு இலட்சம் பத்தொன்பது ஆயிரம் நூற்று இருபத்தொன்பது முறை முயன்றான் .,cardinal
அந்த ஊரில் 3383 வீடுகள் உள்ளன.,அந்த ஊரில் மூன்றாயிரத்து முந்நூற்று எண்பத்துமூன்று வீடுகள் உள்ளன .,cardinal
நான் 56வது நபராக வந்தேன்.,நான் ஐம்பத்தாறாவது நபராக வந்தேன் .,ordinal
7648243007 சரியானது.,ஏழு ஆறு நான்கு எட்டு இரண்டு நான்கு மூன்று பூஜ்யம் பூஜ்யம் ஏழு சரியானது .,telephone
9:24:28,ஒன்பது மணி இருபத்துநான்கு நிமிடம் இருபத்தெட்டு வினாடி,time
96 பற்றி பேசினோம்.,தொண்ணூற்றாறு பற்றி பேசினோம் .,cardinal
செய்தியில் +448410972782 என்று வந்தது.,செய்தியில் பிளஸ் நான்கு நான்கு எட்டு நான்கு ஒன்று பூஜ்யம் ஒன்பது ஏழு இரண்டு ஏழு எட்டு இரண்டு என்று வந்தது .,telephone
01-08-1990,ஒன்று ஆகஸ்ட் ஆயிரத்து தொள்ளாயிரத்து தொண்ணூறு,date
அவர் -4 ஓட்டங்கள் எடுத்தார்.,அவர் மைனஸ் நான்கு ஓட்டங்கள் எடுத்தார் .,cardinal
அவர் புத்தகம் எழுதுகிறார்.,அவர் புத்தகம் எழுதுகிறார் .,word
கடிதத்தில் 9801407966 இருந்தது.,கடிதத்தில் ஒன்பது எட்டு பூஜ்யம் ஒன்று நான்கு பூஜ்யம் ஏழு ஒன்பது ஆறு ஆறு இருந்தது .,telephone
819,எண்ணூற்றுப்பத்தொன்பது,cardinal
35 %,முப்பத்தைந்து சதவீதம்,whitelist
௦௬-௧௩-௧௯௦௪,ஜூன் பதிமூன்று ஆயிரத்து தொள்ளாயிரத்து நான்கு,date
டாக். வேலு மாணவர்கள் தேர்ச்சி பெற்றனர்.,டாக்டர் வேலு மாணவர்கள் தேர்ச்சி பெற்றனர் .,whitelist
99mg,தொண்ணூற்றொன்பது மில்லிகிராம்,measure
செய்தியில் 1வது என்று வந்தது.,செய்தியில் முதலாவது என்று வந்தது .,ordinal
6298054330,ஆறு இரண்டு ஒன்பது எட்டு பூஜ்யம் ஐந்து நான்கு மூன்று மூன்று பூஜ்யம்,telephone
நிகழ்ச்சி 12:59 ஒளிபரப்பாகும்.,நிகழ்ச்சி பன்னிரண்டு மணி ஐம்பத்தொன்பது நிமிடம் ஒளிபரப்பாகும் .,time
18.02.2037,பதினெட்டு பிப்ரவரி இரண்டாயிரத்து முப்பத்தேழு,date
15:53,பதினைந்து மணி ஐம்பத்துமூன்று நிமிடம்,time
பள்ளியில் 9540341369 ஆசிரியர்கள் உள்ளனர்.,பள்ளியில் ஒன்பது ஐந்து நான்கு பூஜ்யம் மூன்று நான்கு ஒன்று மூன்று ஆறு ஒன்பது ஆசிரியர்கள் உள்ளனர் .,cardinal
"இந்த நூலில் ௯௦,௨௮,௫௧,௩௯௨ பக்கங்கள் உள்ளன.",இந்த நூலில் தொண்ணூறு கோடி இருபத்தெட்டு இலட்சம் ஐம்பத்தொன்று ஆயிரம் முந்நூற்றுத்தொண்ணூற்றிரண்டு பக்கங்கள் உள்ளன .,cardinal
அவர் 3வது என்றார்.,அவர் மூன்றாவது என்றார் .,ordinal
அவள் 05 புத்தகங்கள் வாங்கினாள்.,அவள் பூஜ்யம் ஐந்து புத்தகங்கள் வாங்கினாள் .,cardinal
செய்தியில் ₹ ௮௮ என்று வந்தது.,செய்தியில் எண்பத்தெட்டு ரூபாய் என்று வந்தது .,money
38/50,ஐம்பதில் முப்பத்தெட்டு,fraction
1971-07-01,ஆயிரத்து தொள்ளாயிரத்து எழுபத்தொன்று ஜூலை ஒன்று,date
௫௮௨௬,ஐந்தாயிரத்து எண்ணூற்று இருபத்தாறு,cardinal
9036வது,ஒன்பதாயிரத்து முப்பத்தாறாவது,ordinal
8m என்று எழுதப்பட்டுள்ளது.,எட்டு மீட்டர் என்று எழுதப்பட்டுள்ளது .,measure
"Rs6,38,58,106",ஆறு கோடி முப்பத்தெட்டு இலட்சம் ஐம்பத்தெட்டு ஆயிரம் நூற்று ஆறு ரூபாய்,money
2000ல் என்று எழுதப்பட்டுள்ளது.,இரண்டாயிரத்தில் என்று எழுதப்பட்டுள்ளது .,cardinal
89ஆம்,எண்பத்தொன்பதாம்,ordinal
அந்த நிறுவனத்தில் 5502ல் ஊழியர்கள் பணிபுரிகின்றனர்.,அந்த நிறுவனத்தில் ஐந்தாயிரத்து ஐந்நூற்று இரண்டில் ஊழியர்கள் பணிபுரிகின்றனர் .,cardinal
9:14 மணிக்கு என்பதை நினைவில் கொள்ளுங்கள்.,ஒன்பது மணி பதினான்கு நிமிடம் என்பதை நினைவில் கொள்ளுங்கள் .,time
"12,71,06,979",பன்னிரண்டு கோடி எழுபத்தொன்று இலட்சம் ஆறாயிரத்து தொள்ளாயிரத்து எழுபத்தொன்பது,cardinal
1059ல்,ஆயிரத்து ஐம்பத்தொன்பதில்,cardinal
6ஆவது,ஆறாவது,ordinal
+971 7715207601 என்பதை நினைவில் கொள்ளுங்கள்.,பிளஸ் ஒன்பது ஏழு ஒன்று ஏழு ஏழு ஒன்று ஐந்து இரண்டு பூஜ்யம் ஏழு ஆறு பூஜ்யம் ஒன்று என்பதை நினைவில் கொள்ளுங்கள் .,telephone
பெட்டியின் எடை 5317 kW இருக்கும்.,பெட்டியின் எடை ஐந்தாயிரத்து முந்நூற்றுப்பதினேழு கிலோவாட் இருக்கும் .,measure
11-06-2025,பதினொன்று ஜூன் இரண்டாயிரத்து இருபத்தைந்து,date
பை மதிப்பு 385.074 ஆகும்.,பை மதிப்பு முந்நூற்று எண்பத்தைந்து புள்ளி பூஜ்யம் ஏழு நான்கு ஆகும் .,decimal
+91 8197530223,பிளஸ் ஒன்பது ஒன்று எட்டு ஒன்று ஒன்பது ஏழு ஐந்து மூன்று பூஜ்யம் இரண்டு இரண்டு மூன்று,telephone
கூட்டத்தில் 277132179 பேர் வந்தனர்.,கூட்டத்தில் இருபத்தேழு கோடி எழுபத்தொன்று இலட்சம் முப்பத்திரண்டு ஆயிரம் நூற்றெழுபத்து ஒன்பது பேர் வந்தனர் .,cardinal
463 என்று எழுதப்பட்டுள்ளது.,நானூற்று அறுபத்துமூன்று என்று எழுதப்பட்டுள்ளது .,cardinal
இந்த நூலில் 510 பக்கங்கள் உள்ளன.,இந்த நூலில் ஐந்நூற்றுப்பத்து பக்கங்கள் உள்ளன .,cardinal
பிறந்த நாள் 10-02-1741.,பிறந்த நாள் பத்து பிப்ரவரி ஆயிரத்து எழுநூற்று நாற்பத்தொன்று .,date
2740.78 kW தண்ணீர் குடிக்க வேண்டும்.,இரண்டாயிரத்து எழுநூற்று நாற்பது புள்ளி ஏழு எட்டு கிலோவாட் தண்ணீர் குடிக்க வேண்டும் .,measure
6963இல்,ஆறாயிரத்து தொள்ளாயிரத்து அறுபத்துமூன்றில்,cardinal
புரோ. மீனா,பேராசிரியர் மீனா,whitelist
அவர் 3320 ஓட்டங்கள் எடுத்தார்.,அவர் மூன்றாயிரத்து முந்நூற்று இருபது ஓட்டங்கள் எடுத்தார் .,cardinal
இதில் 12 1/2 பங்கு எனக்கு.,இதில் பன்னிரண்டு மற்றும் இரண்டில் ஒன்று பங்கு எனக்கு .,fraction
94556.191 பற்றி பேசினோம்.,தொண்ணூற்றுநான்கு ஆயிரம் ஐந்நூற்று ஐம்பத்தாறு புள்ளி ஒன்று ஒன்பது ஒன்று பற்றி பேசினோம் .,decimal
1629இல்,ஆயிரத்து அறுநூற்று இருபத்தொன்பதில்,cardinal
30-07-2485,முப்பது ஜூலை இரண்டாயிரத்து நானூற்று எண்பத்தைந்து,date
௬¾,ஆறு மற்றும் நான்கில் மூன்று,fraction
௧௦வது,பத்தாவது,ordinal
௩/௧௬,பதினாறில் மூன்று,fraction
கடிதத்தில் 541ஆம் இருந்தது.,கடிதத்தில் ஐந்நூற்று நாற்பத்தொன்றாம் இருந்தது .,ordinal
77வது,எழுபத்தேழாவது,ordinal
9262340,தொண்ணூற்றிரண்டு இலட்சம் அறுபத்திரண்டு ஆயிரம் முந்நூற்று நாற்பது,cardinal
£7580,ஏழாயிரத்து ஐந்நூற்று எண்பது பவுண்ட்~ஏழாயிரத்து ஐந்நூற்றெண்பது பவுண்ட்,money
7055724841,ஏழு பூஜ்யம் ஐந்து ஐந்து ஏழு இரண்டு நான்கு எட்டு நான்கு ஒன்று,telephone
வேகம் 57 cm ஆக இருந்தது.,வேகம் ஐம்பத்தேழு சென்டிமீட்டர் ஆக இருந்தது .,measure
5ஆம்,ஐந்தாம்,ordinal
செய்தியில் 9645641149 என்று வந்தது.,செய்தியில் ஒன்பது ஆறு நான்கு ஐந்து ஆறு நான்கு ஒன்று ஒன்று நான்கு ஒன்பது என்று வந்தது .,telephone
9வது பற்றி பேசினோம்.,ஒன்பதாவது பற்றி பேசினோம் .,ordinal
03-14-2854,மார்ச் பதினான்கு இரண்டாயிரத்து எண்ணூற்று ஐம்பத்துநான்கு,date
891mL,எண்ணூற்றுத்தொண்ணூற்றொன்று மில்லிலிட்டர்,measure
செய்தியில் 64-114 என்று வந்தது.,செய்தியில் அறுபத்துநான்கு முதல் நூற்றுப்பதினான்கு என்று வந்தது .,range
347ஆம்,முந்நூற்று நாற்பத்தேழாம்,ordinal
-4902 °F சரியானது.,மைனஸ் நான்காயிரத்து தொள்ளாயிரத்து இரண்டு டிகிரி பாரன்ஹீட் சரியானது .,measure
அவன் 9 செ.மீ நடந்தான்.,அவன் ஒன்பது சென்டிமீட்டர் நடந்தான் .,measure
அவர் 981 ஓட்டங்கள் எடுத்தார்.,அவர் தொள்ளாயிரத்து எண்பத்தொன்று ஓட்டங்கள் எடுத்தார் .,cardinal
"4,80,67,433",நான்கு கோடி எண்பது இலட்சம் அறுபத்தேழு ஆயிரம் நானூற்று முப்பத்துமூன்று,cardinal
கடிதத்தில் 8168426 இருந்தது.,கடிதத்தில் எண்பத்தொன்று இலட்சம் அறுபத்தெட்டு ஆயிரம் நானூற்று இருபத்தாறு இருந்தது .,cardinal
611,அறுநூற்றுப்பதினொன்று,cardinal
"908,785 என்பதை நினைவில் கொள்ளுங்கள்.",ஒன்பது இலட்சம் எட்டாயிரத்து எழுநூற்று எண்பத்தைந்து என்பதை நினைவில் கொள்ளுங்கள் .,cardinal
மொத்த மதிப்பெண் 9720931.,மொத்த மதிப்பெண் தொண்ணூற்றேழு இலட்சம் இருபது ஆயிரம் தொள்ளாயிரத்து முப்பத்தொன்று .,cardinal
8979447305,எட்டு ஒன்பது ஏழு ஒன்பது நான்கு நான்கு ஏழு மூன்று பூஜ்யம் ஐந்து,telephone
இதில் Rs 9718 குறிப்பிடப்பட்டுள்ளது.,இதில் ஒன்பதாயிரத்து எழுநூற்றுப்பதினெட்டு ரூபாய் குறிப்பிடப்பட்டுள்ளது .,money
அவர் ¥2605.6 என்றார்.,அவர் இரண்டாயிரத்து அறுநூற்று ஐந்து யென் அறுபது சென் என்றார் .,money
இதில் 13/15 குறிப்பிடப்பட்டுள்ளது.,இதில் பதினைந்தில் பதிமூன்று குறிப்பிடப்பட்டுள்ளது .,fraction
553வது,ஐந்நூற்று ஐம்பத்துமூன்றாவது,ordinal
இந்த சட்டை ₹ 1480 ஆகும்.,இந்த சட்டை ஆயிரத்து நானூற்று எண்பது ரூபாய் ஆகும் .,money
இதில் 9562 குறிப்பிடப்பட்டுள்ளது.,இதில் ஒன்பதாயிரத்து ஐந்நூற்று அறுபத்திரண்டு குறிப்பிடப்பட்டுள்ளது .,cardinal
8017238254,எட்டு பூஜ்யம் ஒன்று ஏழு இரண்டு மூன்று எட்டு இரண்டு ஐந்து நான்கு,telephone
மாத சம்பளம் ₹3 தான்.,மாத சம்பளம் மூன்று ரூபாய் தான் .,money
8140689276,எட்டு ஒன்று நான்கு பூஜ்யம் ஆறு எட்டு ஒன்பது இரண்டு ஏழு ஆறு,telephone
+91 7298699051,பிளஸ் ஒன்பது ஒன்று ஏழு இரண்டு ஒன்பது எட்டு ஆறு ஒன்பது ஒன்பது பூஜ்யம் ஐந்து ஒன்று,telephone
"வண்டி எண் 66,03,64,114 ஆகும்.",வண்டி எண் அறுபத்தாறு கோடி மூன்று இலட்சம் அறுபத்துநான்கு ஆயிரம் நூற்றுப்பதினான்கு ஆகும் .,cardinal
9699601075 என்ற எண்ணை 11:35:00 மணிக்கு அழைக்கவும்.,ஒன்பது ஆறு ஒன்பது ஒன்பது ஆறு பூஜ்யம் ஒன்று பூஜ்யம் ஏழு ஐந்து என்ற எண்ணை பதினொன்று மணி முப்பத்தைந்து நிமிடம் அழைக்கவும் .,mixed
52701,ஐம்பத்திரண்டு ஆயிரம் எழுநூற்று ஒன்று,cardinal
இதில் 884 குறிப்பிடப்பட்டுள்ளது.,இதில் எண்ணூற்று எண்பத்துநான்கு குறிப்பிடப்பட்டுள்ளது .,cardinal
கடிதத்தில் ₹86.60 இருந்தது.,கடிதத்தில் எண்பத்தாறு ரூபாய் அறுபது பைசா இருந்தது .,money
-₹100,மைனஸ் நூறு ரூபாய்,money
செய்தியில் 06-6058850 என்று வந்தது.,செய்தியில் பூஜ்யம் ஆறு ஆறு பூஜ்யம் ஐந்து எட்டு எட்டு ஐந்து பூஜ்யம் என்று வந்தது .,telephone
576ஆம்,ஐந்நூற்று எழுபத்தாறாம்,ordinal
03,பூஜ்யம் மூன்று,cardinal
15/16,பதினாறில் பதினைந்து,fraction
அலுவலக எண் 7459019464.,அலுவலக எண் ஏழு நான்கு ஐந்து ஒன்பது பூஜ்யம் ஒன்று ஒன்பது நான்கு ஆறு நான்கு .,telephone
263737520 மாணவர்கள் 15:00 வந்தனர்.,இருபத்தாறு கோடி முப்பத்தேழு இலட்சம் முப்பத்தேழு ஆயிரம் ஐந்நூற்று இருபது மாணவர்கள் பதினைந்து மணி வந்தனர் .,mixed
மாத சம்பளம் 37 ரூ. தான்.,மாத சம்பளம் முப்பத்தேழு ரூபாய் தான் .,money
7122100441,ஏழு ஒன்று இரண்டு இரண்டு ஒன்று பூஜ்யம் பூஜ்யம் நான்கு நான்கு ஒன்று,telephone
4.487 பற்றி பேசினோம்.,நான்கு புள்ளி நான்கு எட்டு ஏழு பற்றி பேசினோம் .,decimal
வளர்ச்சி விகிதம் 3.343 ஆக இருந்தது.,வளர்ச்சி விகிதம் மூன்று புள்ளி மூன்று நான்கு மூன்று ஆக இருந்தது .,decimal
தூரம் 802 yr ஆகும்.,தூரம் எண்ணூற்று இரண்டு ஆண்டு ஆகும் .,measure
38346,முப்பத்தெட்டு ஆயிரம் முந்நூற்று நாற்பத்தாறு,cardinal
அவர் 1305-1476 என்றார்.,அவர் ஆயிரத்து முந்நூற்று ஐந்து முதல் ஆயிரத்து நானூற்று எழுபத்தாறு என்றார் .,range
விலை 66÷11 உயர்ந்தது.,விலை அறுபத்தாறு வகுத்தல் பதினொன்று உயர்ந்தது .,whitelist
12:10,பன்னிரண்டு மணி பத்து நிமிடம்,time
1145ஆவது,ஆயிரத்து நூற்று நாற்பத்தைந்தாவது,ordinal
இதில் +1 7629773848 குறிப்பிடப்பட்டுள்ளது.,இதில் பிளஸ் ஒன்று ஏழு ஆறு இரண்டு ஒன்பது ஏழு ஏழு மூன்று எட்டு நான்கு எட்டு குறிப்பிடப்பட்டுள்ளது .,telephone
மாத சம்பளம் ரூ0.18 தான்.,மாத சம்பளம் பதினெட்டு பைசா தான் .,money
27246.7,இருபத்தேழு ஆயிரம் இருநூற்று நாற்பத்தாறு புள்ளி ஏழு,decimal
"£1,45,51,347.57",ஒரு கோடி நாற்பத்தைந்து இலட்சம் ஐம்பத்தொன்று ஆயிரம் முந்நூற்று நாற்பத்தேழு பவுண்ட் ஐம்பத்தேழு பென்ஸ்,money
மொத்த மதிப்பெண் -௩௮௩௧௮௩௮௭௮.,மொத்த மதிப்பெண் மைனஸ் முப்பத்தெட்டு கோடி முப்பத்தொன்று இலட்சம் எண்பத்துமூன்று ஆயிரம் எண்ணூற்று எழுபத்தெட்டு .,cardinal
52005,ஐம்பத்திரண்டு ஆயிரம் ஐந்து,cardinal
-30,மைனஸ் முப்பது,cardinal
"31,23,28,844",முப்பத்தொன்று கோடி இருபத்துமூன்று இலட்சம் இருபத்தெட்டு ஆயிரம் எண்ணூற்று நாற்பத்துநான்கு,cardinal
30-03-1533 என்பதை நினைவில் கொள்ளுங்கள்.,முப்பது மார்ச் ஆயிரத்து ஐந்நூற்று முப்பத்துமூன்று என்பதை நினைவில் கொள்ளுங்கள் .,date
3060.19 ₹,மூன்றாயிரத்து அறுபது ரூபாய் பத்தொன்பது பைசா,money
"சராசரி 1.51 என்பது 82,77,07,878 மாணவர்களின் கணக்கு.",சராசரி ஒன்று புள்ளி ஐந்து ஒன்று என்பது எண்பத்திரண்டு கோடி எழுபத்தேழு இலட்சம் ஏழாயிரத்து எண்ணூற்று எழுபத்தெட்டு மாணவர்களின் கணக்கு .,mixed
இதில் 3/6 குறிப்பிடப்பட்டுள்ளது.,இதில் ஆறில் மூன்று குறிப்பிடப்பட்டுள்ளது .,fraction
அந்த நிறுவனத்தில் 64இல் ஊழியர்கள் பணிபுரிகின்றனர்.,அந்த நிறுவனத்தில் அறுபத்துநான்கில் ஊழியர்கள் பணிபுரிகின்றனர் .,cardinal
"12-19-1894 அன்று ¥7,36,72,455 செலுத்தினேன்.",டிசம்பர் பத்தொன்பது ஆயிரத்து எண்ணூற்றுத்தொண்ணூற்றுநான்கு அன்று ஏழு கோடி முப்பத்தாறு இலட்சம் எழுபத்திரண்டு ஆயிரம் நானூற்று ஐம்பத்தைந்து யென் செலுத்தினேன் .,mixed
அவர் ரூ 96 என்றார்.,அவர் தொண்ணூற்றாறு ரூபாய் என்றார் .,money
அலுவலக எண் 8296274696.,அலுவலக எண் எட்டு இரண்டு ஒன்பது ஆறு இரண்டு ஏழு நான்கு ஆறு ஒன்பது ஆறு .,telephone
761.21 பற்றி பேசினோம்.,எழுநூற்று அறுபத்தொன்று புள்ளி இரண்டு ஒன்று பற்றி பேசினோம் .,decimal
3.7,மூன்று புள்ளி ஏழு,decimal
11-04-2063 சரியானது.,பதினொன்று ஏப்ரல் இரண்டாயிரத்து அறுபத்துமூன்று சரியானது .,date
"அந்த ஊரில் 85,389 வீடுகள் உள்ளன.",அந்த ஊரில் எண்பத்தைந்து ஆயிரம் முந்நூற்று எண்பத்தொன்பது வீடுகள் உள்ளன .,cardinal
12×2=24,பன்னிரண்டு பெருக்கல் இரண்டு சமம் இருபத்துநான்கு,whitelist
1 கி.மீ அரிசி ₹29.9 ஆகும்.,ஒரு கிலோமீட்டர் அரிசி இருபத்தொன்பது ரூபாய் தொண்ணூறு பைசா ஆகும் .,mixed
27864,இருபத்தேழு ஆயிரம் எண்ணூற்று அறுபத்துநான்கு,cardinal
மதிப்பீடு 7.618.,மதிப்பீடு ஏழு புள்ளி ஆறு ஒன்று எட்டு .,decimal
7144 ac,ஏழாயிரத்து நூற்று நாற்பத்துநான்கு ஏக்கர்,measure
0048-2515946,பூஜ்யம் பூஜ்யம் நான்கு எட்டு இரண்டு ஐந்து ஒன்று ஐந்து ஒன்பது நான்கு ஆறு,telephone
24:38:16 மணிக்கு,இருபத்துநான்கு மணி முப்பத்தெட்டு நிமிடம் பதினாறு வினாடி,time
451413 பற்றி பேசினோம்.,நான்கு இலட்சம் ஐம்பத்தொன்று ஆயிரம் நானூற்றுப்பதிமூன்று பற்றி பேசினோம் .,cardinal
+1 7323464857,பிளஸ் ஒன்று ஏழு மூன்று இரண்டு மூன்று நான்கு ஆறு நான்கு எட்டு ஐந்து ஏழு,telephone
29/11/1930 என்பதை நினைவில் கொள்ளுங்கள்.,இருபத்தொன்பது நவம்பர் ஆயிரத்து தொள்ளாயிரத்து முப்பது என்பதை நினைவில் கொள்ளுங்கள் .,date
49505.767,நாற்பத்தொன்பது ஆயிரம் ஐந்நூற்று ஐந்து புள்ளி ஏழு ஆறு ஏழு,decimal
வளர்ச்சி விகிதம் 385.53 ஆக இருந்தது.,வளர்ச்சி விகிதம் முந்நூற்று எண்பத்தைந்து புள்ளி ஐந்து மூன்று ஆக இருந்தது .,decimal
அவன் 412ஆம் ஆண்டு படிக்கிறான்.,அவன் நானூற்றுப்பன்னிரண்டாம் ஆண்டு படிக்கிறான் .,ordinal
15-வது,பதினைந்தாவது,ordinal
௧௯-௦௫-௧௯௨௨ என்பதை நினைவில் கொள்ளுங்கள்.,பத்தொன்பது மே ஆயிரத்து தொள்ளாயிரத்து இருபத்திரண்டு என்பதை நினைவில் கொள்ளுங்கள் .,date
7105987637 சரியானது.,ஏழு ஒன்று பூஜ்யம் ஐந்து ஒன்பது எட்டு ஏழு ஆறு மூன்று ஏழு சரியானது .,telephone
8 நாட்கள் ஆயிற்று.,எட்டு நாட்கள் ஆயிற்று .,cardinal
1/2 பங்கு அதாவது 1729mi மட்டும் மீதம்.,இரண்டில் ஒன்று பங்கு அதாவது ஆயிரத்து எழுநூற்று இருபத்தொன்பது மைல் மட்டும் மீதம் .,mixed
அவர் Rs 4655 என்றார்.,அவர் நான்காயிரத்து அறுநூற்று ஐம்பத்தைந்து ரூபாய் என்றார் .,money
மொத்தம் 2674இல் மாணவர்கள் உள்ளனர்.,மொத்தம் இரண்டாயிரத்து அறுநூற்று எழுபத்துநான்கில் மாணவர்கள் உள்ளனர் .,cardinal
8.16 சரியானது.,எட்டு புள்ளி ஒன்று ஆறு சரியானது .,decimal
௪௦௧வது,நானூற்று ஒன்றாவது,ordinal
பேருந்து 24:24 கிளம்பும்.,பேருந்து இருபத்துநான்கு மணி இருபத்துநான்கு நிமிடம் கிளம்பும் .,time
செய்தியில் 02-09-1935 என்று வந்தது.,செய்தியில் இரண்டு செப்டம்பர் ஆயிரத்து தொள்ளாயிரத்து முப்பத்தைந்து என்று வந்தது .,date
அவர் 702.2 என்றார்.,அவர் எழுநூற்று இரண்டு புள்ளி இரண்டு என்றார் .,decimal
"இந்த நூலில் 932,303 பக்கங்கள் உள்ளன.",இந்த நூலில் ஒன்பது இலட்சம் முப்பத்திரண்டு ஆயிரம் முந்நூற்று மூன்று பக்கங்கள் உள்ளன .,cardinal
அந்த நிறுவனத்தில் -870 ஊழியர்கள் பணிபுரிகின்றனர்.,அந்த நிறுவனத்தில் மைனஸ் எண்ணூற்று எழுபது ஊழியர்கள் பணிபுரிகின்றனர் .,cardinal
8298.88 ha என்று எழுதப்பட்டுள்ளது.,எட்டாயிரத்து இருநூற்றுத்தொண்ணூற்றெட்டு புள்ளி எட்டு எட்டு ஹெக்டேர் என்று எழுதப்பட்டுள்ளது .,measure
0 கிலோ அரிசி வாங்கினேன்.,பூஜ்யம் கிலோ அரிசி வாங்கினேன் .,cardinal
"இந்த நூலில் 852,795 பக்கங்கள் உள்ளன.",இந்த நூலில் எட்டு இலட்சம் ஐம்பத்திரண்டு ஆயிரம் எழுநூற்றுத்தொண்ணூற்றைந்து பக்கங்கள் உள்ளன .,cardinal
௭௮௮௪௮,எழுபத்தெட்டு ஆயிரம் எண்ணூற்று நாற்பத்தெட்டு,cardinal
9730435598 பற்றி பேசினோம்.,ஒன்பது ஏழு மூன்று பூஜ்யம் நான்கு மூன்று ஐந்து ஐந்து ஒன்பது எட்டு பற்றி பேசினோம் .,telephone
07:47 மணிக்கு,ஏழு மணி நாற்பத்தேழு நிமிடம்,time
அவர் 6/10 என்றார்.,அவர் பத்தில் ஆறு என்றார் .,fraction
5-6 பக்கங்கள் படிக்கவும்.,ஐந்து முதல் ஆறு பக்கங்கள் படிக்கவும் .,range
"இந்த சட்டை ₹1,15,20,544 ஆகும்.",இந்த சட்டை ஒரு கோடி பதினைந்து இலட்சம் இருபது ஆயிரம் ஐந்நூற்று நாற்பத்துநான்கு ரூபாய் ஆகும் .,money
03-17-1918,மார்ச் பதினேழு ஆயிரத்து தொள்ளாயிரத்து பதினெட்டு,date
8/19,பத்தொன்பதில் எட்டு,fraction
6689,ஆறாயிரத்து அறுநூற்று எண்பத்தொன்பது,cardinal
செய்தியில் 367-661 என்று வந்தது.,செய்தியில் முந்நூற்று அறுபத்தேழு முதல் அறுநூற்று அறுபத்தொன்று என்று வந்தது .,range
1063-1922,ஆயிரத்து அறுபத்துமூன்று முதல் ஆயிரத்து தொள்ளாயிரத்து இருபத்திரண்டு,range
23MB பால் வாங்கினேன்.,இருபத்துமூன்று மெகாபைட் பால் வாங்கினேன் .,measure
8590360532,எட்டு ஐந்து ஒன்பது பூஜ்யம் மூன்று ஆறு பூஜ்யம் ஐந்து மூன்று இரண்டு,telephone
47371 சரியானது.,நாற்பத்தேழு ஆயிரம் முந்நூற்று எழுபத்தொன்று சரியானது .,cardinal
மதிப்பீடு 640.812.,மதிப்பீடு அறுநூற்று நாற்பது புள்ளி எட்டு ஒன்று இரண்டு .,decimal
24:18 மணிக்கு என்பதை நினைவில் கொள்ளுங்கள்.,இருபத்துநான்கு மணி பதினெட்டு நிமிடம் என்பதை நினைவில் கொள்ளுங்கள் .,time
அவர் 21-04-1917 அன்று பிறந்தார்.,அவர் இருபத்தொன்று ஏப்ரல் ஆயிரத்து தொள்ளாயிரத்து பதினேழு அன்று பிறந்தார் .,date
19:40:36 மணிக்கு,பத்தொன்பது மணி நாற்பது நிமிடம் முப்பத்தாறு வினாடி,time
"பேருந்து கட்டணம் Rs. 9,76,88,383 ஆகும்.",பேருந்து கட்டணம் ஒன்பது கோடி எழுபத்தாறு இலட்சம் எண்பத்தெட்டு ஆயிரம் முந்நூற்று எண்பத்துமூன்று ரூபாய் ஆகும் .,money
744வது,எழுநூற்று நாற்பத்துநான்காவது,ordinal
4585.45 m,நான்காயிரத்து ஐந்நூற்று எண்பத்தைந்து புள்ளி நான்கு ஐந்து மீட்டர்,measure
தேர்வு 22/11/2001 தேதியில் தொடங்கும்.,தேர்வு இருபத்திரண்டு நவம்பர் இரண்டாயிரத்து ஒன்று தேதியில் தொடங்கும் .,date
ரூ. 61.8,அறுபத்தொன்று ரூபாய் எண்பது பைசா,money
இன்று திங்கட்கிழமை.,இன்று திங்கட்கிழமை .,word
38% பற்றி பேசினோம்.,முப்பத்தெட்டு சதவீதம் பற்றி பேசினோம் .,whitelist
இப்போது மணி 13:56.,இப்போது மணி பதிமூன்று மணி ஐம்பத்தாறு நிமிடம் .,time
9ஆவது சரியானது.,ஒன்பதாவது சரியானது .,ordinal
மதிப்பீடு 76939.37.,மதிப்பீடு எழுபத்தாறு ஆயிரம் தொள்ளாயிரத்து முப்பத்தொன்பது புள்ளி மூன்று ஏழு .,decimal
99 செ.மீ.,தொண்ணூற்றொன்பது சென்டிமீட்டர்,measure
தூரம் 214mL ஆகும்.,தூரம் இருநூற்றுப்பதினான்கு மில்லிலிட்டர் ஆகும் .,measure
அலுவலக எண் 037-72003680.,அலுவலக எண் பூஜ்யம் மூன்று ஏழு ஏழு இரண்டு பூஜ்யம் பூஜ்யம் மூன்று ஆறு எட்டு பூஜ்யம் .,telephone
அவன் 6970964254 முறை முயன்றான்.,அவன் ஆறு ஒன்பது ஏழு பூஜ்யம் ஒன்பது ஆறு நான்கு இரண்டு ஐந்து நான்கு முறை முயன்றான் .,cardinal
"92,98,16,277",தொண்ணூற்றிரண்டு கோடி தொண்ணூற்றெட்டு இலட்சம் பதினாறு ஆயிரம் இருநூற்று எழுபத்தேழு,cardinal
62.8,அறுபத்திரண்டு புள்ளி எட்டு,decimal
20:32 மணிக்கு,இருபது மணி முப்பத்திரண்டு நிமிடம்,time
இதில் 4:02:08 குறிப்பிடப்பட்டுள்ளது.,இதில் நான்கு மணி இரண்டு நிமிடம் எட்டு வினாடி குறிப்பிடப்பட்டுள்ளது .,time
24:39:47,இருபத்துநான்கு மணி முப்பத்தொன்பது நிமிடம் நாற்பத்தேழு வினாடி,time
பள்ளியில் 344 ஆசிரியர்கள் உள்ளனர்.,பள்ளியில் முந்நூற்று நாற்பத்துநான்கு ஆசிரியர்கள் உள்ளனர் .,cardinal
அவள் 86243 புத்தகங்கள் வாங்கினாள்.,அவள் எண்பத்தாறு ஆயிரம் இருநூற்று நாற்பத்துமூன்று புத்தகங்கள் வாங்கினாள் .,cardinal
815,எண்ணூற்றுப்பதினைந்து,cardinal
4.32 ml அரிசி ₹1840.35 ஆகும்.,நான்கு புள்ளி மூன்று இரண்டு மில்லிலிட்டர் அரிசி ஆயிரத்து எண்ணூற்று நாற்பது ரூபாய் முப்பத்தைந்து பைசா ஆகும் .,mixed
Rs696234,ஆறு இலட்சம் தொண்ணூற்றாறு ஆயிரம் இருநூற்று முப்பத்துநான்கு ரூபாய்,money
பதிவு தேதி ௧௬-௦௪-௧௯௭௭ ஆகும்.,பதிவு தேதி பதினாறு ஏப்ரல் ஆயிரத்து தொள்ளாயிரத்து எழுபத்தேழு ஆகும் .,date
இதில் €6197089.6 குறிப்பிடப்பட்டுள்ளது.,இதில் அறுபத்தொன்று இலட்சம் தொண்ணூற்றேழு ஆயிரம் எண்பத்தொன்பது யூரோ அறுபது சென்ட் குறிப்பிடப்பட்டுள்ளது .,money
கடிதத்தில் 53 இருந்தது.,கடிதத்தில் ஐம்பத்துமூன்று இருந்தது .,cardinal
78 doz,எழுபத்தெட்டு டஜன்,measure
இன்றைய விலை 81336.64 ஆக உயர்ந்தது.,இன்றைய விலை எண்பத்தொன்று ஆயிரம் முந்நூற்று முப்பத்தாறு புள்ளி ஆறு நான்கு ஆக உயர்ந்தது .,decimal
பதிவு தேதி 01-07-2025 ஆகும்.,பதிவு தேதி ஒன்று ஜூலை இரண்டாயிரத்து இருபத்தைந்து ஆகும் .,date
கடிதத்தில் 6743137483 இருந்தது.,கடிதத்தில் ஆறு ஏழு நான்கு மூன்று ஒன்று மூன்று ஏழு நான்கு எட்டு மூன்று இருந்தது .,telephone
பை மதிப்பு 892.31 ஆகும்.,பை மதிப்பு எண்ணூற்றுத்தொண்ணூற்றிரண்டு புள்ளி மூன்று ஒன்று ஆகும் .,decimal
இதில் 2198 குறிப்பிடப்பட்டுள்ளது.,இதில் இரண்டாயிரத்து நூற்றுத்தொண்ணூற்றெட்டு குறிப்பிடப்பட்டுள்ளது .,cardinal
நிலத்தில் 28/80 பங்கு விற்றார்.,நிலத்தில் எண்பதில் இருபத்தெட்டு பங்கு விற்றார் .,fraction
கு. லதா மாணவர்கள் தேர்ச்சி பெற்றனர்.,குமாரி லதா மாணவர்கள் தேர்ச்சி பெற்றனர் .,whitelist
"₹ 9,80,49,756",ஒன்பது கோடி எண்பது இலட்சம் நாற்பத்தொன்பது ஆயிரம் எழுநூற்று ஐம்பத்தாறு ரூபாய்,money
எண் 118 சரியானது.,எண் நூற்றுப்பதினெட்டு சரியானது .,cardinal
2997.81mg தண்ணீர் குடிக்க வேண்டும்.,இரண்டாயிரத்து தொள்ளாயிரத்து தொண்ணூற்றேழு புள்ளி எட்டு ஒன்று மில்லிகிராம் தண்ணீர் குடிக்க வேண்டும் .,measure
1000இல் பற்றி பேசினோம்.,ஆயிரத்தில் பற்றி பேசினோம் .,cardinal
16:00,பதினாறு மணி,time
23:56 மணிக்கு,இருபத்துமூன்று மணி ஐம்பத்தாறு நிமிடம்,time
1.0,ஒன்று புள்ளி பூஜ்யம்,decimal
௦௯-௧௦-௧௯௪௫,ஒன்பது அக்டோபர் ஆயிரத்து தொள்ளாயிரத்து நாற்பத்தைந்து,date
14:54,பதினான்கு மணி ஐம்பத்துநான்கு நிமிடம்,time
8830 ha,எட்டாயிரத்து எண்ணூற்று முப்பது ஹெக்டேர்,measure
356,முந்நூற்று ஐம்பத்தாறு,cardinal
€25.79 பற்றி பேசினோம்.,இருபத்தைந்து யூரோ எழுபத்தொன்பது சென்ட் பற்றி பேசினோம் .,money
26.11.2027,இருபத்தாறு நவம்பர் இரண்டாயிரத்து இருபத்தேழு,date
"அவர் 934,533 ஓட்டங்கள் எடுத்தார்.",அவர் ஒன்பது இலட்சம் முப்பத்துநான்கு ஆயிரம் ஐந்நூற்று முப்பத்துமூன்று ஓட்டங்கள் எடுத்தார் .,cardinal
₹60489,அறுபது ஆயிரம் நானூற்று எண்பத்தொன்பது ரூபாய்,money
9203448748 என்பதை நினைவில் கொள்ளுங்கள்.,ஒன்பது இரண்டு பூஜ்யம் மூன்று நான்கு நான்கு எட்டு ஏழு நான்கு எட்டு என்பதை நினைவில் கொள்ளுங்கள் .,telephone
₹ 43.6,நாற்பத்துமூன்று ரூபாய் அறுபது பைசா,money
-16079254,மைனஸ் ஒரு கோடி அறுபது இலட்சம் எழுபத்தொன்பது ஆயிரம் இருநூற்று ஐம்பத்துநான்கு,cardinal
+91 7411645624,பிளஸ் ஒன்பது ஒன்று ஏழு நான்கு ஒன்று ஒன்று ஆறு நான்கு ஐந்து ஆறு இரண்டு நான்கு,telephone
செய்தியில் 73.6% என்று வந்தது.,செய்தியில் எழுபத்துமூன்று புள்ளி ஆறு சதவீதம் என்று வந்தது .,whitelist
07-13-2004,ஜூலை பதிமூன்று இரண்டாயிரத்து நான்கு,date
20-07-1760,இருபது ஜூலை ஆயிரத்து எழுநூற்று அறுபது~இருபது ஜூலை ஆயிரத்து எழுநூற்றறுபது,date
வண்டி எண் 38331 ஆகும்.,வண்டி எண் முப்பத்தெட்டு ஆயிரம் முந்நூற்று முப்பத்தொன்று ஆகும் .,cardinal
15.02.2096,பதினைந்து பிப்ரவரி இரண்டாயிரத்து தொண்ணூற்றாறு,date
16-12-2094 முதல் விற்பனை தொடங்கும்.,பதினாறு டிசம்பர் இரண்டாயிரத்து தொண்ணூற்றுநான்கு முதல் விற்பனை தொடங்கும் .,date
4:40:00 மணிக்கு கிளம்பி ௩௨ கி.கி. நடந்தோம்.,நான்கு மணி நாற்பது நிமிடம் கிளம்பி முப்பத்திரண்டு கிலோகிராம் நடந்தோம் .,mixed
மழை அளவு 6.0 என பதிவானது.,மழை அளவு ஆறு புள்ளி பூஜ்யம் என பதிவானது .,decimal
22:28 மணிக்கு,இருபத்திரண்டு மணி இருபத்தெட்டு நிமிடம்,time
95 l,தொண்ணூற்றைந்து லிட்டர்,measure
"839,363",எட்டு இலட்சம் முப்பத்தொன்பது ஆயிரம் முந்நூற்று அறுபத்துமூன்று,cardinal
1201,ஆயிரத்து இருநூற்று ஒன்று,cardinal
இதில் 95 °C குறிப்பிடப்பட்டுள்ளது.,இதில் தொண்ணூற்றைந்து டிகிரி செல்சியஸ் குறிப்பிடப்பட்டுள்ளது .,measure
3.30 கி.கி. என்று எழுதப்பட்டுள்ளது.,மூன்று புள்ளி மூன்று பூஜ்யம் கிலோகிராம் என்று எழுதப்பட்டுள்ளது .,measure
கடைசி தேதி 29/06/2657.,கடைசி தேதி இருபத்தொன்பது ஜூன் இரண்டாயிரத்து அறுநூற்று ஐம்பத்தேழு .,date
18-10-1962,பதினெட்டு அக்டோபர் ஆயிரத்து தொள்ளாயிரத்து அறுபத்திரண்டு,date
பேருந்து கட்டணம் ¥7089 ஆகும்.,பேருந்து கட்டணம் ஏழாயிரத்து எண்பத்தொன்பது யென் ஆகும் .,money
24470.92 பற்றி பேசினோம்.,இருபத்துநான்கு ஆயிரம் நானூற்று எழுபது புள்ளி ஒன்பது இரண்டு பற்றி பேசினோம் .,decimal
18/10/1938,பதினெட்டு அக்டோபர் ஆயிரத்து தொள்ளாயிரத்து முப்பத்தெட்டு,date
+65 7507660042,பிளஸ் ஆறு ஐந்து ஏழு ஐந்து பூஜ்யம் ஏழு ஆறு ஆறு பூஜ்யம் பூஜ்யம் நான்கு இரண்டு,telephone
மொத்த செலவு Rs.1084.,மொத்த செலவு ஆயிரத்து எண்பத்துநான்கு ரூபாய் .,money
10×5=50,பத்து பெருக்கல் ஐந்து சமம் ஐம்பது,whitelist
௧௫௮வது,நூற்றைம்பத்து எட்டாவது,ordinal
5வது பற்றி பேசினோம்.,ஐந்தாவது பற்றி பேசினோம் .,ordinal
8080841,எண்பது இலட்சம் எண்பது ஆயிரம் எண்ணூற்று நாற்பத்தொன்று,cardinal
கூட்டத்தில் -௪௯௩௦ பேர் வந்தனர்.,கூட்டத்தில் மைனஸ் நான்காயிரத்து தொள்ளாயிரத்து முப்பது பேர் வந்தனர் .,cardinal
விமானம் 15:23 வந்தடையும்.,விமானம் பதினைந்து மணி இருபத்துமூன்று நிமிடம் வந்தடையும் .,time
92/14 என்பதை நினைவில் கொள்ளுங்கள்.,பதினான்கில் தொண்ணூற்றிரண்டு என்பதை நினைவில் கொள்ளுங்கள் .,fraction
24-03-2083,இருபத்துநான்கு மார்ச் இரண்டாயிரத்து எண்பத்துமூன்று,date
01:06,ஒரு மணி ஆறு நிமிடம்,time
35% மாணவர்கள் தேர்ச்சி பெற்றனர்.,முப்பத்தைந்து சதவீதம் மாணவர்கள் தேர்ச்சி பெற்றனர் .,whitelist
௦௨ என்பதை நினைவில் கொள்ளுங்கள்.,பூஜ்யம் இரண்டு என்பதை நினைவில் கொள்ளுங்கள் .,cardinal
97,தொண்ணூற்றேழு,cardinal
14-17,பதினான்கு முதல் பதினேழு,range
9.961,ஒன்பது புள்ளி ஒன்பது ஆறு ஒன்று,decimal
1429,ஆயிரத்து நானூற்று இருபத்தொன்பது,cardinal
£4847,நான்காயிரத்து எண்ணூற்று நாற்பத்தேழு பவுண்ட்,money
9218ஆம்,ஒன்பதாயிரத்து இருநூற்றுப்பதினெட்டாம்,ordinal
€94,தொண்ணூற்றுநான்கு யூரோ,money
"71,73,93,145",எழுபத்தொன்று கோடி எழுபத்துமூன்று இலட்சம் தொண்ணூற்றுமூன்று ஆயிரம் நூற்று நாற்பத்தைந்து,cardinal
மொத்தத்தில் 13/17 பங்கு.,மொத்தத்தில் பதினேழில் பதிமூன்று பங்கு .,fraction
அவர் 7:33 என்றார்.,அவர் ஏழு மணி முப்பத்துமூன்று நிமிடம் என்றார் .,time
18-05-1982,பதினெட்டு மே ஆயிரத்து தொள்ளாயிரத்து எண்பத்திரண்டு,date
9/40,நாற்பதில் ஒன்பது,fraction
23-06-2120 அன்று மழை பெய்தது.,இருபத்துமூன்று ஜூன் இரண்டாயிரத்து நூற்று இருபது அன்று மழை பெய்தது .,date
7981,ஏழாயிரத்து தொள்ளாயிரத்து எண்பத்தொன்று,cardinal
19-04-2114,பத்தொன்பது ஏப்ரல் இரண்டாயிரத்து நூற்றுப்பதினான்கு,date
கடிதத்தில் 3/6 இருந்தது.,கடிதத்தில் ஆறில் மூன்று இருந்தது .,fraction
4821ல்,நான்காயிரத்து எண்ணூற்று இருபத்தொன்றில்,cardinal
69% சரியானது.,அறுபத்தொன்பது சதவீதம் சரியானது .,whitelist
மாத சம்பளம் Rs.9405 தான்.,மாத சம்பளம் ஒன்பதாயிரத்து நானூற்று ஐந்து ரூபாய் தான் .,money
மதிப்பீடு 677.01.,மதிப்பீடு அறுநூற்று எழுபத்தேழு புள்ளி பூஜ்யம் ஒன்று .,decimal
€ 396,முந்நூற்றுத்தொண்ணூற்றாறு யூரோ,money
மழை அளவு 9.976 என பதிவானது.,மழை அளவு ஒன்பது புள்ளி ஒன்பது ஏழு ஆறு என பதிவானது .,decimal
9077943879,ஒன்பது பூஜ்யம் ஏழு ஏழு ஒன்பது நான்கு மூன்று எட்டு ஏழு ஒன்பது,telephone
469வது,நானூற்று அறுபத்தொன்பதாவது,ordinal
பள்ளியில் 802 ஆசிரியர்கள் உள்ளனர்.,பள்ளியில் எண்ணூற்று இரண்டு ஆசிரியர்கள் உள்ளனர் .,cardinal
செய்தியில் 1022-2013 என்று வந்தது.,செய்தியில் ஆயிரத்து இருபத்திரண்டு முதல் இரண்டாயிரத்து பதிமூன்று என்று வந்தது .,range
௬௦௬,அறுநூற்று ஆறு,cardinal
"ரூ. 1,95,32,439",ஒரு கோடி தொண்ணூற்றைந்து இலட்சம் முப்பத்திரண்டு ஆயிரம் நானூற்று முப்பத்தொன்பது ரூபாய்,money
புகார் எண் 05-5271879 ஆகும்.,புகார் எண் பூஜ்யம் ஐந்து ஐந்து இரண்டு ஏழு ஒன்று எட்டு ஏழு ஒன்பது ஆகும் .,telephone
விலை ரூ.6233/- மட்டும்.,விலை ஆறாயிரத்து இருநூற்று முப்பத்துமூன்று ரூபாய் மட்டும் .,money
அளவு 7211.89 ஆக உள்ளது.,அளவு ஏழாயிரத்து இருநூற்றுப்பதினொன்று புள்ளி எட்டு ஒன்பது ஆக உள்ளது .,decimal
வாடகை $31.61 ஆக உயர்ந்தது.,வாடகை முப்பத்தொன்று டாலர் அறுபத்தொன்று சென்ட் ஆக உயர்ந்தது .,money
பதிவு தேதி 2086-02-10 ஆகும்.,பதிவு தேதி இரண்டாயிரத்து எண்பத்தாறு பிப்ரவரி பத்து ஆகும் .,date
good morning everyone,good morning everyone,word
பள்ளியில் 824 ஆசிரியர்கள் உள்ளனர்.,பள்ளியில் எண்ணூற்று இருபத்துநான்கு ஆசிரியர்கள் உள்ளனர் .,cardinal
செய்தியில் 9.8 கோடி என்று வந்தது.,செய்தியில் ஒன்பது புள்ளி எட்டு கோடி என்று வந்தது .,decimal
Rs 97 என்பதை நினைவில் கொள்ளுங்கள்.,தொண்ணூற்றேழு ரூபாய் என்பதை நினைவில் கொள்ளுங்கள் .,money
வண்டி எண் 7576262539512 ஆகும்.,வண்டி எண் ஏழு ஐந்து ஏழு ஆறு இரண்டு ஆறு இரண்டு ஐந்து மூன்று ஒன்பது ஐந்து ஒன்று இரண்டு ஆகும் .,cardinal
விண்ணப்பம் 15-04-2089 அன்று அனுப்பப்பட்டது.,விண்ணப்பம் பதினைந்து ஏப்ரல் இரண்டாயிரத்து எண்பத்தொன்பது அன்று அனுப்பப்பட்டது .,date
439,நானூற்று முப்பத்தொன்பது,cardinal
௪௫௪வது,நானூற்று ஐம்பத்துநான்காவது,ordinal
9.73ரூ. கடன் வாங்கினேன்.,ஒன்பது ரூபாய் எழுபத்துமூன்று பைசா கடன் வாங்கினேன் .,money
செய்தியில் ௭௦-௧௩௩ என்று வந்தது.,செய்தியில் எழுபது முதல் நூற்று முப்பத்துமூன்று என்று வந்தது .,range
செய்தியில் 21-10-2381 என்று வந்தது.,செய்தியில் இருபத்தொன்று அக்டோபர் இரண்டாயிரத்து முந்நூற்று எண்பத்தொன்று என்று வந்தது .,date
பை மதிப்பு 8.17 ஆகும்.,பை மதிப்பு எட்டு புள்ளி ஒன்று ஏழு ஆகும் .,decimal
824-1042 பேருக்கு ¥ 6200 செலவு ஆகும்.,எண்ணூற்று இருபத்துநான்கு முதல் ஆயிரத்து நாற்பத்திரண்டு பேருக்கு ஆறாயிரத்து இருநூறு யென் செலவு ஆகும் .,mixed
எண் 11 சரியானது.,எண் பதினொன்று சரியானது .,cardinal
19-07-1967 சரியானது.,பத்தொன்பது ஜூலை ஆயிரத்து தொள்ளாயிரத்து அறுபத்தேழு சரியானது .,date
07:40:00 மணிக்கு என்று எழுதப்பட்டுள்ளது.,ஏழு மணி நாற்பது நிமிடம் என்று எழுதப்பட்டுள்ளது .,time
அவள் 7145வது வகுப்பு படிக்கிறாள்.,அவள் ஏழாயிரத்து நூற்று நாற்பத்தைந்தாவது வகுப்பு படிக்கிறாள் .,ordinal
௦௫:௦௧,ஐந்து மணி ஒன்று நிமிடம்,time
இதில் -72261100 குறிப்பிடப்பட்டுள்ளது.,இதில் மைனஸ் ஏழு கோடி இருபத்திரண்டு இலட்சம் அறுபத்தொன்று ஆயிரம் நூறு குறிப்பிடப்பட்டுள்ளது .,cardinal
ரூ.31 /- என்பதை நினைவில் கொள்ளுங்கள்.,முப்பத்தொன்று ரூபாய் என்பதை நினைவில் கொள்ளுங்கள் .,money
8754.61GB,எட்டாயிரத்து எழுநூற்று ஐம்பத்துநான்கு புள்ளி ஆறு ஒன்று கிகாபைட்,measure
கூட்டம் 12.01.2037 அன்று நடந்தது.,கூட்டம் பன்னிரண்டு ஜனவரி இரண்டாயிரத்து முப்பத்தேழு அன்று நடந்தது .,date
பேருந்து கட்டணம் 9685.70ரூ. ஆகும்.,பேருந்து கட்டணம் ஒன்பதாயிரத்து அறுநூற்று எண்பத்தைந்து ரூபாய் எழுபது பைசா ஆகும் .,money
அவர் 1158-1326 என்றார்.,அவர் ஆயிரத்து நூற்றைம்பத்து எட்டு முதல் ஆயிரத்து முந்நூற்று இருபத்தாறு என்றார் .,range
கடிதத்தில் 6×1=6 இருந்தது.,கடிதத்தில் ஆறு பெருக்கல் ஒன்று சமம் ஆறு இருந்தது .,whitelist
௭.௦௬,ஏழு புள்ளி பூஜ்யம் ஆறு,decimal
11/12/1905,பதினொன்று டிசம்பர் ஆயிரத்து தொள்ளாயிரத்து ஐந்து,date
கடிதத்தில் 9mL இருந்தது.,கடிதத்தில் ஒன்பது மில்லிலிட்டர் இருந்தது .,measure
19:14 மணிக்கு,பத்தொன்பது மணி பதினான்கு நிமிடம்,time
22-38 என்று எழுதப்பட்டுள்ளது.,இருபத்திரண்டு முதல் முப்பத்தெட்டு என்று எழுதப்பட்டுள்ளது .,range
பை மதிப்பு 215.19 ஆகும்.,பை மதிப்பு இருநூற்றுப்பதினைந்து புள்ளி ஒன்று ஒன்பது ஆகும் .,decimal
ரயில் 10:26:36 புறப்படும்.,ரயில் பத்து மணி இருபத்தாறு நிமிடம் முப்பத்தாறு வினாடி புறப்படும் .,time
"விலை Rs ௩௫,௧௬,௬௨௯ மட்டும்.",விலை முப்பத்தைந்து இலட்சம் பதினாறு ஆயிரம் அறுநூற்று இருபத்தொன்பது ரூபாய் மட்டும் .,money
திருமணம் 02-18-1914 அன்று நடைபெறும்.,திருமணம் பிப்ரவரி பதினெட்டு ஆயிரத்து தொள்ளாயிரத்து பதினான்கு அன்று நடைபெறும் .,date
1/5 பற்றி பேசினோம்.,ஐந்தில் ஒன்று பற்றி பேசினோம் .,fraction
மொத்த மதிப்பெண் 995.,மொத்த மதிப்பெண் தொள்ளாயிரத்து தொண்ணூற்றைந்து .,cardinal
7135912461,ஏழு ஒன்று மூன்று ஐந்து ஒன்பது ஒன்று இரண்டு நான்கு ஆறு ஒன்று,telephone
14/12/2078,பதினான்கு டிசம்பர் இரண்டாயிரத்து எழுபத்தெட்டு,date
விண்ணப்பம் 07-10-2064 அன்று அனுப்பப்பட்டது.,விண்ணப்பம் ஏழு அக்டோபர் இரண்டாயிரத்து அறுபத்துநான்கு அன்று அனுப்பப்பட்டது .,date
பள்ளியில் 8998 ஆசிரியர்கள் உள்ளனர்.,பள்ளியில் எட்டாயிரத்து தொள்ளாயிரத்து தொண்ணூற்றெட்டு ஆசிரியர்கள் உள்ளனர் .,cardinal
3,மூன்று,cardinal
இப்போது மணி 17:00.,இப்போது மணி பதினேழு மணி .,time
அவர் 7.621 என்றார்.,அவர் ஏழு புள்ளி ஆறு இரண்டு ஒன்று என்றார் .,decimal
7208,ஏழாயிரத்து இருநூற்று எட்டு,cardinal
11/13,பதிமூன்றில் பதினொன்று,fraction
அந்த நிலம் ₹ 7831.44 விலை போனது.,அந்த நிலம் ஏழாயிரத்து எண்ணூற்று முப்பத்தொன்று ரூபாய் நாற்பத்துநான்கு பைசா விலை போனது .,money
நீளம் 19499.7 ஆக இருந்தது.,நீளம் பத்தொன்பது ஆயிரம் நானூற்றுத்தொண்ணூற்றொன்பது புள்ளி ஏழு ஆக இருந்தது .,decimal
1338-2510,ஆயிரத்து முந்நூற்று முப்பத்தெட்டு முதல் இரண்டாயிரத்து ஐந்நூற்றுப்பத்து,range
33122₹,முப்பத்துமூன்று ஆயிரம் நூற்று இருபத்திரண்டு ரூபாய்,money
"99,36,27,092 பேருக்கு Rs.25,61,891 கொடுத்தேன்.",தொண்ணூற்றொன்பது கோடி முப்பத்தாறு இலட்சம் இருபத்தேழு ஆயிரம் தொண்ணூற்றிரண்டு பேருக்கு இருபத்தைந்து இலட்சம் அறுபத்தொன்று ஆயிரம் எண்ணூற்றுத்தொண்ணூற்றொன்று ரூபாய் கொடுத்தேன் .,mixed
எண் 87469 சரியானது.,எண் எண்பத்தேழு ஆயிரம் நானூற்று அறுபத்தொன்பது சரியானது .,cardinal
64291,அறுபத்துநான்கு ஆயிரம் இருநூற்றுத்தொண்ணூற்றொன்று,cardinal
41.57sec,நாற்பத்தொன்று புள்ளி ஐந்து ஏழு வினாடி,measure
27/04/1957 என்று எழுதப்பட்டுள்ளது.,இருபத்தேழு ஏப்ரல் ஆயிரத்து தொள்ளாயிரத்து ஐம்பத்தேழு என்று எழுதப்பட்டுள்ளது .,date
அவன் 3860.312 மதிப்பெண் பெற்றான்.,அவன் மூன்றாயிரத்து எண்ணூற்று அறுபது புள்ளி மூன்று ஒன்று இரண்டு மதிப்பெண் பெற்றான் .,decimal
12:16:19 மணிக்கு,பன்னிரண்டு மணி பதினாறு நிமிடம் பத்தொன்பது வினாடி,time
எனக்கு 48193 வயது.,எனக்கு நாற்பத்தெட்டு ஆயிரம் நூற்றுத்தொண்ணூற்றுமூன்று வயது .,cardinal
"2,000,000",இருபது இலட்சம்,cardinal
செய்தியில் 23-11-1997 என்று வந்தது.,செய்தியில் இருபத்துமூன்று நவம்பர் ஆயிரத்து தொள்ளாயிரத்து தொண்ணூற்றேழு என்று வந்தது .,date
30% சரியானது.,முப்பது சதவீதம் சரியானது .,whitelist
18-04-1960,பதினெட்டு ஏப்ரல் ஆயிரத்து தொள்ளாயிரத்து அறுபது,date
19 ரூ.,பத்தொன்பது ரூபாய்,money
5°C,ஐந்து டிகிரி செல்சியஸ்,measure
9வது,ஒன்பதாவது,ordinal
16-06-1982,பதினாறு ஜூன் ஆயிரத்து தொள்ளாயிரத்து எண்பத்திரண்டு,date
70-111 கிலோ எடை வேண்டும்.,எழுபது முதல் நூற்றுப்பதினொன்று கிலோ எடை வேண்டும் .,range
-9.308,மைனஸ் ஒன்பது புள்ளி மூன்று பூஜ்யம் எட்டு,decimal
செய்தியில் 6/9 என்று வந்தது.,செய்தியில் ஒன்பதில் ஆறு என்று வந்தது .,fraction
04:06,நான்கு மணி ஆறு நிமிடம்,time
கடிதத்தில் 2049-01-21 இருந்தது.,கடிதத்தில் இரண்டாயிரத்து நாற்பத்தொன்பது ஜனவரி இருபத்தொன்று இருந்தது .,date
"மொத்தம் 27,935 மாணவர்கள் உள்ளனர்.",மொத்தம் இருபத்தேழு ஆயிரம் தொள்ளாயிரத்து முப்பத்தைந்து மாணவர்கள் உள்ளனர் .,cardinal
பரிசுத் தொகை ¥9561.,பரிசுத் தொகை ஒன்பதாயிரத்து ஐந்நூற்று அறுபத்தொன்று யென் .,money
+657521394003 என்ற எண்ணை அழைக்கவும்.,பிளஸ் ஆறு ஐந்து ஏழு ஐந்து இரண்டு ஒன்று மூன்று ஒன்பது நான்கு பூஜ்யம் பூஜ்யம் மூன்று என்ற எண்ணை அழைக்கவும் .,telephone
இது அவரது 2958வது புத்தகம்.,இது அவரது இரண்டாயிரத்து தொள்ளாயிரத்து ஐம்பத்தெட்டாவது புத்தகம் .,ordinal
அவர் ¾ என்றார்.,அவர் நான்கில் மூன்று என்றார் .,fraction
விமானம் ௦௭:௫௫ மணிக்கு வந்தடையும்.,விமானம் ஏழு மணி ஐம்பத்தைந்து நிமிடம் வந்தடையும் .,time
"ரூ.42,68,686",நாற்பத்திரண்டு இலட்சம் அறுபத்தெட்டு ஆயிரம் அறுநூற்று எண்பத்தாறு ரூபாய்,money
மொத்த மதிப்பெண் 867.,மொத்த மதிப்பெண் எண்ணூற்று அறுபத்தேழு .,cardinal
6280938465,ஆறு இரண்டு எட்டு பூஜ்யம் ஒன்பது மூன்று எட்டு நான்கு ஆறு ஐந்து,telephone
05-03-1973 என்பதை நினைவில் கொள்ளுங்கள்.,ஐந்து மார்ச் ஆயிரத்து தொள்ளாயிரத்து எழுபத்துமூன்று என்பதை நினைவில் கொள்ளுங்கள் .,date
அவர் 19:01 மணிக்கு என்றார்.,அவர் பத்தொன்பது மணி ஒன்று நிமிடம் என்றார் .,time
21-11-1398,இருபத்தொன்று நவம்பர் ஆயிரத்து முந்நூற்றுத்தொண்ணூற்றெட்டு,date
23-11-2028,இருபத்துமூன்று நவம்பர் இரண்டாயிரத்து இருபத்தெட்டு,date
01-06-2021,ஒன்று ஜூன் இரண்டாயிரத்து இருபத்தொன்று,date
06:19,ஆறு மணி பத்தொன்பது நிமிடம்,time
இன்று 599 பேர் வருகை தந்தனர்.,இன்று ஐந்நூற்றுத்தொண்ணூற்றொன்பது பேர் வருகை தந்தனர் .,cardinal
நிகழ்ச்சி 17:00 மணிக்கு ஒளிபரப்பாகும்.,நிகழ்ச்சி பதினேழு மணி ஒளிபரப்பாகும் .,time
+971 7689424870,பிளஸ் ஒன்பது ஏழு ஒன்று ஏழு ஆறு எட்டு ஒன்பது நான்கு இரண்டு நான்கு எட்டு ஏழு பூஜ்யம்,telephone
31-10-2841 என்பதை நினைவில் கொள்ளுங்கள்.,முப்பத்தொன்று அக்டோபர் இரண்டாயிரத்து எண்ணூற்று நாற்பத்தொன்று என்பதை நினைவில் கொள்ளுங்கள் .,date
2081.73oz,இரண்டாயிரத்து எண்பத்தொன்று புள்ளி ஏழு மூன்று அவுன்ஸ்,measure
அவர் ₹ 1644.1 என்றார்.,அவர் ஆயிரத்து அறுநூற்று நாற்பத்துநான்கு ரூபாய் பத்து பைசா என்றார் .,money
எனக்கு 1000ல் வயது.,எனக்கு ஆயிரத்தில் வயது .,cardinal
0225-751100,பூஜ்யம் இரண்டு இரண்டு ஐந்து ஏழு ஐந்து ஒன்று ஒன்று பூஜ்யம் பூஜ்யம்,telephone
7 மீ.,ஏழு மீட்டர்,measure
விமானம் 7:12:10 வந்தடையும்.,விமானம் ஏழு மணி பன்னிரண்டு நிமிடம் பத்து வினாடி வந்தடையும் .,time
ரயில் 15:55 புறப்படும்.,ரயில் பதினைந்து மணி ஐம்பத்தைந்து நிமிடம் புறப்படும் .,time
2¼,இரண்டு மற்றும் நான்கில் ஒன்று,fraction
07:50 என்பதை நினைவில் கொள்ளுங்கள்.,ஏழு மணி ஐம்பது நிமிடம் என்பதை நினைவில் கொள்ளுங்கள் .,time
+91 7654714994,பிளஸ் ஒன்பது ஒன்று ஏழு ஆறு ஐந்து நான்கு ஏழு ஒன்று நான்கு ஒன்பது ஒன்பது நான்கு,telephone
£6859.43 கடன் வாங்கினேன்.,ஆறாயிரத்து எண்ணூற்று ஐம்பத்தொன்பது பவுண்ட் நாற்பத்துமூன்று பென்ஸ் கடன் வாங்கினேன் .,money
பரிசுத் தொகை ₹74.,பரிசுத் தொகை எழுபத்துநான்கு ரூபாய் .,money
௬௩௫௯௯.௭ பற்றி பேசினோம்.,அறுபத்துமூன்று ஆயிரம் ஐந்நூற்றுத்தொண்ணூற்றொன்பது புள்ளி ஏழு பற்றி பேசினோம் .,decimal
வண்டி எண் 485 ஆகும்.,வண்டி எண் நானூற்று எண்பத்தைந்து ஆகும் .,cardinal
Rs.13 என்று எழுதப்பட்டுள்ளது.,பதிமூன்று ரூபாய் என்று எழுதப்பட்டுள்ளது .,money
6/15 பங்கு அதாவது 92 TB மட்டும் மீதம்.,பதினைந்தில் ஆறு பங்கு அதாவது தொண்ணூற்றிரண்டு டெராபைட் மட்டும் மீதம் .,mixed
கூட்டத்தில் 02 பேர் வந்தனர்.,கூட்டத்தில் பூஜ்யம் இரண்டு பேர் வந்தனர் .,cardinal
செய்தியில் 27385.242 என்று வந்தது.,செய்தியில் இருபத்தேழு ஆயிரம் முந்நூற்று எண்பத்தைந்து புள்ளி இரண்டு நான்கு இரண்டு என்று வந்தது .,decimal
இப்போது மணி 15:29 மணிக்கு.,இப்போது மணி பதினைந்து மணி இருபத்தொன்பது நிமிடம் .,time
5.415,ஐந்து புள்ளி நான்கு ஒன்று ஐந்து,decimal
42ஆவது,நாற்பத்திரண்டாவது,ordinal
அவர் 12வது என்றார்.,அவர் பன்னிரண்டாவது என்றார் .,ordinal
"6,29,39,673 ரூ",ஆறு கோடி இருபத்தொன்பது இலட்சம் முப்பத்தொன்பது ஆயிரம் அறுநூற்று எழுபத்துமூன்று ரூபாய்,money
1329843,பதிமூன்று இலட்சம் இருபத்தொன்பது ஆயிரம் எண்ணூற்று நாற்பத்துமூன்று,cardinal
விலை 872-1128 வரை இருக்கும்.,விலை எண்ணூற்று எழுபத்திரண்டு முதல் ஆயிரத்து நூற்று இருபத்தெட்டு வரை இருக்கும் .,range
கூட்டத்தில் 59 பேர் வந்தனர்.,கூட்டத்தில் ஐம்பத்தொன்பது பேர் வந்தனர் .,cardinal
29 என்று எழுதப்பட்டுள்ளது.,இருபத்தொன்பது என்று எழுதப்பட்டுள்ளது .,cardinal
9/11,பதினொன்றில் ஒன்பது,fraction
23%,இருபத்துமூன்று சதவீதம்,whitelist
276 என்று எழுதப்பட்டுள்ளது.,இருநூற்று எழுபத்தாறு என்று எழுதப்பட்டுள்ளது .,cardinal
செய்தியில் 05-03-1940 என்று வந்தது.,செய்தியில் ஐந்து மார்ச் ஆயிரத்து தொள்ளாயிரத்து நாற்பது என்று வந்தது .,date
மழை அளவு 82129.375 என பதிவானது.,மழை அளவு எண்பத்திரண்டு ஆயிரம் நூற்று இருபத்தொன்பது புள்ளி மூன்று ஏழு ஐந்து என பதிவானது .,decimal
கடிதத்தில் 1924-05-16 இருந்தது.,கடிதத்தில் ஆயிரத்து தொள்ளாயிரத்து இருபத்துநான்கு மே பதினாறு இருந்தது .,date
கூட்டம் 17:35 தொடங்கும்.,கூட்டம் பதினேழு மணி முப்பத்தைந்து நிமிடம் தொடங்கும் .,time
கடிதத்தில் 32057.36 இருந்தது.,கடிதத்தில் முப்பத்திரண்டு ஆயிரம் ஐம்பத்தேழு புள்ளி மூன்று ஆறு இருந்தது .,decimal
9199,ஒன்பதாயிரத்து நூற்றுத்தொண்ணூற்றொன்பது,cardinal
இது அவரது 510வது புத்தகம்.,இது அவரது ஐந்நூற்றுப்பத்தாவது புத்தகம் .,ordinal
534 என்பதை நினைவில் கொள்ளுங்கள்.,ஐந்நூற்று முப்பத்துநான்கு என்பதை நினைவில் கொள்ளுங்கள் .,cardinal
82 mm,எண்பத்திரண்டு மில்லிமீட்டர்,measure
"60,66,14,947 சரியானது.",அறுபது கோடி அறுபத்தாறு இலட்சம் பதினான்கு ஆயிரம் தொள்ளாயிரத்து நாற்பத்தேழு சரியானது .,cardinal
20 என்பதை நினைவில் கொள்ளுங்கள்.,இருபது என்பதை நினைவில் கொள்ளுங்கள் .,cardinal
வண்டி எண் 958 ஆகும்.,வண்டி எண் தொள்ளாயிரத்து ஐம்பத்தெட்டு ஆகும் .,cardinal
Rs ௪௪,நாற்பத்துநான்கு ரூபாய்,money
€௬௪௨௫.௪௨,ஆறாயிரத்து நானூற்று இருபத்தைந்து யூரோ நாற்பத்திரண்டு சென்ட்,money
"கூட்டத்தில் 136,268 பேர் வந்தனர்.",கூட்டத்தில் ஒரு இலட்சம் முப்பத்தாறு ஆயிரம் இருநூற்று அறுபத்தெட்டு பேர் வந்தனர் .,cardinal
நிலத்தில் 2/3 பங்கு விற்றார்.,நிலத்தில் மூன்றில் இரண்டு பங்கு விற்றார் .,fraction
நீளம் 6.54 ஆக இருந்தது.,நீளம் ஆறு புள்ளி ஐந்து நான்கு ஆக இருந்தது .,decimal
அளவு ௧௭௫௪௯.௧௮௧ ஆக உள்ளது.,அளவு பதினேழு ஆயிரம் ஐந்நூற்று நாற்பத்தொன்பது புள்ளி ஒன்று எட்டு ஒன்று ஆக உள்ளது .,decimal
53698722750,ஐந்து மூன்று ஆறு ஒன்பது எட்டு ஏழு இரண்டு இரண்டு ஏழு ஐந்து பூஜ்யம்,cardinal
௧௩-௧௧-௨௦௧௩ அன்று விடுமுறை.,பதிமூன்று நவம்பர் இரண்டாயிரத்து பதிமூன்று அன்று விடுமுறை .,date
6/9,ஒன்பதில் ஆறு,fraction
கடிதத்தில் 7.96 செ.மீ. இருந்தது.,கடிதத்தில் ஏழு புள்ளி ஒன்பது ஆறு சென்டிமீட்டர் இருந்தது .,measure
அவர் -23500.3 என்றார்.,அவர் மைனஸ் இருபத்துமூன்று ஆயிரம் ஐந்நூறு புள்ளி மூன்று என்றார் .,decimal
விண்ணப்பம் 29-07-1947 அன்று அனுப்பப்பட்டது.,விண்ணப்பம் இருபத்தொன்பது ஜூலை ஆயிரத்து தொள்ளாயிரத்து நாற்பத்தேழு அன்று அனுப்பப்பட்டது .,date
பரிசுத் தொகை ரூ4326.,பரிசுத் தொகை நான்காயிரத்து முந்நூற்று இருபத்தாறு ரூபாய் .,money
காலை உணவு தயாராக உள்ளது.,காலை உணவு தயாராக உள்ளது .,word
புரோ. சுரேஷ் மாணவர்கள் தேர்ச்சி பெற்றனர்.,பேராசிரியர் சுரேஷ் மாணவர்கள் தேர்ச்சி பெற்றனர் .,whitelist
கூட்டம் 04:00:57 தொடங்கும்.,கூட்டம் நான்கு மணி ஐம்பத்தேழு வினாடி தொடங்கும் .,time
70-90 நாட்கள் ஆகும்.,எழுபது முதல் தொண்ணூறு நாட்கள் ஆகும் .,range
௨௩:௪௦,இருபத்துமூன்று மணி நாற்பது நிமிடம்,time
1179 கி.கி.,ஆயிரத்து நூற்றெழுபத்து ஒன்பது கிலோகிராம்,measure
இந்த மூட்டை 4025 மி.லி. எடை உள்ளது.,இந்த மூட்டை நான்காயிரத்து இருபத்தைந்து மில்லிலிட்டர் எடை உள்ளது .,measure
எங்கள் ஊர் அழகானது.,எங்கள் ஊர் அழகானது .,word
மொத்தத்தில் 9/20 பங்கு.,மொத்தத்தில் இருபதில் ஒன்பது பங்கு .,fraction
£314088072,முப்பத்தொன்று கோடி நாற்பது இலட்சம் எண்பத்தெட்டு ஆயிரம் எழுபத்திரண்டு பவுண்ட்,money
கடிதத்தில் 1000ல் இருந்தது.,கடிதத்தில் ஆயிரத்தில் இருந்தது .,cardinal
20ல்,இருபதில்,cardinal
6/19,பத்தொன்பதில் ஆறு,fraction
08-83303030,பூஜ்யம் எட்டு எட்டு மூன்று மூன்று பூஜ்யம் மூன்று பூஜ்யம் மூன்று பூஜ்யம்,telephone
பதிவு தேதி 24-05-2001 ஆகும்.,பதிவு தேதி இருபத்துநான்கு மே இரண்டாயிரத்து ஒன்று ஆகும் .,date
1666.13 மீ.,ஆயிரத்து அறுநூற்று அறுபத்தாறு புள்ளி ஒன்று மூன்று மீட்டர்,measure
20:00,இருபது மணி,time
இந்த மூட்டை 50 செ.மீ. எடை உள்ளது.,இந்த மூட்டை ஐம்பது சென்டிமீட்டர் எடை உள்ளது .,measure
3/12,பன்னிரண்டில் மூன்று,fraction
திருமணம் 03-20-2396 அன்று நடைபெறும்.,திருமணம் மார்ச் இருபது இரண்டாயிரத்து முந்நூற்றுத்தொண்ணூற்றாறு அன்று நடைபெறும் .,date
5.363,ஐந்து புள்ளி மூன்று ஆறு மூன்று,decimal
விமானம் 2:43 வந்தடையும்.,விமானம் இரண்டு மணி நாற்பத்துமூன்று நிமிடம் வந்தடையும் .,time
6:13,ஆறு மணி பதிமூன்று நிமிடம்,time
15 17/18 பங்கு வேலை முடிந்தது.,பதினைந்து மற்றும் பதினெட்டில் பதினேழு பங்கு வேலை முடிந்தது .,fraction
அவள் -6 புத்தகங்கள் வாங்கினாள்.,அவள் மைனஸ் ஆறு புத்தகங்கள் வாங்கினாள் .,cardinal
21:41:05,இருபத்தொன்று மணி நாற்பத்தொன்று நிமிடம் ஐந்து வினாடி,time
8.93,எட்டு புள்ளி ஒன்பது மூன்று,decimal
8384842116,எட்டு மூன்று எட்டு நான்கு எட்டு நான்கு இரண்டு ஒன்று ஒன்று ஆறு,telephone
94,தொண்ணூற்றுநான்கு,cardinal
15-04-2033,பதினைந்து ஏப்ரல் இரண்டாயிரத்து முப்பத்துமூன்று,date
1 கி.மீ.,ஒரு கிலோமீட்டர்,measure
918,தொள்ளாயிரத்து பதினெட்டு,cardinal
வாடகை ¥௮௨ ஆக உயர்ந்தது.,வாடகை எண்பத்திரண்டு யென் ஆக உயர்ந்தது .,money
4/17,பதினேழில் நான்கு,fraction
02-05-1949 அன்று 3 GB மழை பெய்தது.,இரண்டு மே ஆயிரத்து தொள்ளாயிரத்து நாற்பத்தொன்பது அன்று மூன்று கிகாபைட் மழை பெய்தது .,mixed
அவர் 7180 ஓட்டங்கள் எடுத்தார்.,அவர் ஏழாயிரத்து நூற்று எண்பது ஓட்டங்கள் எடுத்தார் .~அவர் ஏழாயிரத்து நூற்றெண்பது ஓட்டங்கள் எடுத்தார் .,cardinal
இதில் ௧௩-௦௫-௧௯௬௮ குறிப்பிடப்பட்டுள்ளது.,இதில் பதிமூன்று மே ஆயிரத்து தொள்ளாயிரத்து அறுபத்தெட்டு குறிப்பிடப்பட்டுள்ளது .,date
அவர் ௨௦௮௯௧௫௦௯௫௩௯௭௩ ஓட்டங்கள் எடுத்தார்.,அவர் இரண்டு பூஜ்யம் எட்டு ஒன்பது ஒன்று ஐந்து பூஜ்யம் ஒன்பது ஐந்து மூன்று ஒன்பது ஏழு மூன்று ஓட்டங்கள் எடுத்தார் .,cardinal
நாள் 04-03-1963 என்று குறிக்கப்பட்டுள்ளது.,நாள் நான்கு மார்ச் ஆயிரத்து தொள்ளாயிரத்து அறுபத்துமூன்று என்று குறிக்கப்பட்டுள்ளது .,date
"333,951",மூன்று இலட்சம் முப்பத்துமூன்று ஆயிரம் தொள்ளாயிரத்து ஐம்பத்தொன்று,cardinal
பெட்டியின் எடை 92.75 ml இருக்கும்.,பெட்டியின் எடை தொண்ணூற்றிரண்டு புள்ளி ஏழு ஐந்து மில்லிலிட்டர் இருக்கும் .,measure
மொத்தத்தில் 7/19 பங்கு.,மொத்தத்தில் பத்தொன்பதில் ஏழு பங்கு .,fraction
7 மி.லி.,ஏழு மில்லிலிட்டர்,measure
இப்போது மணி 23:09:07.,இப்போது மணி இருபத்துமூன்று மணி ஒன்பது நிமிடம் ஏழு வினாடி .,time
செய்தியில் ௧௬/௦௯/௨௦௭௭ என்று வந்தது.,செய்தியில் பதினாறு செப்டம்பர் இரண்டாயிரத்து எழுபத்தேழு என்று வந்தது .,date
46/70 என்று எழுதப்பட்டுள்ளது.,எழுபதில் நாற்பத்தாறு என்று எழுதப்பட்டுள்ளது .,fraction
ரூ565.9 கடன் வாங்கினேன்.,ஐந்நூற்று அறுபத்தைந்து ரூபாய் தொண்ணூறு பைசா கடன் வாங்கினேன் .,money
மொத்த செலவு ₹4877.,மொத்த செலவு நான்காயிரத்து எண்ணூற்று எழுபத்தேழு ரூபாய் .,money
98 %,தொண்ணூற்றெட்டு சதவீதம்,whitelist
அவன் 5957ஆம் ஆண்டு படிக்கிறான்.,அவன் ஐந்தாயிரத்து தொள்ளாயிரத்து ஐம்பத்தேழாம் ஆண்டு படிக்கிறான் .,ordinal
மாத சம்பளம் Rs.983 தான்.,மாத சம்பளம் தொள்ளாயிரத்து எண்பத்துமூன்று ரூபாய் தான் .,money
பேருந்து கட்டணம் Rs.7814 ஆகும்.,பேருந்து கட்டணம் ஏழாயிரத்து எண்ணூற்றுப்பதினான்கு ரூபாய் ஆகும் .,money
கடிதத்தில் ரூ57 இருந்தது.,கடிதத்தில் ஐம்பத்தேழு ரூபாய் இருந்தது .,money
கூட்டம் 2069-01-18 அன்று நடந்தது.,கூட்டம் இரண்டாயிரத்து அறுபத்தொன்பது ஜனவரி பதினெட்டு அன்று நடந்தது .,date
5517வது கூட்டம் 04-18-2079 அன்று நடந்தது.,ஐந்தாயிரத்து ஐந்நூற்றுப்பதினேழாவது கூட்டம் ஏப்ரல் பதினெட்டு இரண்டாயிரத்து எழுபத்தொன்பது அன்று நடந்தது .,mixed
6981 என்று எழுதப்பட்டுள்ளது.,ஆறாயிரத்து தொள்ளாயிரத்து எண்பத்தொன்று என்று எழுதப்பட்டுள்ளது .,cardinal
அவர் 10-09-2978 அன்று பிறந்தார்.,அவர் பத்து செப்டம்பர் இரண்டாயிரத்து தொள்ளாயிரத்து எழுபத்தெட்டு அன்று பிறந்தார் .,date
"¥1,35,43,053 அபராதம் விதிக்கப்பட்டது.",ஒரு கோடி முப்பத்தைந்து இலட்சம் நாற்பத்துமூன்று ஆயிரம் ஐம்பத்துமூன்று யென் அபராதம் விதிக்கப்பட்டது .,money
30-58 மணி நேரம் தேவை.,முப்பது முதல் ஐம்பத்தெட்டு மணி நேரம் தேவை .,range
1855-3259,ஆயிரத்து எண்ணூற்று ஐம்பத்தைந்து முதல் மூன்றாயிரத்து இருநூற்று ஐம்பத்தொன்பது,range
செய்தியில் 22/60 என்று வந்தது.,செய்தியில் அறுபதில் இருபத்திரண்டு என்று வந்தது .,fraction
21-07-2084 பற்றி பேசினோம்.,இருபத்தொன்று ஜூலை இரண்டாயிரத்து எண்பத்துநான்கு பற்றி பேசினோம் .,date
மொத்த மதிப்பெண் 9413.,மொத்த மதிப்பெண் ஒன்பதாயிரத்து நானூற்றுப்பதிமூன்று .,cardinal
விலை Rs64.39 ஆனது 185.79 சதவீதம் உயர்வு.,விலை அறுபத்துநான்கு ரூபாய் முப்பத்தொன்பது பைசா ஆனது நூற்றெண்பத்து ஐந்து புள்ளி ஏழு ஒன்பது சதவீதம் உயர்வு .,mixed
எனக்கு 97881909 வயது.,எனக்கு ஒன்பது கோடி எழுபத்தெட்டு இலட்சம் எண்பத்தொன்று ஆயிரம் தொள்ளாயிரத்து ஒன்பது வயது .,cardinal
மாத சம்பளம் Rs 44 தான்.,மாத சம்பளம் நாற்பத்துநான்கு ரூபாய் தான் .,money
-₹250,மைனஸ் இருநூற்று ஐம்பது ரூபாய்,money
7207,ஏழாயிரத்து இருநூற்று ஏழு,cardinal
04200705091,பூஜ்யம் நான்கு இரண்டு பூஜ்யம் பூஜ்யம் ஏழு பூஜ்யம் ஐந்து பூஜ்யம் ஒன்பது ஒன்று,cardinal
25-08-2073,இருபத்தைந்து ஆகஸ்ட் இரண்டாயிரத்து எழுபத்துமூன்று,date
¥85575,எண்பத்தைந்து ஆயிரம் ஐந்நூற்று எழுபத்தைந்து யென்,money
௭ஆம்,ஏழாம்,ordinal
அவர் 3631.61 கி.கி. என்றார்.,அவர் மூன்றாயிரத்து அறுநூற்று முப்பத்தொன்று புள்ளி ஆறு ஒன்று கிலோகிராம் என்றார் .,measure
24:35 வரை 888 பேர் காத்திருந்தனர்.,இருபத்துநான்கு மணி முப்பத்தைந்து நிமிடம் வரை எண்ணூற்று எண்பத்தெட்டு பேர் காத்திருந்தனர் .,mixed
15mm,பதினைந்து மில்லிமீட்டர்,measure
அவர் 8496630510 என்றார்.,அவர் எட்டு நான்கு ஒன்பது ஆறு ஆறு மூன்று பூஜ்யம் ஐந்து ஒன்று பூஜ்யம் என்றார் .,telephone
வெப்பநிலை 2107.26 கி.மீ. ஆக இருந்தது.,வெப்பநிலை இரண்டாயிரத்து நூற்று ஏழு புள்ளி இரண்டு ஆறு கிலோமீட்டர் ஆக இருந்தது .,measure
எண் 26796 சரியானது.,எண் இருபத்தாறு ஆயிரம் எழுநூற்றுத்தொண்ணூற்றாறு சரியானது .,cardinal
07:55 வரை 41 பேர் காத்திருந்தனர்.,ஏழு மணி ஐம்பத்தைந்து நிமிடம் வரை நாற்பத்தொன்று பேர் காத்திருந்தனர் .,mixed
இதில் 0121-9535835 குறிப்பிடப்பட்டுள்ளது.,இதில் பூஜ்யம் ஒன்று இரண்டு ஒன்று ஒன்பது ஐந்து மூன்று ஐந்து எட்டு மூன்று ஐந்து குறிப்பிடப்பட்டுள்ளது .,telephone
கடிதத்தில் 18:21:59 மணிக்கு இருந்தது.,கடிதத்தில் பதினெட்டு மணி இருபத்தொன்று நிமிடம் ஐம்பத்தொன்பது வினாடி இருந்தது .,time
275764981 ரூ,இருபத்தேழு கோடி ஐம்பத்தேழு இலட்சம் அறுபத்துநான்கு ஆயிரம் தொள்ளாயிரத்து எண்பத்தொன்று ரூபாய்,money
599.5 கோடி,ஐந்நூற்றுத்தொண்ணூற்றொன்பது புள்ளி ஐந்து கோடி,decimal
30/10 பங்கு அதாவது 1824L மட்டும் மீதம்.,பத்தில் முப்பது பங்கு அதாவது ஆயிரத்து எண்ணூற்று இருபத்துநான்கு லிட்டர் மட்டும் மீதம் .,mixed
97ரூ.,தொண்ணூற்றேழு ரூபாய்,money
441,நானூற்று நாற்பத்தொன்று,cardinal
2.21 மி.மீ.,இரண்டு புள்ளி இரண்டு ஒன்று மில்லிமீட்டர்,measure
579,ஐந்நூற்று எழுபத்தொன்பது,cardinal
380 கிலோ அரிசி வாங்கினேன்.,முந்நூற்று எண்பது கிலோ அரிசி வாங்கினேன் .~முந்நூற்றெண்பது கிலோ அரிசி வாங்கினேன் .,cardinal
இது 177ஆவது முறை.,இது நூற்றெழுபத்து ஏழாவது முறை .,ordinal
+91 7053640917,பிளஸ் ஒன்பது ஒன்று ஏழு பூஜ்யம் ஐந்து மூன்று ஆறு நான்கு பூஜ்யம் ஒன்பது ஒன்று ஏழு,telephone
6993 cm,ஆறாயிரத்து தொள்ளாயிரத்து தொண்ணூற்றுமூன்று சென்டிமீட்டர்,measure
3/20,இருபதில் மூன்று,fraction
912 சரியானது.,தொள்ளாயிரத்து பன்னிரண்டு சரியானது .,cardinal
௦௬-௨௨-௨௩௦௩ பற்றி பேசினோம்.,ஜூன் இருபத்திரண்டு இரண்டாயிரத்து முந்நூற்று மூன்று பற்றி பேசினோம் .,date
கடிதத்தில் 6788419044 இருந்தது.,கடிதத்தில் ஆறு ஏழு எட்டு எட்டு நான்கு ஒன்று ஒன்பது பூஜ்யம் நான்கு நான்கு இருந்தது .,telephone
செய்தியில் 14:06 என்று வந்தது.,செய்தியில் பதினான்கு மணி ஆறு நிமிடம் என்று வந்தது .,time
46021.42,நாற்பத்தாறு ஆயிரம் இருபத்தொன்று புள்ளி நான்கு இரண்டு,decimal
23-01-2069,இருபத்துமூன்று ஜனவரி இரண்டாயிரத்து அறுபத்தொன்பது,date
"9,70,92,378.84ரூ.",ஒன்பது கோடி எழுபது இலட்சம் தொண்ணூற்றிரண்டு ஆயிரம் முந்நூற்று எழுபத்தெட்டு ரூபாய் எண்பத்துநான்கு பைசா,money
இதன் மதிப்பு 95395.22 தான்.,இதன் மதிப்பு தொண்ணூற்றைந்து ஆயிரம் முந்நூற்றுத்தொண்ணூற்றைந்து புள்ளி இரண்டு இரண்டு தான் .,decimal
வேகம் 32 கி.கி ஆக இருந்தது.,வேகம் முப்பத்திரண்டு கிலோகிராம் ஆக இருந்தது .,measure
08-09-1906,எட்டு செப்டம்பர் ஆயிரத்து தொள்ளாயிரத்து ஆறு,date
கடிதத்தில் ௪௫/௬௦ இருந்தது.,கடிதத்தில் அறுபதில் நாற்பத்தைந்து இருந்தது .,fraction
செய்தியில் 1:07 மணிக்கு என்று வந்தது.,செய்தியில் ஒரு மணி ஏழு நிமிடம் என்று வந்தது .,time
நாள் 13-07-1909 என்று குறிக்கப்பட்டுள்ளது.,நாள் பதிமூன்று ஜூலை ஆயிரத்து தொள்ளாயிரத்து ஒன்பது என்று குறிக்கப்பட்டுள்ளது .,date
அவர் 1290 என்றார்.,அவர் ஆயிரத்து இருநூற்றுத்தொண்ணூறு என்றார் .,cardinal
9434224469,ஒன்பது நான்கு மூன்று நான்கு இரண்டு இரண்டு நான்கு நான்கு ஆறு ஒன்பது,telephone
நேரம் 23:41:44 மணிக்கு ஆகிவிட்டது.,நேரம் இருபத்துமூன்று மணி நாற்பத்தொன்று நிமிடம் நாற்பத்துநான்கு வினாடி ஆகிவிட்டது .,time
07:11,ஏழு மணி பதினொன்று நிமிடம்,time
+91 6187683680 இந்த எண்ணில் அழையுங்கள்.,பிளஸ் ஒன்பது ஒன்று ஆறு ஒன்று எட்டு ஏழு ஆறு எட்டு மூன்று ஆறு எட்டு பூஜ்யம் இந்த எண்ணில் அழையுங்கள் .,telephone
அவர் ௦௭:௨௨:௦௮ என்றார்.,அவர் ஏழு மணி இருபத்திரண்டு நிமிடம் எட்டு வினாடி என்றார் .,time
1.16 m,ஒன்று புள்ளி ஒன்று ஆறு மீட்டர்,measure
தேர்வு 1987-08-14 தேதியில் தொடங்கும்.,தேர்வு ஆயிரத்து தொள்ளாயிரத்து எண்பத்தேழு ஆகஸ்ட் பதினான்கு தேதியில் தொடங்கும் .,date
1491-1533,ஆயிரத்து நானூற்றுத்தொண்ணூற்றொன்று முதல் ஆயிரத்து ஐந்நூற்று முப்பத்துமூன்று,range
கடிதத்தில் 10-22-1913 இருந்தது.,கடிதத்தில் அக்டோபர் இருபத்திரண்டு ஆயிரத்து தொள்ளாயிரத்து பதிமூன்று இருந்தது .,date
பேருந்து 09:30 கிளம்பும்.,பேருந்து ஒன்பது மணி முப்பது நிமிடம் கிளம்பும் .,time
"மொத்தம் 47,24,05,899 மாணவர்கள் உள்ளனர்.",மொத்தம் நாற்பத்தேழு கோடி இருபத்துநான்கு இலட்சம் ஐந்தாயிரத்து எண்ணூற்றுத்தொண்ணூற்றொன்பது மாணவர்கள் உள்ளனர் .,cardinal
6754122136391 நாட்கள் ஆயிற்று.,ஆறு ஏழு ஐந்து நான்கு ஒன்று இரண்டு இரண்டு ஒன்று மூன்று ஆறு மூன்று ஒன்பது ஒன்று நாட்கள் ஆயிற்று .,cardinal
42/50 என்று எழுதப்பட்டுள்ளது.,ஐம்பதில் நாற்பத்திரண்டு என்று எழுதப்பட்டுள்ளது .,fraction
26-09-1950,இருபத்தாறு செப்டம்பர் ஆயிரத்து தொள்ளாயிரத்து ஐம்பது,date
535,ஐந்நூற்று முப்பத்தைந்து,cardinal
அவன் 108.16 மதிப்பெண் பெற்றான்.,அவன் நூற்று எட்டு புள்ளி ஒன்று ஆறு மதிப்பெண் பெற்றான் .,decimal
1942-3782,ஆயிரத்து தொள்ளாயிரத்து நாற்பத்திரண்டு முதல் மூன்றாயிரத்து எழுநூற்று எண்பத்திரண்டு,range
28 செ.மீ என்பதை நினைவில் கொள்ளுங்கள்.,இருபத்தெட்டு சென்டிமீட்டர் என்பதை நினைவில் கொள்ளுங்கள் .,measure
கடிதத்தில் 6849958895 இருந்தது.,கடிதத்தில் ஆறு எட்டு நான்கு ஒன்பது ஒன்பது ஐந்து எட்டு எட்டு ஒன்பது ஐந்து இருந்தது .,telephone
89.12kg,எண்பத்தொன்பது புள்ளி ஒன்று இரண்டு கிலோகிராம்,measure
24:25 மணிக்கு,இருபத்துநான்கு மணி இருபத்தைந்து நிமிடம்,time
21-02-2067,இருபத்தொன்று பிப்ரவரி இரண்டாயிரத்து அறுபத்தேழு,date
இதில் ௪.௯ குறிப்பிடப்பட்டுள்ளது.,இதில் நான்கு புள்ளி ஒன்பது குறிப்பிடப்பட்டுள்ளது .,decimal
05-13-1942 அன்று 6cm மழை பெய்தது.,மே பதிமூன்று ஆயிரத்து தொள்ளாயிரத்து நாற்பத்திரண்டு அன்று ஆறு சென்டிமீட்டர் மழை பெய்தது .,mixed
செய்தியில் ௧௭௪௭௮௨௬௪௪ என்று வந்தது.,செய்தியில் பதினேழு கோடி நாற்பத்தேழு இலட்சம் எண்பத்திரண்டு ஆயிரம் அறுநூற்று நாற்பத்துநான்கு என்று வந்தது .,cardinal
9.564,ஒன்பது புள்ளி ஐந்து ஆறு நான்கு,decimal
அவர் 2068-08-21 அன்று பிறந்தார்.,அவர் இரண்டாயிரத்து அறுபத்தெட்டு ஆகஸ்ட் இருபத்தொன்று அன்று பிறந்தார் .,date
85 °F தண்ணீர் குடிக்க வேண்டும்.,எண்பத்தைந்து டிகிரி பாரன்ஹீட் தண்ணீர் குடிக்க வேண்டும் .,measure
064-68032364 இந்த எண்ணில் அழையுங்கள்.,பூஜ்யம் ஆறு நான்கு ஆறு எட்டு பூஜ்யம் மூன்று இரண்டு மூன்று ஆறு நான்கு இந்த எண்ணில் அழையுங்கள் .,telephone
பள்ளியில் -66930 ஆசிரியர்கள் உள்ளனர்.,பள்ளியில் மைனஸ் அறுபத்தாறு ஆயிரம் தொள்ளாயிரத்து முப்பது ஆசிரியர்கள் உள்ளனர் .,cardinal
விடை 1/4 ஆகும்.,விடை நான்கில் ஒன்று ஆகும் .,fraction
நான் 16:38 எழுந்தேன்.,நான் பதினாறு மணி முப்பத்தெட்டு நிமிடம் எழுந்தேன் .,time
7246999824 என்ற எண்ணை அழைக்கவும்.,ஏழு இரண்டு நான்கு ஆறு ஒன்பது ஒன்பது ஒன்பது எட்டு இரண்டு நான்கு என்ற எண்ணை அழைக்கவும் .,telephone
மொத்த மதிப்பெண் 37.,மொத்த மதிப்பெண் முப்பத்தேழு .,cardinal
கூட்டத்தில் 73 பேர் வந்தனர்.,கூட்டத்தில் எழுபத்துமூன்று பேர் வந்தனர் .,cardinal
அவர் ₹20 என்றார்.,அவர் இருபது ரூபாய் என்றார் .,money
52ஆம்,ஐம்பத்திரண்டாம்,ordinal
௪௯௮௧௯௬௪,நாற்பத்தொன்பது இலட்சம் எண்பத்தொன்று ஆயிரம் தொள்ளாயிரத்து அறுபத்துநான்கு,cardinal
904.79,தொள்ளாயிரத்து நான்கு புள்ளி ஏழு ஒன்பது,decimal
செய்தியில் 797.206 என்று வந்தது.,செய்தியில் எழுநூற்றுத்தொண்ணூற்றேழு புள்ளி இரண்டு பூஜ்யம் ஆறு என்று வந்தது .,decimal
3183 பற்றி பேசினோம்.,மூன்றாயிரத்து நூற்றெண்பத்து மூன்று பற்றி பேசினோம் .,cardinal
41ல்,நாற்பத்தொன்றில்,cardinal
16-09-1369,பதினாறு செப்டம்பர் ஆயிரத்து முந்நூற்று அறுபத்தொன்பது,date
2649-07-19,இரண்டாயிரத்து அறுநூற்று நாற்பத்தொன்பது ஜூலை பத்தொன்பது,date
அவர் 8:03:16 என்றார்.,அவர் எட்டு மணி மூன்று நிமிடம் பதினாறு வினாடி என்றார் .,time
692,அறுநூற்றுத்தொண்ணூற்றிரண்டு,cardinal
22:05 பற்றி பேசினோம்.,இருபத்திரண்டு மணி ஐந்து நிமிடம் பற்றி பேசினோம் .,time
௨௧௭௨௧௩௮,இருபத்தொன்று இலட்சம் எழுபத்திரண்டு ஆயிரம் நூற்று முப்பத்தெட்டு,cardinal
10,பத்து,cardinal
7145538660 என்று எழுதப்பட்டுள்ளது.,ஏழு ஒன்று நான்கு ஐந்து ஐந்து மூன்று எட்டு ஆறு ஆறு பூஜ்யம் என்று எழுதப்பட்டுள்ளது .,telephone
₹48 சரியானது.,நாற்பத்தெட்டு ரூபாய் சரியானது .,money
இதில் 7991 குறிப்பிடப்பட்டுள்ளது.,இதில் ஏழாயிரத்து தொள்ளாயிரத்து தொண்ணூற்றொன்று குறிப்பிடப்பட்டுள்ளது .,cardinal
15:45:59 மணிக்கு என்பதை நினைவில் கொள்ளுங்கள்.,பதினைந்து மணி நாற்பத்தைந்து நிமிடம் ஐம்பத்தொன்பது வினாடி என்பதை நினைவில் கொள்ளுங்கள் .,time
€2461,இரண்டாயிரத்து நானூற்று அறுபத்தொன்று யூரோ,money
7489,ஏழாயிரத்து நானூற்று எண்பத்தொன்பது,cardinal
Rs 1051578,பத்து இலட்சம் ஐம்பத்தொன்று ஆயிரம் ஐந்நூற்று எழுபத்தெட்டு ரூபாய்,money
மொத்த மதிப்பெண் 2080.,மொத்த மதிப்பெண் இரண்டாயிரத்து எண்பது .,cardinal
24:28,இருபத்துநான்கு மணி இருபத்தெட்டு நிமிடம்,time
சராசரி ௬௩௮.௪ ஆகும்.,சராசரி அறுநூற்று முப்பத்தெட்டு புள்ளி நான்கு ஆகும் .,decimal
12:05 மணிக்கு,பன்னிரண்டு மணி ஐந்து நிமிடம்,time
30-07-1957 அன்று 6356 ரூ. செலுத்தினேன்.,முப்பது ஜூலை ஆயிரத்து தொள்ளாயிரத்து ஐம்பத்தேழு அன்று ஆறாயிரத்து முந்நூற்று ஐம்பத்தாறு ரூபாய் செலுத்தினேன் .,mixed
அவள் 37ஆம் வகுப்பு படிக்கிறாள்.,அவள் முப்பத்தேழாம் வகுப்பு படிக்கிறாள் .,ordinal
1906-02-26 என்று எழுதப்பட்டுள்ளது.,ஆயிரத்து தொள்ளாயிரத்து ஆறு பிப்ரவரி இருபத்தாறு என்று எழுதப்பட்டுள்ளது .,date
"532,398 என்று எழுதப்பட்டுள்ளது.",ஐந்து இலட்சம் முப்பத்திரண்டு ஆயிரம் முந்நூற்றுத்தொண்ணூற்றெட்டு என்று எழுதப்பட்டுள்ளது .,cardinal
நாள் 04-09-1913 என்று குறிக்கப்பட்டுள்ளது.,நாள் நான்கு செப்டம்பர் ஆயிரத்து தொள்ளாயிரத்து பதிமூன்று என்று குறிக்கப்பட்டுள்ளது .,date
பெட்டியின் எடை 6968 MB இருக்கும்.,பெட்டியின் எடை ஆறாயிரத்து தொள்ளாயிரத்து அறுபத்தெட்டு மெகாபைட் இருக்கும் .,measure
55550.6,ஐம்பத்தைந்து ஆயிரம் ஐந்நூற்று ஐம்பது புள்ளி ஆறு~ஐம்பத்தைந்து ஆயிரம் ஐந்நூற்றைம்பது புள்ளி ஆறு,decimal
எண் 818778959782 சரியானது.,எண் எட்டு ஒன்று எட்டு ஏழு ஏழு எட்டு ஒன்பது ஐந்து ஒன்பது ஏழு எட்டு இரண்டு சரியானது .,cardinal
௨௦௬௯-௨௫௨௯,இரண்டாயிரத்து அறுபத்தொன்பது முதல் இரண்டாயிரத்து ஐந்நூற்று இருபத்தொன்பது,range
Rs 0.71,எழுபத்தொன்று பைசா,money
11-16-2098 சரியானது.,நவம்பர் பதினாறு இரண்டாயிரத்து தொண்ணூற்றெட்டு சரியானது .,date
மா. அருண்,மாஸ்டர் அருண்,whitelist
அவர் 9.59 செ.மீ. என்றார்.,அவர் ஒன்பது புள்ளி ஐந்து ஒன்பது சென்டிமீட்டர் என்றார் .,measure
57,ஐம்பத்தேழு,cardinal
7382ல்,ஏழாயிரத்து முந்நூற்று எண்பத்திரண்டில்,cardinal
₹0.32,முப்பத்திரண்டு பைசா,money
"மொத்தம் 770,981 மாணவர்கள் உள்ளனர்.",மொத்தம் ஏழு இலட்சம் எழுபது ஆயிரம் தொள்ளாயிரத்து எண்பத்தொன்று மாணவர்கள் உள்ளனர் .,cardinal
மொத்த மதிப்பெண் ௨௮௯.,மொத்த மதிப்பெண் இருநூற்று எண்பத்தொன்பது .,cardinal
"16.12.1936 அன்று €3,55,12,270 செலுத்தினேன்.",பதினாறு டிசம்பர் ஆயிரத்து தொள்ளாயிரத்து முப்பத்தாறு அன்று மூன்று கோடி ஐம்பத்தைந்து இலட்சம் பன்னிரண்டு ஆயிரம் இருநூற்று எழுபது யூரோ செலுத்தினேன் .~பதினாறு டிசம்பர் ஆயிரத்து தொள்ளாயிரத்து முப்பத்தாறு அன்று மூன்று கோடி ஐம்பத்தைந்து இலட்சம் பன்னிரண்டு ஆயிரம் இருநூற்றெழுபது யூரோ செலுத்தினேன் .,mixed
இதில் 23:26 குறிப்பிடப்பட்டுள்ளது.,இதில் இருபத்துமூன்று மணி இருபத்தாறு நிமிடம் குறிப்பிடப்பட்டுள்ளது .,time
5:46:00,ஐந்து மணி நாற்பத்தாறு நிமிடம்,time
2.55 சரியானது.,இரண்டு புள்ளி ஐந்து ஐந்து சரியானது .,decimal
அளவு 745.0 ஆக உள்ளது.,அளவு எழுநூற்று நாற்பத்தைந்து புள்ளி பூஜ்யம் ஆக உள்ளது .,decimal
வண்டி எண் 9606 ஆகும்.,வண்டி எண் ஒன்பதாயிரத்து அறுநூற்று ஆறு ஆகும் .,cardinal
+1 7488002888,பிளஸ் ஒன்று ஏழு நான்கு எட்டு எட்டு பூஜ்யம் பூஜ்யம் இரண்டு எட்டு எட்டு எட்டு,telephone
33 நாட்கள் ஆயிற்று.,முப்பத்துமூன்று நாட்கள் ஆயிற்று .,cardinal
வண்டி எண் 4551 ஆகும்.,வண்டி எண் நான்காயிரத்து ஐந்நூற்று ஐம்பத்தொன்று ஆகும் .,cardinal
30-11-1974 அன்று 1 mg மழை பெய்தது.,முப்பது நவம்பர் ஆயிரத்து தொள்ளாயிரத்து எழுபத்துநான்கு அன்று ஒரு மில்லிகிராம் மழை பெய்தது .,mixed
1yr,ஒரு ஆண்டு,measure
1967-02-09,ஆயிரத்து தொள்ளாயிரத்து அறுபத்தேழு பிப்ரவரி ஒன்பது,date
3வது என்பதை நினைவில் கொள்ளுங்கள்.,மூன்றாவது என்பதை நினைவில் கொள்ளுங்கள் .,ordinal
15-10-2080 என்று எழுதப்பட்டுள்ளது.,பதினைந்து அக்டோபர் இரண்டாயிரத்து எண்பது என்று எழுதப்பட்டுள்ளது .,date
06:00 மணிக்கு,ஆறு மணி,time
50 ரூ.,ஐம்பது ரூபாய்,money
63/60,அறுபதில் அறுபத்துமூன்று,fraction
-28012 நாட்கள் ஆயிற்று.,மைனஸ் இருபத்தெட்டு ஆயிரம் பன்னிரண்டு நாட்கள் ஆயிற்று .,cardinal
06:00:40,ஆறு மணி நாற்பது வினாடி,time
8ஆவது சரியானது.,எட்டாவது சரியானது .,ordinal
5636cm,ஐந்தாயிரத்து அறுநூற்று முப்பத்தாறு சென்டிமீட்டர்,measure
-1541.99 °C,மைனஸ் ஆயிரத்து ஐந்நூற்று நாற்பத்தொன்று புள்ளி ஒன்பது ஒன்பது டிகிரி செல்சியஸ்,measure
1141235,பதினொன்று இலட்சம் நாற்பத்தொன்று ஆயிரம் இருநூற்று முப்பத்தைந்து,cardinal
6.206,ஆறு புள்ளி இரண்டு பூஜ்யம் ஆறு,decimal
அவள் 86 புத்தகங்கள் வாங்கினாள்.,அவள் எண்பத்தாறு புத்தகங்கள் வாங்கினாள் .,cardinal
"விலை Rs ௪,௯௩,௪௭,௦௯௦ மட்டும்.",விலை நான்கு கோடி தொண்ணூற்றுமூன்று இலட்சம் நாற்பத்தேழு ஆயிரம் தொண்ணூறு ரூபாய் மட்டும் .,money
09:45:59 சரியானது.,ஒன்பது மணி நாற்பத்தைந்து நிமிடம் ஐம்பத்தொன்பது வினாடி சரியானது .,time
5430 கிலோ அரிசி வாங்கினேன்.,ஐந்தாயிரத்து நானூற்று முப்பது கிலோ அரிசி வாங்கினேன் .,cardinal
214.82,இருநூற்றுப்பதினான்கு புள்ளி எட்டு இரண்டு,decimal
9609.94 லி.,ஒன்பதாயிரத்து அறுநூற்று ஒன்பது புள்ளி ஒன்பது நான்கு லிட்டர்,measure
இன்று 2419 பேர் வருகை தந்தனர்.,இன்று இரண்டாயிரத்து நானூற்றுப்பத்தொன்பது பேர் வருகை தந்தனர் .,cardinal
9161788226,ஒன்பது ஒன்று ஆறு ஒன்று ஏழு எட்டு எட்டு இரண்டு இரண்டு ஆறு,telephone
"எனக்கு 537,756 வயது.",எனக்கு ஐந்து இலட்சம் முப்பத்தேழு ஆயிரம் எழுநூற்று ஐம்பத்தாறு வயது .,cardinal
௬௦௯௨,ஆறாயிரத்து தொண்ணூற்றிரண்டு,cardinal
19:53 மணிக்கு,பத்தொன்பது மணி ஐம்பத்துமூன்று நிமிடம்,time
03-04-1931,மூன்று ஏப்ரல் ஆயிரத்து தொள்ளாயிரத்து முப்பத்தொன்று,date
-80906.365 சரியானது.,மைனஸ் எண்பது ஆயிரம் தொள்ளாயிரத்து ஆறு புள்ளி மூன்று ஆறு ஐந்து சரியானது .,decimal
பிறந்த நாள் 2003-09-07.,பிறந்த நாள் இரண்டாயிரத்து மூன்று செப்டம்பர் ஏழு .,date
11ஆவது அத்தியாயம் படிக்கவும்.,பதினொன்றாவது அத்தியாயம் படிக்கவும் .,ordinal
01:11,ஒரு மணி பதினொன்று நிமிடம்,time
அவள் 36 புத்தகங்கள் வாங்கினாள்.,அவள் முப்பத்தாறு புத்தகங்கள் வாங்கினாள் .,cardinal
376வது மாடியில் அலுவலகம் உள்ளது.,முந்நூற்று எழுபத்தாறாவது மாடியில் அலுவலகம் உள்ளது .,ordinal
மதிப்பீடு -67395.399.,மதிப்பீடு மைனஸ் அறுபத்தேழு ஆயிரம் முந்நூற்றுத்தொண்ணூற்றைந்து புள்ளி மூன்று ஒன்பது ஒன்பது .,decimal
£3984,மூன்றாயிரத்து தொள்ளாயிரத்து எண்பத்துநான்கு பவுண்ட்,money
23-07-2030 என்பதை நினைவில் கொள்ளுங்கள்.,இருபத்துமூன்று ஜூலை இரண்டாயிரத்து முப்பது என்பதை நினைவில் கொள்ளுங்கள் .,date
02-07-2004 அன்று விடுமுறை.,இரண்டு ஜூலை இரண்டாயிரத்து நான்கு அன்று விடுமுறை .,date
"$ 5,31,11,002",ஐந்து கோடி முப்பத்தொன்று இலட்சம் பதினொன்று ஆயிரம் இரண்டு டாலர்,money
24:41,இருபத்துநான்கு மணி நாற்பத்தொன்று நிமிடம்,time
"அவர் € 9,13,75,734 செலுத்தினார்.",அவர் ஒன்பது கோடி பதிமூன்று இலட்சம் எழுபத்தைந்து ஆயிரம் எழுநூற்று முப்பத்துநான்கு யூரோ செலுத்தினார் .,money
₹0.69,அறுபத்தொன்பது பைசா,money
"$7,75,82,814",ஏழு கோடி எழுபத்தைந்து இலட்சம் எண்பத்திரண்டு ஆயிரம் எண்ணூற்றுப்பதினான்கு டாலர்,money
75814.451 என்பதை நினைவில் கொள்ளுங்கள்.,எழுபத்தைந்து ஆயிரம் எண்ணூற்றுப்பதினான்கு புள்ளி நான்கு ஐந்து ஒன்று என்பதை நினைவில் கொள்ளுங்கள் .,decimal
"$௬,௮௫,௭௦,௧௭௯ என்று எழுதப்பட்டுள்ளது.",ஆறு கோடி எண்பத்தைந்து இலட்சம் எழுபது ஆயிரம் நூற்றெழுபத்து ஒன்பது டாலர் என்று எழுதப்பட்டுள்ளது .,money
9-15 பேருக்கு ரூ.56 செலவு ஆகும்.,ஒன்பது முதல் பதினைந்து பேருக்கு ஐம்பத்தாறு ரூபாய் செலவு ஆகும் .,mixed
கடிதத்தில் 17% இருந்தது.,கடிதத்தில் பதினேழு சதவீதம் இருந்தது .,whitelist
+657149390353 என்ற எண்ணை 21:39 அழைக்கவும்.,பிளஸ் ஆறு ஐந்து ஏழு ஒன்று நான்கு ஒன்பது மூன்று ஒன்பது பூஜ்யம் மூன்று ஐந்து மூன்று என்ற எண்ணை இருபத்தொன்று மணி முப்பத்தொன்பது நிமிடம் அழைக்கவும் .,mixed
18:13,பதினெட்டு மணி பதிமூன்று நிமிடம்,time
நேரம் 13:02 மணிக்கு ஆகிவிட்டது.,நேரம் பதிமூன்று மணி இரண்டு நிமிடம் ஆகிவிட்டது .,time
தூரம் 7 GB ஆகும்.,தூரம் ஏழு கிகாபைட் ஆகும் .,measure
இந்த மூட்டை 5 ac எடை உள்ளது.,இந்த மூட்டை ஐந்து ஏக்கர் எடை உள்ளது .,measure
வளர்ச்சி விகிதம் 2.12 ஆக இருந்தது.,வளர்ச்சி விகிதம் இரண்டு புள்ளி ஒன்று இரண்டு ஆக இருந்தது .,decimal
38-72,முப்பத்தெட்டு முதல் எழுபத்திரண்டு,range
295.4,இருநூற்றுத்தொண்ணூற்றைந்து புள்ளி நான்கு,decimal
510.8,ஐந்நூற்றுப்பத்து புள்ளி எட்டு,decimal
இன்றைய விலை 2774.42 ஆக உயர்ந்தது.,இன்றைய விலை இரண்டாயிரத்து எழுநூற்று எழுபத்துநான்கு புள்ளி நான்கு இரண்டு ஆக உயர்ந்தது .,decimal
24-09-1906,இருபத்துநான்கு செப்டம்பர் ஆயிரத்து தொள்ளாயிரத்து ஆறு,date
43529.17,நாற்பத்துமூன்று ஆயிரம் ஐந்நூற்று இருபத்தொன்பது புள்ளி ஒன்று ஏழு,decimal
செய்தியில் 98439.32 என்று வந்தது.,செய்தியில் தொண்ணூற்றெட்டு ஆயிரம் நானூற்று முப்பத்தொன்பது புள்ளி மூன்று இரண்டு என்று வந்தது .,decimal
8107வது,எட்டாயிரத்து நூற்று ஏழாவது,ordinal
விலை 1629 ₹ மட்டும்.,விலை ஆயிரத்து அறுநூற்று இருபத்தொன்பது ரூபாய் மட்டும் .,money
"€9,57,90,973",ஒன்பது கோடி ஐம்பத்தேழு இலட்சம் தொண்ணூறு ஆயிரம் தொள்ளாயிரத்து எழுபத்துமூன்று யூரோ,money
௦௮-௦௪-௧௯௫௩ அன்று விடுமுறை.,எட்டு ஏப்ரல் ஆயிரத்து தொள்ளாயிரத்து ஐம்பத்துமூன்று அன்று விடுமுறை .,date
அவர் 9884058136 என்றார்.,அவர் ஒன்பது எட்டு எட்டு நான்கு பூஜ்யம் ஐந்து எட்டு ஒன்று மூன்று ஆறு என்றார் .,telephone
"¥3,08,78,794",மூன்று கோடி எட்டு இலட்சம் எழுபத்தெட்டு ஆயிரம் எழுநூற்றுத்தொண்ணூற்றுநான்கு யென்,money
ரயில் 12:49:07 புறப்படும்.,ரயில் பன்னிரண்டு மணி நாற்பத்தொன்பது நிமிடம் ஏழு வினாடி புறப்படும் .,time
17:25,பதினேழு மணி இருபத்தைந்து நிமிடம்,time
தினமும் 84 mg ஓடுகிறேன்.,தினமும் எண்பத்துநான்கு மில்லிகிராம் ஓடுகிறேன் .,measure
21.50₹,இருபத்தொன்று ரூபாய் ஐம்பது பைசா,money
89.94,எண்பத்தொன்பது புள்ளி ஒன்பது நான்கு,decimal
"பள்ளியில் 700,043 ஆசிரியர்கள் உள்ளனர்.",பள்ளியில் ஏழு இலட்சம் நாற்பத்துமூன்று ஆசிரியர்கள் உள்ளனர் .,cardinal
கட்டணம் £87 என அறிவித்தனர்.,கட்டணம் எண்பத்தேழு பவுண்ட் என அறிவித்தனர் .,money
14:09 சரியானது.,பதினான்கு மணி ஒன்பது நிமிடம் சரியானது .,time
6470687415 என்ற எண்ணை அழைக்கவும்.,ஆறு நான்கு ஏழு பூஜ்யம் ஆறு எட்டு ஏழு நான்கு ஒன்று ஐந்து என்ற எண்ணை அழைக்கவும் .,telephone
23:41:58,இருபத்துமூன்று மணி நாற்பத்தொன்று நிமிடம் ஐம்பத்தெட்டு வினாடி,time
8496235366 பற்றி பேசினோம்.,எட்டு நான்கு ஒன்பது ஆறு இரண்டு மூன்று ஐந்து மூன்று ஆறு ஆறு பற்றி பேசினோம் .,telephone
"59,96,80,339",ஐம்பத்தொன்பது கோடி தொண்ணூற்றாறு இலட்சம் எண்பது ஆயிரம் முந்நூற்று முப்பத்தொன்பது,cardinal
கடிதத்தில் 15:23 இருந்தது.,கடிதத்தில் பதினைந்து மணி இருபத்துமூன்று நிமிடம் இருந்தது .,time
அந்த ஊரில் 5362388 வீடுகள் உள்ளன.,அந்த ஊரில் ஐம்பத்துமூன்று இலட்சம் அறுபத்திரண்டு ஆயிரம் முந்நூற்று எண்பத்தெட்டு வீடுகள் உள்ளன .,cardinal
இதில் 79% குறிப்பிடப்பட்டுள்ளது.,இதில் எழுபத்தொன்பது சதவீதம் குறிப்பிடப்பட்டுள்ளது .,whitelist
+657014152349,பிளஸ் ஆறு ஐந்து ஏழு பூஜ்யம் ஒன்று நான்கு ஒன்று ஐந்து இரண்டு மூன்று நான்கு ஒன்பது,telephone
20:04 மணிக்கு,இருபது மணி நான்கு நிமிடம்,time
அவர் 2×5=10 என்றார்.,அவர் இரண்டு பெருக்கல் ஐந்து சமம் பத்து என்றார் .,whitelist
21649646270 மாணவர்கள் 21:28:00 மணிக்கு வந்தனர்.,இரண்டு ஒன்று ஆறு நான்கு ஒன்பது ஆறு நான்கு ஆறு இரண்டு ஏழு பூஜ்யம் மாணவர்கள் இருபத்தொன்று மணி இருபத்தெட்டு நிமிடம் வந்தனர் .,mixed
04-76048568 பற்றி பேசினோம்.,பூஜ்யம் நான்கு ஏழு ஆறு பூஜ்யம் நான்கு எட்டு ஐந்து ஆறு எட்டு பற்றி பேசினோம் .,telephone
7111வது கூட்டம் 03.12.1919 அன்று நடந்தது.,ஏழாயிரத்து நூற்றுப்பதினொன்றாவது கூட்டம் மூன்று டிசம்பர் ஆயிரத்து தொள்ளாயிரத்து பத்தொன்பது அன்று நடந்தது .,mixed
இதில் 96063 குறிப்பிடப்பட்டுள்ளது.,இதில் தொண்ணூற்றாறு ஆயிரம் அறுபத்துமூன்று குறிப்பிடப்பட்டுள்ளது .,cardinal
வட்டி 5÷1 ஆக உள்ளது.,வட்டி ஐந்து வகுத்தல் ஒன்று ஆக உள்ளது .,whitelist
அவன் 17/18 பங்கு சாப்பிட்டான்.,அவன் பதினெட்டில் பதினேழு பங்கு சாப்பிட்டான் .,fraction
மா. ராமன்,மாஸ்டர் ராமன்,whitelist
கட்டணம் ரூ656 என அறிவித்தனர்.,கட்டணம் அறுநூற்று ஐம்பத்தாறு ரூபாய் என அறிவித்தனர் .,money
58,ஐம்பத்தெட்டு,cardinal
843,எண்ணூற்று நாற்பத்துமூன்று,cardinal
ரயில் 20:22:21 புறப்படும்.,ரயில் இருபது மணி இருபத்திரண்டு நிமிடம் இருபத்தொன்று வினாடி புறப்படும் .,time
மொத்தத்தில் ½ பங்கு.,மொத்தத்தில் இரண்டில் ஒன்று பங்கு .,fraction
தேர்வு ௧௬-௧௧-௨௦௮௫ தேதியில் தொடங்கும்.,தேர்வு பதினாறு நவம்பர் இரண்டாயிரத்து எண்பத்தைந்து தேதியில் தொடங்கும் .,date
918370514 பற்றி பேசினோம்.,தொண்ணூற்றொன்று கோடி எண்பத்துமூன்று இலட்சம் எழுபது ஆயிரம் ஐந்நூற்றுப்பதினான்கு பற்றி பேசினோம் .,cardinal
5245வது கூட்டம் 05-15-2071 அன்று நடந்தது.,ஐந்தாயிரத்து இருநூற்று நாற்பத்தைந்தாவது கூட்டம் மே பதினைந்து இரண்டாயிரத்து எழுபத்தொன்று அன்று நடந்தது .,mixed
௧௦-௦௫-௧௮௪௯ பற்றி பேசினோம்.,பத்து மே ஆயிரத்து எண்ணூற்று நாற்பத்தொன்பது பற்றி பேசினோம் .,date
தூரம் 9L ஆகும்.,தூரம் ஒன்பது லிட்டர் ஆகும் .,measure
நேரம் 4:41 ஆகிவிட்டது.,நேரம் நான்கு மணி நாற்பத்தொன்று நிமிடம் ஆகிவிட்டது .,time
₹4607,நான்காயிரத்து அறுநூற்று ஏழு ரூபாய்,money
€59.9,ஐம்பத்தொன்பது யூரோ தொண்ணூறு சென்ட்,money
24-05-2021,இருபத்துநான்கு மே இரண்டாயிரத்து இருபத்தொன்று,date
14421.42,பதினான்கு ஆயிரம் நானூற்று இருபத்தொன்று புள்ளி நான்கு இரண்டு,decimal
நான் ௧௪:௨௦ மணிக்கு எழுந்தேன்.,நான் பதினான்கு மணி இருபது நிமிடம் எழுந்தேன் .,time
5666,ஐந்தாயிரத்து அறுநூற்று அறுபத்தாறு,cardinal
48486,நாற்பத்தெட்டு ஆயிரம் நானூற்று எண்பத்தாறு,cardinal
அவன் 94.25 செ.மீ. நடந்தான்.,அவன் தொண்ணூற்றுநான்கு புள்ளி இரண்டு ஐந்து சென்டிமீட்டர் நடந்தான் .,measure
6235ml,ஆறாயிரத்து இருநூற்று முப்பத்தைந்து மில்லிலிட்டர்,measure
09:50,ஒன்பது மணி ஐம்பது நிமிடம்,time
360ஆம்,முந்நூற்று அறுபதாம்,ordinal
நீளம் 45699.51 ஆக இருந்தது.,நீளம் நாற்பத்தைந்து ஆயிரம் அறுநூற்றுத்தொண்ணூற்றொன்பது புள்ளி ஐந்து ஒன்று ஆக இருந்தது .,decimal
27/11/1950,இருபத்தேழு நவம்பர் ஆயிரத்து தொள்ளாயிரத்து ஐம்பது,date
கடிதத்தில் ௯௨௧௯.௪௩ கி.கி இருந்தது.,கடிதத்தில் ஒன்பதாயிரத்து இருநூற்றுப்பத்தொன்பது புள்ளி நான்கு மூன்று கிலோகிராம் இருந்தது .,measure
8,எட்டு,cardinal
௮௯,எண்பத்தொன்பது,cardinal
+91 6842078396,பிளஸ் ஒன்பது ஒன்று ஆறு எட்டு நான்கு இரண்டு பூஜ்யம் ஏழு எட்டு மூன்று ஒன்பது ஆறு,telephone
3½,மூன்று மற்றும் இரண்டில் ஒன்று,fraction
₹98115,தொண்ணூற்றெட்டு ஆயிரம் நூற்றுப்பதினைந்து ரூபாய்,money
இதில் 3/18 பங்கு எனக்கு.,இதில் பதினெட்டில் மூன்று பங்கு எனக்கு .,fraction
"91,58,43,312",தொண்ணூற்றொன்று கோடி ஐம்பத்தெட்டு இலட்சம் நாற்பத்துமூன்று ஆயிரம் முந்நூற்றுப்பன்னிரண்டு,cardinal
9/13,பதிமூன்றில் ஒன்பது,fraction
நான் 4:08 எழுந்தேன்.,நான் நான்கு மணி எட்டு நிமிடம் எழுந்தேன் .,time
1830-1952,ஆயிரத்து எண்ணூற்று முப்பது முதல் ஆயிரத்து தொள்ளாயிரத்து ஐம்பத்திரண்டு,range
23:15:24,இருபத்துமூன்று மணி பதினைந்து நிமிடம் இருபத்துநான்கு வினாடி,time
நிலத்தில் 23/30 பங்கு விற்றார்.,நிலத்தில் முப்பதில் இருபத்துமூன்று பங்கு விற்றார் .,fraction
கடிதத்தில் ௧௩-௧௦-௧௯௨௬ இருந்தது.,கடிதத்தில் பதிமூன்று அக்டோபர் ஆயிரத்து தொள்ளாயிரத்து இருபத்தாறு இருந்தது .,date
1/4,நான்கில் ஒன்று,fraction
-6641,மைனஸ் ஆறாயிரத்து அறுநூற்று நாற்பத்தொன்று,cardinal
அவர் 50036 ஓட்டங்கள் எடுத்தார்.,அவர் ஐம்பது ஆயிரம் முப்பத்தாறு ஓட்டங்கள் எடுத்தார் .,cardinal
3779,மூன்றாயிரத்து எழுநூற்று எழுபத்தொன்பது,cardinal
இதில் 0.957 குறிப்பிடப்பட்டுள்ளது.,இதில் பூஜ்யம் புள்ளி ஒன்பது ஐந்து ஏழு குறிப்பிடப்பட்டுள்ளது .,decimal
20-12-1947,இருபது டிசம்பர் ஆயிரத்து தொள்ளாயிரத்து நாற்பத்தேழு,date
3.31g,மூன்று புள்ளி மூன்று ஒன்று கிராம்,measure
16303.598,பதினாறு ஆயிரம் முந்நூற்று மூன்று புள்ளி ஐந்து ஒன்பது எட்டு,decimal
73/90 பங்கு வேலை முடிந்தது.,தொண்ணூறில் எழுபத்துமூன்று பங்கு வேலை முடிந்தது .,fraction
அவர் 31746.354 என்றார்.,அவர் முப்பத்தொன்று ஆயிரம் எழுநூற்று நாற்பத்தாறு புள்ளி மூன்று ஐந்து நான்கு என்றார் .,decimal
திருமணம் 12-06-1987 அன்று நடைபெறும்.,திருமணம் பன்னிரண்டு ஜூன் ஆயிரத்து தொள்ளாயிரத்து எண்பத்தேழு அன்று நடைபெறும் .,date
09-12-1962,ஒன்பது டிசம்பர் ஆயிரத்து தொள்ளாயிரத்து அறுபத்திரண்டு,date
2672,இரண்டாயிரத்து அறுநூற்று எழுபத்திரண்டு,cardinal
மொத்தத்தில் 20 4/11 பங்கு.,மொத்தத்தில் இருபது மற்றும் பதினொன்றில் நான்கு பங்கு .,fraction
8640ல்,எட்டாயிரத்து அறுநூற்று நாற்பதில்,cardinal
வளர்ச்சி விகிதம் ௭௩.௩௧௩ ஆக இருந்தது.,வளர்ச்சி விகிதம் எழுபத்துமூன்று புள்ளி மூன்று ஒன்று மூன்று ஆக இருந்தது .,decimal
விலை ¥3708 மட்டும்.,விலை மூன்றாயிரத்து எழுநூற்று எட்டு யென் மட்டும் .,money
-163459639 பற்றி பேசினோம்.,மைனஸ் பதினாறு கோடி முப்பத்துநான்கு இலட்சம் ஐம்பத்தொன்பது ஆயிரம் அறுநூற்று முப்பத்தொன்பது பற்றி பேசினோம் .,cardinal
32/100 பங்கு அதாவது 68 min மட்டும் மீதம்.,நூறில் முப்பத்திரண்டு பங்கு அதாவது அறுபத்தெட்டு நிமிடம் மட்டும் மீதம் .,mixed
பள்ளியில் 393 ஆசிரியர்கள் உள்ளனர்.,பள்ளியில் முந்நூற்றுத்தொண்ணூற்றுமூன்று ஆசிரியர்கள் உள்ளனர் .,cardinal
08-13-1968 பற்றி பேசினோம்.,ஆகஸ்ட் பதிமூன்று ஆயிரத்து தொள்ளாயிரத்து அறுபத்தெட்டு பற்றி பேசினோம் .,date
03.10.2095,மூன்று அக்டோபர் இரண்டாயிரத்து தொண்ணூற்றைந்து,date
-௨௨௮௬௧௭௮௮௦,மைனஸ் இருபத்திரண்டு கோடி எண்பத்தாறு இலட்சம் பதினேழு ஆயிரம் எண்ணூற்று எண்பது,cardinal
ரூ.9566.90,ஒன்பதாயிரத்து ஐந்நூற்று அறுபத்தாறு ரூபாய் தொண்ணூறு பைசா,money
கடிதத்தில் 113 இருந்தது.,கடிதத்தில் நூற்றுப்பதிமூன்று இருந்தது .,cardinal
௧௦-௦௩-௨௧௪௧,பத்து மார்ச் இரண்டாயிரத்து நூற்று நாற்பத்தொன்று,date
07/07/1997,ஏழு ஜூலை ஆயிரத்து தொள்ளாயிரத்து தொண்ணூற்றேழு,date
-975195017 பேருக்கு €63.2 கொடுத்தேன்.,மைனஸ் தொண்ணூற்றேழு கோடி ஐம்பத்தொன்று இலட்சம் தொண்ணூற்றைந்து ஆயிரம் பதினேழு பேருக்கு அறுபத்துமூன்று யூரோ இருபது சென்ட் கொடுத்தேன் .,mixed
மொத்த மதிப்பெண் 2597ல்.,மொத்த மதிப்பெண் இரண்டாயிரத்து ஐந்நூற்றுத்தொண்ணூற்றேழில் .,cardinal
அவன் 21/30 பங்கு சாப்பிட்டான்.,அவன் முப்பதில் இருபத்தொன்று பங்கு சாப்பிட்டான் .,fraction
$ 76,எழுபத்தாறு டாலர்,money
2/5,ஐந்தில் இரண்டு,fraction
எண் 2000ல் சரியானது.,எண் இரண்டாயிரத்தில் சரியானது .,cardinal
21-02-1979,இருபத்தொன்று பிப்ரவரி ஆயிரத்து தொள்ளாயிரத்து எழுபத்தொன்பது,date
அந்த ஊரில் 8261ல் வீடுகள் உள்ளன.,அந்த ஊரில் எட்டாயிரத்து இருநூற்று அறுபத்தொன்றில் வீடுகள் உள்ளன .,cardinal
அந்த ஊரில் 3017 வீடுகள் உள்ளன.,அந்த ஊரில் மூன்றாயிரத்து பதினேழு வீடுகள் உள்ளன .,cardinal
ரயில் 24:55 புறப்படும்.,ரயில் இருபத்துநான்கு மணி ஐம்பத்தைந்து நிமிடம் புறப்படும் .,time
"62,55,54,670 கிலோ அரிசி வாங்கினேன்.",அறுபத்திரண்டு கோடி ஐம்பத்தைந்து இலட்சம் ஐம்பத்துநான்கு ஆயிரம் அறுநூற்று எழுபது கிலோ அரிசி வாங்கினேன் .~அறுபத்திரண்டு கோடி ஐம்பத்தைந்து இலட்சம் ஐம்பத்துநான்கு ஆயிரம் அறுநூற்றெழுபது கிலோ அரிசி வாங்கினேன் .,cardinal
பை மதிப்பு 30167.8 ஆகும்.,பை மதிப்பு முப்பது ஆயிரம் நூற்றறுபத்து ஏழு புள்ளி எட்டு ஆகும் .,decimal
06-11-2090,ஆறு நவம்பர் இரண்டாயிரத்து தொண்ணூறு,date
நிலத்தில் 3/11 பங்கு விற்றார்.,நிலத்தில் பதினொன்றில் மூன்று பங்கு விற்றார் .,fraction
எனக்கு 6859ல் வயது.,எனக்கு ஆறாயிரத்து எண்ணூற்று ஐம்பத்தொன்பதில் வயது .,cardinal
அவர் 1809-3307 என்றார்.,அவர் ஆயிரத்து எண்ணூற்று ஒன்பது முதல் மூன்றாயிரத்து முந்நூற்று ஏழு என்றார் .,range
செய்தியில் 265-372 என்று வந்தது.,செய்தியில் இருநூற்று அறுபத்தைந்து முதல் முந்நூற்று எழுபத்திரண்டு என்று வந்தது .,range
€ 8545847,எண்பத்தைந்து இலட்சம் நாற்பத்தைந்து ஆயிரம் எண்ணூற்று நாற்பத்தேழு யூரோ,money
32,முப்பத்திரண்டு,cardinal
78/100,நூறில் எழுபத்தெட்டு,fraction
விலை 9549.48 ₹ ஆனது 7.12 சதவீதம் உயர்வு.,விலை ஒன்பதாயிரத்து ஐந்நூற்று நாற்பத்தொன்பது ரூபாய் நாற்பத்தெட்டு பைசா ஆனது ஏழு புள்ளி ஒன்று இரண்டு சதவீதம் உயர்வு .,mixed
௦௮-௧௫-௧௯௮௨,ஆகஸ்ட் பதினைந்து ஆயிரத்து தொள்ளாயிரத்து எண்பத்திரண்டு,date
இது 1198வது முறை.,இது ஆயிரத்து நூற்றுத்தொண்ணூற்றெட்டாவது முறை .,ordinal
01:07:09,ஒரு மணி ஏழு நிமிடம் ஒன்பது வினாடி,time
"42,33,16,075",நாற்பத்திரண்டு கோடி முப்பத்துமூன்று இலட்சம் பதினாறு ஆயிரம் எழுபத்தைந்து,cardinal
நான் ௧௬:௫௯ எழுந்தேன்.,நான் பதினாறு மணி ஐம்பத்தொன்பது நிமிடம் எழுந்தேன் .,time
மொத்தத்தில் 9 1/9 பங்கு.,மொத்தத்தில் ஒன்பது மற்றும் ஒன்பதில் ஒன்று பங்கு .,fraction
கடிதத்தில் 05.03.1972 இருந்தது.,கடிதத்தில் ஐந்து மார்ச் ஆயிரத்து தொள்ளாயிரத்து எழுபத்திரண்டு இருந்தது .,date
வாடகை £௫௮௬௫ ஆக உயர்ந்தது.,வாடகை ஐந்தாயிரத்து எண்ணூற்று அறுபத்தைந்து பவுண்ட் ஆக உயர்ந்தது .,money
6×7=42 என்பதை நினைவில் கொள்ளுங்கள்.,ஆறு பெருக்கல் ஏழு சமம் நாற்பத்திரண்டு என்பதை நினைவில் கொள்ளுங்கள் .,whitelist
இந்த மூட்டை 3477 லி. எடை உள்ளது.,இந்த மூட்டை மூன்றாயிரத்து நானூற்று எழுபத்தேழு லிட்டர் எடை உள்ளது .,measure
௧௩௩௭ஆம்,ஆயிரத்து முந்நூற்று முப்பத்தேழாம்,ordinal
நேரம் 15:10 ஆகிவிட்டது.,நேரம் பதினைந்து மணி பத்து நிமிடம் ஆகிவிட்டது .,time
அவர் 2வது இடம் பிடித்தார்.,அவர் இரண்டாவது இடம் பிடித்தார் .,ordinal
85 KB,எண்பத்தைந்து கிலோபைட்,measure
96862.0,தொண்ணூற்றாறு ஆயிரம் எண்ணூற்று அறுபத்திரண்டு புள்ளி பூஜ்யம்,decimal
இதில் Rs 0.25 குறிப்பிடப்பட்டுள்ளது.,இதில் இருபத்தைந்து பைசா குறிப்பிடப்பட்டுள்ளது .,money
07:50 வரை 2000ல் பேர் காத்திருந்தனர்.,ஏழு மணி ஐம்பது நிமிடம் வரை இரண்டாயிரத்தில் பேர் காத்திருந்தனர் .,mixed
விலை 3648.2ரூ. மட்டும்.,விலை மூன்றாயிரத்து அறுநூற்று நாற்பத்தெட்டு ரூபாய் இருபது பைசா மட்டும் .,money
அவன் ௨௩௫௬௩௪௫ முறை முயன்றான்.,அவன் இருபத்துமூன்று இலட்சம் ஐம்பத்தாறு ஆயிரம் முந்நூற்று நாற்பத்தைந்து முறை முயன்றான் .,cardinal
டாக். மீனா,டாக்டர் மீனா,whitelist
அவர் 6:00 மணிக்கு என்றார்.,அவர் ஆறு மணி என்றார் .,time
77.11 m,எழுபத்தேழு புள்ளி ஒன்று ஒன்று மீட்டர்,measure
407711859,நாற்பது கோடி எழுபத்தேழு இலட்சம் பதினொன்று ஆயிரம் எண்ணூற்று ஐம்பத்தொன்பது,cardinal
8/13 என்பதை நினைவில் கொள்ளுங்கள்.,பதிமூன்றில் எட்டு என்பதை நினைவில் கொள்ளுங்கள் .,fraction
¥14,பதினான்கு யென்,money
மொத்த மதிப்பெண் 647.,மொத்த மதிப்பெண் அறுநூற்று நாற்பத்தேழு .,cardinal
அந்த நிறுவனத்தில் 04 ஊழியர்கள் பணிபுரிகின்றனர்.,அந்த நிறுவனத்தில் பூஜ்யம் நான்கு ஊழியர்கள் பணிபுரிகின்றனர் .,cardinal
21:08,இருபத்தொன்று மணி எட்டு நிமிடம்,time
1079 மீ.,ஆயிரத்து எழுபத்தொன்பது மீட்டர்,measure
26/12/1996,இருபத்தாறு டிசம்பர் ஆயிரத்து தொள்ளாயிரத்து தொண்ணூற்றாறு,date
7 g,ஏழு கிராம்,measure
28/09/2090,இருபத்தெட்டு செப்டம்பர் இரண்டாயிரத்து தொண்ணூறு,date
அந்த ஊரில் 132 வீடுகள் உள்ளன.,அந்த ஊரில் நூற்று முப்பத்திரண்டு வீடுகள் உள்ளன .,cardinal
₹9228221 பற்றி பேசினோம்.,தொண்ணூற்றிரண்டு இலட்சம் இருபத்தெட்டு ஆயிரம் இருநூற்று இருபத்தொன்று ரூபாய் பற்றி பேசினோம் .,money
௩௩௩௬௧௩௭௨௪௬௨௧ சரியானது.,மூன்று மூன்று மூன்று ஆறு ஒன்று மூன்று ஏழு இரண்டு நான்கு ஆறு இரண்டு ஒன்று சரியானது .,cardinal
"கட்டணம் €1,67,92,888 என அறிவித்தனர்.",கட்டணம் ஒரு கோடி அறுபத்தேழு இலட்சம் தொண்ணூற்றிரண்டு ஆயிரம் எண்ணூற்று எண்பத்தெட்டு யூரோ என அறிவித்தனர் .,money
அவன் 3/4 பங்கு சாப்பிட்டான்.,அவன் நான்கில் மூன்று பங்கு சாப்பிட்டான் .,fraction
6644வது,ஆறாயிரத்து அறுநூற்று நாற்பத்துநான்காவது,ordinal
₹ 812542806,எண்பத்தொன்று கோடி இருபத்தைந்து இலட்சம் நாற்பத்திரண்டு ஆயிரம் எண்ணூற்று ஆறு ரூபாய்,money
இந்த மூட்டை 835.37 மி.லி. எடை உள்ளது.,இந்த மூட்டை எண்ணூற்று முப்பத்தைந்து புள்ளி மூன்று ஏழு மில்லிலிட்டர் எடை உள்ளது .,measure
04:26 மணிக்கு,நான்கு மணி இருபத்தாறு நிமிடம்,time
17/09/2021,பதினேழு செப்டம்பர் இரண்டாயிரத்து இருபத்தொன்று,date
பதிவு தேதி 19-04-2061 ஆகும்.,பதிவு தேதி பத்தொன்பது ஏப்ரல் இரண்டாயிரத்து அறுபத்தொன்று ஆகும் .,date
அவர் 68488.1 கோடி என்றார்.,அவர் அறுபத்தெட்டு ஆயிரம் நானூற்று எண்பத்தெட்டு புள்ளி ஒன்று கோடி என்றார் .,decimal
அந்த நிறுவனத்தில் 7826186 ஊழியர்கள் பணிபுரிகின்றனர்.,அந்த நிறுவனத்தில் எழுபத்தெட்டு இலட்சம் இருபத்தாறு ஆயிரம் நூற்றெண்பத்து ஆறு ஊழியர்கள் பணிபுரிகின்றனர் .,cardinal
௭l,ஏழு லிட்டர்,measure
"௭௬௨,௫௨௪ பற்றி பேசினோம்.",ஏழு இலட்சம் அறுபத்திரண்டு ஆயிரம் ஐந்நூற்று இருபத்துநான்கு பற்றி பேசினோம் .,cardinal
கடிதத்தில் 828 இருந்தது.,கடிதத்தில் எண்ணூற்று இருபத்தெட்டு இருந்தது .,cardinal
செய்தியில் 1/2 என்று வந்தது.,செய்தியில் இரண்டில் ஒன்று என்று வந்தது .,fraction
இந்த நூலில் 91378435 பக்கங்கள் உள்ளன.,இந்த நூலில் ஒன்பது கோடி பதிமூன்று இலட்சம் எழுபத்தெட்டு ஆயிரம் நானூற்று முப்பத்தைந்து பக்கங்கள் உள்ளன .,cardinal
அவர் 12-20-1909 என்றார்.,அவர் டிசம்பர் இருபது ஆயிரத்து தொள்ளாயிரத்து ஒன்பது என்றார் .,date
கடிதத்தில் ௪௧௭வது இருந்தது.,கடிதத்தில் நானூற்றுப்பதினேழாவது இருந்தது .,ordinal
விமானம் 13:55:00 வந்தடையும்.,விமானம் பதிமூன்று மணி ஐம்பத்தைந்து நிமிடம் வந்தடையும் .,time
௭௬௩.௨ இலட்சம் சரியானது.,எழுநூற்று அறுபத்துமூன்று புள்ளி இரண்டு இலட்சம் சரியானது .,decimal
௩௦-௦௧-௨௦௦௪ என்பதை நினைவில் கொள்ளுங்கள்.,முப்பது ஜனவரி இரண்டாயிரத்து நான்கு என்பதை நினைவில் கொள்ளுங்கள் .,date
2:28,இரண்டு மணி இருபத்தெட்டு நிமிடம்,time
11.458,பதினொன்று புள்ளி நான்கு ஐந்து எட்டு,decimal
92598.58 கோடி,தொண்ணூற்றிரண்டு ஆயிரம் ஐந்நூற்றுத்தொண்ணூற்றெட்டு புள்ளி ஐந்து எட்டு கோடி,decimal
பதிவு தேதி 12.05.1027 ஆகும்.,பதிவு தேதி பன்னிரண்டு மே ஆயிரத்து இருபத்தேழு ஆகும் .,date
66527.697,அறுபத்தாறு ஆயிரம் ஐந்நூற்று இருபத்தேழு புள்ளி ஆறு ஒன்பது ஏழு,decimal
11:28,பதினொன்று மணி இருபத்தெட்டு நிமிடம்,time
நிகழ்ச்சி 20:08:42 மணிக்கு ஒளிபரப்பாகும்.,நிகழ்ச்சி இருபது மணி எட்டு நிமிடம் நாற்பத்திரண்டு வினாடி ஒளிபரப்பாகும் .,time
"04-13-2062 அன்று ¥9,63,88,886.4 செலுத்தினேன்.",ஏப்ரல் பதிமூன்று இரண்டாயிரத்து அறுபத்திரண்டு அன்று ஒன்பது கோடி அறுபத்துமூன்று இலட்சம் எண்பத்தெட்டு ஆயிரம் எண்ணூற்று எண்பத்தாறு யென் நாற்பது சென் செலுத்தினேன் .,mixed
4.636 என்று எழுதப்பட்டுள்ளது.,நான்கு புள்ளி ஆறு மூன்று ஆறு என்று எழுதப்பட்டுள்ளது .,decimal
இதில் 12:35:09 குறிப்பிடப்பட்டுள்ளது.,இதில் பன்னிரண்டு மணி முப்பத்தைந்து நிமிடம் ஒன்பது வினாடி குறிப்பிடப்பட்டுள்ளது .,time
கடைசி தேதி 23-10-1945.,கடைசி தேதி இருபத்துமூன்று அக்டோபர் ஆயிரத்து தொள்ளாயிரத்து நாற்பத்தைந்து .,date
அவர் 22வது என்றார்.,அவர் இருபத்திரண்டாவது என்றார் .,ordinal
2/17 பங்கு மாணவர்கள் தேர்ச்சி பெற்றனர்.,பதினேழில் இரண்டு பங்கு மாணவர்கள் தேர்ச்சி பெற்றனர் .,fraction
6059ஆம்,ஆறாயிரத்து ஐம்பத்தொன்பதாம்,ordinal
செய்தியில் 23/03/2057 என்று வந்தது.,செய்தியில் இருபத்துமூன்று மார்ச் இரண்டாயிரத்து ஐம்பத்தேழு என்று வந்தது .,date
62 TB,அறுபத்திரண்டு டெராபைட்,measure
-479 நாட்கள் ஆயிற்று.,மைனஸ் நானூற்று எழுபத்தொன்பது நாட்கள் ஆயிற்று .,cardinal
அவர் 659.05 என்றார்.,அவர் அறுநூற்று ஐம்பத்தொன்பது புள்ளி பூஜ்யம் ஐந்து என்றார் .,decimal
¥741.14 என்பதை நினைவில் கொள்ளுங்கள்.,எழுநூற்று நாற்பத்தொன்று யென் பதினான்கு சென் என்பதை நினைவில் கொள்ளுங்கள் .,money
கூட்டத்தில் 5075 பேர் வந்தனர்.,கூட்டத்தில் ஐந்தாயிரத்து எழுபத்தைந்து பேர் வந்தனர் .,cardinal
இதில் 7261608771 குறிப்பிடப்பட்டுள்ளது.,இதில் ஏழு இரண்டு ஆறு ஒன்று ஆறு பூஜ்யம் எட்டு ஏழு ஏழு ஒன்று குறிப்பிடப்பட்டுள்ளது .,telephone
11×3=33,பதினொன்று பெருக்கல் மூன்று சமம் முப்பத்துமூன்று,whitelist
61702.287,அறுபத்தொன்று ஆயிரம் எழுநூற்று இரண்டு புள்ளி இரண்டு எட்டு ஏழு,decimal
செய்தியில் 9802509844 என்று வந்தது.,செய்தியில் ஒன்பது எட்டு பூஜ்யம் இரண்டு ஐந்து பூஜ்யம் ஒன்பது எட்டு நான்கு நான்கு என்று வந்தது .,telephone
34ஆம் நூற்றாண்டு இலக்கியம்.,முப்பத்துநான்காம் நூற்றாண்டு இலக்கியம் .,ordinal
04-01-2089,நான்கு ஜனவரி இரண்டாயிரத்து எண்பத்தொன்பது,date
௫௯ kg பற்றி பேசினோம்.,ஐம்பத்தொன்பது கிலோகிராம் பற்றி பேசினோம் .,measure
கடைசி தேதி 08-12-2070.,கடைசி தேதி எட்டு டிசம்பர் இரண்டாயிரத்து எழுபது .,date
விடை 2/6 ஆகும்.,விடை ஆறில் இரண்டு ஆகும் .,fraction
வளர்ச்சி விகிதம் 4.993 ஆக இருந்தது.,வளர்ச்சி விகிதம் நான்கு புள்ளி ஒன்பது ஒன்பது மூன்று ஆக இருந்தது .,decimal
73 % பேசினார்.,எழுபத்துமூன்று சதவீதம் பேசினார் .,whitelist
099-45026043 சரியானது.,பூஜ்யம் ஒன்பது ஒன்பது நான்கு ஐந்து பூஜ்யம் இரண்டு ஆறு பூஜ்யம் நான்கு மூன்று சரியானது .,telephone
1 mL பற்றி பேசினோம்.,ஒரு மில்லிலிட்டர் பற்றி பேசினோம் .,measure
௯௬௨.௮௬,தொள்ளாயிரத்து அறுபத்திரண்டு புள்ளி எட்டு ஆறு,decimal
தூரம் 15 min ஆகும்.,தூரம் பதினைந்து நிமிடம் ஆகும் .,measure
1072-1935 பேர் வரலாம்.,ஆயிரத்து எழுபத்திரண்டு முதல் ஆயிரத்து தொள்ளாயிரத்து முப்பத்தைந்து பேர் வரலாம் .,range
19 86/6 பற்றி பேசினோம்.,பத்தொன்பது மற்றும் ஆறில் எண்பத்தாறு பற்றி பேசினோம் .,fraction
"சராசரி 39853.7 என்பது 44,78,62,409 மாணவர்களின் கணக்கு.",சராசரி முப்பத்தொன்பது ஆயிரம் எண்ணூற்று ஐம்பத்துமூன்று புள்ளி ஏழு என்பது நாற்பத்துநான்கு கோடி எழுபத்தெட்டு இலட்சம் அறுபத்திரண்டு ஆயிரம் நானூற்று ஒன்பது மாணவர்களின் கணக்கு .,mixed
23:10 மணிக்கு சாப்பிட வா.,இருபத்துமூன்று மணி பத்து நிமிடம் சாப்பிட வா .,time
17:00 சாப்பிட வா.,பதினேழு மணி சாப்பிட வா .,time
பை மதிப்பு 36398.713 ஆகும்.,பை மதிப்பு முப்பத்தாறு ஆயிரம் முந்நூற்றுத்தொண்ணூற்றெட்டு புள்ளி ஏழு ஒன்று மூன்று ஆகும் .,decimal
அவர் 5.1 என்றார்.,அவர் ஐந்து புள்ளி ஒன்று என்றார் .,decimal
கடிதத்தில் 65532.536 இருந்தது.,கடிதத்தில் அறுபத்தைந்து ஆயிரம் ஐந்நூற்று முப்பத்திரண்டு புள்ளி ஐந்து மூன்று ஆறு இருந்தது .,decimal
"659,135",ஆறு இலட்சம் ஐம்பத்தொன்பது ஆயிரம் நூற்று முப்பத்தைந்து,cardinal
மதிப்பீடு 328.7.,மதிப்பீடு முந்நூற்று இருபத்தெட்டு புள்ளி ஏழு .,decimal
1:25,ஒரு மணி இருபத்தைந்து நிமிடம்,time
07-07-2024 அன்று 9 doz மழை பெய்தது.,ஏழு ஜூலை இரண்டாயிரத்து இருபத்துநான்கு அன்று ஒன்பது டஜன் மழை பெய்தது .,mixed
£1110.1,ஆயிரத்து நூற்றுப்பத்து பவுண்ட் பத்து பென்ஸ்,money
கடிதத்தில் 2 KB இருந்தது.,கடிதத்தில் இரண்டு கிலோபைட் இருந்தது .,measure
கட்டணம் ₹3231 என அறிவித்தனர்.,கட்டணம் மூன்றாயிரத்து இருநூற்று முப்பத்தொன்று ரூபாய் என அறிவித்தனர் .,money
4434வது மாடியில் அலுவலகம் உள்ளது.,நான்காயிரத்து நானூற்று முப்பத்துநான்காவது மாடியில் அலுவலகம் உள்ளது .,ordinal
22/01/2084 அன்று 3550 பேர் வந்தனர்.,இருபத்திரண்டு ஜனவரி இரண்டாயிரத்து எண்பத்துநான்கு அன்று மூன்றாயிரத்து ஐந்நூற்று ஐம்பது பேர் வந்தனர் .~இருபத்திரண்டு ஜனவரி இரண்டாயிரத்து எண்பத்துநான்கு அன்று மூன்றாயிரத்து ஐந்நூற்றைம்பது பேர் வந்தனர் .,mixed
1/10,பத்தில் ஒன்று,fraction
1985 மி.லி தண்ணீர் குடிக்க வேண்டும்.,ஆயிரத்து தொள்ளாயிரத்து எண்பத்தைந்து மில்லிலிட்டர் தண்ணீர் குடிக்க வேண்டும் .,measure
௬௨௩௯ oz,ஆறாயிரத்து இருநூற்று முப்பத்தொன்பது அவுன்ஸ்,measure
9.965,ஒன்பது புள்ளி ஒன்பது ஆறு ஐந்து,decimal
௨௩.௫௪ கி.மீ,இருபத்துமூன்று புள்ளி ஐந்து நான்கு கிலோமீட்டர்,measure
௬௬ரூ. சரியானது.,அறுபத்தாறு ரூபாய் சரியானது .,money
6143.31 ₹,ஆறாயிரத்து நூற்று நாற்பத்துமூன்று ரூபாய் முப்பத்தொன்று பைசா,money
721,எழுநூற்று இருபத்தொன்று,cardinal
இதில் 8032478568 குறிப்பிடப்பட்டுள்ளது.,இதில் எட்டு பூஜ்யம் மூன்று இரண்டு நான்கு ஏழு எட்டு ஐந்து ஆறு எட்டு குறிப்பிடப்பட்டுள்ளது .,telephone
2028-01-21,இரண்டாயிரத்து இருபத்தெட்டு ஜனவரி இருபத்தொன்று,date
45,நாற்பத்தைந்து,cardinal
அந்த ஊரில் 7658 வீடுகள் உள்ளன.,அந்த ஊரில் ஏழாயிரத்து அறுநூற்று ஐம்பத்தெட்டு வீடுகள் உள்ளன .,cardinal
25-12-1933,இருபத்தைந்து டிசம்பர் ஆயிரத்து தொள்ளாயிரத்து முப்பத்துமூன்று,date
அவன் ௪.௭ மதிப்பெண் பெற்றான்.,அவன் நான்கு புள்ளி ஏழு மதிப்பெண் பெற்றான் .,decimal
07,பூஜ்யம் ஏழு,cardinal
81.74 மி.லி. சரியானது.,எண்பத்தொன்று புள்ளி ஏழு நான்கு மில்லிலிட்டர் சரியானது .,measure
"பள்ளியில் 831,986 ஆசிரியர்கள் உள்ளனர்.",பள்ளியில் எட்டு இலட்சம் முப்பத்தொன்று ஆயிரம் தொள்ளாயிரத்து எண்பத்தாறு ஆசிரியர்கள் உள்ளனர் .,cardinal
9754973041,ஒன்பது ஏழு ஐந்து நான்கு ஒன்பது ஏழு மூன்று பூஜ்யம் நான்கு ஒன்று,telephone
"02:06 வரை 7,615 பேர் காத்திருந்தனர்.",இரண்டு மணி ஆறு நிமிடம் வரை ஏழாயிரத்து அறுநூற்றுப்பதினைந்து பேர் காத்திருந்தனர் .,mixed
2 கி.கி.,இரண்டு கிலோகிராம்,measure
"பேருந்து கட்டணம் ₹6,60,09,325 ஆகும்.",பேருந்து கட்டணம் ஆறு கோடி அறுபது இலட்சம் ஒன்பதாயிரத்து முந்நூற்று இருபத்தைந்து ரூபாய் ஆகும் .,money
நாள் 16-12-1945 என்று குறிக்கப்பட்டுள்ளது.,நாள் பதினாறு டிசம்பர் ஆயிரத்து தொள்ளாயிரத்து நாற்பத்தைந்து என்று குறிக்கப்பட்டுள்ளது .,date
151,நூற்றைம்பத்து ஒன்று,cardinal
"13,90,63,800",பதிமூன்று கோடி தொண்ணூறு இலட்சம் அறுபத்துமூன்று ஆயிரம் எண்ணூறு,cardinal
19:53 மணிக்கு சரியானது.,பத்தொன்பது மணி ஐம்பத்துமூன்று நிமிடம் சரியானது .,time
கடிதத்தில் 18% இருந்தது.,கடிதத்தில் பதினெட்டு சதவீதம் இருந்தது .,whitelist
9987586 என்பதை நினைவில் கொள்ளுங்கள்.,தொண்ணூற்றொன்பது இலட்சம் எண்பத்தேழு ஆயிரம் ஐந்நூற்று எண்பத்தாறு என்பதை நினைவில் கொள்ளுங்கள் .,cardinal
செய்தியில் 4732இல் என்று வந்தது.,செய்தியில் நான்காயிரத்து எழுநூற்று முப்பத்திரண்டில் என்று வந்தது .,cardinal
அவன் 2 கி.மீ நடந்தான்.,அவன் இரண்டு கிலோமீட்டர் நடந்தான் .,measure
இன்று ௭௯ பேர் வருகை தந்தனர்.,இன்று எழுபத்தொன்பது பேர் வருகை தந்தனர் .,cardinal
2011-05-30,இரண்டாயிரத்து பதினொன்று மே முப்பது,date
மொத்தம் 8044 மாணவர்கள் உள்ளனர்.,மொத்தம் எட்டாயிரத்து நாற்பத்துநான்கு மாணவர்கள் உள்ளனர் .,cardinal
5 3/15 பங்கு வேலை முடிந்தது.,ஐந்து மற்றும் பதினைந்தில் மூன்று பங்கு வேலை முடிந்தது .,fraction
₹6897,ஆறாயிரத்து எண்ணூற்றுத்தொண்ணூற்றேழு ரூபாய்,money
0.9,பூஜ்யம் புள்ளி ஒன்பது,decimal
கடிதத்தில் 735-823 இருந்தது.,கடிதத்தில் எழுநூற்று முப்பத்தைந்து முதல் எண்ணூற்று இருபத்துமூன்று இருந்தது .,range
30-06-1955 என்று எழுதப்பட்டுள்ளது.,முப்பது ஜூன் ஆயிரத்து தொள்ளாயிரத்து ஐம்பத்தைந்து என்று எழுதப்பட்டுள்ளது .,date
15-12-1998,பதினைந்து டிசம்பர் ஆயிரத்து தொள்ளாயிரத்து தொண்ணூற்றெட்டு,date
அவன் 75983.91 மதிப்பெண் பெற்றான்.,அவன் எழுபத்தைந்து ஆயிரம் தொள்ளாயிரத்து எண்பத்துமூன்று புள்ளி ஒன்பது ஒன்று மதிப்பெண் பெற்றான் .,decimal
அவர் ௯௩௩வது இடம் பிடித்தார்.,அவர் தொள்ளாயிரத்து முப்பத்துமூன்றாவது இடம் பிடித்தார் .,ordinal
8232yr,எட்டாயிரத்து இருநூற்று முப்பத்திரண்டு ஆண்டு,measure
26 lb பால் வாங்கினேன்.,இருபத்தாறு பவுண்டு பால் வாங்கினேன் .,measure
கூட்டம் 18-09-1985 அன்று நடந்தது.,கூட்டம் பதினெட்டு செப்டம்பர் ஆயிரத்து தொள்ளாயிரத்து எண்பத்தைந்து அன்று நடந்தது .,date
மழை பெய்யத் தொடங்கியது.,மழை பெய்யத் தொடங்கியது .,word
கடைசி தேதி 2162-08-17.,கடைசி தேதி இரண்டாயிரத்து நூற்றறுபத்து இரண்டு ஆகஸ்ட் பதினேழு .,date
செய்தியில் 7ஆம் என்று வந்தது.,செய்தியில் ஏழாம் என்று வந்தது .,ordinal
கடைசி தேதி 17/02/1984.,கடைசி தேதி பதினேழு பிப்ரவரி ஆயிரத்து தொள்ளாயிரத்து எண்பத்துநான்கு .,date
செய்தியில் 16:22 மணிக்கு என்று வந்தது.,செய்தியில் பதினாறு மணி இருபத்திரண்டு நிமிடம் என்று வந்தது .,time
3356,மூன்றாயிரத்து முந்நூற்று ஐம்பத்தாறு,cardinal
செய்தியில் 140 என்று வந்தது.,செய்தியில் நூற்று நாற்பது என்று வந்தது .,cardinal
அவர் 6881425310 என்றார்.,அவர் ஆறு எட்டு எட்டு ஒன்று நான்கு இரண்டு ஐந்து மூன்று ஒன்று பூஜ்யம் என்றார் .,telephone
59வது,ஐம்பத்தொன்பதாவது,ordinal
Rs.0.40 அபராதம் விதிக்கப்பட்டது.,நாற்பது பைசா அபராதம் விதிக்கப்பட்டது .,money
11×3=33 என்பதை நினைவில் கொள்ளுங்கள்.,பதினொன்று பெருக்கல் மூன்று சமம் முப்பத்துமூன்று என்பதை நினைவில் கொள்ளுங்கள் .,whitelist
பதிவு தேதி 19-01-1981 ஆகும்.,பதிவு தேதி பத்தொன்பது ஜனவரி ஆயிரத்து தொள்ளாயிரத்து எண்பத்தொன்று ஆகும் .,date
23-03-2001,இருபத்துமூன்று மார்ச் இரண்டாயிரத்து ஒன்று,date
கடிதத்தில் 429 இருந்தது.,கடிதத்தில் நானூற்று இருபத்தொன்பது இருந்தது .,cardinal
3.037 பற்றி பேசினோம்.,மூன்று புள்ளி பூஜ்யம் மூன்று ஏழு பற்றி பேசினோம் .,decimal
02-12-2028,இரண்டு டிசம்பர் இரண்டாயிரத்து இருபத்தெட்டு,date
எனக்கு ௭ வயது.,எனக்கு ஏழு வயது .,cardinal
ரயில் 21:00 மணிக்கு புறப்படும்.,ரயில் இருபத்தொன்று மணி புறப்படும் .,time
1936-06-09 அன்று ¥8699 செலுத்தினேன்.,ஆயிரத்து தொள்ளாயிரத்து முப்பத்தாறு ஜூன் ஒன்பது அன்று எட்டாயிரத்து அறுநூற்றுத்தொண்ணூற்றொன்பது யென் செலுத்தினேன் .,mixed
28-10-1929,இருபத்தெட்டு அக்டோபர் ஆயிரத்து தொள்ளாயிரத்து இருபத்தொன்பது,date
அவர் ௦௩-௧௧-௨௦௫௫ அன்று பிறந்தார்.,அவர் மூன்று நவம்பர் இரண்டாயிரத்து ஐம்பத்தைந்து அன்று பிறந்தார் .,date
விண்ணப்பம் 10/10/2616 அன்று அனுப்பப்பட்டது.,விண்ணப்பம் பத்து அக்டோபர் இரண்டாயிரத்து அறுநூற்றுப்பதினாறு அன்று அனுப்பப்பட்டது .,date
அந்த ஊரில் 4274107 வீடுகள் உள்ளன.,அந்த ஊரில் நாற்பத்திரண்டு இலட்சம் எழுபத்துநான்கு ஆயிரம் நூற்று ஏழு வீடுகள் உள்ளன .,cardinal
௨௪/௪௦,நாற்பதில் இருபத்துநான்கு,fraction
01-13-1908 என்பதை நினைவில் கொள்ளுங்கள்.,ஜனவரி பதிமூன்று ஆயிரத்து தொள்ளாயிரத்து எட்டு என்பதை நினைவில் கொள்ளுங்கள் .,date
09:00,ஒன்பது மணி,time
14 %,பதினான்கு சதவீதம்,whitelist
13-02-1996 அன்று 1887 பேர் வந்தனர்.,பதிமூன்று பிப்ரவரி ஆயிரத்து தொள்ளாயிரத்து தொண்ணூற்றாறு அன்று ஆயிரத்து எண்ணூற்று எண்பத்தேழு பேர் வந்தனர் .,mixed
அம்மா சமைக்கிறார்.,அம்மா சமைக்கிறார் .,word
9 1/2,ஒன்பது மற்றும் இரண்டில் ஒன்று,fraction
செய்தியில் Rs.5 என்று வந்தது.,செய்தியில் ஐந்து ரூபாய் என்று வந்தது .,money
4551வது,நான்காயிரத்து ஐந்நூற்று ஐம்பத்தொன்றாவது,ordinal
20:43 மணிக்கு,இருபது மணி நாற்பத்துமூன்று நிமிடம்,time
அவர் 19-12-2059 அன்று பிறந்தார்.,அவர் பத்தொன்பது டிசம்பர் இரண்டாயிரத்து ஐம்பத்தொன்பது அன்று பிறந்தார் .,date
$7038 சரியானது.,ஏழாயிரத்து முப்பத்தெட்டு டாலர் சரியானது .,money
6.241,ஆறு புள்ளி இரண்டு நான்கு ஒன்று,decimal
தினமும் ௩௬௫௬ mg ஓடுகிறேன்.,தினமும் மூன்றாயிரத்து அறுநூற்று ஐம்பத்தாறு மில்லிகிராம் ஓடுகிறேன் .,measure
7235 செ.மீ. பற்றி பேசினோம்.,ஏழாயிரத்து இருநூற்று முப்பத்தைந்து சென்டிமீட்டர் பற்றி பேசினோம் .,measure
7.35lb பற்றி பேசினோம்.,ஏழு புள்ளி மூன்று ஐந்து பவுண்டு பற்றி பேசினோம் .,measure
இதில் 5.57 குறிப்பிடப்பட்டுள்ளது.,இதில் ஐந்து புள்ளி ஐந்து ஏழு குறிப்பிடப்பட்டுள்ளது .,decimal
14:57 சாப்பிட வா.,பதினான்கு மணி ஐம்பத்தேழு நிமிடம் சாப்பிட வா .,time
13-08-2078,பதிமூன்று ஆகஸ்ட் இரண்டாயிரத்து எழுபத்தெட்டு,date
அவள் உயரம் 24 yr ஆகும்.,அவள் உயரம் இருபத்துநான்கு ஆண்டு ஆகும் .,measure
விமானம் 20:21 வந்தடையும்.,விமானம் இருபது மணி இருபத்தொன்று நிமிடம் வந்தடையும் .,time
61cm என்பதை நினைவில் கொள்ளுங்கள்.,அறுபத்தொன்று சென்டிமீட்டர் என்பதை நினைவில் கொள்ளுங்கள் .,measure
"248,439 சரியானது.",இரண்டு இலட்சம் நாற்பத்தெட்டு ஆயிரம் நானூற்று முப்பத்தொன்பது சரியானது .,cardinal
8872973988 என்ற எண்ணை 21:00:28 அழைக்கவும்.,எட்டு எட்டு ஏழு இரண்டு ஒன்பது ஏழு மூன்று ஒன்பது எட்டு எட்டு என்ற எண்ணை இருபத்தொன்று மணி இருபத்தெட்டு வினாடி அழைக்கவும் .,mixed
18338.302 சரியானது.,பதினெட்டு ஆயிரம் முந்நூற்று முப்பத்தெட்டு புள்ளி மூன்று பூஜ்யம் இரண்டு சரியானது .,decimal
9675402223,ஒன்பது ஆறு ஏழு ஐந்து நான்கு பூஜ்யம் இரண்டு இரண்டு இரண்டு மூன்று,telephone
155 பற்றி பேசினோம்.,நூற்றைம்பத்து ஐந்து பற்றி பேசினோம் .,cardinal
"அந்த நிறுவனத்தில் 930,734 ஊழியர்கள் பணிபுரிகின்றனர்.",அந்த நிறுவனத்தில் ஒன்பது இலட்சம் முப்பது ஆயிரம் எழுநூற்று முப்பத்துநான்கு ஊழியர்கள் பணிபுரிகின்றனர் .,cardinal
02-08-2062,இரண்டு ஆகஸ்ட் இரண்டாயிரத்து அறுபத்திரண்டு,date
5:11:18 மணிக்கு என்று எழுதப்பட்டுள்ளது.,ஐந்து மணி பதினொன்று நிமிடம் பதினெட்டு வினாடி என்று எழுதப்பட்டுள்ளது .,time
௧௮:௫௩:௫௬,பதினெட்டு மணி ஐம்பத்துமூன்று நிமிடம் ஐம்பத்தாறு வினாடி,time
அந்த நிறுவனத்தில் 892691 ஊழியர்கள் பணிபுரிகின்றனர்.,அந்த நிறுவனத்தில் எட்டு இலட்சம் தொண்ணூற்றிரண்டு ஆயிரம் அறுநூற்றுத்தொண்ணூற்றொன்று ஊழியர்கள் பணிபுரிகின்றனர் .,cardinal
கட்டணம் ₹82221.9 என அறிவித்தனர்.,கட்டணம் எண்பத்திரண்டு ஆயிரம் இருநூற்று இருபத்தொன்று ரூபாய் தொண்ணூறு பைசா என அறிவித்தனர் .,money
7461333588,ஏழு நான்கு ஆறு ஒன்று மூன்று மூன்று மூன்று ஐந்து எட்டு எட்டு,telephone
மொத்த மதிப்பெண் 77.,மொத்த மதிப்பெண் எழுபத்தேழு .,cardinal
பேருந்து கட்டணம் Rs 1549 ஆகும்.,பேருந்து கட்டணம் ஆயிரத்து ஐந்நூற்று நாற்பத்தொன்பது ரூபாய் ஆகும் .,money
17-33 பேருக்கு $ 0.97 செலவு ஆகும்.,பதினேழு முதல் முப்பத்துமூன்று பேருக்கு தொண்ணூற்றேழு சென்ட் செலவு ஆகும் .,mixed
கடிதத்தில் 05:02:23 இருந்தது.,கடிதத்தில் ஐந்து மணி இரண்டு நிமிடம் இருபத்துமூன்று வினாடி இருந்தது .,time
"அவர் Rs. 9,37,14,377 /- என்றார்.",அவர் ஒன்பது கோடி முப்பத்தேழு இலட்சம் பதினான்கு ஆயிரம் முந்நூற்று எழுபத்தேழு ரூபாய் என்றார் .,money
70 lb,எழுபது பவுண்டு,measure
கடைசி தேதி 21-12-1954.,கடைசி தேதி இருபத்தொன்று டிசம்பர் ஆயிரத்து தொள்ளாயிரத்து ஐம்பத்துநான்கு .,date
Rs 0,பூஜ்யம் ரூபாய்,money
இதில் 9574.324 குறிப்பிடப்பட்டுள்ளது.,இதில் ஒன்பதாயிரத்து ஐந்நூற்று எழுபத்துநான்கு புள்ளி மூன்று இரண்டு நான்கு குறிப்பிடப்பட்டுள்ளது .,decimal
1042,ஆயிரத்து நாற்பத்திரண்டு,cardinal
அவர் 15-10-2001 அன்று பிறந்தார்.,அவர் பதினைந்து அக்டோபர் இரண்டாயிரத்து ஒன்று அன்று பிறந்தார் .,date
2/11 பற்றி பேசினோம்.,பதினொன்றில் இரண்டு பற்றி பேசினோம் .,fraction
3262 கிலோ அரிசி வாங்கினேன்.,மூன்றாயிரத்து இருநூற்று அறுபத்திரண்டு கிலோ அரிசி வாங்கினேன் .,cardinal
அவர் 20-11-1909 அன்று பிறந்தார்.,அவர் இருபது நவம்பர் ஆயிரத்து தொள்ளாயிரத்து ஒன்பது அன்று பிறந்தார் .,date
வளர்ச்சி விகிதம் 52758.105 ஆக இருந்தது.,வளர்ச்சி விகிதம் ஐம்பத்திரண்டு ஆயிரம் எழுநூற்று ஐம்பத்தெட்டு புள்ளி ஒன்று பூஜ்யம் ஐந்து ஆக இருந்தது .,decimal
அவள் உயரம் 13 mL ஆகும்.,அவள் உயரம் பதிமூன்று மில்லிலிட்டர் ஆகும் .,measure
16:53:43 சாப்பிட வா.,பதினாறு மணி ஐம்பத்துமூன்று நிமிடம் நாற்பத்துமூன்று வினாடி சாப்பிட வா .,time
எண் 95 சரியானது.,எண் தொண்ணூற்றைந்து சரியானது .,cardinal
322.0,முந்நூற்று இருபத்திரண்டு புள்ளி பூஜ்யம்,decimal
Rs553,ஐந்நூற்று ஐம்பத்துமூன்று ரூபாய்,money
கடைசி தேதி 22-11-1943.,கடைசி தேதி இருபத்திரண்டு நவம்பர் ஆயிரத்து தொள்ளாயிரத்து நாற்பத்துமூன்று .,date
"செய்தியில் 232,239 என்று வந்தது.",செய்தியில் இரண்டு இலட்சம் முப்பத்திரண்டு ஆயிரம் இருநூற்று முப்பத்தொன்பது என்று வந்தது .,cardinal
62ஆம்,அறுபத்திரண்டாம்,ordinal
2.38 ft,இரண்டு புள்ளி மூன்று எட்டு அடி,measure
14:59 மணிக்கு பற்றி பேசினோம்.,பதினான்கு மணி ஐம்பத்தொன்பது நிமிடம் பற்றி பேசினோம் .,time
செய்தியில் 02-13-1908 என்று வந்தது.,செய்தியில் பிப்ரவரி பதிமூன்று ஆயிரத்து தொள்ளாயிரத்து எட்டு என்று வந்தது .,date
அந்த ஊரில் ௬௫௩௦௭ வீடுகள் உள்ளன.,அந்த ஊரில் அறுபத்தைந்து ஆயிரம் முந்நூற்று ஏழு வீடுகள் உள்ளன .,cardinal
௮௦௨௪,எட்டாயிரத்து இருபத்துநான்கு,cardinal
பை மதிப்பு 82724.53 ஆகும்.,பை மதிப்பு எண்பத்திரண்டு ஆயிரம் எழுநூற்று இருபத்துநான்கு புள்ளி ஐந்து மூன்று ஆகும் .,decimal
அவர் 9/16 என்றார்.,அவர் பதினாறில் ஒன்பது என்றார் .,fraction
91வது,தொண்ணூற்றொன்றாவது,ordinal
7438716,எழுபத்துநான்கு இலட்சம் முப்பத்தெட்டு ஆயிரம் எழுநூற்றுப்பதினாறு,cardinal
2546ஆம் மாடியில் அலுவலகம் உள்ளது.,இரண்டாயிரத்து ஐந்நூற்று நாற்பத்தாறாம் மாடியில் அலுவலகம் உள்ளது .,ordinal
௨ஆவது,இரண்டாவது,ordinal
20:02 சாப்பிட வா.,இருபது மணி இரண்டு நிமிடம் சாப்பிட வா .,time
166.74,நூற்றறுபத்து ஆறு புள்ளி ஏழு நான்கு,decimal
இன்று 6126 பேர் வருகை தந்தனர்.,இன்று ஆறாயிரத்து நூற்று இருபத்தாறு பேர் வருகை தந்தனர் .,cardinal
1964-12-05 அன்று விடுமுறை.,ஆயிரத்து தொள்ளாயிரத்து அறுபத்துநான்கு டிசம்பர் ஐந்து அன்று விடுமுறை .,date
இதில் ௨௨-௦௪-௨௦௧௬ குறிப்பிடப்பட்டுள்ளது.,இதில் இருபத்திரண்டு ஏப்ரல் இரண்டாயிரத்து பதினாறு குறிப்பிடப்பட்டுள்ளது .,date
01-06-1367 என்று எழுதப்பட்டுள்ளது.,ஒன்று ஜூன் ஆயிரத்து முந்நூற்று அறுபத்தேழு என்று எழுதப்பட்டுள்ளது .,date
₹4184,நான்காயிரத்து நூற்றெண்பத்து நான்கு ரூபாய்,money
அவர் 2068-01-28 அன்று பிறந்தார்.,அவர் இரண்டாயிரத்து அறுபத்தெட்டு ஜனவரி இருபத்தெட்டு அன்று பிறந்தார் .,date
அவள் பாடம் படிக்கிறாள்.,அவள் பாடம் படிக்கிறாள் .,word
2:54 மணிக்கு,இரண்டு மணி ஐம்பத்துநான்கு நிமிடம்,time
௧௪:௧௫,பதினான்கு மணி பதினைந்து நிமிடம்,time
"57,27,10,914 நாட்கள் ஆயிற்று.",ஐம்பத்தேழு கோடி இருபத்தேழு இலட்சம் பத்து ஆயிரம் தொள்ளாயிரத்து பதினான்கு நாட்கள் ஆயிற்று .,cardinal
2011வது சரியானது.,இரண்டாயிரத்து பதினொன்றாவது சரியானது .,ordinal
06:14,ஆறு மணி பதினான்கு நிமிடம்,time
"7,02,44,814 பற்றி பேசினோம்.",ஏழு கோடி இரண்டு இலட்சம் நாற்பத்துநான்கு ஆயிரம் எண்ணூற்றுப்பதினான்கு பற்றி பேசினோம் .,cardinal
Rs.0.13 என்பதை நினைவில் கொள்ளுங்கள்.,பதிமூன்று பைசா என்பதை நினைவில் கொள்ளுங்கள் .,money
அவள் 34609 புத்தகங்கள் வாங்கினாள்.,அவள் முப்பத்துநான்கு ஆயிரம் அறுநூற்று ஒன்பது புத்தகங்கள் வாங்கினாள் .,cardinal
திருமணம் 14-06-1904 அன்று நடைபெறும்.,திருமணம் பதினான்கு ஜூன் ஆயிரத்து தொள்ளாயிரத்து நான்கு அன்று நடைபெறும் .,date
விலை ₹1474/- ஆனது -92318.25 சதவீதம் உயர்வு.,விலை ஆயிரத்து நானூற்று எழுபத்துநான்கு ரூபாய் ஆனது மைனஸ் தொண்ணூற்றிரண்டு ஆயிரம் முந்நூற்றுப்பதினெட்டு புள்ளி இரண்டு ஐந்து சதவீதம் உயர்வு .,mixed
கடிதத்தில் 23:58 இருந்தது.,கடிதத்தில் இருபத்துமூன்று மணி ஐம்பத்தெட்டு நிமிடம் இருந்தது .,time
782,எழுநூற்று எண்பத்திரண்டு,cardinal
"அவர் 35,31,35,334 ஓட்டங்கள் எடுத்தார்.",அவர் முப்பத்தைந்து கோடி முப்பத்தொன்று இலட்சம் முப்பத்தைந்து ஆயிரம் முந்நூற்று முப்பத்துநான்கு ஓட்டங்கள் எடுத்தார் .,cardinal
இதில் 5417.16 mm குறிப்பிடப்பட்டுள்ளது.,இதில் ஐந்தாயிரத்து நானூற்றுப்பதினேழு புள்ளி ஒன்று ஆறு மில்லிமீட்டர் குறிப்பிடப்பட்டுள்ளது .,measure
௨௪௩-௪௧௨,இருநூற்று நாற்பத்துமூன்று முதல் நானூற்றுப்பன்னிரண்டு,range
08:13,எட்டு மணி பதிமூன்று நிமிடம்,time
செய்தியில் 46335.34 என்று வந்தது.,செய்தியில் நாற்பத்தாறு ஆயிரம் முந்நூற்று முப்பத்தைந்து புள்ளி மூன்று நான்கு என்று வந்தது .,decimal
40-67,நாற்பது முதல் அறுபத்தேழு,range
மொத்தத்தில் 4/9 பங்கு.,மொத்தத்தில் ஒன்பதில் நான்கு பங்கு .,fraction
சராசரி 743.88 என்பது 82 மாணவர்களின் கணக்கு.,சராசரி எழுநூற்று நாற்பத்துமூன்று புள்ளி எட்டு எட்டு என்பது எண்பத்திரண்டு மாணவர்களின் கணக்கு .,mixed
செய்தியில் 6155461842 என்று வந்தது.,செய்தியில் ஆறு ஒன்று ஐந்து ஐந்து நான்கு ஆறு ஒன்று எட்டு நான்கு இரண்டு என்று வந்தது .,telephone
அவர் Rs.27313 செலுத்தினார்.,அவர் இருபத்தேழு ஆயிரம் முந்நூற்றுப்பதிமூன்று ரூபாய் செலுத்தினார் .,money
௬௧-௧௦௯,அறுபத்தொன்று முதல் நூற்று ஒன்பது,range
வேகம் 67.67mL ஆக இருந்தது.,வேகம் அறுபத்தேழு புள்ளி ஆறு ஏழு மில்லிலிட்டர் ஆக இருந்தது .,measure
௧௧-௧௩-௧௯௮௬,நவம்பர் பதிமூன்று ஆயிரத்து தொள்ளாயிரத்து எண்பத்தாறு,date
01-13-2064,ஜனவரி பதிமூன்று இரண்டாயிரத்து அறுபத்துநான்கு,date
15-10-2073 சரியானது.,பதினைந்து அக்டோபர் இரண்டாயிரத்து எழுபத்துமூன்று சரியானது .,date
124,நூற்று இருபத்துநான்கு,cardinal
08/10/1996,எட்டு அக்டோபர் ஆயிரத்து தொள்ளாயிரத்து தொண்ணூற்றாறு,date
அவன் 7.80 ac நடந்தான்.,அவன் ஏழு புள்ளி எட்டு பூஜ்யம் ஏக்கர் நடந்தான் .,measure
Rs 4833 /-,நான்காயிரத்து எண்ணூற்று முப்பத்துமூன்று ரூபாய்,money
இன்றைய விலை 908.19 ஆக உயர்ந்தது.,இன்றைய விலை தொள்ளாயிரத்து எட்டு புள்ளி ஒன்று ஒன்பது ஆக உயர்ந்தது .,decimal
2000இல் நாட்கள் ஆயிற்று.,இரண்டாயிரத்தில் நாட்கள் ஆயிற்று .,cardinal
21-10-1923,இருபத்தொன்று அக்டோபர் ஆயிரத்து தொள்ளாயிரத்து இருபத்துமூன்று,date
2ஆம் மாடியில் அலுவலகம் உள்ளது.,இரண்டாம் மாடியில் அலுவலகம் உள்ளது .,ordinal
93466.7 இலட்சம் என்பதை நினைவில் கொள்ளுங்கள்.,தொண்ணூற்றுமூன்று ஆயிரம் நானூற்று அறுபத்தாறு புள்ளி ஏழு இலட்சம் என்பதை நினைவில் கொள்ளுங்கள் .,decimal
6610704 சரியானது.,அறுபத்தாறு இலட்சம் பத்து ஆயிரம் எழுநூற்று நான்கு சரியானது .,cardinal
செய்தியில் 6229170 என்று வந்தது.,செய்தியில் அறுபத்திரண்டு இலட்சம் இருபத்தொன்பது ஆயிரம் நூற்று எழுபது என்று வந்தது .~செய்தியில் அறுபத்திரண்டு இலட்சம் இருபத்தொன்பது ஆயிரம் நூற்றெழுபது என்று வந்தது .,cardinal
10:00:14,பத்து மணி பதினான்கு வினாடி,time
"பரிசுத் தொகை €1,86,28,544.",பரிசுத் தொகை ஒரு கோடி எண்பத்தாறு இலட்சம் இருபத்தெட்டு ஆயிரம் ஐந்நூற்று நாற்பத்துநான்கு யூரோ .,money
40/8 பங்கு மாணவர்கள் தேர்ச்சி பெற்றனர்.,எட்டில் நாற்பது பங்கு மாணவர்கள் தேர்ச்சி பெற்றனர் .,fraction
கூட்டம் 28/10/1981 அன்று 21:00:11 தொடங்கும்.,கூட்டம் இருபத்தெட்டு அக்டோபர் ஆயிரத்து தொள்ளாயிரத்து எண்பத்தொன்று அன்று இருபத்தொன்று மணி பதினொன்று வினாடி தொடங்கும் .,mixed
அவன் 374 முறை முயன்றான்.,அவன் முந்நூற்று எழுபத்துநான்கு முறை முயன்றான் .,cardinal
செய்தியில் 2வது என்று வந்தது.,செய்தியில் இரண்டாவது என்று வந்தது .,ordinal
7 30/90,ஏழு மற்றும் தொண்ணூறில் முப்பது,fraction
மொத்தம் ௪௯௧௧௪௪௩௪௭ மாணவர்கள் உள்ளனர்.,மொத்தம் நாற்பத்தொன்பது கோடி பதினொன்று இலட்சம் நாற்பத்துநான்கு ஆயிரம் முந்நூற்று நாற்பத்தேழு மாணவர்கள் உள்ளனர் .,cardinal
+91 6517208148,பிளஸ் ஒன்பது ஒன்று ஆறு ஐந்து ஒன்று ஏழு இரண்டு பூஜ்யம் எட்டு ஒன்று நான்கு எட்டு,telephone
17:22,பதினேழு மணி இருபத்திரண்டு நிமிடம்,time
30-04-2052 சரியானது.,முப்பது ஏப்ரல் இரண்டாயிரத்து ஐம்பத்திரண்டு சரியானது .,date
வண்டி எண் 7883 ஆகும்.,வண்டி எண் ஏழாயிரத்து எண்ணூற்று எண்பத்துமூன்று ஆகும் .,cardinal
732,எழுநூற்று முப்பத்திரண்டு,cardinal
2.107,இரண்டு புள்ளி ஒன்று பூஜ்யம் ஏழு,decimal
19-01-1982 அன்று ₹9085 செலுத்தினேன்.,பத்தொன்பது ஜனவரி ஆயிரத்து தொள்ளாயிரத்து எண்பத்திரண்டு அன்று ஒன்பதாயிரத்து எண்பத்தைந்து ரூபாய் செலுத்தினேன் .,mixed
8 மி.லி.,எட்டு மில்லிலிட்டர்,measure
230.907,இருநூற்று முப்பது புள்ளி ஒன்பது பூஜ்யம் ஏழு,decimal
3/6,ஆறில் மூன்று,fraction
9:51 மணிக்கு,ஒன்பது மணி ஐம்பத்தொன்று நிமிடம்,time
பிறந்த நாள் 25/09/2065.,பிறந்த நாள் இருபத்தைந்து செப்டம்பர் இரண்டாயிரத்து அறுபத்தைந்து .,date
மதிப்பீடு 3.18.,மதிப்பீடு மூன்று புள்ளி ஒன்று எட்டு .,decimal
23/80 பங்கு மாணவர்கள் தேர்ச்சி பெற்றனர்.,எண்பதில் இருபத்துமூன்று பங்கு மாணவர்கள் தேர்ச்சி பெற்றனர் .,fraction
284,இருநூற்று எண்பத்துநான்கு,cardinal
அவர் Rs.36263 செலுத்தினார்.,அவர் முப்பத்தாறு ஆயிரம் இருநூற்று அறுபத்துமூன்று ரூபாய் செலுத்தினார் .,money
ரூ 42,நாற்பத்திரண்டு ரூபாய்,money
மொத்தம் 54979 மாணவர்கள் உள்ளனர்.,மொத்தம் ஐம்பத்துநான்கு ஆயிரம் தொள்ளாயிரத்து எழுபத்தொன்பது மாணவர்கள் உள்ளனர் .,cardinal
நிலப்பரப்பு 4 mi ஆகும்.,நிலப்பரப்பு நான்கு மைல் ஆகும் .,measure
43% என்று எழுதப்பட்டுள்ளது.,நாற்பத்துமூன்று சதவீதம் என்று எழுதப்பட்டுள்ளது .,whitelist
562வது கூட்டம் 15.01.1907 அன்று நடந்தது.,ஐந்நூற்று அறுபத்திரண்டாவது கூட்டம் பதினைந்து ஜனவரி ஆயிரத்து தொள்ளாயிரத்து ஏழு அன்று நடந்தது .,mixed
அவன் 726வது ஆண்டு படிக்கிறான்.,அவன் எழுநூற்று இருபத்தாறாவது ஆண்டு படிக்கிறான் .,ordinal
அவர் 642 என்றார்.,அவர் அறுநூற்று நாற்பத்திரண்டு என்றார் .,cardinal
2825284697356,இரண்டு எட்டு இரண்டு ஐந்து இரண்டு எட்டு நான்கு ஆறு ஒன்பது ஏழு மூன்று ஐந்து ஆறு,cardinal
இதில் 123 குறிப்பிடப்பட்டுள்ளது.,இதில் நூற்று இருபத்துமூன்று குறிப்பிடப்பட்டுள்ளது .,cardinal
9061lb,ஒன்பதாயிரத்து அறுபத்தொன்று பவுண்டு,measure
கடைசி தேதி 13-04-2028.,கடைசி தேதி பதிமூன்று ஏப்ரல் இரண்டாயிரத்து இருபத்தெட்டு .,date
2/4,நான்கில் இரண்டு,fraction
செய்தியில் 184ஆவது என்று வந்தது.,செய்தியில் நூற்றெண்பத்து நான்காவது என்று வந்தது .,ordinal
கடிதத்தில் 6972138075 இருந்தது.,கடிதத்தில் ஆறு ஒன்பது ஏழு இரண்டு ஒன்று மூன்று எட்டு பூஜ்யம் ஏழு ஐந்து இருந்தது .,telephone
1000இல் நாட்கள் ஆயிற்று.,ஆயிரத்தில் நாட்கள் ஆயிற்று .,cardinal
வேகம் 48.11mg ஆக இருந்தது.,வேகம் நாற்பத்தெட்டு புள்ளி ஒன்று ஒன்று மில்லிகிராம் ஆக இருந்தது .,measure
"19:28:15 வரை 60,67,51,851 பேர் காத்திருந்தனர்.",பத்தொன்பது மணி இருபத்தெட்டு நிமிடம் பதினைந்து வினாடி வரை அறுபது கோடி அறுபத்தேழு இலட்சம் ஐம்பத்தொன்று ஆயிரம் எண்ணூற்று ஐம்பத்தொன்று பேர் காத்திருந்தனர் .,mixed
எண் 2000இல் சரியானது.,எண் இரண்டாயிரத்தில் சரியானது .,cardinal
13/15 சரியானது.,பதினைந்தில் பதிமூன்று சரியானது .,fraction
"1890-2785 பேருக்கு ரூ9,75,19,570 செலவு ஆகும்.",ஆயிரத்து எண்ணூற்றுத்தொண்ணூறு முதல் இரண்டாயிரத்து எழுநூற்று எண்பத்தைந்து பேருக்கு ஒன்பது கோடி எழுபத்தைந்து இலட்சம் பத்தொன்பது ஆயிரம் ஐந்நூற்று எழுபது ரூபாய் செலவு ஆகும் .~ஆயிரத்து எண்ணூற்றுத்தொண்ணூறு முதல் இரண்டாயிரத்து எழுநூற்று எண்பத்தைந்து பேருக்கு ஒன்பது கோடி எழுபத்தைந்து இலட்சம் பத்தொன்பது ஆயிரம் ஐந்நூற்றெழுபது ரூபாய் செலவு ஆகும் .,mixed
4ஆவது பரிசு $72 ஆகும்.,நான்காவது பரிசு எழுபத்திரண்டு டாலர் ஆகும் .,mixed
11வது,பதினொன்றாவது,ordinal
57 கி.கி,ஐம்பத்தேழு கிலோகிராம்,measure
௧௯-௦௩-௨௦௬௯,பத்தொன்பது மார்ச் இரண்டாயிரத்து அறுபத்தொன்பது,date
25-08-1943 பற்றி பேசினோம்.,இருபத்தைந்து ஆகஸ்ட் ஆயிரத்து தொள்ளாயிரத்து நாற்பத்துமூன்று பற்றி பேசினோம் .,date
தினமும் 2 g ஓடுகிறேன்.,தினமும் இரண்டு கிராம் ஓடுகிறேன் .,measure
96241.7,தொண்ணூற்றாறு ஆயிரம் இருநூற்று நாற்பத்தொன்று புள்ளி ஏழு,decimal
பேருந்து கட்டணம் Rs௦.௨௩ ஆகும்.,பேருந்து கட்டணம் இருபத்துமூன்று பைசா ஆகும் .,money
பேருந்து 5:59 மணிக்கு கிளம்பும்.,பேருந்து ஐந்து மணி ஐம்பத்தொன்பது நிமிடம் கிளம்பும் .,time
௨௦-௦௨-௨௦௮௮,இருபது பிப்ரவரி இரண்டாயிரத்து எண்பத்தெட்டு,date
"₹ ௯,௭௫,௭௯,௭௧௦",ஒன்பது கோடி எழுபத்தைந்து இலட்சம் எழுபத்தொன்பது ஆயிரம் எழுநூற்றுப்பத்து ரூபாய்,money
பதிவு தேதி 26-08-1932 ஆகும்.,பதிவு தேதி இருபத்தாறு ஆகஸ்ட் ஆயிரத்து தொள்ளாயிரத்து முப்பத்திரண்டு ஆகும் .,date
0917-274392 என்ற எண்ணை 14:49 அழைக்கவும்.,பூஜ்யம் ஒன்பது ஒன்று ஏழு இரண்டு ஏழு நான்கு மூன்று ஒன்பது இரண்டு என்ற எண்ணை பதினான்கு மணி நாற்பத்தொன்பது நிமிடம் அழைக்கவும் .,mixed
24:17,இருபத்துநான்கு மணி பதினேழு நிமிடம்,time
20-37 என்பதை நினைவில் கொள்ளுங்கள்.,இருபது முதல் முப்பத்தேழு என்பதை நினைவில் கொள்ளுங்கள் .,range
கடிதத்தில் 67ஆம் இருந்தது.,கடிதத்தில் அறுபத்தேழாம் இருந்தது .,ordinal
அவர் 31 ரூ. என்றார்.,அவர் முப்பத்தொன்று ரூபாய் என்றார் .,money
8577089668,எட்டு ஐந்து ஏழு ஏழு பூஜ்யம் எட்டு ஒன்பது ஆறு ஆறு எட்டு,telephone
9:24 பற்றி பேசினோம்.,ஒன்பது மணி இருபத்துநான்கு நிமிடம் பற்றி பேசினோம் .,time
அளவு 61263.15 ஆக உள்ளது.,அளவு அறுபத்தொன்று ஆயிரம் இருநூற்று அறுபத்துமூன்று புள்ளி ஒன்று ஐந்து ஆக உள்ளது .,decimal
8710,எட்டாயிரத்து எழுநூற்றுப்பத்து,cardinal
"Rs9,60,42,031.30",ஒன்பது கோடி அறுபது இலட்சம் நாற்பத்திரண்டு ஆயிரம் முப்பத்தொன்று ரூபாய் முப்பது பைசா,money
அவர் 33% என்றார்.,அவர் முப்பத்துமூன்று சதவீதம் என்றார் .,whitelist
"54,39,29,808",ஐம்பத்துநான்கு கோடி முப்பத்தொன்பது இலட்சம் இருபத்தொன்பது ஆயிரம் எண்ணூற்று எட்டு,cardinal
11:53 சரியானது.,பதினொன்று மணி ஐம்பத்துமூன்று நிமிடம் சரியானது .,time
"736,165",ஏழு இலட்சம் முப்பத்தாறு ஆயிரம் நூற்றறுபத்து ஐந்து,cardinal
1352-1834 பற்றி பேசினோம்.,ஆயிரத்து முந்நூற்று ஐம்பத்திரண்டு முதல் ஆயிரத்து எண்ணூற்று முப்பத்துநான்கு பற்றி பேசினோம் .,range
18 Hz என்பதை நினைவில் கொள்ளுங்கள்.,பதினெட்டு ஹெர்ட்ஸ் என்பதை நினைவில் கொள்ளுங்கள் .,measure
2892.8GB என்பதை நினைவில் கொள்ளுங்கள்.,இரண்டாயிரத்து எண்ணூற்றுத்தொண்ணூற்றிரண்டு புள்ளி எட்டு கிகாபைட் என்பதை நினைவில் கொள்ளுங்கள் .,measure
௬/௧௦,பத்தில் ஆறு,fraction
நாள் 18-08-2864 என்று குறிக்கப்பட்டுள்ளது.,நாள் பதினெட்டு ஆகஸ்ட் இரண்டாயிரத்து எண்ணூற்று அறுபத்துநான்கு என்று குறிக்கப்பட்டுள்ளது .,date
3203,மூன்றாயிரத்து இருநூற்று மூன்று,cardinal
Rs 9,ஒன்பது ரூபாய்,money
726848806 பற்றி பேசினோம்.,எழுபத்திரண்டு கோடி அறுபத்தெட்டு இலட்சம் நாற்பத்தெட்டு ஆயிரம் எண்ணூற்று ஆறு பற்றி பேசினோம் .,cardinal
$100.5 அபராதம் விதிக்கப்பட்டது.,நூறு டாலர் ஐம்பது சென்ட் அபராதம் விதிக்கப்பட்டது .,money
இதில் 2052-03-07 குறிப்பிடப்பட்டுள்ளது.,இதில் இரண்டாயிரத்து ஐம்பத்திரண்டு மார்ச் ஏழு குறிப்பிடப்பட்டுள்ளது .,date
அந்த ஊரில் 59 வீடுகள் உள்ளன.,அந்த ஊரில் ஐம்பத்தொன்பது வீடுகள் உள்ளன .,cardinal
"அந்த நிலம் 8,21,42,211ரூ விலை போனது.",அந்த நிலம் எட்டு கோடி இருபத்தொன்று இலட்சம் நாற்பத்திரண்டு ஆயிரம் இருநூற்றுப்பதினொன்று ரூபாய் விலை போனது .,money
855770188,எண்பத்தைந்து கோடி ஐம்பத்தேழு இலட்சம் எழுபது ஆயிரம் நூற்றெண்பத்து எட்டு,cardinal
நான் ௧௫௦வது நபராக வந்தேன்.,நான் நூற்று ஐம்பதாவது நபராக வந்தேன் .,ordinal
-1680.7,மைனஸ் ஆயிரத்து அறுநூற்று எண்பது புள்ளி ஏழு~மைனஸ் ஆயிரத்து அறுநூற்றெண்பது புள்ளி ஏழு,decimal
31/07/2048 சரியானது.,முப்பத்தொன்று ஜூலை இரண்டாயிரத்து நாற்பத்தெட்டு சரியானது .,date
3767 ml,மூன்றாயிரத்து எழுநூற்று அறுபத்தேழு மில்லிலிட்டர்,measure
கடிதத்தில் 9420335676 இருந்தது.,கடிதத்தில் ஒன்பது நான்கு இரண்டு பூஜ்யம் மூன்று மூன்று ஐந்து ஆறு ஏழு ஆறு இருந்தது .,telephone
Rs 15 என்பதை நினைவில் கொள்ளுங்கள்.,பதினைந்து ரூபாய் என்பதை நினைவில் கொள்ளுங்கள் .,money
4.64 மி.லி.,நான்கு புள்ளி ஆறு நான்கு மில்லிலிட்டர்,measure
06:52 மணிக்கு,ஆறு மணி ஐம்பத்திரண்டு நிமிடம்,time
7781 hr பால் வாங்கினேன்.,ஏழாயிரத்து எழுநூற்று எண்பத்தொன்று மணி பால் வாங்கினேன் .,measure
2013-11-23,இரண்டாயிரத்து பதிமூன்று நவம்பர் இருபத்துமூன்று,date
"15:11 வரை 74,994 பேர் காத்திருந்தனர்.",பதினைந்து மணி பதினொன்று நிமிடம் வரை எழுபத்துநான்கு ஆயிரம் தொள்ளாயிரத்து தொண்ணூற்றுநான்கு பேர் காத்திருந்தனர் .,mixed
2029-2344,இரண்டாயிரத்து இருபத்தொன்பது முதல் இரண்டாயிரத்து முந்நூற்று நாற்பத்துநான்கு,range
790113524826 என்று எழுதப்பட்டுள்ளது.,ஏழு ஒன்பது பூஜ்யம் ஒன்று ஒன்று மூன்று ஐந்து இரண்டு நான்கு எட்டு இரண்டு ஆறு என்று எழுதப்பட்டுள்ளது .,cardinal
கடிதத்தில் 23:00 இருந்தது.,கடிதத்தில் இருபத்துமூன்று மணி இருந்தது .,time
சராசரி 1.49 ஆகும்.,சராசரி ஒன்று புள்ளி நான்கு ஒன்பது ஆகும் .,decimal
600வது,அறுநூறாவது,ordinal
2802 ₹,இரண்டாயிரத்து எண்ணூற்று இரண்டு ரூபாய்,money
12/11/2060,பன்னிரண்டு நவம்பர் இரண்டாயிரத்து அறுபது,date
8-13 பற்றி பேசினோம்.,எட்டு முதல் பதிமூன்று பற்றி பேசினோம் .,range
வாடகை ₹0.77 ஆக உயர்ந்தது.,வாடகை எழுபத்தேழு பைசா ஆக உயர்ந்தது .,money
௨௧:௪௮:௨௧ மணிக்கு,இருபத்தொன்று மணி நாற்பத்தெட்டு நிமிடம் இருபத்தொன்று வினாடி,time
14:51 வரை 485061228093 பேர் காத்திருந்தனர்.,பதினான்கு மணி ஐம்பத்தொன்று நிமிடம் வரை நான்கு எட்டு ஐந்து பூஜ்யம் ஆறு ஒன்று இரண்டு இரண்டு எட்டு பூஜ்யம் ஒன்பது மூன்று பேர் காத்திருந்தனர் .,mixed
டாக். சுரேஷ் என்பதை நினைவில் கொள்ளுங்கள்.,டாக்டர் சுரேஷ் என்பதை நினைவில் கொள்ளுங்கள் .,whitelist
இப்போது மணி 14:04:18 மணிக்கு.,இப்போது மணி பதினான்கு மணி நான்கு நிமிடம் பதினெட்டு வினாடி .,time
அந்த ஊரில் 1844 வீடுகள் உள்ளன.,அந்த ஊரில் ஆயிரத்து எண்ணூற்று நாற்பத்துநான்கு வீடுகள் உள்ளன .,cardinal
14:28 மணிக்கு,பதினான்கு மணி இருபத்தெட்டு நிமிடம்,time
03-05-2082 அன்று மழை பெய்தது.,மூன்று மே இரண்டாயிரத்து எண்பத்திரண்டு அன்று மழை பெய்தது .,date
இப்போது மணி 23:36:34.,இப்போது மணி இருபத்துமூன்று மணி முப்பத்தாறு நிமிடம் முப்பத்துநான்கு வினாடி .,time
அவன் 440230779093 முறை முயன்றான்.,அவன் நான்கு நான்கு பூஜ்யம் இரண்டு மூன்று பூஜ்யம் ஏழு ஏழு ஒன்பது பூஜ்யம் ஒன்பது மூன்று முறை முயன்றான் .,cardinal
சராசரி ௬.௮ என்பது 4 மாணவர்களின் கணக்கு.,சராசரி ஆறு புள்ளி எட்டு என்பது நான்கு மாணவர்களின் கணக்கு .,mixed
லெ. சுரேஷ் வந்தார்.,லெப்டினன்ட் சுரேஷ் வந்தார் .,whitelist
3 32/40,மூன்று மற்றும் நாற்பதில் முப்பத்திரண்டு,fraction
௨௪௭.௫,இருநூற்று நாற்பத்தேழு புள்ளி ஐந்து,decimal
அவர் 52ல் என்றார்.,அவர் ஐம்பத்திரண்டில் என்றார் .,cardinal
₹8621 அபராதம் விதிக்கப்பட்டது.,எட்டாயிரத்து அறுநூற்று இருபத்தொன்று ரூபாய் அபராதம் விதிக்கப்பட்டது .,money
2356469 பற்றி பேசினோம்.,இருபத்துமூன்று இலட்சம் ஐம்பத்தாறு ஆயிரம் நானூற்று அறுபத்தொன்பது பற்றி பேசினோம் .,cardinal
22:00 என்பதை நினைவில் கொள்ளுங்கள்.,இருபத்திரண்டு மணி என்பதை நினைவில் கொள்ளுங்கள் .,time
"௫௯,௭௧,௦௭,௦௩௧",ஐம்பத்தொன்பது கோடி எழுபத்தொன்று இலட்சம் ஏழாயிரத்து முப்பத்தொன்று,cardinal
"¥ 68,08,306",அறுபத்தெட்டு இலட்சம் எட்டாயிரத்து முந்நூற்று ஆறு யென்,money
"இதில் Rs7,55,85,613 குறிப்பிடப்பட்டுள்ளது.",இதில் ஏழு கோடி ஐம்பத்தைந்து இலட்சம் எண்பத்தைந்து ஆயிரம் அறுநூற்றுப்பதிமூன்று ரூபாய் குறிப்பிடப்பட்டுள்ளது .,money
தூரம் 75.24KB ஆகும்.,தூரம் எழுபத்தைந்து புள்ளி இரண்டு நான்கு கிலோபைட் ஆகும் .,measure
வெப்பநிலை 86 கி.கி ஆக இருந்தது.,வெப்பநிலை எண்பத்தாறு கிலோகிராம் ஆக இருந்தது .,measure
5,ஐந்து,cardinal
97-130,தொண்ணூற்றேழு முதல் நூற்று முப்பது,range
"9467.89 m அரிசி ₹ 7,40,83,451 ஆகும்.",ஒன்பதாயிரத்து நானூற்று அறுபத்தேழு புள்ளி எட்டு ஒன்பது மீட்டர் அரிசி ஏழு கோடி நாற்பது இலட்சம் எண்பத்துமூன்று ஆயிரம் நானூற்று ஐம்பத்தொன்று ரூபாய் ஆகும் .,mixed
17-01-1980 முதல் விற்பனை தொடங்கும்.,பதினேழு ஜனவரி ஆயிரத்து தொள்ளாயிரத்து எண்பது முதல் விற்பனை தொடங்கும் .,date
மொத்தத்தில் ௩/௯௦ பங்கு.,மொத்தத்தில் தொண்ணூறில் மூன்று பங்கு .,fraction
4803,நான்காயிரத்து எண்ணூற்று மூன்று,cardinal
இதில் 785.9 குறிப்பிடப்பட்டுள்ளது.,இதில் எழுநூற்று எண்பத்தைந்து புள்ளி ஒன்பது குறிப்பிடப்பட்டுள்ளது .,decimal
76.4% என்று எழுதப்பட்டுள்ளது.,எழுபத்தாறு புள்ளி நான்கு சதவீதம் என்று எழுதப்பட்டுள்ளது .,whitelist
அவன் 808.1 மதிப்பெண் பெற்றான்.,அவன் எண்ணூற்று எட்டு புள்ளி ஒன்று மதிப்பெண் பெற்றான் .,decimal
௩௯ஆம்,முப்பத்தொன்பதாம்,ordinal
"7,89,21,296 மாணவர்கள் 03:20 வந்தனர்.",ஏழு கோடி எண்பத்தொன்பது இலட்சம் இருபத்தொன்று ஆயிரம் இருநூற்றுத்தொண்ணூற்றாறு மாணவர்கள் மூன்று மணி இருபது நிமிடம் வந்தனர் .,mixed
அவர் $ 42 என்றார்.,அவர் நாற்பத்திரண்டு டாலர் என்றார் .,money
19.4%,பத்தொன்பது புள்ளி நான்கு சதவீதம்,whitelist
கடிதத்தில் 15-06-2046 இருந்தது.,கடிதத்தில் பதினைந்து ஜூன் இரண்டாயிரத்து நாற்பத்தாறு இருந்தது .,date
10-02-1990,பத்து பிப்ரவரி ஆயிரத்து தொள்ளாயிரத்து தொண்ணூறு,date
33 KB,முப்பத்துமூன்று கிலோபைட்,measure
"841,533",எட்டு இலட்சம் நாற்பத்தொன்று ஆயிரம் ஐந்நூற்று முப்பத்துமூன்று,cardinal
அவன் 538.26 மதிப்பெண் பெற்றான்.,அவன் ஐந்நூற்று முப்பத்தெட்டு புள்ளி இரண்டு ஆறு மதிப்பெண் பெற்றான் .,decimal
12:00,பன்னிரண்டு மணி,time
கூட்டத்தில் -4129 பேர் வந்தனர்.,கூட்டத்தில் மைனஸ் நான்காயிரத்து நூற்று இருபத்தொன்பது பேர் வந்தனர் .,cardinal
¥ 655058665.90,அறுபத்தைந்து கோடி ஐம்பது இலட்சம் ஐம்பத்தெட்டு ஆயிரம் அறுநூற்று அறுபத்தைந்து யென் தொண்ணூறு சென்,money
விலை ரூ756/- ஆனது 2.068 சதவீதம் உயர்வு.,விலை எழுநூற்று ஐம்பத்தாறு ரூபாய் ஆனது இரண்டு புள்ளி பூஜ்யம் ஆறு எட்டு சதவீதம் உயர்வு .,mixed
செய்தியில் 10-12 என்று வந்தது.,செய்தியில் பத்து முதல் பன்னிரண்டு என்று வந்தது .,range
₹ 990.2 சரியானது.,தொள்ளாயிரத்து தொண்ணூறு ரூபாய் இருபது பைசா சரியானது .,money
74983,எழுபத்துநான்கு ஆயிரம் தொள்ளாயிரத்து எண்பத்துமூன்று,cardinal
அவர் 31 என்றார்.,அவர் முப்பத்தொன்று என்றார் .,cardinal
9253269919,ஒன்பது இரண்டு ஐந்து மூன்று இரண்டு ஆறு ஒன்பது ஒன்பது ஒன்று ஒன்பது,telephone
25-05-2007,இருபத்தைந்து மே இரண்டாயிரத்து ஏழு,date
அலுவலகம் 22:48:01 திறக்கும்.,அலுவலகம் இருபத்திரண்டு மணி நாற்பத்தெட்டு நிமிடம் ஒன்று வினாடி திறக்கும் .,time
இதில் 1947-2275 குறிப்பிடப்பட்டுள்ளது.,இதில் ஆயிரத்து தொள்ளாயிரத்து நாற்பத்தேழு முதல் இரண்டாயிரத்து இருநூற்று எழுபத்தைந்து குறிப்பிடப்பட்டுள்ளது .,range
மாத சம்பளம் £787960741 தான்.,மாத சம்பளம் எழுபத்தெட்டு கோடி எழுபத்தொன்பது இலட்சம் அறுபது ஆயிரம் எழுநூற்று நாற்பத்தொன்று பவுண்ட் தான் .,money
விமானம் 14:05:04 மணிக்கு வந்தடையும்.,விமானம் பதினான்கு மணி ஐந்து நிமிடம் நான்கு வினாடி வந்தடையும் .,time
₹ 1756.91,ஆயிரத்து எழுநூற்று ஐம்பத்தாறு ரூபாய் தொண்ணூற்றொன்று பைசா,money
நீளம் 42360.3 ஆக இருந்தது.,நீளம் நாற்பத்திரண்டு ஆயிரம் முந்நூற்று அறுபது புள்ளி மூன்று ஆக இருந்தது .~நீளம் நாற்பத்திரண்டு ஆயிரம் முந்நூற்றறுபது புள்ளி மூன்று ஆக இருந்தது .,decimal
௬.௬௯,ஆறு புள்ளி ஆறு ஒன்பது,decimal
27-08-1957,இருபத்தேழு ஆகஸ்ட் ஆயிரத்து தொள்ளாயிரத்து ஐம்பத்தேழு,date
1/16 பங்கு மாணவர்கள் தேர்ச்சி பெற்றனர்.,பதினாறில் ஒன்று பங்கு மாணவர்கள் தேர்ச்சி பெற்றனர் .,fraction
306.221,முந்நூற்று ஆறு புள்ளி இரண்டு இரண்டு ஒன்று,decimal
1219ஆம் நூற்றாண்டு இலக்கியம்.,ஆயிரத்து இருநூற்றுப்பத்தொன்பதாம் நூற்றாண்டு இலக்கியம் .,ordinal
அந்த நிறுவனத்தில் 24இல் ஊழியர்கள் பணிபுரிகின்றனர்.,அந்த நிறுவனத்தில் இருபத்துநான்கில் ஊழியர்கள் பணிபுரிகின்றனர் .,cardinal
₹ 5,ஐந்து ரூபாய்,money
04:17 மணிக்கு,நான்கு மணி பதினேழு நிமிடம்,time
அவர் ௨௭ ஓட்டங்கள் எடுத்தார்.,அவர் இருபத்தேழு ஓட்டங்கள் எடுத்தார் .,cardinal
மொத்த மதிப்பெண் 588531966772.,மொத்த மதிப்பெண் ஐந்து எட்டு எட்டு ஐந்து மூன்று ஒன்று ஒன்பது ஆறு ஆறு ஏழு ஏழு இரண்டு .,cardinal
இதில் 33940.996 குறிப்பிடப்பட்டுள்ளது.,இதில் முப்பத்துமூன்று ஆயிரம் தொள்ளாயிரத்து நாற்பது புள்ளி ஒன்பது ஒன்பது ஆறு குறிப்பிடப்பட்டுள்ளது .,decimal
"எண் ௪௩,௧௧,௭௯,௭௫௭ சரியானது.",எண் நாற்பத்துமூன்று கோடி பதினொன்று இலட்சம் எழுபத்தொன்பது ஆயிரம் எழுநூற்று ஐம்பத்தேழு சரியானது .,cardinal
17:38 மணிக்கு,பதினேழு மணி முப்பத்தெட்டு நிமிடம்,time
அவர் ₹ 9227 செலுத்தினார்.,அவர் ஒன்பதாயிரத்து இருநூற்று இருபத்தேழு ரூபாய் செலுத்தினார் .,money
14 மி.மீ.,பதினான்கு மில்லிமீட்டர்,measure
அவர் 4.5 என்றார்.,அவர் நான்கு புள்ளி ஐந்து என்றார் .,decimal
2904-06-04,இரண்டாயிரத்து தொள்ளாயிரத்து நான்கு ஜூன் நான்கு,date
வண்டி எண் 2870761 ஆகும்.,வண்டி எண் இருபத்தெட்டு இலட்சம் எழுபது ஆயிரம் எழுநூற்று அறுபத்தொன்று ஆகும் .,cardinal
3 மி.லி.,மூன்று மில்லிலிட்டர்,measure
410880739,நாற்பத்தொன்று கோடி எட்டு இலட்சம் எண்பது ஆயிரம் எழுநூற்று முப்பத்தொன்பது,cardinal
845431237 சரியானது.,எண்பத்துநான்கு கோடி ஐம்பத்துநான்கு இலட்சம் முப்பத்தொன்று ஆயிரம் இருநூற்று முப்பத்தேழு சரியானது .,cardinal
₹42,நாற்பத்திரண்டு ரூபாய்,money
செய்தியில் 650.566 என்று வந்தது.,செய்தியில் அறுநூற்று ஐம்பது புள்ளி ஐந்து ஆறு ஆறு என்று வந்தது .~செய்தியில் அறுநூற்றைம்பது புள்ளி ஐந்து ஆறு ஆறு என்று வந்தது .,decimal
நிலத்தில் ¾ பங்கு விற்றார்.,நிலத்தில் நான்கில் மூன்று பங்கு விற்றார் .,fraction
77 % சரியானது.,எழுபத்தேழு சதவீதம் சரியானது .,whitelist
மொத்தம் 140 மாணவர்கள் உள்ளனர்.,மொத்தம் நூற்று நாற்பது மாணவர்கள் உள்ளனர் .,cardinal
ரூ80,எண்பது ரூபாய்,money
1190இல் சரியானது.,ஆயிரத்து நூற்றுத்தொண்ணூறில் சரியானது .,cardinal
அவர் 1256வது என்றார்.,அவர் ஆயிரத்து இருநூற்று ஐம்பத்தாறாவது என்றார் .,ordinal
அவர் 01-09-2091 அன்று பிறந்தார்.,அவர் ஒன்று செப்டம்பர் இரண்டாயிரத்து தொண்ணூற்றொன்று அன்று பிறந்தார் .,date
இதில் 3.345 குறிப்பிடப்பட்டுள்ளது.,இதில் மூன்று புள்ளி மூன்று நான்கு ஐந்து குறிப்பிடப்பட்டுள்ளது .,decimal
31.5% என்பது சரி.,முப்பத்தொன்று புள்ளி ஐந்து சதவீதம் என்பது சரி .,whitelist
344.86,முந்நூற்று நாற்பத்துநான்கு புள்ளி எட்டு ஆறு,decimal
இதில் 7404643587 குறிப்பிடப்பட்டுள்ளது.,இதில் ஏழு நான்கு பூஜ்யம் நான்கு ஆறு நான்கு மூன்று ஐந்து எட்டு ஏழு குறிப்பிடப்பட்டுள்ளது .,telephone
எண் 0 சரியானது.,எண் பூஜ்யம் சரியானது .,cardinal
பெட்டியின் எடை 2134.85Hz இருக்கும்.,பெட்டியின் எடை இரண்டாயிரத்து நூற்று முப்பத்துநான்கு புள்ளி எட்டு ஐந்து ஹெர்ட்ஸ் இருக்கும் .,measure
78வது,எழுபத்தெட்டாவது,ordinal
1690இல்,ஆயிரத்து அறுநூற்றுத்தொண்ணூறில்,cardinal
மொத்தம் ௮௫௪ மாணவர்கள் உள்ளனர்.,மொத்தம் எண்ணூற்று ஐம்பத்துநான்கு மாணவர்கள் உள்ளனர் .,cardinal
இதில் 15761.2 குறிப்பிடப்பட்டுள்ளது.,இதில் பதினைந்து ஆயிரம் எழுநூற்று அறுபத்தொன்று புள்ளி இரண்டு குறிப்பிடப்பட்டுள்ளது .,decimal
2582 கிலோ அரிசி வாங்கினேன்.,இரண்டாயிரத்து ஐந்நூற்று எண்பத்திரண்டு கிலோ அரிசி வாங்கினேன் .,cardinal
+1 7537107323 என்ற எண்ணை 22:37:50 அழைக்கவும்.,பிளஸ் ஒன்று ஏழு ஐந்து மூன்று ஏழு ஒன்று பூஜ்யம் ஏழு மூன்று இரண்டு மூன்று என்ற எண்ணை இருபத்திரண்டு மணி முப்பத்தேழு நிமிடம் ஐம்பது வினாடி அழைக்கவும் .,mixed
5×8=40,ஐந்து பெருக்கல் எட்டு சமம் நாற்பது,whitelist
-5,மைனஸ் ஐந்து,cardinal
14-06-2915,பதினான்கு ஜூன் இரண்டாயிரத்து தொள்ளாயிரத்து பதினைந்து,date
அவர் 6054788187 என்றார்.,அவர் ஆறு பூஜ்யம் ஐந்து நான்கு ஏழு எட்டு எட்டு ஒன்று எட்டு ஏழு என்றார் .,cardinal
இது 712ஆம் முறை.,இது எழுநூற்றுப்பன்னிரண்டாம் முறை .,ordinal
80386.44,எண்பது ஆயிரம் முந்நூற்று எண்பத்தாறு புள்ளி நான்கு நான்கு,decimal
62 என்று எழுதப்பட்டுள்ளது.,அறுபத்திரண்டு என்று எழுதப்பட்டுள்ளது .,cardinal
எண் 64702 சரியானது.,எண் அறுபத்துநான்கு ஆயிரம் எழுநூற்று இரண்டு சரியானது .,cardinal
தூரம் 7256 மீ. ஆகும்.,தூரம் ஏழாயிரத்து இருநூற்று ஐம்பத்தாறு மீட்டர் ஆகும் .,measure
80498.2 சரியானது.,எண்பது ஆயிரம் நானூற்றுத்தொண்ணூற்றெட்டு புள்ளி இரண்டு சரியானது .,decimal
₹69005,அறுபத்தொன்பது ஆயிரம் ஐந்து ரூபாய்,money
ரூ84,எண்பத்துநான்கு ரூபாய்,money
€261,இருநூற்று அறுபத்தொன்று யூரோ,money
செய்தியில் ௩௯ என்று வந்தது.,செய்தியில் முப்பத்தொன்பது என்று வந்தது .,cardinal
97 mL,தொண்ணூற்றேழு மில்லிலிட்டர்,measure
௧௪:௧௪ மணிக்கு,பதினான்கு மணி பதினான்கு நிமிடம்,time
எனக்கு 46498 வயது.,எனக்கு நாற்பத்தாறு ஆயிரம் நானூற்றுத்தொண்ணூற்றெட்டு வயது .,cardinal
4/6,ஆறில் நான்கு,fraction
"₹ 1,83,71,350",ஒரு கோடி எண்பத்துமூன்று இலட்சம் எழுபத்தொன்று ஆயிரம் முந்நூற்று ஐம்பது ரூபாய்~ஒரு கோடி எண்பத்துமூன்று இலட்சம் எழுபத்தொன்று ஆயிரம் முந்நூற்றைம்பது ரூபாய்,money
நிலப்பரப்பு 6892 Hz ஆகும்.,நிலப்பரப்பு ஆறாயிரத்து எண்ணூற்றுத்தொண்ணூற்றிரண்டு ஹெர்ட்ஸ் ஆகும் .,measure
இதில் ௧௨-௦௬-௨௦௬௫ குறிப்பிடப்பட்டுள்ளது.,இதில் பன்னிரண்டு ஜூன் இரண்டாயிரத்து அறுபத்தைந்து குறிப்பிடப்பட்டுள்ளது .,date
பள்ளியில் -26 ஆசிரியர்கள் உள்ளனர்.,பள்ளியில் மைனஸ் இருபத்தாறு ஆசிரியர்கள் உள்ளனர் .,cardinal
38/90 சரியானது.,தொண்ணூறில் முப்பத்தெட்டு சரியானது .,fraction
19-12-2060,பத்தொன்பது டிசம்பர் இரண்டாயிரத்து அறுபது,date
அவர் 11-06-2050 அன்று பிறந்தார்.,அவர் பதினொன்று ஜூன் இரண்டாயிரத்து ஐம்பது அன்று பிறந்தார் .,date
உதவி எண் 8156979265 என அறிவித்தனர்.,உதவி எண் எட்டு ஒன்று ஐந்து ஆறு ஒன்பது ஏழு ஒன்பது இரண்டு ஆறு ஐந்து என அறிவித்தனர் .,telephone
௧௫:௦௦ மணிக்கு,பதினைந்து மணி,time
இதில் 32ஆவது குறிப்பிடப்பட்டுள்ளது.,இதில் முப்பத்திரண்டாவது குறிப்பிடப்பட்டுள்ளது .,ordinal
அவன் 682 முறை முயன்றான்.,அவன் அறுநூற்று எண்பத்திரண்டு முறை முயன்றான் .,cardinal
792 கி.மீ.,எழுநூற்றுத்தொண்ணூற்றிரண்டு கிலோமீட்டர்,measure
60 MW,அறுபது மெகாவாட்,measure
13/01/1905,பதிமூன்று ஜனவரி ஆயிரத்து தொள்ளாயிரத்து ஐந்து,date
5843 கிலோ அரிசி வாங்கினேன்.,ஐந்தாயிரத்து எண்ணூற்று நாற்பத்துமூன்று கிலோ அரிசி வாங்கினேன் .,cardinal
செய்தியில் 16-02-1905 என்று வந்தது.,செய்தியில் பதினாறு பிப்ரவரி ஆயிரத்து தொள்ளாயிரத்து ஐந்து என்று வந்தது .,date
௪/௧௨ பங்கு வேலை முடிந்தது.,பன்னிரண்டில் நான்கு பங்கு வேலை முடிந்தது .,fraction
04:11 என்று எழுதப்பட்டுள்ளது.,நான்கு மணி பதினொன்று நிமிடம் என்று எழுதப்பட்டுள்ளது .,time
¾,நான்கில் மூன்று,fraction
593,ஐந்நூற்றுத்தொண்ணூற்றுமூன்று,cardinal
விலை Rs6060.89 மட்டும்.,விலை ஆறாயிரத்து அறுபது ரூபாய் எண்பத்தொன்பது பைசா மட்டும் .,money
அந்த நிலம் ₹ 7552 விலை போனது.,அந்த நிலம் ஏழாயிரத்து ஐந்நூற்று ஐம்பத்திரண்டு ரூபாய் விலை போனது .,money
9694647669,ஒன்பது ஆறு ஒன்பது நான்கு ஆறு நான்கு ஏழு ஆறு ஆறு ஒன்பது,telephone
547,ஐந்நூற்று நாற்பத்தேழு,cardinal
மாத சம்பளம் ₹9435 தான்.,மாத சம்பளம் ஒன்பதாயிரத்து நானூற்று முப்பத்தைந்து ரூபாய் தான் .,money
அவர் 486வது என்றார்.,அவர் நானூற்று எண்பத்தாறாவது என்றார் .,ordinal
"எனக்கு ௬௫௩,௯௫௩ வயது.",எனக்கு ஆறு இலட்சம் ஐம்பத்துமூன்று ஆயிரம் தொள்ளாயிரத்து ஐம்பத்துமூன்று வயது .,cardinal
₹4472 /- கடன் வாங்கினேன்.,நான்காயிரத்து நானூற்று எழுபத்திரண்டு ரூபாய் கடன் வாங்கினேன் .,money
விமானம் 6:55 வந்தடையும்.,விமானம் ஆறு மணி ஐம்பத்தைந்து நிமிடம் வந்தடையும் .,time
௪௨௬௨ மீ.,நான்காயிரத்து இருநூற்று அறுபத்திரண்டு மீட்டர்,measure
"கடிதத்தில் 258,411 இருந்தது.",கடிதத்தில் இரண்டு இலட்சம் ஐம்பத்தெட்டு ஆயிரம் நானூற்றுப்பதினொன்று இருந்தது .,cardinal
"அந்த ஊரில் ௩௧௭,௧௧௬ வீடுகள் உள்ளன.",அந்த ஊரில் மூன்று இலட்சம் பதினேழு ஆயிரம் நூற்றுப்பதினாறு வீடுகள் உள்ளன .,cardinal
அவர் 08:37:49 மணிக்கு என்றார்.,அவர் எட்டு மணி முப்பத்தேழு நிமிடம் நாற்பத்தொன்பது வினாடி என்றார் .,time
அளவு 7.61 ஆக உள்ளது.,அளவு ஏழு புள்ளி ஆறு ஒன்று ஆக உள்ளது .,decimal
7.85,ஏழு புள்ளி எட்டு ஐந்து,decimal
64.45yr,அறுபத்துநான்கு புள்ளி நான்கு ஐந்து ஆண்டு,measure
அவர் 12-24-1987 அன்று பிறந்தார்.,அவர் டிசம்பர் இருபத்துநான்கு ஆயிரத்து தொள்ளாயிரத்து எண்பத்தேழு அன்று பிறந்தார் .,date
இன்றைய விலை 3.52 ஆக உயர்ந்தது.,இன்றைய விலை மூன்று புள்ளி ஐந்து இரண்டு ஆக உயர்ந்தது .,decimal
43,நாற்பத்துமூன்று,cardinal
புரோ. கண்ணன் பேசினார்.,பேராசிரியர் கண்ணன் பேசினார் .,whitelist
செய்தியில் 40170 என்று வந்தது.,செய்தியில் நாற்பது ஆயிரம் நூற்று எழுபது என்று வந்தது .~செய்தியில் நாற்பது ஆயிரம் நூற்றெழுபது என்று வந்தது .,cardinal
488,நானூற்று எண்பத்தெட்டு,cardinal
6243283050,ஆறு இரண்டு நான்கு மூன்று இரண்டு எட்டு மூன்று பூஜ்யம் ஐந்து பூஜ்யம்,telephone
989 என்று எழுதப்பட்டுள்ளது.,தொள்ளாயிரத்து எண்பத்தொன்பது என்று எழுதப்பட்டுள்ளது .,cardinal
நிலப்பரப்பு 29 ml ஆகும்.,நிலப்பரப்பு இருபத்தொன்பது மில்லிலிட்டர் ஆகும் .,measure
இதில் 8.77 குறிப்பிடப்பட்டுள்ளது.,இதில் எட்டு புள்ளி ஏழு ஏழு குறிப்பிடப்பட்டுள்ளது .,decimal
இதில் ௩/௧௧ குறிப்பிடப்பட்டுள்ளது.,இதில் பதினொன்றில் மூன்று குறிப்பிடப்பட்டுள்ளது .,fraction
இதில் 81602 குறிப்பிடப்பட்டுள்ளது.,இதில் எண்பத்தொன்று ஆயிரம் அறுநூற்று இரண்டு குறிப்பிடப்பட்டுள்ளது .,cardinal
324.83 செ.மீ.,முந்நூற்று இருபத்துநான்கு புள்ளி எட்டு மூன்று சென்டிமீட்டர்,measure
அவர் 05.07.2057 அன்று பிறந்தார்.,அவர் ஐந்து ஜூலை இரண்டாயிரத்து ஐம்பத்தேழு அன்று பிறந்தார் .,date
எனக்கு 610 வயது.,எனக்கு அறுநூற்றுப்பத்து வயது .,cardinal
21:18,இருபத்தொன்று மணி பதினெட்டு நிமிடம்,time
55/9 பங்கு வேலை முடிந்தது.,ஒன்பதில் ஐம்பத்தைந்து பங்கு வேலை முடிந்தது .,fraction
௬.௭ சரியானது.,ஆறு புள்ளி ஏழு சரியானது .,decimal
கடிதத்தில் 20325.3 இருந்தது.,கடிதத்தில் இருபது ஆயிரம் முந்நூற்று இருபத்தைந்து புள்ளி மூன்று இருந்தது .,decimal
அவர் 24/09/1934 அன்று பிறந்தார்.,அவர் இருபத்துநான்கு செப்டம்பர் ஆயிரத்து தொள்ளாயிரத்து முப்பத்துநான்கு அன்று பிறந்தார் .,date
௦௮/௦௩/௧௯௧௩ பற்றி பேசினோம்.,எட்டு மார்ச் ஆயிரத்து தொள்ளாயிரத்து பதிமூன்று பற்றி பேசினோம் .,date
-6.2,மைனஸ் ஆறு புள்ளி இரண்டு,decimal
அவர் 12வது இடம் பிடித்தார்.,அவர் பன்னிரண்டாவது இடம் பிடித்தார் .,ordinal
தொடர்புக்கு 6763676638.,தொடர்புக்கு ஆறு ஏழு ஆறு மூன்று ஆறு ஏழு ஆறு ஆறு மூன்று எட்டு .,telephone
145.158,நூற்று நாற்பத்தைந்து புள்ளி ஒன்று ஐந்து எட்டு,decimal
9435923116 என்ற எண்ணை அழைக்கவும்.,ஒன்பது நான்கு மூன்று ஐந்து ஒன்பது இரண்டு மூன்று ஒன்று ஒன்று ஆறு என்ற எண்ணை அழைக்கவும் .,telephone
ரூ84480.29,எண்பத்துநான்கு ஆயிரம் நானூற்று எண்பது ரூபாய் இருபத்தொன்பது பைசா,money
நேரம் 8:17 ஆகிவிட்டது.,நேரம் எட்டு மணி பதினேழு நிமிடம் ஆகிவிட்டது .,time
16:45 மணிக்கு,பதினாறு மணி நாற்பத்தைந்து நிமிடம்,time
உதவி எண் +656900011539 என அறிவித்தனர்.,உதவி எண் பிளஸ் ஆறு ஐந்து ஆறு ஒன்பது பூஜ்யம் பூஜ்யம் பூஜ்யம் ஒன்று ஒன்று ஐந்து மூன்று ஒன்பது என அறிவித்தனர் .,telephone
6/7 பங்கு மாணவர்கள் தேர்ச்சி பெற்றனர்.,ஏழில் ஆறு பங்கு மாணவர்கள் தேர்ச்சி பெற்றனர் .,fraction
8mm அரிசி Rs 4578 ஆகும்.,எட்டு மில்லிமீட்டர் அரிசி நான்காயிரத்து ஐந்நூற்று எழுபத்தெட்டு ரூபாய் ஆகும் .,mixed
753,எழுநூற்று ஐம்பத்துமூன்று,cardinal
௩௦௬.௫,முந்நூற்று ஆறு புள்ளி ஐந்து,decimal
அவர் 6939 ஓட்டங்கள் எடுத்தார்.,அவர் ஆறாயிரத்து தொள்ளாயிரத்து முப்பத்தொன்பது ஓட்டங்கள் எடுத்தார் .,cardinal
எனக்கு 11 வயது.,எனக்கு பதினொன்று வயது .,cardinal
7610.71 hr,ஏழாயிரத்து அறுநூற்றுப்பத்து புள்ளி ஏழு ஒன்று மணி,measure
1597,ஆயிரத்து ஐந்நூற்றுத்தொண்ணூற்றேழு,cardinal
24,இருபத்துநான்கு,cardinal
செய்தியில் 6.20°F என்று வந்தது.,செய்தியில் ஆறு புள்ளி இரண்டு பூஜ்யம் டிகிரி பாரன்ஹீட் என்று வந்தது .,measure
சராசரி 4.32 ஆகும்.,சராசரி நான்கு புள்ளி மூன்று இரண்டு ஆகும் .,decimal
இந்த நூலில் 71 பக்கங்கள் உள்ளன.,இந்த நூலில் எழுபத்தொன்று பக்கங்கள் உள்ளன .,cardinal
"24,30,17,635",இருபத்துநான்கு கோடி முப்பது இலட்சம் பதினேழு ஆயிரம் அறுநூற்று முப்பத்தைந்து,cardinal
புகார் எண் 0447-764861 ஆகும்.,புகார் எண் பூஜ்யம் நான்கு நான்கு ஏழு ஏழு ஆறு நான்கு எட்டு ஆறு ஒன்று ஆகும் .,telephone
"60,38,77,948",அறுபது கோடி முப்பத்தெட்டு இலட்சம் எழுபத்தேழு ஆயிரம் தொள்ளாயிரத்து நாற்பத்தெட்டு,cardinal
054-048825,பூஜ்யம் ஐந்து நான்கு பூஜ்யம் நான்கு எட்டு எட்டு இரண்டு ஐந்து,telephone
வண்டி எண் 1059181747547 ஆகும்.,வண்டி எண் ஒன்று பூஜ்யம் ஐந்து ஒன்பது ஒன்று எட்டு ஒன்று ஏழு நான்கு ஏழு ஐந்து நான்கு ஏழு ஆகும் .,cardinal
"1769-2009 பேருக்கு ரூ89,61,091.5 செலவு ஆகும்.",ஆயிரத்து எழுநூற்று அறுபத்தொன்பது முதல் இரண்டாயிரத்து ஒன்பது பேருக்கு எண்பத்தொன்பது இலட்சம் அறுபத்தொன்று ஆயிரம் தொண்ணூற்றொன்று ரூபாய் ஐம்பது பைசா செலவு ஆகும் .,mixed
59 கிலோ அரிசி வாங்கினேன்.,ஐம்பத்தொன்பது கிலோ அரிசி வாங்கினேன் .,cardinal
"விலை Rs 7,29,74,727 மட்டும்.",விலை ஏழு கோடி இருபத்தொன்பது இலட்சம் எழுபத்துநான்கு ஆயிரம் எழுநூற்று இருபத்தேழு ரூபாய் மட்டும் .,money
வெப்பநிலை 31-56 டிகிரி இருக்கும்.,வெப்பநிலை முப்பத்தொன்று முதல் ஐம்பத்தாறு டிகிரி இருக்கும் .,range
வகுப்பு 17:29 மணிக்கு முடியும்.,வகுப்பு பதினேழு மணி இருபத்தொன்பது நிமிடம் முடியும் .,time
03-01-2008 சரியானது.,மூன்று ஜனவரி இரண்டாயிரத்து எட்டு சரியானது .,date
இதில் 259.888 குறிப்பிடப்பட்டுள்ளது.,இதில் இருநூற்று ஐம்பத்தொன்பது புள்ளி எட்டு எட்டு எட்டு குறிப்பிடப்பட்டுள்ளது .,decimal
949.67,தொள்ளாயிரத்து நாற்பத்தொன்பது புள்ளி ஆறு ஏழு,decimal
-8.9,மைனஸ் எட்டு புள்ளி ஒன்பது,decimal
3734ஆம் கூட்டம் 29-09-2995 அன்று நடந்தது.,மூன்றாயிரத்து எழுநூற்று முப்பத்துநான்காம் கூட்டம் இருபத்தொன்பது செப்டம்பர் இரண்டாயிரத்து தொள்ளாயிரத்து தொண்ணூற்றைந்து அன்று நடந்தது .,mixed
௩௨௮௫ என்று எழுதப்பட்டுள்ளது.,மூன்றாயிரத்து இருநூற்று எண்பத்தைந்து என்று எழுதப்பட்டுள்ளது .,cardinal
வண்டி எண் 1990468 ஆகும்.,வண்டி எண் பத்தொன்பது இலட்சம் தொண்ணூறு ஆயிரம் நானூற்று அறுபத்தெட்டு ஆகும் .,cardinal
"99,75,73,063",தொண்ணூற்றொன்பது கோடி எழுபத்தைந்து இலட்சம் எழுபத்துமூன்று ஆயிரம் அறுபத்துமூன்று,cardinal
"791,653",ஏழு இலட்சம் தொண்ணூற்றொன்று ஆயிரம் அறுநூற்று ஐம்பத்துமூன்று,cardinal
அந்த நிறுவனத்தில் 8121 ஊழியர்கள் பணிபுரிகின்றனர்.,அந்த நிறுவனத்தில் எட்டாயிரத்து நூற்று இருபத்தொன்று ஊழியர்கள் பணிபுரிகின்றனர் .,cardinal
௧௩௨௯௭.௨௫,பதிமூன்று ஆயிரம் இருநூற்றுத்தொண்ணூற்றேழு புள்ளி இரண்டு ஐந்து,decimal
௫௦௯,ஐந்நூற்று ஒன்பது,cardinal
20-09-1919,இருபது செப்டம்பர் ஆயிரத்து தொள்ளாயிரத்து பத்தொன்பது,date
"38,36,88,563 கிலோ அரிசி வாங்கினேன்.",முப்பத்தெட்டு கோடி முப்பத்தாறு இலட்சம் எண்பத்தெட்டு ஆயிரம் ஐந்நூற்று அறுபத்துமூன்று கிலோ அரிசி வாங்கினேன் .,cardinal
371,முந்நூற்று எழுபத்தொன்று,cardinal
19:32,பத்தொன்பது மணி முப்பத்திரண்டு நிமிடம்,time
இதில் -715.039 குறிப்பிடப்பட்டுள்ளது.,இதில் மைனஸ் எழுநூற்றுப்பதினைந்து புள்ளி பூஜ்யம் மூன்று ஒன்பது குறிப்பிடப்பட்டுள்ளது .,decimal
இதில் 24:21 குறிப்பிடப்பட்டுள்ளது.,இதில் இருபத்துநான்கு மணி இருபத்தொன்று நிமிடம் குறிப்பிடப்பட்டுள்ளது .,time
வண்டி எண் 2331 ஆகும்.,வண்டி எண் இரண்டாயிரத்து முந்நூற்று முப்பத்தொன்று ஆகும் .,cardinal
பை மதிப்பு 14420.99 ஆகும்.,பை மதிப்பு பதினான்கு ஆயிரம் நானூற்று இருபது புள்ளி ஒன்பது ஒன்பது ஆகும் .,decimal
௦௪/௧௧/௨௯௯௨,நான்கு நவம்பர் இரண்டாயிரத்து தொள்ளாயிரத்து தொண்ணூற்றிரண்டு,date
-௮௦௨.௭௮ என்பதை நினைவில் கொள்ளுங்கள்.,மைனஸ் எண்ணூற்று இரண்டு புள்ளி ஏழு எட்டு என்பதை நினைவில் கொள்ளுங்கள் .,decimal
688.3,அறுநூற்று எண்பத்தெட்டு புள்ளி மூன்று,decimal
நீளம் 232.9 ஆக இருந்தது.,நீளம் இருநூற்று முப்பத்திரண்டு புள்ளி ஒன்பது ஆக இருந்தது .,decimal
அவர் ௧௫:௪௩ என்றார்.,அவர் பதினைந்து மணி நாற்பத்துமூன்று நிமிடம் என்றார் .,time
திருமணம் 28/07/2088 அன்று நடைபெறும்.,திருமணம் இருபத்தெட்டு ஜூலை இரண்டாயிரத்து எண்பத்தெட்டு அன்று நடைபெறும் .,date
624,அறுநூற்று இருபத்துநான்கு,cardinal
22:46,இருபத்திரண்டு மணி நாற்பத்தாறு நிமிடம்,time
இதில் 64.20 MB குறிப்பிடப்பட்டுள்ளது.,இதில் அறுபத்துநான்கு புள்ளி இரண்டு பூஜ்யம் மெகாபைட் குறிப்பிடப்பட்டுள்ளது .,measure
Rs30.36,முப்பது ரூபாய் முப்பத்தாறு பைசா,money
20:40,இருபது மணி நாற்பது நிமிடம்,time
₹7551 /-,ஏழாயிரத்து ஐந்நூற்று ஐம்பத்தொன்று ரூபாய்,money
6877829649,ஆறு எட்டு ஏழு ஏழு எட்டு இரண்டு ஒன்பது ஆறு நான்கு ஒன்பது,telephone
தேர்வு 20/02/2034 தேதியில் தொடங்கும்.,தேர்வு இருபது பிப்ரவரி இரண்டாயிரத்து முப்பத்துநான்கு தேதியில் தொடங்கும் .,date
02-10-2050,இரண்டு அக்டோபர் இரண்டாயிரத்து ஐம்பது,date
இன்று 47840 பேர் வருகை தந்தனர்.,இன்று நாற்பத்தேழு ஆயிரம் எண்ணூற்று நாற்பது பேர் வருகை தந்தனர் .,cardinal
அவரின் தொலைபேசி எண் 07-91324952 ஆகும்.,அவரின் தொலைபேசி எண் பூஜ்யம் ஏழு ஒன்பது ஒன்று மூன்று இரண்டு நான்கு ஒன்பது ஐந்து இரண்டு ஆகும் .,telephone
+91 6637527720,பிளஸ் ஒன்பது ஒன்று ஆறு ஆறு மூன்று ஏழு ஐந்து இரண்டு ஏழு ஏழு இரண்டு பூஜ்யம்,telephone
இன்று 40508 பேர் வருகை தந்தனர்.,இன்று நாற்பது ஆயிரம் ஐந்நூற்று எட்டு பேர் வருகை தந்தனர் .,cardinal
7.52,ஏழு புள்ளி ஐந்து இரண்டு,decimal
கடிதத்தில் 2046475 இருந்தது.,கடிதத்தில் இருபது இலட்சம் நாற்பத்தாறு ஆயிரம் நானூற்று எழுபத்தைந்து இருந்தது .,cardinal
௨௭-௦௭-௧௯௯௭ சரியானது.,இருபத்தேழு ஜூலை ஆயிரத்து தொள்ளாயிரத்து தொண்ணூற்றேழு சரியானது .,date
30-09-2080,முப்பது செப்டம்பர் இரண்டாயிரத்து எண்பது,date
இந்த நூலில் 38 பக்கங்கள் உள்ளன.,இந்த நூலில் முப்பத்தெட்டு பக்கங்கள் உள்ளன .,cardinal
07:42,ஏழு மணி நாற்பத்திரண்டு நிமிடம்,time
தேர்வு ௧௩-௦௪-௨௦௭௧ தேதியில் தொடங்கும்.,தேர்வு பதிமூன்று ஏப்ரல் இரண்டாயிரத்து எழுபத்தொன்று தேதியில் தொடங்கும் .,date
சராசரி 480.4 ஆகும்.,சராசரி நானூற்று எண்பது புள்ளி நான்கு ஆகும் .,decimal
அவர் 108 என்றார்.,அவர் நூற்று எட்டு என்றார் .,cardinal
மொத்தம் 3909216043244 மாணவர்கள் உள்ளனர்.,மொத்தம் மூன்று ஒன்பது பூஜ்யம் ஒன்பது இரண்டு ஒன்று ஆறு பூஜ்யம் நான்கு மூன்று இரண்டு நான்கு நான்கு மாணவர்கள் உள்ளனர் .,cardinal
221770710,இருபத்திரண்டு கோடி பதினேழு இலட்சம் எழுபது ஆயிரம் எழுநூற்றுப்பத்து,cardinal
4kW,நான்கு கிலோவாட்,measure
2089,இரண்டாயிரத்து எண்பத்தொன்பது,cardinal
8116,எட்டாயிரத்து நூற்றுப்பதினாறு,cardinal
அவர் 18-04-1828 அன்று பிறந்தார்.,அவர் பதினெட்டு ஏப்ரல் ஆயிரத்து எண்ணூற்று இருபத்தெட்டு அன்று பிறந்தார் .,date
அவன் 14089 முறை முயன்றான்.,அவன் பதினான்கு ஆயிரம் எண்பத்தொன்பது முறை முயன்றான் .,cardinal
17:26 மணிக்கு,பதினேழு மணி இருபத்தாறு நிமிடம்,time
46882,நாற்பத்தாறு ஆயிரம் எண்ணூற்று எண்பத்திரண்டு,cardinal
௦௨-௧௩-௨௦௩௬ சரியானது.,பிப்ரவரி பதிமூன்று இரண்டாயிரத்து முப்பத்தாறு சரியானது .,date
6.92,ஆறு புள்ளி ஒன்பது இரண்டு,decimal
௧/௨,இரண்டில் ஒன்று,fraction
ரூ41.23,நாற்பத்தொன்று ரூபாய் இருபத்துமூன்று பைசா,money
"இதில் ₹ 1,20,76,199 /- குறிப்பிடப்பட்டுள்ளது.",இதில் ஒரு கோடி இருபது இலட்சம் எழுபத்தாறு ஆயிரம் நூற்றுத்தொண்ணூற்றொன்பது ரூபாய் குறிப்பிடப்பட்டுள்ளது .,money
08:09 என்று எழுதப்பட்டுள்ளது.,எட்டு மணி ஒன்பது நிமிடம் என்று எழுதப்பட்டுள்ளது .,time
-84890,மைனஸ் எண்பத்துநான்கு ஆயிரம் எண்ணூற்றுத்தொண்ணூறு,cardinal
அவள் 85 புத்தகங்கள் வாங்கினாள்.,அவள் எண்பத்தைந்து புத்தகங்கள் வாங்கினாள் .,cardinal
1:38 மணிக்கு சரியானது.,ஒரு மணி முப்பத்தெட்டு நிமிடம் சரியானது .,time
6 10/11,ஆறு மற்றும் பதினொன்றில் பத்து,fraction
இதில் 2901ல் குறிப்பிடப்பட்டுள்ளது.,இதில் இரண்டாயிரத்து தொள்ளாயிரத்து ஒன்றில் குறிப்பிடப்பட்டுள்ளது .,cardinal
௭:௧௬,ஏழு மணி பதினாறு நிமிடம்,time
18/19,பத்தொன்பதில் பதினெட்டு,fraction
இதில் 293.36 ac குறிப்பிடப்பட்டுள்ளது.,இதில் இருநூற்றுத்தொண்ணூற்றுமூன்று புள்ளி மூன்று ஆறு ஏக்கர் குறிப்பிடப்பட்டுள்ளது .,measure
மழை அளவு 95906.826 என பதிவானது.,மழை அளவு தொண்ணூற்றைந்து ஆயிரம் தொள்ளாயிரத்து ஆறு புள்ளி எட்டு இரண்டு ஆறு என பதிவானது .,decimal
விலை 5106ரூ மட்டும்.,விலை ஐந்தாயிரத்து நூற்று ஆறு ரூபாய் மட்டும் .,money
கூட்டத்தில் -49 பேர் வந்தனர்.,கூட்டத்தில் மைனஸ் நாற்பத்தொன்பது பேர் வந்தனர் .,cardinal
1வது என்பதை நினைவில் கொள்ளுங்கள்.,முதலாவது என்பதை நினைவில் கொள்ளுங்கள் .,ordinal
14:58:14 மணிக்கு என்பதை நினைவில் கொள்ளுங்கள்.,பதினான்கு மணி ஐம்பத்தெட்டு நிமிடம் பதினான்கு வினாடி என்பதை நினைவில் கொள்ளுங்கள் .,time
73724.71 ரூ சரியானது.,எழுபத்துமூன்று ஆயிரம் எழுநூற்று இருபத்துநான்கு ரூபாய் எழுபத்தொன்று பைசா சரியானது .,money
கடிதத்தில் Rs.384203927 இருந்தது.,கடிதத்தில் முப்பத்தெட்டு கோடி நாற்பத்திரண்டு இலட்சம் மூன்றாயிரத்து தொள்ளாயிரத்து இருபத்தேழு ரூபாய் இருந்தது .,money
74018 என்று எழுதப்பட்டுள்ளது.,எழுபத்துநான்கு ஆயிரம் பதினெட்டு என்று எழுதப்பட்டுள்ளது .,cardinal
மொத்தத்தில் 10 2/19 பங்கு.,மொத்தத்தில் பத்து மற்றும் பத்தொன்பதில் இரண்டு பங்கு .,fraction
22 மீ.,இருபத்திரண்டு மீட்டர்,measure
அந்த ஊரில் 56959 வீடுகள் உள்ளன.,அந்த ஊரில் ஐம்பத்தாறு ஆயிரம் தொள்ளாயிரத்து ஐம்பத்தொன்பது வீடுகள் உள்ளன .,cardinal
17179.668,பதினேழு ஆயிரம் நூற்றெழுபத்து ஒன்பது புள்ளி ஆறு ஆறு எட்டு,decimal
41.3% பேசினார்.,நாற்பத்தொன்று புள்ளி மூன்று சதவீதம் பேசினார் .,whitelist
செய்தியில் 61600.86 என்று வந்தது.,செய்தியில் அறுபத்தொன்று ஆயிரம் அறுநூறு புள்ளி எட்டு ஆறு என்று வந்தது .,decimal
ரூ135,நூற்று முப்பத்தைந்து ரூபாய்,money
₹8264,எட்டாயிரத்து இருநூற்று அறுபத்துநான்கு ரூபாய்,money
அவர் 2066-06-05 அன்று பிறந்தார்.,அவர் இரண்டாயிரத்து அறுபத்தாறு ஜூன் ஐந்து அன்று பிறந்தார் .,date
772158955,எழுபத்தேழு கோடி இருபத்தொன்று இலட்சம் ஐம்பத்தெட்டு ஆயிரம் தொள்ளாயிரத்து ஐம்பத்தைந்து,cardinal
அவர் ₹ 6214 என்றார்.,அவர் ஆறாயிரத்து இருநூற்றுப்பதினான்கு ரூபாய் என்றார் .,money
வெப்பநிலை ௩௩௧-௪௧௦ டிகிரி இருக்கும்.,வெப்பநிலை முந்நூற்று முப்பத்தொன்று முதல் நானூற்றுப்பத்து டிகிரி இருக்கும் .,range
பிறந்த நாள் 19/08/1985.,பிறந்த நாள் பத்தொன்பது ஆகஸ்ட் ஆயிரத்து தொள்ளாயிரத்து எண்பத்தைந்து .,date
இதில் 3336 குறிப்பிடப்பட்டுள்ளது.,இதில் மூன்றாயிரத்து முந்நூற்று முப்பத்தாறு குறிப்பிடப்பட்டுள்ளது .,cardinal
-4.06,மைனஸ் நான்கு புள்ளி பூஜ்யம் ஆறு,decimal
௫,ஐந்து,cardinal
அலுவலகம் 09:33 திறக்கும்.,அலுவலகம் ஒன்பது மணி முப்பத்துமூன்று நிமிடம் திறக்கும் .,time
8ஆம் பரிசு ரூ532 ஆகும்.,எட்டாம் பரிசு ஐந்நூற்று முப்பத்திரண்டு ரூபாய் ஆகும் .,mixed
+1 9353460288,பிளஸ் ஒன்று ஒன்பது மூன்று ஐந்து மூன்று நான்கு ஆறு பூஜ்யம் இரண்டு எட்டு எட்டு,telephone
6900 பற்றி பேசினோம்.,ஆறாயிரத்து தொள்ளாயிரம் பற்றி பேசினோம் .,cardinal
இதில் 22.97 ft குறிப்பிடப்பட்டுள்ளது.,இதில் இருபத்திரண்டு புள்ளி ஒன்பது ஏழு அடி குறிப்பிடப்பட்டுள்ளது .,measure
16:16:37 கிளம்பி 6 ft நடந்தோம்.,பதினாறு மணி பதினாறு நிமிடம் முப்பத்தேழு வினாடி கிளம்பி ஆறு அடி நடந்தோம் .,mixed
பெட்டியின் எடை 1 செ.மீ இருக்கும்.,பெட்டியின் எடை ஒரு சென்டிமீட்டர் இருக்கும் .,measure
745313569 என்று எழுதப்பட்டுள்ளது.,எழுபத்துநான்கு கோடி ஐம்பத்துமூன்று இலட்சம் பதிமூன்று ஆயிரம் ஐந்நூற்று அறுபத்தொன்பது என்று எழுதப்பட்டுள்ளது .,cardinal
பிறந்த நாள் 06/12/1979.,பிறந்த நாள் ஆறு டிசம்பர் ஆயிரத்து தொள்ளாயிரத்து எழுபத்தொன்பது .,date
தேர்வு 02-09-1907 தேதியில் தொடங்கும்.,தேர்வு இரண்டு செப்டம்பர் ஆயிரத்து தொள்ளாயிரத்து ஏழு தேதியில் தொடங்கும் .,date
299.597,இருநூற்றுத்தொண்ணூற்றொன்பது புள்ளி ஐந்து ஒன்பது ஏழு,decimal
7வது,ஏழாவது,ordinal
இதன் மதிப்பு 350.8 தான்.,இதன் மதிப்பு முந்நூற்று ஐம்பது புள்ளி எட்டு தான் .~இதன் மதிப்பு முந்நூற்றைம்பது புள்ளி எட்டு தான் .,decimal
அவர் 09-02-2082 அன்று பிறந்தார்.,அவர் ஒன்பது பிப்ரவரி இரண்டாயிரத்து எண்பத்திரண்டு அன்று பிறந்தார் .,date
9 மி.லி. என்று எழுதப்பட்டுள்ளது.,ஒன்பது மில்லிலிட்டர் என்று எழுதப்பட்டுள்ளது .,measure
-211.247 என்பதை நினைவில் கொள்ளுங்கள்.,மைனஸ் இருநூற்றுப்பதினொன்று புள்ளி இரண்டு நான்கு ஏழு என்பதை நினைவில் கொள்ளுங்கள் .,decimal
₹ 0.41 அபராதம் விதிக்கப்பட்டது.,நாற்பத்தொன்று பைசா அபராதம் விதிக்கப்பட்டது .,money
௯௧௫௬௦ என்று எழுதப்பட்டுள்ளது.,தொண்ணூற்றொன்று ஆயிரம் ஐந்நூற்று அறுபது என்று எழுதப்பட்டுள்ளது .~தொண்ணூற்றொன்று ஆயிரம் ஐந்நூற்றறுபது என்று எழுதப்பட்டுள்ளது .,cardinal
04-07-1940 பற்றி பேசினோம்.,நான்கு ஜூலை ஆயிரத்து தொள்ளாயிரத்து நாற்பது பற்றி பேசினோம் .,date
பள்ளியில் 365 ஆசிரியர்கள் உள்ளனர்.,பள்ளியில் முந்நூற்று அறுபத்தைந்து ஆசிரியர்கள் உள்ளனர் .,cardinal
267.44,இருநூற்று அறுபத்தேழு புள்ளி நான்கு நான்கு,decimal
9223640391,ஒன்பது இரண்டு இரண்டு மூன்று ஆறு நான்கு பூஜ்யம் மூன்று ஒன்பது ஒன்று,telephone
11¾ பற்றி பேசினோம்.,பதினொன்று மற்றும் நான்கில் மூன்று பற்றி பேசினோம் .,fraction
விலை 121-146 வரை இருக்கும்.,விலை நூற்று இருபத்தொன்று முதல் நூற்று நாற்பத்தாறு வரை இருக்கும் .,range
"196,272",ஒரு இலட்சம் தொண்ணூற்றாறு ஆயிரம் இருநூற்று எழுபத்திரண்டு,cardinal
செய்தியில் Rs9004.44 என்று வந்தது.,செய்தியில் ஒன்பதாயிரத்து நான்கு ரூபாய் நாற்பத்துநான்கு பைசா என்று வந்தது .,money
சராசரி 7.8 ஆகும்.,சராசரி ஏழு புள்ளி எட்டு ஆகும் .,decimal
"23,59,00,832",இருபத்துமூன்று கோடி ஐம்பத்தொன்பது இலட்சம் எண்ணூற்று முப்பத்திரண்டு,cardinal
7:21 மணிக்கு சாப்பிட வா.,ஏழு மணி இருபத்தொன்று நிமிடம் சாப்பிட வா .,time
நிகழ்ச்சி ௧௦:௨௯ மணிக்கு ஒளிபரப்பாகும்.,நிகழ்ச்சி பத்து மணி இருபத்தொன்பது நிமிடம் ஒளிபரப்பாகும் .,time
7l,ஏழு லிட்டர்,measure
009-5618766,பூஜ்யம் பூஜ்யம் ஒன்பது ஐந்து ஆறு ஒன்று எட்டு ஏழு ஆறு ஆறு,telephone
வண்டி எண் 4482649 ஆகும்.,வண்டி எண் நாற்பத்துநான்கு இலட்சம் எண்பத்திரண்டு ஆயிரம் அறுநூற்று நாற்பத்தொன்பது ஆகும் .,cardinal
பதிவு தேதி 28.09.2079 ஆகும்.,பதிவு தேதி இருபத்தெட்டு செப்டம்பர் இரண்டாயிரத்து எழுபத்தொன்பது ஆகும் .,date
மழை அளவு 1.9 என பதிவானது.,மழை அளவு ஒன்று புள்ளி ஒன்பது என பதிவானது .,decimal
கூட்டம் 29-01-2060 அன்று நடந்தது.,கூட்டம் இருபத்தொன்பது ஜனவரி இரண்டாயிரத்து அறுபது அன்று நடந்தது .,date
இதில் 1700-2402 குறிப்பிடப்பட்டுள்ளது.,இதில் ஆயிரத்து எழுநூறு முதல் இரண்டாயிரத்து நானூற்று இரண்டு குறிப்பிடப்பட்டுள்ளது .,range
செய்தியில் 509-708 என்று வந்தது.,செய்தியில் ஐந்நூற்று ஒன்பது முதல் எழுநூற்று எட்டு என்று வந்தது .,range
இதில் 02 குறிப்பிடப்பட்டுள்ளது.,இதில் பூஜ்யம் இரண்டு குறிப்பிடப்பட்டுள்ளது .,cardinal
எனக்கு 722 வயது.,எனக்கு எழுநூற்று இருபத்திரண்டு வயது .,cardinal
278ஆவது பற்றி பேசினோம்.,இருநூற்று எழுபத்தெட்டாவது பற்றி பேசினோம் .,ordinal
௧௧ஆவது கூட்டம் 25-09-1952 அன்று நடந்தது.,பதினொன்றாவது கூட்டம் இருபத்தைந்து செப்டம்பர் ஆயிரத்து தொள்ளாயிரத்து ஐம்பத்திரண்டு அன்று நடந்தது .,mixed
விலை 90 % உயர்ந்தது.,விலை தொண்ணூறு சதவீதம் உயர்ந்தது .,whitelist
வகுப்பு 19:12 மணிக்கு முடியும்.,வகுப்பு பத்தொன்பது மணி பன்னிரண்டு நிமிடம் முடியும் .,time
இன்றைய விலை 6.58 ஆக உயர்ந்தது.,இன்றைய விலை ஆறு புள்ளி ஐந்து எட்டு ஆக உயர்ந்தது .,decimal
அவர் 23:19 மணிக்கு என்றார்.,அவர் இருபத்துமூன்று மணி பத்தொன்பது நிமிடம் என்றார் .,time
௫௦௧௧ நாட்கள் ஆயிற்று.,ஐந்தாயிரத்து பதினொன்று நாட்கள் ஆயிற்று .,cardinal
8993749098,எட்டு ஒன்பது ஒன்பது மூன்று ஏழு நான்கு ஒன்பது பூஜ்யம் ஒன்பது எட்டு,telephone
765,எழுநூற்று அறுபத்தைந்து,cardinal
£63,அறுபத்துமூன்று பவுண்ட்,money
நாள் 10-23-1999 என்று குறிக்கப்பட்டுள்ளது.,நாள் அக்டோபர் இருபத்துமூன்று ஆயிரத்து தொள்ளாயிரத்து தொண்ணூற்றொன்பது என்று குறிக்கப்பட்டுள்ளது .,date
அவன் 52வது ஆண்டு படிக்கிறான்.,அவன் ஐம்பத்திரண்டாவது ஆண்டு படிக்கிறான் .,ordinal
20-03-1932,இருபது மார்ச் ஆயிரத்து தொள்ளாயிரத்து முப்பத்திரண்டு,date
51 mm,ஐம்பத்தொன்று மில்லிமீட்டர்,measure
1998.42 கி.கி.,ஆயிரத்து தொள்ளாயிரத்து தொண்ணூற்றெட்டு புள்ளி நான்கு இரண்டு கிலோகிராம்,measure
4103வது பற்றி பேசினோம்.,நான்காயிரத்து நூற்று மூன்றாவது பற்றி பேசினோம் .,ordinal
Rs.8508.5 என்று எழுதப்பட்டுள்ளது.,எட்டாயிரத்து ஐந்நூற்று எட்டு ரூபாய் ஐம்பது பைசா என்று எழுதப்பட்டுள்ளது .,money
அலுவலக எண் +44 7067611257.,அலுவலக எண் பிளஸ் நான்கு நான்கு ஏழு பூஜ்யம் ஆறு ஏழு ஆறு ஒன்று ஒன்று இரண்டு ஐந்து ஏழு .,telephone
332267340,முப்பத்துமூன்று கோடி இருபத்திரண்டு இலட்சம் அறுபத்தேழு ஆயிரம் முந்நூற்று நாற்பது,cardinal
௯.௯,ஒன்பது புள்ளி ஒன்பது,decimal
ரயில் 15:22 புறப்படும்.,ரயில் பதினைந்து மணி இருபத்திரண்டு நிமிடம் புறப்படும் .,time
163,நூற்றறுபத்து மூன்று,cardinal
செய்தியில் 609 என்று வந்தது.,செய்தியில் அறுநூற்று ஒன்பது என்று வந்தது .,cardinal
8688 என்று எழுதப்பட்டுள்ளது.,எட்டாயிரத்து அறுநூற்று எண்பத்தெட்டு என்று எழுதப்பட்டுள்ளது .,cardinal
அவர் ௫௯௪௭ஆம் இடம் பிடித்தார்.,அவர் ஐந்தாயிரத்து தொள்ளாயிரத்து நாற்பத்தேழாம் இடம் பிடித்தார் .,ordinal
இன்று 50 பேர் வருகை தந்தனர்.,இன்று ஐம்பது பேர் வருகை தந்தனர் .,cardinal
91.12°F தண்ணீர் குடிக்க வேண்டும்.,தொண்ணூற்றொன்று புள்ளி ஒன்று இரண்டு டிகிரி பாரன்ஹீட் தண்ணீர் குடிக்க வேண்டும் .,measure
அவள் 229 புத்தகங்கள் வாங்கினாள்.,அவள் இருநூற்று இருபத்தொன்பது புத்தகங்கள் வாங்கினாள் .,cardinal
"₹5,11,83,051 அபராதம் விதிக்கப்பட்டது.",ஐந்து கோடி பதினொன்று இலட்சம் எண்பத்துமூன்று ஆயிரம் ஐம்பத்தொன்று ரூபாய் அபராதம் விதிக்கப்பட்டது .,money
பதிவு தேதி 12.03.1927 ஆகும்.,பதிவு தேதி பன்னிரண்டு மார்ச் ஆயிரத்து தொள்ளாயிரத்து இருபத்தேழு ஆகும் .,date
அவர் 1.65 doz என்றார்.,அவர் ஒன்று புள்ளி ஆறு ஐந்து டஜன் என்றார் .,measure
அந்த ஊரில் 234095535 வீடுகள் உள்ளன.,அந்த ஊரில் இருபத்துமூன்று கோடி நாற்பது இலட்சம் தொண்ணூற்றைந்து ஆயிரம் ஐந்நூற்று முப்பத்தைந்து வீடுகள் உள்ளன .,cardinal
"Rs6,62,28,759 /-",ஆறு கோடி அறுபத்திரண்டு இலட்சம் இருபத்தெட்டு ஆயிரம் எழுநூற்று ஐம்பத்தொன்பது ரூபாய்,money
₹ 66,அறுபத்தாறு ரூபாய்,money
½ பங்கு அதாவது 9668 மி.லி. மட்டும் மீதம்.,இரண்டில் ஒன்று பங்கு அதாவது ஒன்பதாயிரத்து அறுநூற்று அறுபத்தெட்டு மில்லிலிட்டர் மட்டும் மீதம் .,mixed
1/17 என்று எழுதப்பட்டுள்ளது.,பதினேழில் ஒன்று என்று எழுதப்பட்டுள்ளது .,fraction
4.64°F,நான்கு புள்ளி ஆறு நான்கு டிகிரி பாரன்ஹீட்,measure
78138 மாணவர்கள் 22:07 வந்தனர்.,எழுபத்தெட்டு ஆயிரம் நூற்று முப்பத்தெட்டு மாணவர்கள் இருபத்திரண்டு மணி ஏழு நிமிடம் வந்தனர் .,mixed
2.41ac,இரண்டு புள்ளி நான்கு ஒன்று ஏக்கர்,measure
அவர் 6911041368 என்றார்.,அவர் ஆறு ஒன்பது ஒன்று ஒன்று பூஜ்யம் நான்கு ஒன்று மூன்று ஆறு எட்டு என்றார் .,telephone
எண் 577942700 சரியானது.,எண் ஐம்பத்தேழு கோடி எழுபத்தொன்பது இலட்சம் நாற்பத்திரண்டு ஆயிரம் எழுநூறு சரியானது .,cardinal
இந்த நூலில் 7994 பக்கங்கள் உள்ளன.,இந்த நூலில் ஏழாயிரத்து தொள்ளாயிரத்து தொண்ணூற்றுநான்கு பக்கங்கள் உள்ளன .,cardinal
2900,இரண்டாயிரத்து தொள்ளாயிரம்,cardinal
"ரூ4,16,20,672.7",நான்கு கோடி பதினாறு இலட்சம் இருபது ஆயிரம் அறுநூற்று எழுபத்திரண்டு ரூபாய் எழுபது பைசா,money
12வது மாடியில் அலுவலகம் உள்ளது.,பன்னிரண்டாவது மாடியில் அலுவலகம் உள்ளது .,ordinal
மொத்தம் 25 மாணவர்கள் உள்ளனர்.,மொத்தம் இருபத்தைந்து மாணவர்கள் உள்ளனர் .,cardinal
அவன் -61762.1 மதிப்பெண் பெற்றான்.,அவன் மைனஸ் அறுபத்தொன்று ஆயிரம் எழுநூற்று அறுபத்திரண்டு புள்ளி ஒன்று மதிப்பெண் பெற்றான் .,decimal
கடிதத்தில் ௬.௪௬ இருந்தது.,கடிதத்தில் ஆறு புள்ளி நான்கு ஆறு இருந்தது .,decimal
செய்தியில் 24383 என்று வந்தது.,செய்தியில் இருபத்துநான்கு ஆயிரம் முந்நூற்று எண்பத்துமூன்று என்று வந்தது .,cardinal
இதில் 9679 குறிப்பிடப்பட்டுள்ளது.,இதில் ஒன்பதாயிரத்து அறுநூற்று எழுபத்தொன்பது குறிப்பிடப்பட்டுள்ளது .,cardinal
"5,40,74,752ரூ. பற்றி பேசினோம்.",ஐந்து கோடி நாற்பது இலட்சம் எழுபத்துநான்கு ஆயிரம் எழுநூற்று ஐம்பத்திரண்டு ரூபாய் பற்றி பேசினோம் .,money
விண்ணப்பம் 03-02-2145 அன்று அனுப்பப்பட்டது.,விண்ணப்பம் மூன்று பிப்ரவரி இரண்டாயிரத்து நூற்று நாற்பத்தைந்து அன்று அனுப்பப்பட்டது .,date
98ஆம்,தொண்ணூற்றெட்டாம்,ordinal
3158 GB,மூன்றாயிரத்து நூற்றைம்பத்து எட்டு கிகாபைட்,measure
என் எண் 7111992966.,என் எண் ஏழு ஒன்று ஒன்று ஒன்று ஒன்பது ஒன்பது இரண்டு ஒன்பது ஆறு ஆறு .,telephone
அவர் 14754.8 என்றார்.,அவர் பதினான்கு ஆயிரம் எழுநூற்று ஐம்பத்துநான்கு புள்ளி எட்டு என்றார் .,decimal
விலை Rs. 5471 மட்டும்.,விலை ஐந்தாயிரத்து நானூற்று எழுபத்தொன்று ரூபாய் மட்டும் .,money
5.78 °C,ஐந்து புள்ளி ஏழு எட்டு டிகிரி செல்சியஸ்,measure
18:35 சாப்பிட வா.,பதினெட்டு மணி முப்பத்தைந்து நிமிடம் சாப்பிட வா .,time
கடிதத்தில் 53062.85 இலட்சம் இருந்தது.,கடிதத்தில் ஐம்பத்துமூன்று ஆயிரம் அறுபத்திரண்டு புள்ளி எட்டு ஐந்து இலட்சம் இருந்தது .,decimal
மொத்த மதிப்பெண் 01.,மொத்த மதிப்பெண் பூஜ்யம் ஒன்று .,cardinal
-5.3 சரியானது.,மைனஸ் ஐந்து புள்ளி மூன்று சரியானது .,decimal
-9.08,மைனஸ் ஒன்பது புள்ளி பூஜ்யம் எட்டு,decimal
அலுவலகம் 14:00 மணிக்கு திறக்கும்.,அலுவலகம் பதினான்கு மணி திறக்கும் .,time
+91 6012904375,பிளஸ் ஒன்பது ஒன்று ஆறு பூஜ்யம் ஒன்று இரண்டு ஒன்பது பூஜ்யம் நான்கு மூன்று ஏழு ஐந்து,telephone
"$5,05,65,208",ஐந்து கோடி ஐந்து இலட்சம் அறுபத்தைந்து ஆயிரம் இருநூற்று எட்டு டாலர்,money
Rs 53,ஐம்பத்துமூன்று ரூபாய்,money
அலுவலகம் 19:15 திறக்கும்.,அலுவலகம் பத்தொன்பது மணி பதினைந்து நிமிடம் திறக்கும் .,time
"Rs 2,62,26,572",இரண்டு கோடி அறுபத்திரண்டு இலட்சம் இருபத்தாறு ஆயிரம் ஐந்நூற்று எழுபத்திரண்டு ரூபாய்,money
அவள் 9642741 புத்தகங்கள் வாங்கினாள்.,அவள் தொண்ணூற்றாறு இலட்சம் நாற்பத்திரண்டு ஆயிரம் எழுநூற்று நாற்பத்தொன்று புத்தகங்கள் வாங்கினாள் .,cardinal
௨.௫௩௪,இரண்டு புள்ளி ஐந்து மூன்று நான்கு,decimal
10வது கூட்டம் ௦௭-௨௩-௨௦௨௭ அன்று நடந்தது.,பத்தாவது கூட்டம் ஜூலை இருபத்துமூன்று இரண்டாயிரத்து இருபத்தேழு அன்று நடந்தது .,mixed
+918947571540,பிளஸ் ஒன்பது ஒன்று எட்டு ஒன்பது நான்கு ஏழு ஐந்து ஏழு ஒன்று ஐந்து நான்கு பூஜ்யம்,telephone
செய்தியில் 4858026 என்று வந்தது.,செய்தியில் நாற்பத்தெட்டு இலட்சம் ஐம்பத்தெட்டு ஆயிரம் இருபத்தாறு என்று வந்தது .,cardinal
8ac,எட்டு ஏக்கர்,measure
௧௫:௦௫,பதினைந்து மணி ஐந்து நிமிடம்,time
04-12-1931,நான்கு டிசம்பர் ஆயிரத்து தொள்ளாயிரத்து முப்பத்தொன்று,date
Rs 22,இருபத்திரண்டு ரூபாய்,money
26-12-1997,இருபத்தாறு டிசம்பர் ஆயிரத்து தொள்ளாயிரத்து தொண்ணூற்றேழு,date
3/4/2024,மூன்று ஏப்ரல் இரண்டாயிரத்து இருபத்துநான்கு,date
இது அவரது 2337வது புத்தகம்.,இது அவரது இரண்டாயிரத்து முந்நூற்று முப்பத்தேழாவது புத்தகம் .,ordinal
விலை 1789.59ரூ மட்டும்.,விலை ஆயிரத்து எழுநூற்று எண்பத்தொன்பது ரூபாய் ஐம்பத்தொன்பது பைசா மட்டும் .,money
"செய்தியில் ₹9,91,531.92 என்று வந்தது.",செய்தியில் ஒன்பது இலட்சம் தொண்ணூற்றொன்று ஆயிரம் ஐந்நூற்று முப்பத்தொன்று ரூபாய் தொண்ணூற்றிரண்டு பைசா என்று வந்தது .,money
72,எழுபத்திரண்டு,cardinal
"கட்டணம் ரூ.24,32,892.18 என அறிவித்தனர்.",கட்டணம் இருபத்துநான்கு இலட்சம் முப்பத்திரண்டு ஆயிரம் எண்ணூற்றுத்தொண்ணூற்றிரண்டு ரூபாய் பதினெட்டு பைசா என அறிவித்தனர் .,money
அந்த நிலம் Rs18 விலை போனது.,அந்த நிலம் பதினெட்டு ரூபாய் விலை போனது .,money
நான் 790ஆம் நபராக வந்தேன்.,நான் எழுநூற்றுத்தொண்ணூறாம் நபராக வந்தேன் .,ordinal
41593,நாற்பத்தொன்று ஆயிரம் ஐந்நூற்றுத்தொண்ணூற்றுமூன்று,cardinal
மொத்த மதிப்பெண் 6230230.,மொத்த மதிப்பெண் அறுபத்திரண்டு இலட்சம் முப்பது ஆயிரம் இருநூற்று முப்பது .,cardinal
பதிவு தேதி 10-13-2093 ஆகும்.,பதிவு தேதி அக்டோபர் பதிமூன்று இரண்டாயிரத்து தொண்ணூற்றுமூன்று ஆகும் .,date
அளவு 425.82 ஆக உள்ளது.,அளவு நானூற்று இருபத்தைந்து புள்ளி எட்டு இரண்டு ஆக உள்ளது .,decimal
கடிதத்தில் 93வது இருந்தது.,கடிதத்தில் தொண்ணூற்றுமூன்றாவது இருந்தது .,ordinal
47 % என்பது சரி.,நாற்பத்தேழு சதவீதம் என்பது சரி .,whitelist
08:08 மணிக்கு சாப்பிட வா.,எட்டு மணி எட்டு நிமிடம் சாப்பிட வா .,time
822வது என்று எழுதப்பட்டுள்ளது.,எண்ணூற்று இருபத்திரண்டாவது என்று எழுதப்பட்டுள்ளது .,ordinal
அவர் -2.59 என்றார்.,அவர் மைனஸ் இரண்டு புள்ளி ஐந்து ஒன்பது என்றார் .,decimal
செய்தியில் 21.265 என்று வந்தது.,செய்தியில் இருபத்தொன்று புள்ளி இரண்டு ஆறு ஐந்து என்று வந்தது .,decimal
அவள் உயரம் 823 MW ஆகும்.,அவள் உயரம் எண்ணூற்று இருபத்துமூன்று மெகாவாட் ஆகும் .,measure
"₹௮,௭௭,௬௮,௬௦௮",எட்டு கோடி எழுபத்தேழு இலட்சம் அறுபத்தெட்டு ஆயிரம் அறுநூற்று எட்டு ரூபாய்,money
73 min தண்ணீர் குடிக்க வேண்டும்.,எழுபத்துமூன்று நிமிடம் தண்ணீர் குடிக்க வேண்டும் .,measure
அவர் 7514243521 என்றார்.,அவர் ஏழு ஐந்து ஒன்று நான்கு இரண்டு நான்கு மூன்று ஐந்து இரண்டு ஒன்று என்றார் .,cardinal
257 ha,இருநூற்று ஐம்பத்தேழு ஹெக்டேர்,measure
4159 கிலோ அரிசி வாங்கினேன்.,நான்காயிரத்து நூற்றைம்பத்து ஒன்பது கிலோ அரிசி வாங்கினேன் .,cardinal
செய்தியில் 8623ஆம் என்று வந்தது.,செய்தியில் எட்டாயிரத்து அறுநூற்று இருபத்துமூன்றாம் என்று வந்தது .,ordinal
கூட்டம் 23:19 தொடங்கும்.,கூட்டம் இருபத்துமூன்று மணி பத்தொன்பது நிமிடம் தொடங்கும் .,time
0446-2881547,பூஜ்யம் நான்கு நான்கு ஆறு இரண்டு எட்டு எட்டு ஒன்று ஐந்து நான்கு ஏழு,telephone
444,நானூற்று நாற்பத்துநான்கு,cardinal
18/02/1967,பதினெட்டு பிப்ரவரி ஆயிரத்து தொள்ளாயிரத்து அறுபத்தேழு,date
"வண்டி எண் ௨௫,௫௨,௬௩,௧௩௦ ஆகும்.",வண்டி எண் இருபத்தைந்து கோடி ஐம்பத்திரண்டு இலட்சம் அறுபத்துமூன்று ஆயிரம் நூற்று முப்பது ஆகும் .,cardinal
9/80 என்று எழுதப்பட்டுள்ளது.,எண்பதில் ஒன்பது என்று எழுதப்பட்டுள்ளது .,fraction
68 sec,அறுபத்தெட்டு வினாடி,measure
077-969160,பூஜ்யம் ஏழு ஏழு ஒன்பது ஆறு ஒன்பது ஒன்று ஆறு பூஜ்யம்,telephone
"அவள் 85,11,82,320 புத்தகங்கள் வாங்கினாள்.",அவள் எண்பத்தைந்து கோடி பதினொன்று இலட்சம் எண்பத்திரண்டு ஆயிரம் முந்நூற்று இருபது புத்தகங்கள் வாங்கினாள் .,cardinal
184ஆம்,நூற்றெண்பத்து நான்காம்,ordinal
கூட்டம் 19-05-2085 அன்று 1:00 தொடங்கும்.,கூட்டம் பத்தொன்பது மே இரண்டாயிரத்து எண்பத்தைந்து அன்று ஒரு மணி தொடங்கும் .,mixed
695 ₹,அறுநூற்றுத்தொண்ணூற்றைந்து ரூபாய்,money
12÷6=2 மாணவர்கள் தேர்ச்சி பெற்றனர்.,பன்னிரண்டு வகுத்தல் ஆறு சமம் இரண்டு மாணவர்கள் தேர்ச்சி பெற்றனர் .,whitelist
836ஆம்,எண்ணூற்று முப்பத்தாறாம்,ordinal
மொத்தம் ௨௦௦௦இல் மாணவர்கள் உள்ளனர்.,மொத்தம் இரண்டாயிரத்தில் மாணவர்கள் உள்ளனர் .,cardinal
லெ. சுரேஷ் தள்ளுபடி உள்ளது.,லெப்டினன்ட் சுரேஷ் தள்ளுபடி உள்ளது .,whitelist
இதில் ¥ 8534 குறிப்பிடப்பட்டுள்ளது.,இதில் எட்டாயிரத்து ஐந்நூற்று முப்பத்துநான்கு யென் குறிப்பிடப்பட்டுள்ளது .,money
இந்த மூட்டை 80.89ft எடை உள்ளது.,இந்த மூட்டை எண்பது புள்ளி எட்டு ஒன்பது அடி எடை உள்ளது .,measure
"அந்த ஊரில் 70,70,72,393 வீடுகள் உள்ளன.",அந்த ஊரில் எழுபது கோடி எழுபது இலட்சம் எழுபத்திரண்டு ஆயிரம் முந்நூற்றுத்தொண்ணூற்றுமூன்று வீடுகள் உள்ளன .,cardinal
கு. மீனா என்று எழுதப்பட்டுள்ளது.,குமாரி மீனா என்று எழுதப்பட்டுள்ளது .,whitelist
1791-2911 பேர் வரலாம்.,ஆயிரத்து எழுநூற்றுத்தொண்ணூற்றொன்று முதல் இரண்டாயிரத்து தொள்ளாயிரத்து பதினொன்று பேர் வரலாம் .,range
பிறந்த நாள் 07-09-1924.,பிறந்த நாள் ஏழு செப்டம்பர் ஆயிரத்து தொள்ளாயிரத்து இருபத்துநான்கு .,date
87வது என்று எழுதப்பட்டுள்ளது.,எண்பத்தேழாவது என்று எழுதப்பட்டுள்ளது .,ordinal
3553வது,மூன்றாயிரத்து ஐந்நூற்று ஐம்பத்துமூன்றாவது,ordinal
௮௨௪௨,எட்டாயிரத்து இருநூற்று நாற்பத்திரண்டு,cardinal
28777.635 என்று எழுதப்பட்டுள்ளது.,இருபத்தெட்டு ஆயிரம் எழுநூற்று எழுபத்தேழு புள்ளி ஆறு மூன்று ஐந்து என்று எழுதப்பட்டுள்ளது .,decimal
50% பற்றி பேசினோம்.,ஐம்பது சதவீதம் பற்றி பேசினோம் .,whitelist
௯ ௩/௮,ஒன்பது மற்றும் எட்டில் மூன்று,fraction
இதில் 268.52 குறிப்பிடப்பட்டுள்ளது.,இதில் இருநூற்று அறுபத்தெட்டு புள்ளி ஐந்து இரண்டு குறிப்பிடப்பட்டுள்ளது .,decimal
1266-2417 கிலோ எடை வேண்டும்.,ஆயிரத்து இருநூற்று அறுபத்தாறு முதல் இரண்டாயிரத்து நானூற்றுப்பதினேழு கிலோ எடை வேண்டும் .,range
அவர் 9:46 என்றார்.,அவர் ஒன்பது மணி நாற்பத்தாறு நிமிடம் என்றார் .,time
நான் 21:45 மணிக்கு எழுந்தேன்.,நான் இருபத்தொன்று மணி நாற்பத்தைந்து நிமிடம் எழுந்தேன் .,time
19 கி.மீ,பத்தொன்பது கிலோமீட்டர்,measure
14/20,இருபதில் பதினான்கு,fraction
௩௧௭௪௦.௧௭௭,முப்பத்தொன்று ஆயிரம் எழுநூற்று நாற்பது புள்ளி ஒன்று ஏழு ஏழு,decimal
அவர் 7493472 ஓட்டங்கள் எடுத்தார்.,அவர் எழுபத்துநான்கு இலட்சம் தொண்ணூற்றுமூன்று ஆயிரம் நானூற்று எழுபத்திரண்டு ஓட்டங்கள் எடுத்தார் .,cardinal
"இதில் 474,604 குறிப்பிடப்பட்டுள்ளது.",இதில் நான்கு இலட்சம் எழுபத்துநான்கு ஆயிரம் அறுநூற்று நான்கு குறிப்பிடப்பட்டுள்ளது .,cardinal
61/90,தொண்ணூறில் அறுபத்தொன்று,fraction
4.83 லி.,நான்கு புள்ளி எட்டு மூன்று லிட்டர்,measure
௧௪௦வது,நூற்று நாற்பதாவது,ordinal
04 என்று எழுதப்பட்டுள்ளது.,பூஜ்யம் நான்கு என்று எழுதப்பட்டுள்ளது .,cardinal
Rs 718,எழுநூற்றுப்பதினெட்டு ரூபாய்,money
கணக்கு 95.4 % என்று வரும்.,கணக்கு தொண்ணூற்றைந்து புள்ளி நான்கு சதவீதம் என்று வரும் .,whitelist
4:55:07 என்று எழுதப்பட்டுள்ளது.,நான்கு மணி ஐம்பத்தைந்து நிமிடம் ஏழு வினாடி என்று எழுதப்பட்டுள்ளது .,time
2:00:07 கிளம்பி 6.79lb நடந்தோம்.,இரண்டு மணி ஏழு வினாடி கிளம்பி ஆறு புள்ளி ஏழு ஒன்பது பவுண்டு நடந்தோம் .,mixed
18ல்,பதினெட்டில்,cardinal
நாள் 08-07-1916 என்று குறிக்கப்பட்டுள்ளது.,நாள் எட்டு ஜூலை ஆயிரத்து தொள்ளாயிரத்து பதினாறு என்று குறிக்கப்பட்டுள்ளது .,date
1 மி.மீ. தண்ணீர் குடிக்க வேண்டும்.,ஒரு மில்லிமீட்டர் தண்ணீர் குடிக்க வேண்டும் .,measure
அவர் 04-09-1988 அன்று பிறந்தார்.,அவர் நான்கு செப்டம்பர் ஆயிரத்து தொள்ளாயிரத்து எண்பத்தெட்டு அன்று பிறந்தார் .,date
1734.28 m அரிசி Rs. ௨௯௪௬ ஆகும்.,ஆயிரத்து எழுநூற்று முப்பத்துநான்கு புள்ளி இரண்டு எட்டு மீட்டர் அரிசி இரண்டாயிரத்து தொள்ளாயிரத்து நாற்பத்தாறு ரூபாய் ஆகும் .,mixed
கடிதத்தில் ௮௯௦௨௫௧௦௦௧ இருந்தது.,கடிதத்தில் எண்பத்தொன்பது கோடி இரண்டு இலட்சம் ஐம்பத்தொன்று ஆயிரம் ஒன்று இருந்தது .,cardinal
11519.97,பதினொன்று ஆயிரம் ஐந்நூற்றுப்பத்தொன்பது புள்ளி ஒன்பது ஏழு,decimal
18:53:28,பதினெட்டு மணி ஐம்பத்துமூன்று நிமிடம் இருபத்தெட்டு வினாடி,time
¾ பங்கு வேலை முடிந்தது.,நான்கில் மூன்று பங்கு வேலை முடிந்தது .,fraction
எண் 6954 சரியானது.,எண் ஆறாயிரத்து தொள்ளாயிரத்து ஐம்பத்துநான்கு சரியானது .,cardinal
௧௦௧௬-௧௧௮௪ பேர் வரலாம்.,ஆயிரத்து பதினாறு முதல் ஆயிரத்து நூற்றெண்பத்து நான்கு பேர் வரலாம் .,range
41 l தண்ணீர் குடிக்க வேண்டும்.,நாற்பத்தொன்று லிட்டர் தண்ணீர் குடிக்க வேண்டும் .,measure
சராசரி 83212.6 ஆகும்.,சராசரி எண்பத்துமூன்று ஆயிரம் இருநூற்றுப்பன்னிரண்டு புள்ளி ஆறு ஆகும் .,decimal
௧௨:௪௯,பன்னிரண்டு மணி நாற்பத்தொன்பது நிமிடம்,time
கூட்டம் 07-09-2323 அன்று நடந்தது.,கூட்டம் ஏழு செப்டம்பர் இரண்டாயிரத்து முந்நூற்று இருபத்துமூன்று அன்று நடந்தது .,date
"53,23,01,777",ஐம்பத்துமூன்று கோடி இருபத்துமூன்று இலட்சம் ஒன்று ஆயிரம் எழுநூற்று எழுபத்தேழு,cardinal
2052-01-27,இரண்டாயிரத்து ஐம்பத்திரண்டு ஜனவரி இருபத்தேழு,date
+44 6329008578,பிளஸ் நான்கு நான்கு ஆறு மூன்று இரண்டு ஒன்பது பூஜ்யம் பூஜ்யம் எட்டு ஐந்து ஏழு எட்டு,telephone
4/13,பதிமூன்றில் நான்கு,fraction
டாக். ராமன்,டாக்டர் ராமன்,whitelist
தினமும் 41 மி.லி ஓடுகிறேன்.,தினமும் நாற்பத்தொன்று மில்லிலிட்டர் ஓடுகிறேன் .,measure
கடிதத்தில் 96ஆம் இருந்தது.,கடிதத்தில் தொண்ணூற்றாறாம் இருந்தது .,ordinal
02.07.2097 என்பதை நினைவில் கொள்ளுங்கள்.,இரண்டு ஜூலை இரண்டாயிரத்து தொண்ணூற்றேழு என்பதை நினைவில் கொள்ளுங்கள் .,date
1259-1732 கிலோ எடை வேண்டும்.,ஆயிரத்து இருநூற்று ஐம்பத்தொன்பது முதல் ஆயிரத்து எழுநூற்று முப்பத்திரண்டு கிலோ எடை வேண்டும் .,range
அவர் 3.903 என்றார்.,அவர் மூன்று புள்ளி ஒன்பது பூஜ்யம் மூன்று என்றார் .,decimal
₹205,இருநூற்று ஐந்து ரூபாய்,money
௫௬௯வது கூட்டம் 03-06-1983 அன்று நடந்தது.,ஐந்நூற்று அறுபத்தொன்பதாவது கூட்டம் மூன்று ஜூன் ஆயிரத்து தொள்ளாயிரத்து எண்பத்துமூன்று அன்று நடந்தது .,mixed
பிறந்த நாள் 2057-12-05.,பிறந்த நாள் இரண்டாயிரத்து ஐம்பத்தேழு டிசம்பர் ஐந்து .,date
2/100,நூறில் இரண்டு,fraction
நான் 1529வது நபராக வந்தேன்.,நான் ஆயிரத்து ஐந்நூற்று இருபத்தொன்பதாவது நபராக வந்தேன் .,ordinal
கணக்கு 2×11=22 என்று வரும்.,கணக்கு இரண்டு பெருக்கல் பதினொன்று சமம் இருபத்திரண்டு என்று வரும் .,whitelist
மழை அளவு ௯௭௩.௮௩ என பதிவானது.,மழை அளவு தொள்ளாயிரத்து எழுபத்துமூன்று புள்ளி எட்டு மூன்று என பதிவானது .,decimal
தூரம் 2 கி.கி. ஆகும்.,தூரம் இரண்டு கிலோகிராம் ஆகும் .,measure
18/04/2036 என்று எழுதப்பட்டுள்ளது.,பதினெட்டு ஏப்ரல் இரண்டாயிரத்து முப்பத்தாறு என்று எழுதப்பட்டுள்ளது .,date
901.06,தொள்ளாயிரத்து ஒன்று புள்ளி பூஜ்யம் ஆறு,decimal
88719.506,எண்பத்தெட்டு ஆயிரம் எழுநூற்றுப்பத்தொன்பது புள்ளி ஐந்து பூஜ்யம் ஆறு,decimal
பேருந்து 23:43 கிளம்பும்.,பேருந்து இருபத்துமூன்று மணி நாற்பத்துமூன்று நிமிடம் கிளம்பும் .,time
விலை £ 64.53 ஆனது 61648.77 சதவீதம் உயர்வு.,விலை அறுபத்துநான்கு பவுண்ட் ஐம்பத்துமூன்று பென்ஸ் ஆனது அறுபத்தொன்று ஆயிரம் அறுநூற்று நாற்பத்தெட்டு புள்ளி ஏழு ஏழு சதவீதம் உயர்வு .,mixed
௧௭௧௩-௨௧௭௩,ஆயிரத்து எழுநூற்றுப்பதிமூன்று முதல் இரண்டாயிரத்து நூற்றெழுபத்து மூன்று,range
19:31:05 மணிக்கு என்று எழுதப்பட்டுள்ளது.,பத்தொன்பது மணி முப்பத்தொன்று நிமிடம் ஐந்து வினாடி என்று எழுதப்பட்டுள்ளது .,time
மொத்த மதிப்பெண் 906.,மொத்த மதிப்பெண் தொள்ளாயிரத்து ஆறு .,cardinal
342-565,முந்நூற்று நாற்பத்திரண்டு முதல் ஐந்நூற்று அறுபத்தைந்து,range
சராசரி 803.21 என்பது 58809 மாணவர்களின் கணக்கு.,சராசரி எண்ணூற்று மூன்று புள்ளி இரண்டு ஒன்று என்பது ஐம்பத்தெட்டு ஆயிரம் எண்ணூற்று ஒன்பது மாணவர்களின் கணக்கு .,mixed
02:35 பற்றி பேசினோம்.,இரண்டு மணி முப்பத்தைந்து நிமிடம் பற்றி பேசினோம் .,time
"௮௭௯,௮௪௩ கிலோ அரிசி வாங்கினேன்.",எட்டு இலட்சம் எழுபத்தொன்பது ஆயிரம் எண்ணூற்று நாற்பத்துமூன்று கிலோ அரிசி வாங்கினேன் .,cardinal
"பரிசுத் தொகை Rs 8,71,38,574.",பரிசுத் தொகை எட்டு கோடி எழுபத்தொன்று இலட்சம் முப்பத்தெட்டு ஆயிரம் ஐந்நூற்று எழுபத்துநான்கு ரூபாய் .,money
அவர் 8வது என்றார்.,அவர் எட்டாவது என்றார் .,ordinal
பிறந்த நாள் 14-04-1946.,பிறந்த நாள் பதினான்கு ஏப்ரல் ஆயிரத்து தொள்ளாயிரத்து நாற்பத்தாறு .,date
"¥6,45,79,247",ஆறு கோடி நாற்பத்தைந்து இலட்சம் எழுபத்தொன்பது ஆயிரம் இருநூற்று நாற்பத்தேழு யென்,money
2054-04-23,இரண்டாயிரத்து ஐம்பத்துநான்கு ஏப்ரல் இருபத்துமூன்று,date
9309125723 என்பதை நினைவில் கொள்ளுங்கள்.,ஒன்பது மூன்று பூஜ்யம் ஒன்பது ஒன்று இரண்டு ஐந்து ஏழு இரண்டு மூன்று என்பதை நினைவில் கொள்ளுங்கள் .,telephone
08/10/2016 என்பதை நினைவில் கொள்ளுங்கள்.,எட்டு அக்டோபர் இரண்டாயிரத்து பதினாறு என்பதை நினைவில் கொள்ளுங்கள் .,date
812.34,எண்ணூற்றுப்பன்னிரண்டு புள்ளி மூன்று நான்கு,decimal
அவள் 65 புத்தகங்கள் வாங்கினாள்.,அவள் அறுபத்தைந்து புத்தகங்கள் வாங்கினாள் .,cardinal
அவர் 26/02/2049 அன்று பிறந்தார்.,அவர் இருபத்தாறு பிப்ரவரி இரண்டாயிரத்து நாற்பத்தொன்பது அன்று பிறந்தார் .,date
பள்ளியில் 5987392 ஆசிரியர்கள் உள்ளனர்.,பள்ளியில் ஐம்பத்தொன்பது இலட்சம் எண்பத்தேழு ஆயிரம் முந்நூற்றுத்தொண்ணூற்றிரண்டு ஆசிரியர்கள் உள்ளனர் .,cardinal
"₹4,03,81,688.1",நான்கு கோடி மூன்று இலட்சம் எண்பத்தொன்று ஆயிரம் அறுநூற்று எண்பத்தெட்டு ரூபாய் பத்து பைசா,money
389.3,முந்நூற்று எண்பத்தொன்பது புள்ளி மூன்று,decimal
21 L,இருபத்தொன்று லிட்டர்,measure
அந்த ஊரில் 892969586 வீடுகள் உள்ளன.,அந்த ஊரில் எண்பத்தொன்பது கோடி இருபத்தொன்பது இலட்சம் அறுபத்தொன்பது ஆயிரம் ஐந்நூற்று எண்பத்தாறு வீடுகள் உள்ளன .,cardinal
74.78 mL,எழுபத்துநான்கு புள்ளி ஏழு எட்டு மில்லிலிட்டர்,measure
22:54 கிளம்பி ௮௭௪௭yr நடந்தோம்.,இருபத்திரண்டு மணி ஐம்பத்துநான்கு நிமிடம் கிளம்பி எட்டாயிரத்து எழுநூற்று நாற்பத்தேழு ஆண்டு நடந்தோம் .,mixed
வகுப்பு 16:56:19 முடியும்.,வகுப்பு பதினாறு மணி ஐம்பத்தாறு நிமிடம் பத்தொன்பது வினாடி முடியும் .,time
5/14,பதினான்கில் ஐந்து,fraction
திருமணம் 23.03.2172 அன்று நடைபெறும்.,திருமணம் இருபத்துமூன்று மார்ச் இரண்டாயிரத்து நூற்றெழுபத்து இரண்டு அன்று நடைபெறும் .,date
$2711,இரண்டாயிரத்து எழுநூற்றுப்பதினொன்று டாலர்,money
10.08.2004,பத்து ஆகஸ்ட் இரண்டாயிரத்து நான்கு,date
1 km,ஒரு கிலோமீட்டர்,measure
இப்போது மணி 1:00 மணிக்கு.,இப்போது மணி ஒரு மணி .,time
591ஆம்,ஐந்நூற்றுத்தொண்ணூற்றொன்றாம்,ordinal
34738.1 பற்றி பேசினோம்.,முப்பத்துநான்கு ஆயிரம் எழுநூற்று முப்பத்தெட்டு புள்ளி ஒன்று பற்றி பேசினோம் .,decimal
மொத்தம் 951 மாணவர்கள் உள்ளனர்.,மொத்தம் தொள்ளாயிரத்து ஐம்பத்தொன்று மாணவர்கள் உள்ளனர் .,cardinal
580.802,ஐந்நூற்று எண்பது புள்ளி எட்டு பூஜ்யம் இரண்டு~ஐந்நூற்றெண்பது புள்ளி எட்டு பூஜ்யம் இரண்டு,decimal
01:46 மணிக்கு,ஒரு மணி நாற்பத்தாறு நிமிடம்,time
29.34ரூ.,இருபத்தொன்பது ரூபாய் முப்பத்துநான்கு பைசா,money
அளவு 6.69 ஆக உள்ளது.,அளவு ஆறு புள்ளி ஆறு ஒன்பது ஆக உள்ளது .,decimal
8:25:49 சாப்பிட வா.,எட்டு மணி இருபத்தைந்து நிமிடம் நாற்பத்தொன்பது வினாடி சாப்பிட வா .,time
நான் 10:55 எழுந்தேன்.,நான் பத்து மணி ஐம்பத்தைந்து நிமிடம் எழுந்தேன் .,time
கடிதத்தில் -3 இருந்தது.,கடிதத்தில் மைனஸ் மூன்று இருந்தது .,cardinal
10-04-1973 சரியானது.,பத்து ஏப்ரல் ஆயிரத்து தொள்ளாயிரத்து எழுபத்துமூன்று சரியானது .,date
Rs 37,முப்பத்தேழு ரூபாய்,money
20:20,இருபது மணி இருபது நிமிடம்,time
வளர்ச்சி விகிதம் 2.1 ஆக இருந்தது.,வளர்ச்சி விகிதம் இரண்டு புள்ளி ஒன்று ஆக இருந்தது .,decimal
பேருந்து 08:49 கிளம்பும்.,பேருந்து எட்டு மணி நாற்பத்தொன்பது நிமிடம் கிளம்பும் .,time
2037-11-19,இரண்டாயிரத்து முப்பத்தேழு நவம்பர் பத்தொன்பது,date
18-09-2014,பதினெட்டு செப்டம்பர் இரண்டாயிரத்து பதினான்கு,date
நேரம் 06:17 மணிக்கு ஆகிவிட்டது.,நேரம் ஆறு மணி பதினேழு நிமிடம் ஆகிவிட்டது .,time
1097-1104,ஆயிரத்து தொண்ணூற்றேழு முதல் ஆயிரத்து நூற்று நான்கு,range
அந்த நிறுவனத்தில் 429 ஊழியர்கள் பணிபுரிகின்றனர்.,அந்த நிறுவனத்தில் நானூற்று இருபத்தொன்பது ஊழியர்கள் பணிபுரிகின்றனர் .,cardinal
"ரூ7,09,10,105",ஏழு கோடி ஒன்பது இலட்சம் பத்து ஆயிரம் நூற்று ஐந்து ரூபாய்,money
அவன் 5.76 மதிப்பெண் பெற்றான்.,அவன் ஐந்து புள்ளி ஏழு ஆறு மதிப்பெண் பெற்றான் .,decimal
௬௬௨௦வது மாடியில் அலுவலகம் உள்ளது.,ஆறாயிரத்து அறுநூற்று இருபதாவது மாடியில் அலுவலகம் உள்ளது .,ordinal
செய்தியில் 110÷11 என்று வந்தது.,செய்தியில் நூற்றுப்பத்து வகுத்தல் பதினொன்று என்று வந்தது .,whitelist
15769,பதினைந்து ஆயிரம் எழுநூற்று அறுபத்தொன்பது,cardinal
12:00 மணிக்கு என்பதை நினைவில் கொள்ளுங்கள்.,பன்னிரண்டு மணி என்பதை நினைவில் கொள்ளுங்கள் .,time
௧௧:௫௧:௨௬ மணிக்கு வரை 930 பேர் காத்திருந்தனர்.,பதினொன்று மணி ஐம்பத்தொன்று நிமிடம் இருபத்தாறு வினாடி வரை தொள்ளாயிரத்து முப்பது பேர் காத்திருந்தனர் .,mixed
7875509922 என்பதை நினைவில் கொள்ளுங்கள்.,ஏழு எட்டு ஏழு ஐந்து ஐந்து பூஜ்யம் ஒன்பது ஒன்பது இரண்டு இரண்டு என்பதை நினைவில் கொள்ளுங்கள் .,telephone
இதில் 31-56 குறிப்பிடப்பட்டுள்ளது.,இதில் முப்பத்தொன்று முதல் ஐம்பத்தாறு குறிப்பிடப்பட்டுள்ளது .,range
பெட்டியின் எடை -9 °C இருக்கும்.,பெட்டியின் எடை மைனஸ் ஒன்பது டிகிரி செல்சியஸ் இருக்கும் .,measure
கடிதத்தில் 3806ல் இருந்தது.,கடிதத்தில் மூன்றாயிரத்து எண்ணூற்று ஆறில் இருந்தது .,cardinal
கூட்டத்தில் 4151506 பேர் வந்தனர்.,கூட்டத்தில் நாற்பத்தொன்று இலட்சம் ஐம்பத்தொன்று ஆயிரம் ஐந்நூற்று ஆறு பேர் வந்தனர் .,cardinal
6:23,ஆறு மணி இருபத்துமூன்று நிமிடம்,time
4023.1₹,நான்காயிரத்து இருபத்துமூன்று ரூபாய் பத்து பைசா,money
இதில் 12/16 குறிப்பிடப்பட்டுள்ளது.,இதில் பதினாறில் பன்னிரண்டு குறிப்பிடப்பட்டுள்ளது .,fraction
74வது,எழுபத்துநான்காவது,ordinal
கடிதத்தில் 33.7% இருந்தது.,கடிதத்தில் முப்பத்துமூன்று புள்ளி ஏழு சதவீதம் இருந்தது .,whitelist
18-05-2031,பதினெட்டு மே இரண்டாயிரத்து முப்பத்தொன்று,date
பள்ளியில் 169 ஆசிரியர்கள் உள்ளனர்.,பள்ளியில் நூற்றறுபத்து ஒன்பது ஆசிரியர்கள் உள்ளனர் .,cardinal
€32.7 பற்றி பேசினோம்.,முப்பத்திரண்டு யூரோ எழுபது சென்ட் பற்றி பேசினோம் .,money
-20878.8,மைனஸ் இருபது ஆயிரம் எண்ணூற்று எழுபத்தெட்டு புள்ளி எட்டு,decimal
௪௭௨௮ மாணவர்கள் 18:07 மணிக்கு வந்தனர்.,நான்காயிரத்து எழுநூற்று இருபத்தெட்டு மாணவர்கள் பதினெட்டு மணி ஏழு நிமிடம் வந்தனர் .,mixed
16-06-2871,பதினாறு ஜூன் இரண்டாயிரத்து எண்ணூற்று எழுபத்தொன்று,date
இது அவரது 982வது புத்தகம்.,இது அவரது தொள்ளாயிரத்து எண்பத்திரண்டாவது புத்தகம் .,ordinal
41 °C,நாற்பத்தொன்று டிகிரி செல்சியஸ்,measure
எண் 4244இல் சரியானது.,எண் நான்காயிரத்து இருநூற்று நாற்பத்துநான்கில் சரியானது .,cardinal
வட்டி 44% ஆக உள்ளது.,வட்டி நாற்பத்துநான்கு சதவீதம் ஆக உள்ளது .,whitelist
1902-06-01 சரியானது.,ஆயிரத்து தொள்ளாயிரத்து இரண்டு ஜூன் ஒன்று சரியானது .,date
"அவர் 334,953 என்றார்.",அவர் மூன்று இலட்சம் முப்பத்துநான்கு ஆயிரம் தொள்ளாயிரத்து ஐம்பத்துமூன்று என்றார் .,cardinal
182-331 பேருக்கு £0.16 செலவு ஆகும்.,நூற்றெண்பத்து இரண்டு முதல் முந்நூற்று முப்பத்தொன்று பேருக்கு பதினாறு பென்ஸ் செலவு ஆகும் .,mixed
கடிதத்தில் 1/11 இருந்தது.,கடிதத்தில் பதினொன்றில் ஒன்று இருந்தது .,fraction
02:28,இரண்டு மணி இருபத்தெட்டு நிமிடம்,time
இந்த திட்டம் நன்றாக உள்ளது.,இந்த திட்டம் நன்றாக உள்ளது .,word
25-02-1876,இருபத்தைந்து பிப்ரவரி ஆயிரத்து எண்ணூற்று எழுபத்தாறு,date
வகுப்பு 12:00 மணிக்கு முடியும்.,வகுப்பு பன்னிரண்டு மணி முடியும் .,time
94-159 பக்கங்கள் படிக்கவும்.,தொண்ணூற்றுநான்கு முதல் நூற்றைம்பத்து ஒன்பது பக்கங்கள் படிக்கவும் .,range
"விலை ரூ.8,01,90,372 மட்டும்.",விலை எட்டு கோடி ஒன்று இலட்சம் தொண்ணூறு ஆயிரம் முந்நூற்று எழுபத்திரண்டு ரூபாய் மட்டும் .,money
763-1422 பேருக்கு Rs83.43 செலவு ஆகும்.,எழுநூற்று அறுபத்துமூன்று முதல் ஆயிரத்து நானூற்று இருபத்திரண்டு பேருக்கு எண்பத்துமூன்று ரூபாய் நாற்பத்துமூன்று பைசா செலவு ஆகும் .,mixed
33,முப்பத்துமூன்று,cardinal
"637,847",ஆறு இலட்சம் முப்பத்தேழு ஆயிரம் எண்ணூற்று நாற்பத்தேழு,cardinal
37/13 பங்கு மாணவர்கள் தேர்ச்சி பெற்றனர்.,பதிமூன்றில் முப்பத்தேழு பங்கு மாணவர்கள் தேர்ச்சி பெற்றனர் .,fraction
அவன் 230ac நடந்தான்.,அவன் இருநூற்று முப்பது ஏக்கர் நடந்தான் .,measure
1856-2279,ஆயிரத்து எண்ணூற்று ஐம்பத்தாறு முதல் இரண்டாயிரத்து இருநூற்று எழுபத்தொன்பது,range
47850.22,நாற்பத்தேழு ஆயிரம் எண்ணூற்று ஐம்பது புள்ளி இரண்டு இரண்டு,decimal
அவர் 478.38 என்றார்.,அவர் நானூற்று எழுபத்தெட்டு புள்ளி மூன்று எட்டு என்றார் .,decimal
ரயில் 6:30 புறப்படும்.,ரயில் ஆறு மணி முப்பது நிமிடம் புறப்படும் .,time
கடிதத்தில் ¾ இருந்தது.,கடிதத்தில் நான்கில் மூன்று இருந்தது .,fraction
கூட்டத்தில் 602 பேர் வந்தனர்.,கூட்டத்தில் அறுநூற்று இரண்டு பேர் வந்தனர் .,cardinal
90532.63 இலட்சம்,தொண்ணூறு ஆயிரம் ஐந்நூற்று முப்பத்திரண்டு புள்ளி ஆறு மூன்று இலட்சம்,decimal
செய்தியில் 95 என்று வந்தது.,செய்தியில் தொண்ணூற்றைந்து என்று வந்தது .,cardinal
மொத்தம் 77 மாணவர்கள் உள்ளனர்.,மொத்தம் எழுபத்தேழு மாணவர்கள் உள்ளனர் .,cardinal
86 %,எண்பத்தாறு சதவீதம்,whitelist
10/12,பன்னிரண்டில் பத்து,fraction
கடிதத்தில் 330495362 இருந்தது.,கடிதத்தில் முப்பத்துமூன்று கோடி நான்கு இலட்சம் தொண்ணூற்றைந்து ஆயிரம் முந்நூற்று அறுபத்திரண்டு இருந்தது .,cardinal
மொத்த மதிப்பெண் 138.,மொத்த மதிப்பெண் நூற்று முப்பத்தெட்டு .,cardinal
14-10-1983 அன்று 7.71hr மழை பெய்தது.,பதினான்கு அக்டோபர் ஆயிரத்து தொள்ளாயிரத்து எண்பத்துமூன்று அன்று ஏழு புள்ளி ஏழு ஒன்று மணி மழை பெய்தது .,mixed
"₹ 8,00,06,568",எட்டு கோடி ஆறாயிரத்து ஐந்நூற்று அறுபத்தெட்டு ரூபாய்,money
990 என்று எழுதப்பட்டுள்ளது.,தொள்ளாயிரத்து தொண்ணூறு என்று எழுதப்பட்டுள்ளது .,cardinal
"43,52,46,407",நாற்பத்துமூன்று கோடி ஐம்பத்திரண்டு இலட்சம் நாற்பத்தாறு ஆயிரம் நானூற்று ஏழு,cardinal
0358-07220874 என்ற எண்ணை 14:25 அழைக்கவும்.,பூஜ்யம் மூன்று ஐந்து எட்டு பூஜ்யம் ஏழு இரண்டு இரண்டு பூஜ்யம் எட்டு ஏழு நான்கு என்ற எண்ணை பதினான்கு மணி இருபத்தைந்து நிமிடம் அழைக்கவும் .,mixed
"722,903",ஏழு இலட்சம் இருபத்திரண்டு ஆயிரம் தொள்ளாயிரத்து மூன்று,cardinal
£53 பற்றி பேசினோம்.,ஐம்பத்துமூன்று பவுண்ட் பற்றி பேசினோம் .,money
13-03-2011,பதிமூன்று மார்ச் இரண்டாயிரத்து பதினொன்று,date
அவன் 3/5 பங்கு சாப்பிட்டான்.,அவன் ஐந்தில் மூன்று பங்கு சாப்பிட்டான் .,fraction
6479222858,ஆறு நான்கு ஏழு ஒன்பது இரண்டு இரண்டு இரண்டு எட்டு ஐந்து எட்டு,telephone
459-616,நானூற்று ஐம்பத்தொன்பது முதல் அறுநூற்றுப்பதினாறு,range
79 m,எழுபத்தொன்பது மீட்டர்,measure
கடிதத்தில் 81₹ இருந்தது.,கடிதத்தில் எண்பத்தொன்று ரூபாய் இருந்தது .,money
ரயில் 02:22 புறப்படும்.,ரயில் இரண்டு மணி இருபத்திரண்டு நிமிடம் புறப்படும் .,time
17-03-1992 என்று எழுதப்பட்டுள்ளது.,பதினேழு மார்ச் ஆயிரத்து தொள்ளாயிரத்து தொண்ணூற்றிரண்டு என்று எழுதப்பட்டுள்ளது .,date
மதிப்பீடு 7.451.,மதிப்பீடு ஏழு புள்ளி நான்கு ஐந்து ஒன்று .,decimal
3076,மூன்றாயிரத்து எழுபத்தாறு,cardinal
25-03-1012,இருபத்தைந்து மார்ச் ஆயிரத்து பன்னிரண்டு,date
01-01-1903,ஒன்று ஜனவரி ஆயிரத்து தொள்ளாயிரத்து மூன்று,date
அவரின் தொலைபேசி எண் 0501-201525 ஆகும்.,அவரின் தொலைபேசி எண் பூஜ்யம் ஐந்து பூஜ்யம் ஒன்று இரண்டு பூஜ்யம் ஒன்று ஐந்து இரண்டு ஐந்து ஆகும் .,telephone
செய்தியில் ¥4178 என்று வந்தது.,செய்தியில் நான்காயிரத்து நூற்றெழுபத்து எட்டு யென் என்று வந்தது .,money
"1432வது பரிசு ரூ.2,62,83,111 ஆகும்.",ஆயிரத்து நானூற்று முப்பத்திரண்டாவது பரிசு இரண்டு கோடி அறுபத்திரண்டு இலட்சம் எண்பத்துமூன்று ஆயிரம் நூற்றுப்பதினொன்று ரூபாய் ஆகும் .,mixed
9.8 cm,ஒன்பது புள்ளி எட்டு சென்டிமீட்டர்,measure
அவர் 10-17-1952 அன்று பிறந்தார்.,அவர் அக்டோபர் பதினேழு ஆயிரத்து தொள்ளாயிரத்து ஐம்பத்திரண்டு அன்று பிறந்தார் .,date
நிகழ்ச்சி 17:03 ஒளிபரப்பாகும்.,நிகழ்ச்சி பதினேழு மணி மூன்று நிமிடம் ஒளிபரப்பாகும் .,time
ரயில் 6:26:00 புறப்படும்.,ரயில் ஆறு மணி இருபத்தாறு நிமிடம் புறப்படும் .,time
இந்த மூட்டை 69lb எடை உள்ளது.,இந்த மூட்டை அறுபத்தொன்பது பவுண்டு எடை உள்ளது .,measure
வெப்பநிலை 1373-1399 டிகிரி இருக்கும்.,வெப்பநிலை ஆயிரத்து முந்நூற்று எழுபத்துமூன்று முதல் ஆயிரத்து முந்நூற்றுத்தொண்ணூற்றொன்பது டிகிரி இருக்கும் .,range
செய்தியில் 7864452070 என்று வந்தது.,செய்தியில் ஏழு எட்டு ஆறு நான்கு நான்கு ஐந்து இரண்டு பூஜ்யம் ஏழு பூஜ்யம் என்று வந்தது .,telephone
அந்த நிறுவனத்தில் 884 ஊழியர்கள் பணிபுரிகின்றனர்.,அந்த நிறுவனத்தில் எண்ணூற்று எண்பத்துநான்கு ஊழியர்கள் பணிபுரிகின்றனர் .,cardinal
6577550864,ஆறு ஐந்து ஏழு ஏழு ஐந்து ஐந்து பூஜ்யம் எட்டு ஆறு நான்கு,telephone
"விலை ₹7,71,08,198 மட்டும்.",விலை ஏழு கோடி எழுபத்தொன்று இலட்சம் எட்டாயிரத்து நூற்றுத்தொண்ணூற்றெட்டு ரூபாய் மட்டும் .,money
4660738,நாற்பத்தாறு இலட்சம் அறுபது ஆயிரம் எழுநூற்று முப்பத்தெட்டு,cardinal
32035,முப்பத்திரண்டு ஆயிரம் முப்பத்தைந்து,cardinal
செய்தியில் 822.23 என்று வந்தது.,செய்தியில் எண்ணூற்று இருபத்திரண்டு புள்ளி இரண்டு மூன்று என்று வந்தது .,decimal
2713 கிலோ அரிசி வாங்கினேன்.,இரண்டாயிரத்து எழுநூற்றுப்பதிமூன்று கிலோ அரிசி வாங்கினேன் .,cardinal
4805 °C,நான்காயிரத்து எண்ணூற்று ஐந்து டிகிரி செல்சியஸ்,measure
அவன் 253.285 மதிப்பெண் பெற்றான்.,அவன் இருநூற்று ஐம்பத்துமூன்று புள்ளி இரண்டு எட்டு ஐந்து மதிப்பெண் பெற்றான் .,decimal
இதில் 4675 குறிப்பிடப்பட்டுள்ளது.,இதில் நான்காயிரத்து அறுநூற்று எழுபத்தைந்து குறிப்பிடப்பட்டுள்ளது .,cardinal
+65 7267742953,பிளஸ் ஆறு ஐந்து ஏழு இரண்டு ஆறு ஏழு ஏழு நான்கு இரண்டு ஒன்பது ஐந்து மூன்று,telephone
அவர் ௦௨-௧௩-௧௯௧௭ என்றார்.,அவர் பிப்ரவரி பதிமூன்று ஆயிரத்து தொள்ளாயிரத்து பதினேழு என்றார் .,date
பை மதிப்பு 839.88 ஆகும்.,பை மதிப்பு எண்ணூற்று முப்பத்தொன்பது புள்ளி எட்டு எட்டு ஆகும் .,decimal
நேரம் 21:00:58 ஆகிவிட்டது.,நேரம் இருபத்தொன்று மணி ஐம்பத்தெட்டு வினாடி ஆகிவிட்டது .,time
இதில் 9 26/30 பங்கு எனக்கு.,இதில் ஒன்பது மற்றும் முப்பதில் இருபத்தாறு பங்கு எனக்கு .,fraction
26/30 பங்கு அதாவது 13 கி.மீ. மட்டும் மீதம்.,முப்பதில் இருபத்தாறு பங்கு அதாவது பதிமூன்று கிலோமீட்டர் மட்டும் மீதம் .,mixed
24-04-2053,இருபத்துநான்கு ஏப்ரல் இரண்டாயிரத்து ஐம்பத்துமூன்று,date
23:37 மணிக்கு,இருபத்துமூன்று மணி முப்பத்தேழு நிமிடம்,time
₹ 9195 என்று எழுதப்பட்டுள்ளது.,ஒன்பதாயிரத்து நூற்றுத்தொண்ணூற்றைந்து ரூபாய் என்று எழுதப்பட்டுள்ளது .,money
45₹,நாற்பத்தைந்து ரூபாய்,money
இதில் 23:48 குறிப்பிடப்பட்டுள்ளது.,இதில் இருபத்துமூன்று மணி நாற்பத்தெட்டு நிமிடம் குறிப்பிடப்பட்டுள்ளது .,time
இதன் மதிப்பு 3.363 தான்.,இதன் மதிப்பு மூன்று புள்ளி மூன்று ஆறு மூன்று தான் .,decimal
7074ஆம்,ஏழாயிரத்து எழுபத்துநான்காம்,ordinal
௩௧.௩௮ கி.கி சரியானது.,முப்பத்தொன்று புள்ளி மூன்று எட்டு கிலோகிராம் சரியானது .,measure
பள்ளியில் 66714 ஆசிரியர்கள் உள்ளனர்.,பள்ளியில் அறுபத்தாறு ஆயிரம் எழுநூற்றுப்பதினான்கு ஆசிரியர்கள் உள்ளனர் .,cardinal
01-13-2000 முதல் விற்பனை தொடங்கும்.,ஜனவரி பதிமூன்று இரண்டாயிரம் முதல் விற்பனை தொடங்கும் .,date
பேருந்து 16:00:36 கிளம்பும்.,பேருந்து பதினாறு மணி முப்பத்தாறு வினாடி கிளம்பும் .,time
விலை 6421394ரூ. மட்டும்.,விலை அறுபத்துநான்கு இலட்சம் இருபத்தொன்று ஆயிரம் முந்நூற்றுத்தொண்ணூற்றுநான்கு ரூபாய் மட்டும் .,money
42049.28,நாற்பத்திரண்டு ஆயிரம் நாற்பத்தொன்பது புள்ளி இரண்டு எட்டு,decimal
7 l என்று எழுதப்பட்டுள்ளது.,ஏழு லிட்டர் என்று எழுதப்பட்டுள்ளது .,measure
1424-1603 பக்கங்கள் படிக்கவும்.,ஆயிரத்து நானூற்று இருபத்துநான்கு முதல் ஆயிரத்து அறுநூற்று மூன்று பக்கங்கள் படிக்கவும் .,range
இந்த சட்டை £605.65 ஆகும்.,இந்த சட்டை அறுநூற்று ஐந்து பவுண்ட் அறுபத்தைந்து பென்ஸ் ஆகும் .,money
௨௨-௦௩-௧௯௧௨ என்று எழுதப்பட்டுள்ளது.,இருபத்திரண்டு மார்ச் ஆயிரத்து தொள்ளாயிரத்து பன்னிரண்டு என்று எழுதப்பட்டுள்ளது .,date
6m,ஆறு மீட்டர்,measure
288வது என்பதை நினைவில் கொள்ளுங்கள்.,இருநூற்று எண்பத்தெட்டாவது என்பதை நினைவில் கொள்ளுங்கள் .,ordinal
௧௧:௫௨ கிளம்பி 4yr நடந்தோம்.,பதினொன்று மணி ஐம்பத்திரண்டு நிமிடம் கிளம்பி நான்கு ஆண்டு நடந்தோம் .,mixed
௮௩௭ஆம் என்று எழுதப்பட்டுள்ளது.,எண்ணூற்று முப்பத்தேழாம் என்று எழுதப்பட்டுள்ளது .,ordinal
அலுவலகம் 1:43 திறக்கும்.,அலுவலகம் ஒரு மணி நாற்பத்துமூன்று நிமிடம் திறக்கும் .,time
"அந்த நிலம் ௭,௦௭,௬௭,௧௮௨ ரூ. விலை போனது.",அந்த நிலம் ஏழு கோடி ஏழு இலட்சம் அறுபத்தேழு ஆயிரம் நூற்றெண்பத்து இரண்டு ரூபாய் விலை போனது .,money
பேருந்து கட்டணம் ₹85381 ஆகும்.,பேருந்து கட்டணம் எண்பத்தைந்து ஆயிரம் முந்நூற்று எண்பத்தொன்று ரூபாய் ஆகும் .,money
வளர்ச்சி விகிதம் 82924.88 ஆக இருந்தது.,வளர்ச்சி விகிதம் எண்பத்திரண்டு ஆயிரம் தொள்ளாயிரத்து இருபத்துநான்கு புள்ளி எட்டு எட்டு ஆக இருந்தது .,decimal
லெ. ராமன் பற்றி பேசினோம்.,லெப்டினன்ட் ராமன் பற்றி பேசினோம் .,whitelist
9.9%,ஒன்பது புள்ளி ஒன்பது சதவீதம்,whitelist
நிகழ்ச்சி 04:12:31 ஒளிபரப்பாகும்.,நிகழ்ச்சி நான்கு மணி பன்னிரண்டு நிமிடம் முப்பத்தொன்று வினாடி ஒளிபரப்பாகும் .,time
செய்தியில் 26.08.2090 என்று வந்தது.,செய்தியில் இருபத்தாறு ஆகஸ்ட் இரண்டாயிரத்து தொண்ணூறு என்று வந்தது .,date
19.02.2020 அன்று 379 பேர் வந்தனர்.,பத்தொன்பது பிப்ரவரி இரண்டாயிரத்து இருபது அன்று முந்நூற்று எழுபத்தொன்பது பேர் வந்தனர் .,mixed
ரூ2820,இரண்டாயிரத்து எண்ணூற்று இருபது ரூபாய்,money
கடிதத்தில் 91% இருந்தது.,கடிதத்தில் தொண்ணூற்றொன்று சதவீதம் இருந்தது .,whitelist
30/05/1998,முப்பது மே ஆயிரத்து தொள்ளாயிரத்து தொண்ணூற்றெட்டு,date
மொத்தம் 1646 மாணவர்கள் உள்ளனர்.,மொத்தம் ஆயிரத்து அறுநூற்று நாற்பத்தாறு மாணவர்கள் உள்ளனர் .,cardinal
வளர்ச்சி விகிதம் 869.95 இலட்சம் ஆக இருந்தது.,வளர்ச்சி விகிதம் எண்ணூற்று அறுபத்தொன்பது புள்ளி ஒன்பது ஐந்து இலட்சம் ஆக இருந்தது .,decimal
224,இருநூற்று இருபத்துநான்கு,cardinal
29-11-2019,இருபத்தொன்பது நவம்பர் இரண்டாயிரத்து பத்தொன்பது,date
தூரம் 2.38min ஆகும்.,தூரம் இரண்டு புள்ளி மூன்று எட்டு நிமிடம் ஆகும் .,measure
"₹9,56,79,880",ஒன்பது கோடி ஐம்பத்தாறு இலட்சம் எழுபத்தொன்பது ஆயிரம் எண்ணூற்று எண்பது ரூபாய்,money
வெப்பநிலை ௧௩௦௮ft ஆக இருந்தது.,வெப்பநிலை ஆயிரத்து முந்நூற்று எட்டு அடி ஆக இருந்தது .,measure
இந்த சட்டை ரூ.1902139 ஆகும்.,இந்த சட்டை பத்தொன்பது இலட்சம் இரண்டாயிரத்து நூற்று முப்பத்தொன்பது ரூபாய் ஆகும் .,money
அவள் உயரம் 2.92 cm ஆகும்.,அவள் உயரம் இரண்டு புள்ளி ஒன்பது இரண்டு சென்டிமீட்டர் ஆகும் .,measure
17வது,பதினேழாவது,ordinal
எண் 59ல் சரியானது.,எண் ஐம்பத்தொன்பதில் சரியானது .,cardinal
டாக். வேலு வந்தார்.,டாக்டர் வேலு வந்தார் .,whitelist
கடிதத்தில் 25.01.2099 இருந்தது.,கடிதத்தில் இருபத்தைந்து ஜனவரி இரண்டாயிரத்து தொண்ணூற்றொன்பது இருந்தது .,date
வாடகை € 4599711 ஆக உயர்ந்தது.,வாடகை நாற்பத்தைந்து இலட்சம் தொண்ணூற்றொன்பது ஆயிரம் எழுநூற்றுப்பதினொன்று யூரோ ஆக உயர்ந்தது .,money
7250,ஏழாயிரத்து இருநூற்று ஐம்பது~ஏழாயிரத்து இருநூற்றைம்பது,cardinal
அவர் 22-10-1401 அன்று பிறந்தார்.,அவர் இருபத்திரண்டு அக்டோபர் ஆயிரத்து நானூற்று ஒன்று அன்று பிறந்தார் .,date
13-25 என்பதை நினைவில் கொள்ளுங்கள்.,பதிமூன்று முதல் இருபத்தைந்து என்பதை நினைவில் கொள்ளுங்கள் .,range
760 பற்றி பேசினோம்.,எழுநூற்று அறுபது பற்றி பேசினோம் .~எழுநூற்றறுபது பற்றி பேசினோம் .,cardinal
353.3 சரியானது.,முந்நூற்று ஐம்பத்துமூன்று புள்ளி மூன்று சரியானது .,decimal
வண்டி எண் 9919 ஆகும்.,வண்டி எண் ஒன்பதாயிரத்து தொள்ளாயிரத்து பத்தொன்பது ஆகும் .,cardinal
74%,எழுபத்துநான்கு சதவீதம்,whitelist
வகுப்பு 10:45:00 முடியும்.,வகுப்பு பத்து மணி நாற்பத்தைந்து நிமிடம் முடியும் .,time
01-13-1959,ஜனவரி பதிமூன்று ஆயிரத்து தொள்ளாயிரத்து ஐம்பத்தொன்பது,date
₹234.72,இருநூற்று முப்பத்துநான்கு ரூபாய் எழுபத்திரண்டு பைசா,money
50 %,ஐம்பது சதவீதம்,whitelist
அவர் 4737வது என்றார்.,அவர் நான்காயிரத்து எழுநூற்று முப்பத்தேழாவது என்றார் .,ordinal
வாடகை £ 6945 ஆக உயர்ந்தது.,வாடகை ஆறாயிரத்து தொள்ளாயிரத்து நாற்பத்தைந்து பவுண்ட் ஆக உயர்ந்தது .,money
7076065994,ஏழு பூஜ்யம் ஏழு ஆறு பூஜ்யம் ஆறு ஐந்து ஒன்பது ஒன்பது நான்கு,telephone
கடிதத்தில் 2380 இருந்தது.,கடிதத்தில் இரண்டாயிரத்து முந்நூற்று எண்பது இருந்தது .~கடிதத்தில் இரண்டாயிரத்து முந்நூற்றெண்பது இருந்தது .,cardinal
1949 என்பதை நினைவில் கொள்ளுங்கள்.,ஆயிரத்து தொள்ளாயிரத்து நாற்பத்தொன்பது என்பதை நினைவில் கொள்ளுங்கள் .,cardinal
விலை 70% உயர்ந்தது.,விலை எழுபது சதவீதம் உயர்ந்தது .,whitelist
அவர் 14/11/2022 என்றார்.,அவர் பதினான்கு நவம்பர் இரண்டாயிரத்து இருபத்திரண்டு என்றார் .,date
Rs.50.48,ஐம்பது ரூபாய் நாற்பத்தெட்டு பைசா,money
11311.85 என்பதை நினைவில் கொள்ளுங்கள்.,பதினொன்று ஆயிரம் முந்நூற்றுப்பதினொன்று புள்ளி எட்டு ஐந்து என்பதை நினைவில் கொள்ளுங்கள் .,decimal
2044-02-26,இரண்டாயிரத்து நாற்பத்துநான்கு பிப்ரவரி இருபத்தாறு,date
7596467,எழுபத்தைந்து இலட்சம் தொண்ணூற்றாறு ஆயிரம் நானூற்று அறுபத்தேழு,cardinal
27094263984,இரண்டு ஏழு பூஜ்யம் ஒன்பது நான்கு இரண்டு ஆறு மூன்று ஒன்பது எட்டு நான்கு,cardinal
எனக்கு -9864 வயது.,எனக்கு மைனஸ் ஒன்பதாயிரத்து எண்ணூற்று அறுபத்துநான்கு வயது .,cardinal
7479,ஏழாயிரத்து நானூற்று எழுபத்தொன்பது,cardinal
8553742634 என்ற எண்ணை 20:47 அழைக்கவும்.,எட்டு ஐந்து ஐந்து மூன்று ஏழு நான்கு இரண்டு ஆறு மூன்று நான்கு என்ற எண்ணை இருபது மணி நாற்பத்தேழு நிமிடம் அழைக்கவும் .,mixed
நான் 1:39:00 எழுந்தேன்.,நான் ஒரு மணி முப்பத்தொன்பது நிமிடம் எழுந்தேன் .,time
நிகழ்ச்சி 12:40 ஒளிபரப்பாகும்.,நிகழ்ச்சி பன்னிரண்டு மணி நாற்பது நிமிடம் ஒளிபரப்பாகும் .,time
10/16,பதினாறில் பத்து,fraction
1/8,எட்டில் ஒன்று,fraction
ரயில் 24:23 மணிக்கு புறப்படும்.,ரயில் இருபத்துநான்கு மணி இருபத்துமூன்று நிமிடம் புறப்படும் .,time
22:49,இருபத்திரண்டு மணி நாற்பத்தொன்பது நிமிடம்,time
௧௧/௯௦,தொண்ணூறில் பதினொன்று,fraction
அவர் ₹46 என்றார்.,அவர் நாற்பத்தாறு ரூபாய் என்றார் .,money
இது 78வது முறை.,இது எழுபத்தெட்டாவது முறை .,ordinal
"எனக்கு 739,185 வயது.",எனக்கு ஏழு இலட்சம் முப்பத்தொன்பது ஆயிரம் நூற்றெண்பத்து ஐந்து வயது .,cardinal
32.16 மி.லி.,முப்பத்திரண்டு புள்ளி ஒன்று ஆறு மில்லிலிட்டர்,measure
329.255 சரியானது.,முந்நூற்று இருபத்தொன்பது புள்ளி இரண்டு ஐந்து ஐந்து சரியானது .,decimal
கூட்டம் 02-01-1975 அன்று 10:30:48 தொடங்கும்.,கூட்டம் இரண்டு ஜனவரி ஆயிரத்து தொள்ளாயிரத்து எழுபத்தைந்து அன்று பத்து மணி முப்பது நிமிடம் நாற்பத்தெட்டு வினாடி தொடங்கும் .,mixed
அவர் ௪௨௭௪ ஓட்டங்கள் எடுத்தார்.,அவர் நான்காயிரத்து இருநூற்று எழுபத்துநான்கு ஓட்டங்கள் எடுத்தார் .,cardinal
௯௦௩௯௨௩௩௦௮௦௦,ஒன்பது பூஜ்யம் மூன்று ஒன்பது இரண்டு மூன்று மூன்று பூஜ்யம் எட்டு பூஜ்யம் பூஜ்யம்,cardinal
+658751628943 பற்றி பேசினோம்.,பிளஸ் ஆறு ஐந்து எட்டு ஏழு ஐந்து ஒன்று ஆறு இரண்டு எட்டு ஒன்பது நான்கு மூன்று பற்றி பேசினோம் .,telephone
36% வந்தார்.,முப்பத்தாறு சதவீதம் வந்தார் .,whitelist
டாக். சுரேஷ்,டாக்டர் சுரேஷ்,whitelist
12 % பேசினார்.,பன்னிரண்டு சதவீதம் பேசினார் .,whitelist
பள்ளியில் 7856 ஆசிரியர்கள் உள்ளனர்.,பள்ளியில் ஏழாயிரத்து எண்ணூற்று ஐம்பத்தாறு ஆசிரியர்கள் உள்ளனர் .,cardinal
"விலை Rs. 5,70,48,683 ஆனது 277.75 சதவீதம் உயர்வு.",விலை ஐந்து கோடி எழுபது இலட்சம் நாற்பத்தெட்டு ஆயிரம் அறுநூற்று எண்பத்துமூன்று ரூபாய் ஆனது இருநூற்று எழுபத்தேழு புள்ளி ஏழு ஐந்து சதவீதம் உயர்வு .,mixed
அந்த ஊரில் 18 வீடுகள் உள்ளன.,அந்த ஊரில் பதினெட்டு வீடுகள் உள்ளன .,cardinal
இதில் ௫௪௬.௦௯ குறிப்பிடப்பட்டுள்ளது.,இதில் ஐந்நூற்று நாற்பத்தாறு புள்ளி பூஜ்யம் ஒன்பது குறிப்பிடப்பட்டுள்ளது .,decimal
பெட்டியின் எடை 3605 Hz இருக்கும்.,பெட்டியின் எடை மூன்றாயிரத்து அறுநூற்று ஐந்து ஹெர்ட்ஸ் இருக்கும் .,measure
அவர் 6797063 என்றார்.,அவர் அறுபத்தேழு இலட்சம் தொண்ணூற்றேழு ஆயிரம் அறுபத்துமூன்று என்றார் .,cardinal
586 என்று எழுதப்பட்டுள்ளது.,ஐந்நூற்று எண்பத்தாறு என்று எழுதப்பட்டுள்ளது .,cardinal
அவர் 422.2 என்றார்.,அவர் நானூற்று இருபத்திரண்டு புள்ளி இரண்டு என்றார் .,decimal
3979,மூன்றாயிரத்து தொள்ளாயிரத்து எழுபத்தொன்பது,cardinal
$ 75 என்று எழுதப்பட்டுள்ளது.,எழுபத்தைந்து டாலர் என்று எழுதப்பட்டுள்ளது .,money
எண் 1 சரியானது.,எண் ஒன்று சரியானது .,cardinal
௦௧:௦௦ மணிக்கு பற்றி பேசினோம்.,ஒரு மணி பற்றி பேசினோம் .,time
9772 என்பதை நினைவில் கொள்ளுங்கள்.,ஒன்பதாயிரத்து எழுநூற்று எழுபத்திரண்டு என்பதை நினைவில் கொள்ளுங்கள் .,cardinal
£44297 சரியானது.,நாற்பத்துநான்கு ஆயிரம் இருநூற்றுத்தொண்ணூற்றேழு பவுண்ட் சரியானது .,money
232 நாட்கள் ஆயிற்று.,இருநூற்று முப்பத்திரண்டு நாட்கள் ஆயிற்று .,cardinal
6lb,ஆறு பவுண்டு,measure
அவர் 30வது என்றார்.,அவர் முப்பதாவது என்றார் .,ordinal
Rs 50 பற்றி பேசினோம்.,ஐம்பது ரூபாய் பற்றி பேசினோம் .,money
8812 மி.லி,எட்டாயிரத்து எண்ணூற்றுப்பன்னிரண்டு மில்லிலிட்டர்,measure
29.9% பேசினார்.,இருபத்தொன்பது புள்ளி ஒன்பது சதவீதம் பேசினார் .,whitelist
534,ஐந்நூற்று முப்பத்துநான்கு,cardinal
8443000609,எட்டு நான்கு நான்கு மூன்று பூஜ்யம் பூஜ்யம் பூஜ்யம் ஆறு பூஜ்யம் ஒன்பது,telephone
இன்றைய விலை -46024.6 ஆக உயர்ந்தது.,இன்றைய விலை மைனஸ் நாற்பத்தாறு ஆயிரம் இருபத்துநான்கு புள்ளி ஆறு ஆக உயர்ந்தது .,decimal
3283165 பேருக்கு Rs.௮௫.௫ கொடுத்தேன்.,முப்பத்திரண்டு இலட்சம் எண்பத்துமூன்று ஆயிரம் நூற்றறுபத்து ஐந்து பேருக்கு எண்பத்தைந்து ரூபாய் ஐம்பது பைசா கொடுத்தேன் .,mixed
எண் ௭௮௦௬௭௬௧ சரியானது.,எண் எழுபத்தெட்டு இலட்சம் ஆறாயிரத்து எழுநூற்று அறுபத்தொன்று சரியானது .,cardinal
27-03-1971,இருபத்தேழு மார்ச் ஆயிரத்து தொள்ளாயிரத்து எழுபத்தொன்று,date
22-12-1907,இருபத்திரண்டு டிசம்பர் ஆயிரத்து தொள்ளாயிரத்து ஏழு,date
அவர் ௧௯௩௦வது இடம் பிடித்தார்.,அவர் ஆயிரத்து தொள்ளாயிரத்து முப்பதாவது இடம் பிடித்தார் .,ordinal
7310811403 என்ற எண்ணை 03:17 அழைக்கவும்.,ஏழு மூன்று ஒன்று பூஜ்யம் எட்டு ஒன்று ஒன்று நான்கு பூஜ்யம் மூன்று என்ற எண்ணை மூன்று மணி பதினேழு நிமிடம் அழைக்கவும் .,mixed
பாத்திரத்தில் 19 14/80 பங்கு நீர் உள்ளது.,பாத்திரத்தில் பத்தொன்பது மற்றும் எண்பதில் பதினான்கு பங்கு நீர் உள்ளது .,fraction
சராசரி 1.0 ஆகும்.,சராசரி ஒன்று புள்ளி பூஜ்யம் ஆகும் .,decimal
பிறந்த நாள் 20/11/1908.,பிறந்த நாள் இருபது நவம்பர் ஆயிரத்து தொள்ளாயிரத்து எட்டு .,date
கடிதத்தில் 3714ல் இருந்தது.,கடிதத்தில் மூன்றாயிரத்து எழுநூற்றுப்பதினான்கில் இருந்தது .,cardinal
1oz,ஒரு அவுன்ஸ்,measure
Rs.87,எண்பத்தேழு ரூபாய்,money
0.24 ரூ,இருபத்துநான்கு பைசா,money
இதில் 160.091 குறிப்பிடப்பட்டுள்ளது.,இதில் நூற்று அறுபது புள்ளி பூஜ்யம் ஒன்பது ஒன்று குறிப்பிடப்பட்டுள்ளது .~இதில் நூற்றறுபது புள்ளி பூஜ்யம் ஒன்பது ஒன்று குறிப்பிடப்பட்டுள்ளது .,decimal
மொத்தம் ௨௮௬ மாணவர்கள் உள்ளனர்.,மொத்தம் இருநூற்று எண்பத்தாறு மாணவர்கள் உள்ளனர் .,cardinal
₹57.47 அபராதம் விதிக்கப்பட்டது.,ஐம்பத்தேழு ரூபாய் நாற்பத்தேழு பைசா அபராதம் விதிக்கப்பட்டது .,money
இதில் 1/7 குறிப்பிடப்பட்டுள்ளது.,இதில் ஏழில் ஒன்று குறிப்பிடப்பட்டுள்ளது .,fraction
௯௫௯.௯ என்று எழுதப்பட்டுள்ளது.,தொள்ளாயிரத்து ஐம்பத்தொன்பது புள்ளி ஒன்பது என்று எழுதப்பட்டுள்ளது .,decimal
¥81.1,எண்பத்தொன்று யென் பத்து சென்,money
3/90 என்று எழுதப்பட்டுள்ளது.,தொண்ணூறில் மூன்று என்று எழுதப்பட்டுள்ளது .,fraction
பரிசுத் தொகை ₹5959.,பரிசுத் தொகை ஐந்தாயிரத்து தொள்ளாயிரத்து ஐம்பத்தொன்பது ரூபாய் .,money
€72 சரியானது.,எழுபத்திரண்டு யூரோ சரியானது .,money
அவர் 4322393 ஓட்டங்கள் எடுத்தார்.,அவர் நாற்பத்துமூன்று இலட்சம் இருபத்திரண்டு ஆயிரம் முந்நூற்றுத்தொண்ணூற்றுமூன்று ஓட்டங்கள் எடுத்தார் .,cardinal
7/70,எழுபதில் ஏழு,fraction
அவர் 4 என்றார்.,அவர் நான்கு என்றார் .,cardinal
918-941,தொள்ளாயிரத்து பதினெட்டு முதல் தொள்ளாயிரத்து நாற்பத்தொன்று,range
மொத்த மதிப்பெண் 26.,மொத்த மதிப்பெண் இருபத்தாறு .,cardinal
கடைசி தேதி 11-02-1951.,கடைசி தேதி பதினொன்று பிப்ரவரி ஆயிரத்து தொள்ளாயிரத்து ஐம்பத்தொன்று .,date
45-53,நாற்பத்தைந்து முதல் ஐம்பத்துமூன்று,range
48417,நாற்பத்தெட்டு ஆயிரம் நானூற்றுப்பதினேழு,cardinal
2.452 சரியானது.,இரண்டு புள்ளி நான்கு ஐந்து இரண்டு சரியானது .,decimal
நீளம் 6.529 ஆக இருந்தது.,நீளம் ஆறு புள்ளி ஐந்து இரண்டு ஒன்பது ஆக இருந்தது .,decimal
158.24,நூற்றைம்பத்து எட்டு புள்ளி இரண்டு நான்கு,decimal
"செய்தியில் ¥6,79,39,592.90 என்று வந்தது.",செய்தியில் ஆறு கோடி எழுபத்தொன்பது இலட்சம் முப்பத்தொன்பது ஆயிரம் ஐந்நூற்றுத்தொண்ணூற்றிரண்டு யென் தொண்ணூறு சென் என்று வந்தது .,money
இதன் மதிப்பு 19437.039 தான்.,இதன் மதிப்பு பத்தொன்பது ஆயிரம் நானூற்று முப்பத்தேழு புள்ளி பூஜ்யம் மூன்று ஒன்பது தான் .,decimal
கடிதத்தில் 9634797856 இருந்தது.,கடிதத்தில் ஒன்பது ஆறு மூன்று நான்கு ஏழு ஒன்பது ஏழு எட்டு ஐந்து ஆறு இருந்தது .,cardinal
மொத்த மதிப்பெண் 499693547.,மொத்த மதிப்பெண் நாற்பத்தொன்பது கோடி தொண்ணூற்றாறு இலட்சம் தொண்ணூற்றுமூன்று ஆயிரம் ஐந்நூற்று நாற்பத்தேழு .,cardinal
மாத சம்பளம் ₹ 764195174 தான்.,மாத சம்பளம் எழுபத்தாறு கோடி நாற்பத்தொன்று இலட்சம் தொண்ணூற்றைந்து ஆயிரம் நூற்றெழுபத்து நான்கு ரூபாய் தான் .,money
58100 சரியானது.,ஐம்பத்தெட்டு ஆயிரம் நூறு சரியானது .,cardinal
67/2 சரியானது.,இரண்டில் அறுபத்தேழு சரியானது .,fraction
பாத்திரத்தில் 73/6 பங்கு நீர் உள்ளது.,பாத்திரத்தில் ஆறில் எழுபத்துமூன்று பங்கு நீர் உள்ளது .,fraction
493.37,நானூற்றுத்தொண்ணூற்றுமூன்று புள்ளி மூன்று ஏழு,decimal
64,அறுபத்துநான்கு,cardinal
எண் 8791 சரியானது.,எண் எட்டாயிரத்து எழுநூற்றுத்தொண்ணூற்றொன்று சரியானது .,cardinal
வேகம் 39TB ஆக இருந்தது.,வேகம் முப்பத்தொன்பது டெராபைட் ஆக இருந்தது .,measure
623174816,அறுபத்திரண்டு கோடி முப்பத்தொன்று இலட்சம் எழுபத்துநான்கு ஆயிரம் எண்ணூற்றுப்பதினாறு,cardinal
13-02-1952 என்பதை நினைவில் கொள்ளுங்கள்.,பதிமூன்று பிப்ரவரி ஆயிரத்து தொள்ளாயிரத்து ஐம்பத்திரண்டு என்பதை நினைவில் கொள்ளுங்கள் .,date
5828 °F,ஐந்தாயிரத்து எண்ணூற்று இருபத்தெட்டு டிகிரி பாரன்ஹீட்,measure
71/90 பங்கு அதாவது ௪௦௦௨.௨௦mi மட்டும் மீதம்.,தொண்ணூறில் எழுபத்தொன்று பங்கு அதாவது நான்காயிரத்து இரண்டு புள்ளி இரண்டு பூஜ்யம் மைல் மட்டும் மீதம் .,mixed
இன்றைய விலை 512.998 ஆக உயர்ந்தது.,இன்றைய விலை ஐந்நூற்றுப்பன்னிரண்டு புள்ளி ஒன்பது ஒன்பது எட்டு ஆக உயர்ந்தது .,decimal
இது 12ஆம் முறை.,இது பன்னிரண்டாம் முறை .,ordinal
17:00 என்பதை நினைவில் கொள்ளுங்கள்.,பதினேழு மணி என்பதை நினைவில் கொள்ளுங்கள் .,time
அவர் 14244.6 என்றார்.,அவர் பதினான்கு ஆயிரம் இருநூற்று நாற்பத்துநான்கு புள்ளி ஆறு என்றார் .,decimal
இதில் 20:17:53 குறிப்பிடப்பட்டுள்ளது.,இதில் இருபது மணி பதினேழு நிமிடம் ஐம்பத்துமூன்று வினாடி குறிப்பிடப்பட்டுள்ளது .,time
5838வது சரியானது.,ஐந்தாயிரத்து எண்ணூற்று முப்பத்தெட்டாவது சரியானது .,ordinal
அலுவலகம் 08:50 மணிக்கு திறக்கும்.,அலுவலகம் எட்டு மணி ஐம்பது நிமிடம் திறக்கும் .,time
3mL பால் வாங்கினேன்.,மூன்று மில்லிலிட்டர் பால் வாங்கினேன் .,measure
93/40 என்பதை நினைவில் கொள்ளுங்கள்.,நாற்பதில் தொண்ணூற்றுமூன்று என்பதை நினைவில் கொள்ளுங்கள் .,fraction
செய்தியில் 2369373 என்று வந்தது.,செய்தியில் இருபத்துமூன்று இலட்சம் அறுபத்தொன்பது ஆயிரம் முந்நூற்று எழுபத்துமூன்று என்று வந்தது .,cardinal
இதில் 08/10/1414 குறிப்பிடப்பட்டுள்ளது.,இதில் எட்டு அக்டோபர் ஆயிரத்து நானூற்றுப்பதினான்கு குறிப்பிடப்பட்டுள்ளது .,date
7195 mm,ஏழாயிரத்து நூற்றுத்தொண்ணூற்றைந்து மில்லிமீட்டர்,measure
4174இல்,நான்காயிரத்து நூற்றெழுபத்து நான்கில்,cardinal
மொத்தத்தில் 6/10 பங்கு.,மொத்தத்தில் பத்தில் ஆறு பங்கு .,fraction
25-12-1993,இருபத்தைந்து டிசம்பர் ஆயிரத்து தொள்ளாயிரத்து தொண்ணூற்றுமூன்று,date
hello world,hello world,word
கடிதத்தில் 9605284829 இருந்தது.,கடிதத்தில் ஒன்பது ஆறு பூஜ்யம் ஐந்து இரண்டு எட்டு நான்கு எட்டு இரண்டு ஒன்பது இருந்தது .,telephone
"₹18,21,661",பதினெட்டு இலட்சம் இருபத்தொன்று ஆயிரம் அறுநூற்று அறுபத்தொன்று ரூபாய்,money
எண் 33இல் சரியானது.,எண் முப்பத்துமூன்றில் சரியானது .,cardinal
வெப்பநிலை 81 லி. ஆக இருந்தது.,வெப்பநிலை எண்பத்தொன்று லிட்டர் ஆக இருந்தது .,measure
9064219650,ஒன்பது பூஜ்யம் ஆறு நான்கு இரண்டு ஒன்று ஒன்பது ஆறு ஐந்து பூஜ்யம்,telephone
"£4,62,06,114 பற்றி பேசினோம்.",நான்கு கோடி அறுபத்திரண்டு இலட்சம் ஆறாயிரத்து நூற்றுப்பதினான்கு பவுண்ட் பற்றி பேசினோம் .,money
1212-2125 பற்றி பேசினோம்.,ஆயிரத்து இருநூற்றுப்பன்னிரண்டு முதல் இரண்டாயிரத்து நூற்று இருபத்தைந்து பற்றி பேசினோம் .,range
ரூ.௮௭,எண்பத்தேழு ரூபாய்,money
அவள் 62 புத்தகங்கள் வாங்கினாள்.,அவள் அறுபத்திரண்டு புத்தகங்கள் வாங்கினாள் .,cardinal
நீளம் 3.23 ஆக இருந்தது.,நீளம் மூன்று புள்ளி இரண்டு மூன்று ஆக இருந்தது .,decimal
கூட்டத்தில் 142 பேர் வந்தனர்.,கூட்டத்தில் நூற்று நாற்பத்திரண்டு பேர் வந்தனர் .,cardinal
4588 என்று எழுதப்பட்டுள்ளது.,நான்காயிரத்து ஐந்நூற்று எண்பத்தெட்டு என்று எழுதப்பட்டுள்ளது .,cardinal
சராசரி 6.167 என்பது 2023இல் மாணவர்களின் கணக்கு.,சராசரி ஆறு புள்ளி ஒன்று ஆறு ஏழு என்பது இரண்டாயிரத்து இருபத்துமூன்றில் மாணவர்களின் கணக்கு .,mixed
செய்தியில் ¾ என்று வந்தது.,செய்தியில் நான்கில் மூன்று என்று வந்தது .,fraction
11-வது,பதினொன்றாவது,ordinal
நீளம் ௮.௦௫ ஆக இருந்தது.,நீளம் எட்டு புள்ளி பூஜ்யம் ஐந்து ஆக இருந்தது .,decimal
798.61 பற்றி பேசினோம்.,எழுநூற்றுத்தொண்ணூற்றெட்டு புள்ளி ஆறு ஒன்று பற்றி பேசினோம் .,decimal
7₹,ஏழு ரூபாய்,money
6×8=48 என்பது சரி.,ஆறு பெருக்கல் எட்டு சமம் நாற்பத்தெட்டு என்பது சரி .,whitelist
அவன் 6 2/3 பங்கு சாப்பிட்டான்.,அவன் ஆறு மற்றும் மூன்றில் இரண்டு பங்கு சாப்பிட்டான் .,fraction
"௭௮,௪௦,௧௪,௩௩௬ கிலோ அரிசி வாங்கினேன்.",எழுபத்தெட்டு கோடி நாற்பது இலட்சம் பதினான்கு ஆயிரம் முந்நூற்று முப்பத்தாறு கிலோ அரிசி வாங்கினேன் .,cardinal
௧௧:௨௭,பதினொன்று மணி இருபத்தேழு நிமிடம்,time
கடிதத்தில் 3186 இருந்தது.,கடிதத்தில் மூன்றாயிரத்து நூற்றெண்பத்து ஆறு இருந்தது .,cardinal
௨௬-௧௧-௨௦௯௮ முதல் விற்பனை தொடங்கும்.,இருபத்தாறு நவம்பர் இரண்டாயிரத்து தொண்ணூற்றெட்டு முதல் விற்பனை தொடங்கும் .,date
இந்த நூலில் ௫௦௪௯௯௯௭ பக்கங்கள் உள்ளன.,இந்த நூலில் ஐம்பது இலட்சம் நாற்பத்தொன்பது ஆயிரம் தொள்ளாயிரத்து தொண்ணூற்றேழு பக்கங்கள் உள்ளன .,cardinal
மதிப்பீடு 78429.262.,மதிப்பீடு எழுபத்தெட்டு ஆயிரம் நானூற்று இருபத்தொன்பது புள்ளி இரண்டு ஆறு இரண்டு .,decimal
"552,029",ஐந்து இலட்சம் ஐம்பத்திரண்டு ஆயிரம் இருபத்தொன்பது,cardinal
31-03-1970,முப்பத்தொன்று மார்ச் ஆயிரத்து தொள்ளாயிரத்து எழுபது,date
00-854849 என்ற எண்ணை 13:32:49 அழைக்கவும்.,பூஜ்யம் பூஜ்யம் எட்டு ஐந்து நான்கு எட்டு நான்கு ஒன்பது என்ற எண்ணை பதிமூன்று மணி முப்பத்திரண்டு நிமிடம் நாற்பத்தொன்பது வினாடி அழைக்கவும் .,mixed
9,ஒன்பது,cardinal
வண்டி எண் 70 ஆகும்.,வண்டி எண் எழுபது ஆகும் .,cardinal
80077.4 பற்றி பேசினோம்.,எண்பது ஆயிரம் எழுபத்தேழு புள்ளி நான்கு பற்றி பேசினோம் .,decimal
மழை அளவு 5.84 என பதிவானது.,மழை அளவு ஐந்து புள்ளி எட்டு நான்கு என பதிவானது .,decimal
இதில் 5114 ரூ. குறிப்பிடப்பட்டுள்ளது.,இதில் ஐந்தாயிரத்து நூற்றுப்பதினான்கு ரூபாய் குறிப்பிடப்பட்டுள்ளது .,money
Rs௧௭௪,நூற்றெழுபத்து நான்கு ரூபாய்,money
42.6 % வந்தார்.,நாற்பத்திரண்டு புள்ளி ஆறு சதவீதம் வந்தார் .,whitelist
781ml,எழுநூற்று எண்பத்தொன்று மில்லிலிட்டர்,measure
22-06-2077 சரியானது.,இருபத்திரண்டு ஜூன் இரண்டாயிரத்து எழுபத்தேழு சரியானது .,date
புகார் எண் +65 7234512983 ஆகும்.,புகார் எண் பிளஸ் ஆறு ஐந்து ஏழு இரண்டு மூன்று நான்கு ஐந்து ஒன்று இரண்டு ஒன்பது எட்டு மூன்று ஆகும் .,telephone
565.21,ஐந்நூற்று அறுபத்தைந்து புள்ளி இரண்டு ஒன்று,decimal
"Rs 2,32,97,649.14",இரண்டு கோடி முப்பத்திரண்டு இலட்சம் தொண்ணூற்றேழு ஆயிரம் அறுநூற்று நாற்பத்தொன்பது ரூபாய் பதினான்கு பைசா,money
இப்போது மணி 1:34:00.,இப்போது மணி ஒரு மணி முப்பத்துநான்கு நிமிடம் .,time
இதில் -23357.091 குறிப்பிடப்பட்டுள்ளது.,இதில் மைனஸ் இருபத்துமூன்று ஆயிரம் முந்நூற்று ஐம்பத்தேழு புள்ளி பூஜ்யம் ஒன்பது ஒன்று குறிப்பிடப்பட்டுள்ளது .,decimal
66kg,அறுபத்தாறு கிலோகிராம்,measure
அந்த நிறுவனத்தில் 5856839 ஊழியர்கள் பணிபுரிகின்றனர்.,அந்த நிறுவனத்தில் ஐம்பத்தெட்டு இலட்சம் ஐம்பத்தாறு ஆயிரம் எண்ணூற்று முப்பத்தொன்பது ஊழியர்கள் பணிபுரிகின்றனர் .,cardinal
7265வது,ஏழாயிரத்து இருநூற்று அறுபத்தைந்தாவது,ordinal
அந்த நிறுவனத்தில் 2000இல் ஊழியர்கள் பணிபுரிகின்றனர்.,அந்த நிறுவனத்தில் இரண்டாயிரத்தில் ஊழியர்கள் பணிபுரிகின்றனர் .,cardinal
செய்தியில் 392 என்று வந்தது.,செய்தியில் முந்நூற்றுத்தொண்ணூற்றிரண்டு என்று வந்தது .,cardinal
௭௮௫௭hr பற்றி பேசினோம்.,ஏழாயிரத்து எண்ணூற்று ஐம்பத்தேழு மணி பற்றி பேசினோம் .,measure
இப்போது மணி 13:31.,இப்போது மணி பதிமூன்று மணி முப்பத்தொன்று நிமிடம் .,time
பெட்டியின் எடை 2964 லி. இருக்கும்.,பெட்டியின் எடை இரண்டாயிரத்து தொள்ளாயிரத்து அறுபத்துநான்கு லிட்டர் இருக்கும் .,measure
இப்போது மணி 12:00 மணிக்கு.,இப்போது மணி பன்னிரண்டு மணி .,time
5564 mg,ஐந்தாயிரத்து ஐந்நூற்று அறுபத்துநான்கு மில்லிகிராம்,measure
அவரின் தொலைபேசி எண் 6040151180 ஆகும்.,அவரின் தொலைபேசி எண் ஆறு பூஜ்யம் நான்கு பூஜ்யம் ஒன்று ஐந்து ஒன்று ஒன்று எட்டு பூஜ்யம் ஆகும் .,telephone
5 மி.லி. தண்ணீர் குடிக்க வேண்டும்.,ஐந்து மில்லிலிட்டர் தண்ணீர் குடிக்க வேண்டும் .,measure
இந்த நூலில் 9351 பக்கங்கள் உள்ளன.,இந்த நூலில் ஒன்பதாயிரத்து முந்நூற்று ஐம்பத்தொன்று பக்கங்கள் உள்ளன .,cardinal
செய்தியில் 72.84 கி.கி என்று வந்தது.,செய்தியில் எழுபத்திரண்டு புள்ளி எட்டு நான்கு கிலோகிராம் என்று வந்தது .,measure
அவர் -5.692 என்றார்.,அவர் மைனஸ் ஐந்து புள்ளி ஆறு ஒன்பது இரண்டு என்றார் .,decimal
கடைசி தேதி 09-18-1003.,கடைசி தேதி செப்டம்பர் பதினெட்டு ஆயிரத்து மூன்று .,date
அவர் 74 ஓட்டங்கள் எடுத்தார்.,அவர் எழுபத்துநான்கு ஓட்டங்கள் எடுத்தார் .,cardinal
97வது,தொண்ணூற்றேழாவது,ordinal
பை மதிப்பு 40466.462 ஆகும்.,பை மதிப்பு நாற்பது ஆயிரம் நானூற்று அறுபத்தாறு புள்ளி நான்கு ஆறு இரண்டு ஆகும் .,decimal
அவர் 898வது என்றார்.,அவர் எண்ணூற்றுத்தொண்ணூற்றெட்டாவது என்றார் .,ordinal
50,ஐம்பது,cardinal
கடிதத்தில் ரூ.0.83 இருந்தது.,கடிதத்தில் எண்பத்துமூன்று பைசா இருந்தது .,money
4:49,நான்கு மணி நாற்பத்தொன்பது நிமிடம்,time
கடிதத்தில் 51 இருந்தது.,கடிதத்தில் ஐம்பத்தொன்று இருந்தது .,cardinal
699206209,அறுபத்தொன்பது கோடி தொண்ணூற்றிரண்டு இலட்சம் ஆறாயிரத்து இருநூற்று ஒன்பது,cardinal
மொத்த மதிப்பெண் 868.,மொத்த மதிப்பெண் எண்ணூற்று அறுபத்தெட்டு .,cardinal
அலுவலக எண் 9709900965.,அலுவலக எண் ஒன்பது ஏழு பூஜ்யம் ஒன்பது ஒன்பது பூஜ்யம் பூஜ்யம் ஒன்பது ஆறு ஐந்து .,telephone
ரூ 6175,ஆறாயிரத்து நூற்றெழுபத்து ஐந்து ரூபாய்,money
நிலத்தில் 1 40/3 பங்கு விற்றார்.,நிலத்தில் ஒன்று மற்றும் மூன்றில் நாற்பது பங்கு விற்றார் .,fraction
493,நானூற்றுத்தொண்ணூற்றுமூன்று,cardinal
8017889 சரியானது.,எண்பது இலட்சம் பதினேழு ஆயிரம் எண்ணூற்று எண்பத்தொன்பது சரியானது .,cardinal
51407.2 சரியானது.,ஐம்பத்தொன்று ஆயிரம் நானூற்று ஏழு புள்ளி இரண்டு சரியானது .,decimal
27-08-2047,இருபத்தேழு ஆகஸ்ட் இரண்டாயிரத்து நாற்பத்தேழு,date
"வாடகை ¥4,53,85,101 ஆக உயர்ந்தது.",வாடகை நான்கு கோடி ஐம்பத்துமூன்று இலட்சம் எண்பத்தைந்து ஆயிரம் நூற்று ஒன்று யென் ஆக உயர்ந்தது .,money
கடிதத்தில் 2.49 இருந்தது.,கடிதத்தில் இரண்டு புள்ளி நான்கு ஒன்பது இருந்தது .,decimal
பேருந்து 21:50 கிளம்பும்.,பேருந்து இருபத்தொன்று மணி ஐம்பது நிமிடம் கிளம்பும் .,time
செய்தியில் 14-03-1926 என்று வந்தது.,செய்தியில் பதினான்கு மார்ச் ஆயிரத்து தொள்ளாயிரத்து இருபத்தாறு என்று வந்தது .,date
பெட்டியின் எடை 6605 செ.மீ இருக்கும்.,பெட்டியின் எடை ஆறாயிரத்து அறுநூற்று ஐந்து சென்டிமீட்டர் இருக்கும் .,measure
-355451501,மைனஸ் முப்பத்தைந்து கோடி ஐம்பத்துநான்கு இலட்சம் ஐம்பத்தொன்று ஆயிரம் ஐந்நூற்று ஒன்று,cardinal
இதில் 768 குறிப்பிடப்பட்டுள்ளது.,இதில் எழுநூற்று அறுபத்தெட்டு குறிப்பிடப்பட்டுள்ளது .,cardinal
6÷3=2 தள்ளுபடி உள்ளது.,ஆறு வகுத்தல் மூன்று சமம் இரண்டு தள்ளுபடி உள்ளது .,whitelist
372 மாணவர்கள் 13:18 வந்தனர்.,முந்நூற்று எழுபத்திரண்டு மாணவர்கள் பதிமூன்று மணி பதினெட்டு நிமிடம் வந்தனர் .,mixed
எனக்கு -713766105 வயது.,எனக்கு மைனஸ் எழுபத்தொன்று கோடி முப்பத்தேழு இலட்சம் அறுபத்தாறு ஆயிரம் நூற்று ஐந்து வயது .,cardinal
71 ரூ.,எழுபத்தொன்று ரூபாய்,money
இதில் 39/60 குறிப்பிடப்பட்டுள்ளது.,இதில் அறுபதில் முப்பத்தொன்பது குறிப்பிடப்பட்டுள்ளது .,fraction
741412182,எழுபத்துநான்கு கோடி பதினான்கு இலட்சம் பன்னிரண்டு ஆயிரம் நூற்றெண்பத்து இரண்டு,cardinal
5 GB,ஐந்து கிகாபைட்,measure
1974-12-16 பற்றி பேசினோம்.,ஆயிரத்து தொள்ளாயிரத்து எழுபத்துநான்கு டிசம்பர் பதினாறு பற்றி பேசினோம் .,date
அவர் 7020 என்றார்.,அவர் ஏழாயிரத்து இருபது என்றார் .,cardinal
அவன் 1426 முறை முயன்றான்.,அவன் ஆயிரத்து நானூற்று இருபத்தாறு முறை முயன்றான் .,cardinal
5202,ஐந்தாயிரத்து இருநூற்று இரண்டு,cardinal
கூட்டம் 09-06-1925 அன்று நடந்தது.,கூட்டம் ஒன்பது ஜூன் ஆயிரத்து தொள்ளாயிரத்து இருபத்தைந்து அன்று நடந்தது .,date
+919323977262 பற்றி பேசினோம்.,பிளஸ் ஒன்பது ஒன்று ஒன்பது மூன்று இரண்டு மூன்று ஒன்பது ஏழு ஏழு இரண்டு ஆறு இரண்டு பற்றி பேசினோம் .,telephone
35-55 பேருக்கு ரூ.0.80 செலவு ஆகும்.,முப்பத்தைந்து முதல் ஐம்பத்தைந்து பேருக்கு எண்பது பைசா செலவு ஆகும் .,mixed
அவர் 7014898 ஓட்டங்கள் எடுத்தார்.,அவர் எழுபது இலட்சம் பதினான்கு ஆயிரம் எண்ணூற்றுத்தொண்ணூற்றெட்டு ஓட்டங்கள் எடுத்தார் .,cardinal
அவர் 01-09-1948 அன்று பிறந்தார்.,அவர் ஒன்று செப்டம்பர் ஆயிரத்து தொள்ளாயிரத்து நாற்பத்தெட்டு அன்று பிறந்தார் .,date
"$ 2,14,85,640",இரண்டு கோடி பதினான்கு இலட்சம் எண்பத்தைந்து ஆயிரம் அறுநூற்று நாற்பது டாலர்,money
விலை Rs642804548 மட்டும்.,விலை அறுபத்துநான்கு கோடி இருபத்தெட்டு இலட்சம் நான்காயிரத்து ஐந்நூற்று நாற்பத்தெட்டு ரூபாய் மட்டும் .,money
3 MB,மூன்று மெகாபைட்,measure
௩௬௩ நாட்கள் ஆயிற்று.,முந்நூற்று அறுபத்துமூன்று நாட்கள் ஆயிற்று .,cardinal
டாக். ரவி,டாக்டர் ரவி,whitelist
பள்ளியில் 7561468 ஆசிரியர்கள் உள்ளனர்.,பள்ளியில் எழுபத்தைந்து இலட்சம் அறுபத்தொன்று ஆயிரம் நானூற்று அறுபத்தெட்டு ஆசிரியர்கள் உள்ளனர் .,cardinal
கூட்டம் 25/04/2086 அன்று நடந்தது.,கூட்டம் இருபத்தைந்து ஏப்ரல் இரண்டாயிரத்து எண்பத்தாறு அன்று நடந்தது .,date
கூட்டம் 1547-08-10 அன்று 13:00 தொடங்கும்.,கூட்டம் ஆயிரத்து ஐந்நூற்று நாற்பத்தேழு ஆகஸ்ட் பத்து அன்று பதிமூன்று மணி தொடங்கும் .,mixed
-967.68,மைனஸ் தொள்ளாயிரத்து அறுபத்தேழு புள்ளி ஆறு எட்டு,decimal
486.1 கோடி,நானூற்று எண்பத்தாறு புள்ளி ஒன்று கோடி,decimal
430வது,நானூற்று முப்பதாவது,ordinal
அவர் 85ஆவது இடம் பிடித்தார்.,அவர் எண்பத்தைந்தாவது இடம் பிடித்தார் .,ordinal
7560 கி.மீ,ஏழாயிரத்து ஐந்நூற்று அறுபது கிலோமீட்டர்~ஏழாயிரத்து ஐந்நூற்றறுபது கிலோமீட்டர்,measure
பேருந்து 20:21 மணிக்கு கிளம்பும்.,பேருந்து இருபது மணி இருபத்தொன்று நிமிடம் கிளம்பும் .,time
-1.2,மைனஸ் ஒன்று புள்ளி இரண்டு,decimal
௫௮௪௩ மி.லி.,ஐந்தாயிரத்து எண்ணூற்று நாற்பத்துமூன்று மில்லிலிட்டர்,measure
விண்ணப்பம் 17-03-2028 அன்று அனுப்பப்பட்டது.,விண்ணப்பம் பதினேழு மார்ச் இரண்டாயிரத்து இருபத்தெட்டு அன்று அனுப்பப்பட்டது .,date
தூரம் 3158 mm ஆகும்.,தூரம் மூன்றாயிரத்து நூற்றைம்பத்து எட்டு மில்லிமீட்டர் ஆகும் .,measure
இதன் மதிப்பு 31811.4 தான்.,இதன் மதிப்பு முப்பத்தொன்று ஆயிரம் எண்ணூற்றுப்பதினொன்று புள்ளி நான்கு தான் .,decimal
-6603,மைனஸ் ஆறாயிரத்து அறுநூற்று மூன்று,cardinal
தினமும் ௪௮௭௫ மி.மீ. ஓடுகிறேன்.,தினமும் நான்காயிரத்து எண்ணூற்று எழுபத்தைந்து மில்லிமீட்டர் ஓடுகிறேன் .,measure
01-27-2049,ஜனவரி இருபத்தேழு இரண்டாயிரத்து நாற்பத்தொன்பது,date
மாத சம்பளம் ¥0.35 தான்.,மாத சம்பளம் முப்பத்தைந்து சென் தான் .,money
25-30,இருபத்தைந்து முதல் முப்பது,range
கடிதத்தில் 1.35 இருந்தது.,கடிதத்தில் ஒன்று புள்ளி மூன்று ஐந்து இருந்தது .,decimal
29-11-2018,இருபத்தொன்பது நவம்பர் இரண்டாயிரத்து பதினெட்டு,date
100%,நூறு சதவீதம்,whitelist
"804,938 மாணவர்கள் 17:11:26 வந்தனர்.",எட்டு இலட்சம் நான்காயிரத்து தொள்ளாயிரத்து முப்பத்தெட்டு மாணவர்கள் பதினேழு மணி பதினொன்று நிமிடம் இருபத்தாறு வினாடி வந்தனர் .,mixed
வட்டி 16% ஆக உள்ளது.,வட்டி பதினாறு சதவீதம் ஆக உள்ளது .,whitelist
7,ஏழு,cardinal
2.40 mg,இரண்டு புள்ளி நான்கு பூஜ்யம் மில்லிகிராம்,measure
2.812 பற்றி பேசினோம்.,இரண்டு புள்ளி எட்டு ஒன்று இரண்டு பற்றி பேசினோம் .,decimal
5/8,எட்டில் ஐந்து,fraction
அளவு 9.1 ஆக உள்ளது.,அளவு ஒன்பது புள்ளி ஒன்று ஆக உள்ளது .,decimal
கடைசி தேதி 12-13-1924.,கடைசி தேதி டிசம்பர் பதிமூன்று ஆயிரத்து தொள்ளாயிரத்து இருபத்துநான்கு .,date
பாத்திரத்தில் 23/90 பங்கு நீர் உள்ளது.,பாத்திரத்தில் தொண்ணூறில் இருபத்துமூன்று பங்கு நீர் உள்ளது .,fraction
நான் 19:07:05 எழுந்தேன்.,நான் பத்தொன்பது மணி ஏழு நிமிடம் ஐந்து வினாடி எழுந்தேன் .,time
1 min,ஒரு நிமிடம்,measure
5068983 கிலோ அரிசி வாங்கினேன்.,ஐம்பது இலட்சம் அறுபத்தெட்டு ஆயிரம் தொள்ளாயிரத்து எண்பத்துமூன்று கிலோ அரிசி வாங்கினேன் .,cardinal
அவள் 14ஆம் வகுப்பு படிக்கிறாள்.,அவள் பதினான்காம் வகுப்பு படிக்கிறாள் .,ordinal
அவன் 88284 முறை முயன்றான்.,அவன் எண்பத்தெட்டு ஆயிரம் இருநூற்று எண்பத்துநான்கு முறை முயன்றான் .,cardinal
-38919.195,மைனஸ் முப்பத்தெட்டு ஆயிரம் தொள்ளாயிரத்து பத்தொன்பது புள்ளி ஒன்று ஒன்பது ஐந்து,decimal
ரூ9743776,தொண்ணூற்றேழு இலட்சம் நாற்பத்துமூன்று ஆயிரம் எழுநூற்று எழுபத்தாறு ரூபாய்,money
456ஆம் கூட்டம் 2039-01-23 அன்று நடந்தது.,நானூற்று ஐம்பத்தாறாம் கூட்டம் இரண்டாயிரத்து முப்பத்தொன்பது ஜனவரி இருபத்துமூன்று அன்று நடந்தது .,mixed
0.76ரூ. கடன் வாங்கினேன்.,எழுபத்தாறு பைசா கடன் வாங்கினேன் .,money
செய்தியில் 1:00 மணிக்கு என்று வந்தது.,செய்தியில் ஒரு மணி என்று வந்தது .,time
௪௬௬வது,நானூற்று அறுபத்தாறாவது,ordinal
மொத்தம் 8 மாணவர்கள் உள்ளனர்.,மொத்தம் எட்டு மாணவர்கள் உள்ளனர் .,cardinal
விலை 86-157 வரை இருக்கும்.,விலை எண்பத்தாறு முதல் நூற்றைம்பத்து ஏழு வரை இருக்கும் .,range
அவர் 88 °C என்றார்.,அவர் எண்பத்தெட்டு டிகிரி செல்சியஸ் என்றார் .,measure
2842978 ரூ,இருபத்தெட்டு இலட்சம் நாற்பத்திரண்டு ஆயிரம் தொள்ளாயிரத்து எழுபத்தெட்டு ரூபாய்,money
வகுப்பு 13:30 முடியும்.,வகுப்பு பதிமூன்று மணி முப்பது நிமிடம் முடியும் .,time
33-57 வயது குழந்தைகள் வரலாம்.,முப்பத்துமூன்று முதல் ஐம்பத்தேழு வயது குழந்தைகள் வரலாம் .,range
இதன் மதிப்பு 6.7 தான்.,இதன் மதிப்பு ஆறு புள்ளி ஏழு தான் .,decimal
6299655379 என்ற எண்ணை அழைக்கவும்.,ஆறு இரண்டு ஒன்பது ஒன்பது ஆறு ஐந்து ஐந்து மூன்று ஏழு ஒன்பது என்ற எண்ணை அழைக்கவும் .,telephone
நாள் ௦௫-௦௪-௨௪௭௩ என்று குறிக்கப்பட்டுள்ளது.,நாள் ஐந்து ஏப்ரல் இரண்டாயிரத்து நானூற்று எழுபத்துமூன்று என்று குறிக்கப்பட்டுள்ளது .,date
445.3,நானூற்று நாற்பத்தைந்து புள்ளி மூன்று,decimal
மொத்த மதிப்பெண் 1000இல்.,மொத்த மதிப்பெண் ஆயிரத்தில் .,cardinal
24 %,இருபத்துநான்கு சதவீதம்,whitelist
1642,ஆயிரத்து அறுநூற்று நாற்பத்திரண்டு,cardinal
84,எண்பத்துநான்கு,cardinal
22:08:04 என்று எழுதப்பட்டுள்ளது.,இருபத்திரண்டு மணி எட்டு நிமிடம் நான்கு வினாடி என்று எழுதப்பட்டுள்ளது .,time
10வது கூட்டம் ௨௦/௦௫/௧௯௦௦ அன்று நடந்தது.,பத்தாவது கூட்டம் இருபது மே ஆயிரத்து தொள்ளாயிரம் அன்று நடந்தது .,mixed
அவள் உயரம் ௯min ஆகும்.,அவள் உயரம் ஒன்பது நிமிடம் ஆகும் .,measure
நிகழ்ச்சி 12:04 ஒளிபரப்பாகும்.,நிகழ்ச்சி பன்னிரண்டு மணி நான்கு நிமிடம் ஒளிபரப்பாகும் .,time
08:37:15 பற்றி பேசினோம்.,எட்டு மணி முப்பத்தேழு நிமிடம் பதினைந்து வினாடி பற்றி பேசினோம் .,time
அலுவலகம் 16:01:05 மணிக்கு திறக்கும்.,அலுவலகம் பதினாறு மணி ஒன்று நிமிடம் ஐந்து வினாடி திறக்கும் .,time
கட்டணம் Rs 9933.9 என அறிவித்தனர்.,கட்டணம் ஒன்பதாயிரத்து தொள்ளாயிரத்து முப்பத்துமூன்று ரூபாய் தொண்ணூறு பைசா என அறிவித்தனர் .,money
இதில் 11796.687 குறிப்பிடப்பட்டுள்ளது.,இதில் பதினொன்று ஆயிரம் எழுநூற்றுத்தொண்ணூற்றாறு புள்ளி ஆறு எட்டு ஏழு குறிப்பிடப்பட்டுள்ளது .,decimal
9081318738255,ஒன்பது பூஜ்யம் எட்டு ஒன்று மூன்று ஒன்று எட்டு ஏழு மூன்று எட்டு இரண்டு ஐந்து ஐந்து,cardinal
இதில் 318 குறிப்பிடப்பட்டுள்ளது.,இதில் முந்நூற்றுப்பதினெட்டு குறிப்பிடப்பட்டுள்ளது .,cardinal
3lb,மூன்று பவுண்டு,measure
தேர்வு 14-01-2010 தேதியில் தொடங்கும்.,தேர்வு பதினான்கு ஜனவரி இரண்டாயிரத்து பத்து தேதியில் தொடங்கும் .,date
மதிப்பீடு 2.775.,மதிப்பீடு இரண்டு புள்ளி ஏழு ஏழு ஐந்து .,decimal
861.02 என்று எழுதப்பட்டுள்ளது.,எண்ணூற்று அறுபத்தொன்று புள்ளி பூஜ்யம் இரண்டு என்று எழுதப்பட்டுள்ளது .,decimal
கட்டணம் ¥26 என அறிவித்தனர்.,கட்டணம் இருபத்தாறு யென் என அறிவித்தனர் .,money
8338050380 சரியானது.,எட்டு மூன்று மூன்று எட்டு பூஜ்யம் ஐந்து பூஜ்யம் மூன்று எட்டு பூஜ்யம் சரியானது .,telephone
901.454,தொள்ளாயிரத்து ஒன்று புள்ளி நான்கு ஐந்து நான்கு,decimal
6092107723,ஆறு பூஜ்யம் ஒன்பது இரண்டு ஒன்று பூஜ்யம் ஏழு ஏழு இரண்டு மூன்று,telephone
400-418 பேர் வரலாம்.,நானூறு முதல் நானூற்றுப்பதினெட்டு பேர் வரலாம் .,range
இப்போது மணி 12:55:05.,இப்போது மணி பன்னிரண்டு மணி ஐம்பத்தைந்து நிமிடம் ஐந்து வினாடி .,time
கடிதத்தில் 147ஆவது இருந்தது.,கடிதத்தில் நூற்று நாற்பத்தேழாவது இருந்தது .,ordinal
07-27-1955,ஜூலை இருபத்தேழு ஆயிரத்து தொள்ளாயிரத்து ஐம்பத்தைந்து,date
நாள் 1941-04-20 என்று குறிக்கப்பட்டுள்ளது.,நாள் ஆயிரத்து தொள்ளாயிரத்து நாற்பத்தொன்று ஏப்ரல் இருபது என்று குறிக்கப்பட்டுள்ளது .,date
மொத்தம் 14 மாணவர்கள் உள்ளனர்.,மொத்தம் பதினான்கு மாணவர்கள் உள்ளனர் .,cardinal
30/12/1945 என்று எழுதப்பட்டுள்ளது.,முப்பது டிசம்பர் ஆயிரத்து தொள்ளாயிரத்து நாற்பத்தைந்து என்று எழுதப்பட்டுள்ளது .,date
8117508534,எட்டு ஒன்று ஒன்று ஏழு ஐந்து பூஜ்யம் எட்டு ஐந்து மூன்று நான்கு,telephone
அவன் நல்ல மாணவன்.,அவன் நல்ல மாணவன் .,word
மழை அளவு -61996.8 என பதிவானது.,மழை அளவு மைனஸ் அறுபத்தொன்று ஆயிரம் தொள்ளாயிரத்து தொண்ணூற்றாறு புள்ளி எட்டு என பதிவானது .,decimal
தூரம் 3 செ.மீ ஆகும்.,தூரம் மூன்று சென்டிமீட்டர் ஆகும் .,measure
10:30:25 மணிக்கு,பத்து மணி முப்பது நிமிடம் இருபத்தைந்து வினாடி,time
2.84Hz,இரண்டு புள்ளி எட்டு நான்கு ஹெர்ட்ஸ்,measure
9666வது,ஒன்பதாயிரத்து அறுநூற்று அறுபத்தாறாவது,ordinal
6152015782,ஆறு ஒன்று ஐந்து இரண்டு பூஜ்யம் ஒன்று ஐந்து ஏழு எட்டு இரண்டு,telephone
அவள் 11053 புத்தகங்கள் வாங்கினாள்.,அவள் பதினொன்று ஆயிரம் ஐம்பத்துமூன்று புத்தகங்கள் வாங்கினாள் .,cardinal
"¥9,62,75,833",ஒன்பது கோடி அறுபத்திரண்டு இலட்சம் எழுபத்தைந்து ஆயிரம் எண்ணூற்று முப்பத்துமூன்று யென்,money
4:12 சரியானது.,நான்கு மணி பன்னிரண்டு நிமிடம் சரியானது .,time
இதில் 32/19 பங்கு எனக்கு.,இதில் பத்தொன்பதில் முப்பத்திரண்டு பங்கு எனக்கு .,fraction
19.5,பத்தொன்பது புள்ளி ஐந்து,decimal
42846.001,நாற்பத்திரண்டு ஆயிரம் எண்ணூற்று நாற்பத்தாறு புள்ளி பூஜ்யம் பூஜ்யம் ஒன்று,decimal
இதில் ₹72861 குறிப்பிடப்பட்டுள்ளது.,இதில் எழுபத்திரண்டு ஆயிரம் எண்ணூற்று அறுபத்தொன்று ரூபாய் குறிப்பிடப்பட்டுள்ளது .,money
01.06.1323 அன்று மழை பெய்தது.,ஒன்று ஜூன் ஆயிரத்து முந்நூற்று இருபத்துமூன்று அன்று மழை பெய்தது .,date
அலுவலக எண் 9353788366.,அலுவலக எண் ஒன்பது மூன்று ஐந்து மூன்று ஏழு எட்டு எட்டு மூன்று ஆறு ஆறு .,telephone
அவர் 4.885 என்றார்.,அவர் நான்கு புள்ளி எட்டு எட்டு ஐந்து என்றார் .,decimal
19:09 என்பதை நினைவில் கொள்ளுங்கள்.,பத்தொன்பது மணி ஒன்பது நிமிடம் என்பதை நினைவில் கொள்ளுங்கள் .,time
23% என்பதை நினைவில் கொள்ளுங்கள்.,இருபத்துமூன்று சதவீதம் என்பதை நினைவில் கொள்ளுங்கள் .,whitelist
எனக்கு 8552003 வயது.,எனக்கு எண்பத்தைந்து இலட்சம் ஐம்பத்திரண்டு ஆயிரம் மூன்று வயது .,cardinal
அலுவலகம் 15:01 திறக்கும்.,அலுவலகம் பதினைந்து மணி ஒன்று நிமிடம் திறக்கும் .,time
கடிதத்தில் 11994 இருந்தது.,கடிதத்தில் பதினொன்று ஆயிரம் தொள்ளாயிரத்து தொண்ணூற்றுநான்கு இருந்தது .,cardinal
7373446263 இந்த எண்ணில் அழையுங்கள்.,ஏழு மூன்று ஏழு மூன்று நான்கு நான்கு ஆறு இரண்டு ஆறு மூன்று இந்த எண்ணில் அழையுங்கள் .,telephone
பள்ளியில் 1311 ஆசிரியர்கள் உள்ளனர்.,பள்ளியில் ஆயிரத்து முந்நூற்றுப்பதினொன்று ஆசிரியர்கள் உள்ளனர் .,cardinal
47,நாற்பத்தேழு,cardinal
1983ஆம்,ஆயிரத்து தொள்ளாயிரத்து எண்பத்துமூன்றாம்,ordinal
பாத்திரத்தில் 7/8 பங்கு நீர் உள்ளது.,பாத்திரத்தில் எட்டில் ஏழு பங்கு நீர் உள்ளது .,fraction
039-2667342,பூஜ்யம் மூன்று ஒன்பது இரண்டு ஆறு ஆறு ஏழு மூன்று நான்கு இரண்டு,telephone
அவர் 07/08/1947 என்றார்.,அவர் ஏழு ஆகஸ்ட் ஆயிரத்து தொள்ளாயிரத்து நாற்பத்தேழு என்றார் .,date
வண்டி எண் 352 ஆகும்.,வண்டி எண் முந்நூற்று ஐம்பத்திரண்டு ஆகும் .,cardinal
அவன் 1000ல் முறை முயன்றான்.,அவன் ஆயிரத்தில் முறை முயன்றான் .,cardinal
அவர் 374 என்றார்.,அவர் முந்நூற்று எழுபத்துநான்கு என்றார் .,cardinal
01:35 என்று எழுதப்பட்டுள்ளது.,ஒரு மணி முப்பத்தைந்து நிமிடம் என்று எழுதப்பட்டுள்ளது .,time
46/100,நூறில் நாற்பத்தாறு,fraction
04-09-1201,நான்கு செப்டம்பர் ஆயிரத்து இருநூற்று ஒன்று,date
1923-01-03,ஆயிரத்து தொள்ளாயிரத்து இருபத்துமூன்று ஜனவரி மூன்று,date
6477 நாட்கள் ஆயிற்று.,ஆறாயிரத்து நானூற்று எழுபத்தேழு நாட்கள் ஆயிற்று .,cardinal
9 kg,ஒன்பது கிலோகிராம்,measure
"1654-2622 பேருக்கு 2,37,35,915 ₹ செலவு ஆகும்.",ஆயிரத்து அறுநூற்று ஐம்பத்துநான்கு முதல் இரண்டாயிரத்து அறுநூற்று இருபத்திரண்டு பேருக்கு இரண்டு கோடி முப்பத்தேழு இலட்சம் முப்பத்தைந்து ஆயிரம் தொள்ளாயிரத்து பதினைந்து ரூபாய் செலவு ஆகும் .,mixed
"மொத்த செலவு ₹6,94,60,379.",மொத்த செலவு ஆறு கோடி தொண்ணூற்றுநான்கு இலட்சம் அறுபது ஆயிரம் முந்நூற்று எழுபத்தொன்பது ரூபாய் .,money
$ 85.9 அபராதம் விதிக்கப்பட்டது.,எண்பத்தைந்து டாலர் தொண்ணூறு சென்ட் அபராதம் விதிக்கப்பட்டது .,money
34 பற்றி பேசினோம்.,முப்பத்துநான்கு பற்றி பேசினோம் .,cardinal
செய்தியில் 6ஆம் என்று வந்தது.,செய்தியில் ஆறாம் என்று வந்தது .,ordinal
அவர் +918388951995 என்றார்.,அவர் பிளஸ் ஒன்பது ஒன்று எட்டு மூன்று எட்டு எட்டு ஒன்பது ஐந்து ஒன்று ஒன்பது ஒன்பது ஐந்து என்றார் .,telephone
27921,இருபத்தேழு ஆயிரம் தொள்ளாயிரத்து இருபத்தொன்று,cardinal
கு. ராமன் தள்ளுபடி உள்ளது.,குமாரி ராமன் தள்ளுபடி உள்ளது .,whitelist
46 கி.கி.,நாற்பத்தாறு கிலோகிராம்,measure
10ஆம்,பத்தாம்,ordinal
"இதில் 86,718 குறிப்பிடப்பட்டுள்ளது.",இதில் எண்பத்தாறு ஆயிரம் எழுநூற்றுப்பதினெட்டு குறிப்பிடப்பட்டுள்ளது .,cardinal
மதிப்பீடு -711.336.,மதிப்பீடு மைனஸ் எழுநூற்றுப்பதினொன்று புள்ளி மூன்று மூன்று ஆறு .,decimal
08-13-2065 அன்று விடுமுறை.,ஆகஸ்ட் பதிமூன்று இரண்டாயிரத்து அறுபத்தைந்து அன்று விடுமுறை .,date
7459 சரியானது.,ஏழாயிரத்து நானூற்று ஐம்பத்தொன்பது சரியானது .,cardinal
726.88,எழுநூற்று இருபத்தாறு புள்ளி எட்டு எட்டு,decimal
மழை அளவு 8.6 என பதிவானது.,மழை அளவு எட்டு புள்ளி ஆறு என பதிவானது .,decimal
74725 கிலோ அரிசி வாங்கினேன்.,எழுபத்துநான்கு ஆயிரம் எழுநூற்று இருபத்தைந்து கிலோ அரிசி வாங்கினேன் .,cardinal
என் எண் 0167-03583780.,என் எண் பூஜ்யம் ஒன்று ஆறு ஏழு பூஜ்யம் மூன்று ஐந்து எட்டு மூன்று ஏழு எட்டு பூஜ்யம் .,telephone
11-15-1960 பற்றி பேசினோம்.,நவம்பர் பதினைந்து ஆயிரத்து தொள்ளாயிரத்து அறுபது பற்றி பேசினோம் .,date
74863.22,எழுபத்துநான்கு ஆயிரம் எண்ணூற்று அறுபத்துமூன்று புள்ளி இரண்டு இரண்டு,decimal
என் எண் 6969514854.,என் எண் ஆறு ஒன்பது ஆறு ஒன்பது ஐந்து ஒன்று நான்கு எட்டு ஐந்து நான்கு .,telephone
அவர் ௦௩-௨௯-௨௦௧௦ என்றார்.,அவர் மார்ச் இருபத்தொன்பது இரண்டாயிரத்து பத்து என்றார் .,date
புகார் எண் 005-822113 ஆகும்.,புகார் எண் பூஜ்யம் பூஜ்யம் ஐந்து எட்டு இரண்டு இரண்டு ஒன்று ஒன்று மூன்று ஆகும் .,telephone
-394 என்பதை நினைவில் கொள்ளுங்கள்.,மைனஸ் முந்நூற்றுத்தொண்ணூற்றுநான்கு என்பதை நினைவில் கொள்ளுங்கள் .,cardinal
2002,இரண்டாயிரத்து இரண்டு,cardinal
அந்த நிறுவனத்தில் 1663 ஊழியர்கள் பணிபுரிகின்றனர்.,அந்த நிறுவனத்தில் ஆயிரத்து அறுநூற்று அறுபத்துமூன்று ஊழியர்கள் பணிபுரிகின்றனர் .,cardinal
₹72.30,எழுபத்திரண்டு ரூபாய் முப்பது பைசா,money
30-09-2077,முப்பது செப்டம்பர் இரண்டாயிரத்து எழுபத்தேழு,date
ரூ.௪௪/-,நாற்பத்துநான்கு ரூபாய்,money
23.10.1475,இருபத்துமூன்று அக்டோபர் ஆயிரத்து நானூற்று எழுபத்தைந்து,date
20/07/1946,இருபது ஜூலை ஆயிரத்து தொள்ளாயிரத்து நாற்பத்தாறு,date
₹4732.8,நான்காயிரத்து எழுநூற்று முப்பத்திரண்டு ரூபாய் எண்பது பைசா,money
28-05-1976 பற்றி பேசினோம்.,இருபத்தெட்டு மே ஆயிரத்து தொள்ளாயிரத்து எழுபத்தாறு பற்றி பேசினோம் .,date
18-12-1946,பதினெட்டு டிசம்பர் ஆயிரத்து தொள்ளாயிரத்து நாற்பத்தாறு,date
10ஆம் பக்கத்தில் பதில் உள்ளது.,பத்தாம் பக்கத்தில் பதில் உள்ளது .,ordinal
Rs. 7028,ஏழாயிரத்து இருபத்தெட்டு ரூபாய்,money
€8321,எட்டாயிரத்து முந்நூற்று இருபத்தொன்று யூரோ,money
840.039 கோடி,எண்ணூற்று நாற்பது புள்ளி பூஜ்யம் மூன்று ஒன்பது கோடி,decimal
வெப்பநிலை 1078-1848 டிகிரி இருக்கும்.,வெப்பநிலை ஆயிரத்து எழுபத்தெட்டு முதல் ஆயிரத்து எண்ணூற்று நாற்பத்தெட்டு டிகிரி இருக்கும் .,range
"பேருந்து கட்டணம் ¥ 3,49,12,194.95 ஆகும்.",பேருந்து கட்டணம் மூன்று கோடி நாற்பத்தொன்பது இலட்சம் பன்னிரண்டு ஆயிரம் நூற்றுத்தொண்ணூற்றுநான்கு யென் தொண்ணூற்றைந்து சென் ஆகும் .,money
727892380 என்று எழுதப்பட்டுள்ளது.,எழுபத்திரண்டு கோடி எழுபத்தெட்டு இலட்சம் தொண்ணூற்றிரண்டு ஆயிரம் முந்நூற்று எண்பது என்று எழுதப்பட்டுள்ளது .~எழுபத்திரண்டு கோடி எழுபத்தெட்டு இலட்சம் தொண்ணூற்றிரண்டு ஆயிரம் முந்நூற்றெண்பது என்று எழுதப்பட்டுள்ளது .,cardinal
இதில் ௭ GB குறிப்பிடப்பட்டுள்ளது.,இதில் ஏழு கிகாபைட் குறிப்பிடப்பட்டுள்ளது .,measure
அவள் 2533ல் புத்தகங்கள் வாங்கினாள்.,அவள் இரண்டாயிரத்து ஐந்நூற்று முப்பத்துமூன்றில் புத்தகங்கள் வாங்கினாள் .,cardinal
12:00 மணிக்கு பற்றி பேசினோம்.,பன்னிரண்டு மணி பற்றி பேசினோம் .,time
06:54,ஆறு மணி ஐம்பத்துநான்கு நிமிடம்,time
36%,முப்பத்தாறு சதவீதம்,whitelist
01-03-1724,ஒன்று மார்ச் ஆயிரத்து எழுநூற்று இருபத்துநான்கு,date
"33,87,61,833",முப்பத்துமூன்று கோடி எண்பத்தேழு இலட்சம் அறுபத்தொன்று ஆயிரம் எண்ணூற்று முப்பத்துமூன்று,cardinal
"வாடகை Rs 1,93,13,123 ஆக உயர்ந்தது.",வாடகை ஒரு கோடி தொண்ணூற்றுமூன்று இலட்சம் பதிமூன்று ஆயிரம் நூற்று இருபத்துமூன்று ரூபாய் ஆக உயர்ந்தது .,money
987,தொள்ளாயிரத்து எண்பத்தேழு,cardinal
48 என்பதை நினைவில் கொள்ளுங்கள்.,நாற்பத்தெட்டு என்பதை நினைவில் கொள்ளுங்கள் .,cardinal
கூட்டம் 2278-06-23 அன்று நடந்தது.,கூட்டம் இரண்டாயிரத்து இருநூற்று எழுபத்தெட்டு ஜூன் இருபத்துமூன்று அன்று நடந்தது .,date
₹8326,எட்டாயிரத்து முந்நூற்று இருபத்தாறு ரூபாய்,money
"கட்டணம் ₹7,00,01,308 என அறிவித்தனர்.",கட்டணம் ஏழு கோடி ஒன்று ஆயிரம் முந்நூற்று எட்டு ரூபாய் என அறிவித்தனர் .,money
Rs. 0.60 கடன் வாங்கினேன்.,அறுபது பைசா கடன் வாங்கினேன் .,money
அவரின் தொலைபேசி எண் +917725478315 ஆகும்.,அவரின் தொலைபேசி எண் பிளஸ் ஒன்பது ஒன்று ஏழு ஏழு இரண்டு ஐந்து நான்கு ஏழு எட்டு மூன்று ஒன்று ஐந்து ஆகும் .,telephone
கடிதத்தில் 2 மி.லி இருந்தது.,கடிதத்தில் இரண்டு மில்லிலிட்டர் இருந்தது .,measure
அவன் 503074438 முறை முயன்றான்.,அவன் ஐம்பது கோடி முப்பது இலட்சம் எழுபத்துநான்கு ஆயிரம் நானூற்று முப்பத்தெட்டு முறை முயன்றான் .,cardinal
29-11-1907,இருபத்தொன்பது நவம்பர் ஆயிரத்து தொள்ளாயிரத்து ஏழு,date
மொத்த மதிப்பெண் 9617303.,மொத்த மதிப்பெண் தொண்ணூற்றாறு இலட்சம் பதினேழு ஆயிரம் முந்நூற்று மூன்று .,cardinal
5031ல்,ஐந்தாயிரத்து முப்பத்தொன்றில்,cardinal
598-1066 பேருக்கு ரூ. 7171.33 செலவு ஆகும்.,ஐந்நூற்றுத்தொண்ணூற்றெட்டு முதல் ஆயிரத்து அறுபத்தாறு பேருக்கு ஏழாயிரத்து நூற்றெழுபத்து ஒன்று ரூபாய் முப்பத்துமூன்று பைசா செலவு ஆகும் .,mixed
கூட்டம் 31-07-2017 அன்று நடந்தது.,கூட்டம் முப்பத்தொன்று ஜூலை இரண்டாயிரத்து பதினேழு அன்று நடந்தது .,date
விடை 1/5 ஆகும்.,விடை ஐந்தில் ஒன்று ஆகும் .,fraction
மொத்த மதிப்பெண் 3067.,மொத்த மதிப்பெண் மூன்றாயிரத்து அறுபத்தேழு .,cardinal
£2482 அபராதம் விதிக்கப்பட்டது.,இரண்டாயிரத்து நானூற்று எண்பத்திரண்டு பவுண்ட் அபராதம் விதிக்கப்பட்டது .,money
8.06 என்பதை நினைவில் கொள்ளுங்கள்.,எட்டு புள்ளி பூஜ்யம் ஆறு என்பதை நினைவில் கொள்ளுங்கள் .,decimal
458 min,நானூற்று ஐம்பத்தெட்டு நிமிடம்,measure
பரிசுத் தொகை ரூ8.,பரிசுத் தொகை எட்டு ரூபாய் .,money
9.7,ஒன்பது புள்ளி ஏழு,decimal
7908192095 என்பதை நினைவில் கொள்ளுங்கள்.,ஏழு ஒன்பது பூஜ்யம் எட்டு ஒன்று ஒன்பது இரண்டு பூஜ்யம் ஒன்பது ஐந்து என்பதை நினைவில் கொள்ளுங்கள் .,telephone
₹5221,ஐந்தாயிரத்து இருநூற்று இருபத்தொன்று ரூபாய்,money
அவர் 92% என்றார்.,அவர் தொண்ணூற்றிரண்டு சதவீதம் என்றார் .,whitelist
51-100,ஐம்பத்தொன்று முதல் நூறு,range
5 கி.மீ,ஐந்து கிலோமீட்டர்,measure
"17,58,02,742 என்பதை நினைவில் கொள்ளுங்கள்.",பதினேழு கோடி ஐம்பத்தெட்டு இலட்சம் இரண்டாயிரத்து எழுநூற்று நாற்பத்திரண்டு என்பதை நினைவில் கொள்ளுங்கள் .,cardinal
7:57 மணிக்கு சரியானது.,ஏழு மணி ஐம்பத்தேழு நிமிடம் சரியானது .,time
அவன் 2651 ml நடந்தான்.,அவன் இரண்டாயிரத்து அறுநூற்று ஐம்பத்தொன்று மில்லிலிட்டர் நடந்தான் .,measure
தினமும் ௬௬௯௭ m ஓடுகிறேன்.,தினமும் ஆறாயிரத்து அறுநூற்றுத்தொண்ணூற்றேழு மீட்டர் ஓடுகிறேன் .,measure
₹8585 என்று எழுதப்பட்டுள்ளது.,எட்டாயிரத்து ஐந்நூற்று எண்பத்தைந்து ரூபாய் என்று எழுதப்பட்டுள்ளது .,money
"Rs.8,66,91,489.79",எட்டு கோடி அறுபத்தாறு இலட்சம் தொண்ணூற்றொன்று ஆயிரம் நானூற்று எண்பத்தொன்பது ரூபாய் எழுபத்தொன்பது பைசா,money
வளர்ச்சி விகிதம் 35438.688 ஆக இருந்தது.,வளர்ச்சி விகிதம் முப்பத்தைந்து ஆயிரம் நானூற்று முப்பத்தெட்டு புள்ளி ஆறு எட்டு எட்டு ஆக இருந்தது .,decimal
9392,ஒன்பதாயிரத்து முந்நூற்றுத்தொண்ணூற்றிரண்டு,cardinal
கடிதத்தில் +91 9225617747 இருந்தது.,கடிதத்தில் பிளஸ் ஒன்பது ஒன்று ஒன்பது இரண்டு இரண்டு ஐந்து ஆறு ஒன்று ஏழு ஏழு நான்கு ஏழு இருந்தது .,telephone
$ 557.44,ஐந்நூற்று ஐம்பத்தேழு டாலர் நாற்பத்துநான்கு சென்ட்,money
இன்று 7185 பேர் வருகை தந்தனர்.,இன்று ஏழாயிரத்து நூற்றெண்பத்து ஐந்து பேர் வருகை தந்தனர் .,cardinal
248 Hz,இருநூற்று நாற்பத்தெட்டு ஹெர்ட்ஸ்,measure
Rs 89 என்பதை நினைவில் கொள்ளுங்கள்.,எண்பத்தொன்பது ரூபாய் என்பதை நினைவில் கொள்ளுங்கள் .,money
104 என்று எழுதப்பட்டுள்ளது.,நூற்று நான்கு என்று எழுதப்பட்டுள்ளது .,cardinal
9496 நாட்கள் ஆயிற்று.,ஒன்பதாயிரத்து நானூற்றுத்தொண்ணூற்றாறு நாட்கள் ஆயிற்று .,cardinal
12¾ பங்கு மாணவர்கள் தேர்ச்சி பெற்றனர்.,பன்னிரண்டு மற்றும் நான்கில் மூன்று பங்கு மாணவர்கள் தேர்ச்சி பெற்றனர் .,fraction
எனக்கு 6865இல் வயது.,எனக்கு ஆறாயிரத்து எண்ணூற்று அறுபத்தைந்தில் வயது .,cardinal
5/9,ஒன்பதில் ஐந்து,fraction
பூக்கள் மலர்ந்துள்ளன.,பூக்கள் மலர்ந்துள்ளன .,word
8.069,எட்டு புள்ளி பூஜ்யம் ஆறு ஒன்பது,decimal
கடிதத்தில் 8:12 இருந்தது.,கடிதத்தில் எட்டு மணி பன்னிரண்டு நிமிடம் இருந்தது .,time
6632980974 என்பதை நினைவில் கொள்ளுங்கள்.,ஆறு ஆறு மூன்று இரண்டு ஒன்பது எட்டு பூஜ்யம் ஒன்பது ஏழு நான்கு என்பதை நினைவில் கொள்ளுங்கள் .,telephone
21-03-1998,இருபத்தொன்று மார்ச் ஆயிரத்து தொள்ளாயிரத்து தொண்ணூற்றெட்டு,date
உதவி எண் 7037649834 என அறிவித்தனர்.,உதவி எண் ஏழு பூஜ்யம் மூன்று ஏழு ஆறு நான்கு ஒன்பது எட்டு மூன்று நான்கு என அறிவித்தனர் .,telephone
நிலத்தில் 13/19 பங்கு விற்றார்.,நிலத்தில் பத்தொன்பதில் பதிமூன்று பங்கு விற்றார் .,fraction
எண் 3409357 சரியானது.,எண் முப்பத்துநான்கு இலட்சம் ஒன்பதாயிரத்து முந்நூற்று ஐம்பத்தேழு சரியானது .,cardinal
04-09-2083,நான்கு செப்டம்பர் இரண்டாயிரத்து எண்பத்துமூன்று,date
3466l,மூன்றாயிரத்து நானூற்று அறுபத்தாறு லிட்டர்,measure
அவன் 46520.565 மதிப்பெண் பெற்றான்.,அவன் நாற்பத்தாறு ஆயிரம் ஐந்நூற்று இருபது புள்ளி ஐந்து ஆறு ஐந்து மதிப்பெண் பெற்றான் .,decimal
"௧௫௦,௭௨௪ பற்றி பேசினோம்.",ஒரு இலட்சம் ஐம்பது ஆயிரம் எழுநூற்று இருபத்துநான்கு பற்றி பேசினோம் .,cardinal
$ 218,இருநூற்றுப்பதினெட்டு டாலர்,money
கடிதத்தில் 385ஆம் இருந்தது.,கடிதத்தில் முந்நூற்று எண்பத்தைந்தாம் இருந்தது .,ordinal
07-10-1916,ஏழு அக்டோபர் ஆயிரத்து தொள்ளாயிரத்து பதினாறு,date
நாள் 1951-02-06 என்று குறிக்கப்பட்டுள்ளது.,நாள் ஆயிரத்து தொள்ளாயிரத்து ஐம்பத்தொன்று பிப்ரவரி ஆறு என்று குறிக்கப்பட்டுள்ளது .,date
2693764ரூ. கடன் வாங்கினேன்.,இருபத்தாறு இலட்சம் தொண்ணூற்றுமூன்று ஆயிரம் எழுநூற்று அறுபத்துநான்கு ரூபாய் கடன் வாங்கினேன் .,money
22/08/1945 அன்று Rs.0.30 செலுத்தினேன்.,இருபத்திரண்டு ஆகஸ்ட் ஆயிரத்து தொள்ளாயிரத்து நாற்பத்தைந்து அன்று முப்பது பைசா செலுத்தினேன் .,mixed
அவர் 721வது என்றார்.,அவர் எழுநூற்று இருபத்தொன்றாவது என்றார் .,ordinal
2628 லி. தண்ணீர் குடிக்க வேண்டும்.,இரண்டாயிரத்து அறுநூற்று இருபத்தெட்டு லிட்டர் தண்ணீர் குடிக்க வேண்டும் .,measure
7471849093,ஏழு நான்கு ஏழு ஒன்று எட்டு நான்கு ஒன்பது பூஜ்யம் ஒன்பது மூன்று,telephone
772794376,எழுபத்தேழு கோடி இருபத்தேழு இலட்சம் தொண்ணூற்றுநான்கு ஆயிரம் முந்நூற்று எழுபத்தாறு,cardinal
அவன் 48ஆவது ஆண்டு படிக்கிறான்.,அவன் நாற்பத்தெட்டாவது ஆண்டு படிக்கிறான் .,ordinal
852-1024 நாட்கள் ஆகும்.,எண்ணூற்று ஐம்பத்திரண்டு முதல் ஆயிரத்து இருபத்துநான்கு நாட்கள் ஆகும் .,range
11395,பதினொன்று ஆயிரம் முந்நூற்றுத்தொண்ணூற்றைந்து,cardinal
52.8 என்று எழுதப்பட்டுள்ளது.,ஐம்பத்திரண்டு புள்ளி எட்டு என்று எழுதப்பட்டுள்ளது .,decimal
90179,தொண்ணூறு ஆயிரம் நூற்றெழுபத்து ஒன்பது,cardinal
பாத்திரத்தில் 21/100 பங்கு நீர் உள்ளது.,பாத்திரத்தில் நூறில் இருபத்தொன்று பங்கு நீர் உள்ளது .,fraction
அவன் 57503.12 மதிப்பெண் பெற்றான்.,அவன் ஐம்பத்தேழு ஆயிரம் ஐந்நூற்று மூன்று புள்ளி ஒன்று இரண்டு மதிப்பெண் பெற்றான் .,decimal
அலுவலக எண் 9077386155.,அலுவலக எண் ஒன்பது பூஜ்யம் ஏழு ஏழு மூன்று எட்டு ஆறு ஒன்று ஐந்து ஐந்து .,telephone
வளர்ச்சி விகிதம் 0.52 ஆக இருந்தது.,வளர்ச்சி விகிதம் பூஜ்யம் புள்ளி ஐந்து இரண்டு ஆக இருந்தது .,decimal
28-49 என்று எழுதப்பட்டுள்ளது.,இருபத்தெட்டு முதல் நாற்பத்தொன்பது என்று எழுதப்பட்டுள்ளது .,range
5451,ஐந்தாயிரத்து நானூற்று ஐம்பத்தொன்று,cardinal
இதில் 381 குறிப்பிடப்பட்டுள்ளது.,இதில் முந்நூற்று எண்பத்தொன்று குறிப்பிடப்பட்டுள்ளது .,cardinal
கடைசி தேதி 17-01-1339.,கடைசி தேதி பதினேழு ஜனவரி ஆயிரத்து முந்நூற்று முப்பத்தொன்பது .,date
8755265303 என்பதை நினைவில் கொள்ளுங்கள்.,எட்டு ஏழு ஐந்து ஐந்து இரண்டு ஆறு ஐந்து மூன்று பூஜ்யம் மூன்று என்பதை நினைவில் கொள்ளுங்கள் .,telephone
விலை 11 ₹ /- ஆனது 624.285 சதவீதம் உயர்வு.,விலை பதினொன்று ரூபாய் ஆனது அறுநூற்று இருபத்துநான்கு புள்ளி இரண்டு எட்டு ஐந்து சதவீதம் உயர்வு .,mixed
"17,54,54,319 என்பதை நினைவில் கொள்ளுங்கள்.",பதினேழு கோடி ஐம்பத்துநான்கு இலட்சம் ஐம்பத்துநான்கு ஆயிரம் முந்நூற்றுப்பத்தொன்பது என்பதை நினைவில் கொள்ளுங்கள் .,cardinal
கூட்டம் ௨௯-௦௮-௨௦௭௮ அன்று நடந்தது.,கூட்டம் இருபத்தொன்பது ஆகஸ்ட் இரண்டாயிரத்து எழுபத்தெட்டு அன்று நடந்தது .,date
கடிதத்தில் 6990906759 இருந்தது.,கடிதத்தில் ஆறு ஒன்பது ஒன்பது பூஜ்யம் ஒன்பது பூஜ்யம் ஆறு ஏழு ஐந்து ஒன்பது இருந்தது .,telephone
திருமணம் 1922-05-19 அன்று நடைபெறும்.,திருமணம் ஆயிரத்து தொள்ளாயிரத்து இருபத்திரண்டு மே பத்தொன்பது அன்று நடைபெறும் .,date
21:31 பற்றி பேசினோம்.,இருபத்தொன்று மணி முப்பத்தொன்று நிமிடம் பற்றி பேசினோம் .,time
10:43,பத்து மணி நாற்பத்துமூன்று நிமிடம்,time
கட்டணம் Rs. 6013 என அறிவித்தனர்.,கட்டணம் ஆறாயிரத்து பதிமூன்று ரூபாய் என அறிவித்தனர் .,money
12/08/1925 முதல் விற்பனை தொடங்கும்.,பன்னிரண்டு ஆகஸ்ட் ஆயிரத்து தொள்ளாயிரத்து இருபத்தைந்து முதல் விற்பனை தொடங்கும் .,date
10:07 என்று எழுதப்பட்டுள்ளது.,பத்து மணி ஏழு நிமிடம் என்று எழுதப்பட்டுள்ளது .,time
21-11-2016,இருபத்தொன்று நவம்பர் இரண்டாயிரத்து பதினாறு,date
இதில் 17481.53 குறிப்பிடப்பட்டுள்ளது.,இதில் பதினேழு ஆயிரம் நானூற்று எண்பத்தொன்று புள்ளி ஐந்து மூன்று குறிப்பிடப்பட்டுள்ளது .,decimal
எங்கள் பள்ளி மிகவும் பெரியது.,எங்கள் பள்ளி மிகவும் பெரியது .,word
0702-3992626,பூஜ்யம் ஏழு பூஜ்யம் இரண்டு மூன்று ஒன்பது ஒன்பது இரண்டு ஆறு இரண்டு ஆறு,telephone
4386,நான்காயிரத்து முந்நூற்று எண்பத்தாறு,cardinal
06-12-1961,ஆறு டிசம்பர் ஆயிரத்து தொள்ளாயிரத்து அறுபத்தொன்று,date
௧௬/௦௭/௧௯௩௭,பதினாறு ஜூலை ஆயிரத்து தொள்ளாயிரத்து முப்பத்தேழு,date
621,அறுநூற்று இருபத்தொன்று,cardinal
5-7 என்பதை நினைவில் கொள்ளுங்கள்.,ஐந்து முதல் ஏழு என்பதை நினைவில் கொள்ளுங்கள் .,range
27.25km தண்ணீர் குடிக்க வேண்டும்.,இருபத்தேழு புள்ளி இரண்டு ஐந்து கிலோமீட்டர் தண்ணீர் குடிக்க வேண்டும் .,measure
"€4,94,17,964",நான்கு கோடி தொண்ணூற்றுநான்கு இலட்சம் பதினேழு ஆயிரம் தொள்ளாயிரத்து அறுபத்துநான்கு யூரோ,money
Rs34.45,முப்பத்துநான்கு ரூபாய் நாற்பத்தைந்து பைசா,money
10:00:03 மணிக்கு,பத்து மணி மூன்று வினாடி,time
02-26-2088,பிப்ரவரி இருபத்தாறு இரண்டாயிரத்து எண்பத்தெட்டு,date
€443,நானூற்று நாற்பத்துமூன்று யூரோ,money
15-11-1997,பதினைந்து நவம்பர் ஆயிரத்து தொள்ளாயிரத்து தொண்ணூற்றேழு,date
89811.53 என்று எழுதப்பட்டுள்ளது.,எண்பத்தொன்பது ஆயிரம் எண்ணூற்றுப்பதினொன்று புள்ளி ஐந்து மூன்று என்று எழுதப்பட்டுள்ளது .,decimal
2oz தண்ணீர் குடிக்க வேண்டும்.,இரண்டு அவுன்ஸ் தண்ணீர் குடிக்க வேண்டும் .,measure
74.387,எழுபத்துநான்கு புள்ளி மூன்று எட்டு ஏழு,decimal
2042-10-01 என்பதை நினைவில் கொள்ளுங்கள்.,இரண்டாயிரத்து நாற்பத்திரண்டு அக்டோபர் ஒன்று என்பதை நினைவில் கொள்ளுங்கள் .,date
17:22:35,பதினேழு மணி இருபத்திரண்டு நிமிடம் முப்பத்தைந்து வினாடி,time
பள்ளியில் 432 ஆசிரியர்கள் உள்ளனர்.,பள்ளியில் நானூற்று முப்பத்திரண்டு ஆசிரியர்கள் உள்ளனர் .,cardinal
7%,ஏழு சதவீதம்,whitelist
"பரிசுத் தொகை ¥7,93,85,061.",பரிசுத் தொகை ஏழு கோடி தொண்ணூற்றுமூன்று இலட்சம் எண்பத்தைந்து ஆயிரம் அறுபத்தொன்று யென் .,money
௦,பூஜ்யம்,cardinal
கடிதத்தில் 1g இருந்தது.,கடிதத்தில் ஒரு கிராம் இருந்தது .,measure
தொடர்புக்கு 8568200508.,தொடர்புக்கு எட்டு ஐந்து ஆறு எட்டு இரண்டு பூஜ்யம் பூஜ்யம் ஐந்து பூஜ்யம் எட்டு .,telephone
6வது நூற்றாண்டு இலக்கியம்.,ஆறாவது நூற்றாண்டு இலக்கியம் .,ordinal
3098வது அத்தியாயம் படிக்கவும்.,மூன்றாயிரத்து தொண்ணூற்றெட்டாவது அத்தியாயம் படிக்கவும் .,ordinal
17/03/1925 பற்றி பேசினோம்.,பதினேழு மார்ச் ஆயிரத்து தொள்ளாயிரத்து இருபத்தைந்து பற்றி பேசினோம் .,date
செய்தியில் 12ஆம் என்று வந்தது.,செய்தியில் பன்னிரண்டாம் என்று வந்தது .,ordinal
அவரின் தொலைபேசி எண் 0267-231675 ஆகும்.,அவரின் தொலைபேசி எண் பூஜ்யம் இரண்டு ஆறு ஏழு இரண்டு மூன்று ஒன்று ஆறு ஏழு ஐந்து ஆகும் .,telephone
7 lb என்று எழுதப்பட்டுள்ளது.,ஏழு பவுண்டு என்று எழுதப்பட்டுள்ளது .,measure
9263653,தொண்ணூற்றிரண்டு இலட்சம் அறுபத்துமூன்று ஆயிரம் அறுநூற்று ஐம்பத்துமூன்று,cardinal
10:18,பத்து மணி பதினெட்டு நிமிடம்,time
அவர் 17-08-2000 அன்று பிறந்தார்.,அவர் பதினேழு ஆகஸ்ட் இரண்டாயிரம் அன்று பிறந்தார் .,date
309.579 என்பதை நினைவில் கொள்ளுங்கள்.,முந்நூற்று ஒன்பது புள்ளி ஐந்து ஏழு ஒன்பது என்பதை நினைவில் கொள்ளுங்கள் .,decimal
எனக்கு தேநீர் பிடிக்கும்.,எனக்கு தேநீர் பிடிக்கும் .,word
17:18,பதினேழு மணி பதினெட்டு நிமிடம்,time
51780.4 என்று எழுதப்பட்டுள்ளது.,ஐம்பத்தொன்று ஆயிரம் எழுநூற்று எண்பது புள்ளி நான்கு என்று எழுதப்பட்டுள்ளது .~ஐம்பத்தொன்று ஆயிரம் எழுநூற்றெண்பது புள்ளி நான்கு என்று எழுதப்பட்டுள்ளது .,decimal
960.201,தொள்ளாயிரத்து அறுபது புள்ளி இரண்டு பூஜ்யம் ஒன்று,decimal
47 கி.கி.,நாற்பத்தேழு கிலோகிராம்,measure
விமானம் 24:07 மணிக்கு வந்தடையும்.,விமானம் இருபத்துநான்கு மணி ஏழு நிமிடம் வந்தடையும் .,time
இந்த நூலில் ௩ பக்கங்கள் உள்ளன.,இந்த நூலில் மூன்று பக்கங்கள் உள்ளன .,cardinal
932ஆவது,தொள்ளாயிரத்து முப்பத்திரண்டாவது,ordinal
இதில் 1315-05-09 குறிப்பிடப்பட்டுள்ளது.,இதில் ஆயிரத்து முந்நூற்றுப்பதினைந்து மே ஒன்பது குறிப்பிடப்பட்டுள்ளது .,date
இதில் 74335037 குறிப்பிடப்பட்டுள்ளது.,இதில் ஏழு கோடி நாற்பத்துமூன்று இலட்சம் முப்பத்தைந்து ஆயிரம் முப்பத்தேழு குறிப்பிடப்பட்டுள்ளது .,cardinal
அவர் 25-06-1965 அன்று பிறந்தார்.,அவர் இருபத்தைந்து ஜூன் ஆயிரத்து தொள்ளாயிரத்து அறுபத்தைந்து அன்று பிறந்தார் .,date
அவர் 9034 ஓட்டங்கள் எடுத்தார்.,அவர் ஒன்பதாயிரத்து முப்பத்துநான்கு ஓட்டங்கள் எடுத்தார் .,cardinal
இந்த மூட்டை 1528KB எடை உள்ளது.,இந்த மூட்டை ஆயிரத்து ஐந்நூற்று இருபத்தெட்டு கிலோபைட் எடை உள்ளது .,measure
நீளம் 335.369 ஆக இருந்தது.,நீளம் முந்நூற்று முப்பத்தைந்து புள்ளி மூன்று ஆறு ஒன்பது ஆக இருந்தது .,decimal
17,பதினேழு,cardinal
8 1/9 பங்கு அதாவது ௪ mi மட்டும் மீதம்.,எட்டு மற்றும் ஒன்பதில் ஒன்று பங்கு அதாவது நான்கு மைல் மட்டும் மீதம் .,mixed
புகார் எண் 6912029547 ஆகும்.,புகார் எண் ஆறு ஒன்பது ஒன்று இரண்டு பூஜ்யம் இரண்டு ஒன்பது ஐந்து நான்கு ஏழு ஆகும் .,telephone
4 செ.மீ. அரிசி ₹801.6 ஆகும்.,நான்கு சென்டிமீட்டர் அரிசி எண்ணூற்று ஒன்று ரூபாய் அறுபது பைசா ஆகும் .,mixed
3798756 என்பதை நினைவில் கொள்ளுங்கள்.,முப்பத்தேழு இலட்சம் தொண்ணூற்றெட்டு ஆயிரம் எழுநூற்று ஐம்பத்தாறு என்பதை நினைவில் கொள்ளுங்கள் .,cardinal
எண் 846 சரியானது.,எண் எண்ணூற்று நாற்பத்தாறு சரியானது .,cardinal
1613-2287 மணி நேரம் தேவை.,ஆயிரத்து அறுநூற்றுப்பதிமூன்று முதல் இரண்டாயிரத்து இருநூற்று எண்பத்தேழு மணி நேரம் தேவை .,range
மொத்த மதிப்பெண் 4405.,மொத்த மதிப்பெண் நான்காயிரத்து நானூற்று ஐந்து .,cardinal
திருமணம் 08-02-2009 அன்று நடைபெறும்.,திருமணம் எட்டு பிப்ரவரி இரண்டாயிரத்து ஒன்பது அன்று நடைபெறும் .,date
7271,ஏழாயிரத்து இருநூற்று எழுபத்தொன்று,cardinal
இப்போது மணி ௧௦:௩௩.,இப்போது மணி பத்து மணி முப்பத்துமூன்று நிமிடம் .,time
அவர் ₹ 37.20 செலுத்தினார்.,அவர் முப்பத்தேழு ரூபாய் இருபது பைசா செலுத்தினார் .,money
"65ஆவது பரிசு ₹1,19,17,953 ஆகும்.",அறுபத்தைந்தாவது பரிசு ஒரு கோடி பத்தொன்பது இலட்சம் பதினேழு ஆயிரம் தொள்ளாயிரத்து ஐம்பத்துமூன்று ரூபாய் ஆகும் .,mixed
"செய்தியில் 59,44,26,490 என்று வந்தது.",செய்தியில் ஐம்பத்தொன்பது கோடி நாற்பத்துநான்கு இலட்சம் இருபத்தாறு ஆயிரம் நானூற்றுத்தொண்ணூறு என்று வந்தது .,cardinal
1905இல்,ஆயிரத்து தொள்ளாயிரத்து ஐந்தில்,cardinal
அந்த நிறுவனத்தில் 8 ஊழியர்கள் பணிபுரிகின்றனர்.,அந்த நிறுவனத்தில் எட்டு ஊழியர்கள் பணிபுரிகின்றனர் .,cardinal
௦௯:௫௪ சாப்பிட வா.,ஒன்பது மணி ஐம்பத்துநான்கு நிமிடம் சாப்பிட வா .,time
அவன் 1இல் முறை முயன்றான்.,அவன் ஒன்றில் முறை முயன்றான் .,cardinal
"இந்த சட்டை £9,63,54,581 ஆகும்.",இந்த சட்டை ஒன்பது கோடி அறுபத்துமூன்று இலட்சம் ஐம்பத்துநான்கு ஆயிரம் ஐந்நூற்று எண்பத்தொன்று பவுண்ட் ஆகும் .,money
௧௯௨௧-௦௧-௧௩ என்பதை நினைவில் கொள்ளுங்கள்.,ஆயிரத்து தொள்ளாயிரத்து இருபத்தொன்று ஜனவரி பதிமூன்று என்பதை நினைவில் கொள்ளுங்கள் .,date
அவள் 3408ஆம் வகுப்பு படிக்கிறாள்.,அவள் மூன்றாயிரத்து நானூற்று எட்டாம் வகுப்பு படிக்கிறாள் .,ordinal
இதன் மதிப்பு 0.3 தான்.,இதன் மதிப்பு பூஜ்யம் புள்ளி மூன்று தான் .,decimal
18059199862,ஒன்று எட்டு பூஜ்யம் ஐந்து ஒன்பது ஒன்று ஒன்பது ஒன்பது எட்டு ஆறு இரண்டு,cardinal
8197,எட்டாயிரத்து நூற்றுத்தொண்ணூற்றேழு,cardinal
1944-05-13,ஆயிரத்து தொள்ளாயிரத்து நாற்பத்துநான்கு மே பதிமூன்று,date
பிறந்த நாள் ௦௮/௦௭/௧௯௫௫.,பிறந்த நாள் எட்டு ஜூலை ஆயிரத்து தொள்ளாயிரத்து ஐம்பத்தைந்து .,date
இன்று -4537 பேர் வருகை தந்தனர்.,இன்று மைனஸ் நான்காயிரத்து ஐந்நூற்று முப்பத்தேழு பேர் வருகை தந்தனர் .,cardinal
7320603683,ஏழு மூன்று இரண்டு பூஜ்யம் ஆறு பூஜ்யம் மூன்று ஆறு எட்டு மூன்று,telephone
கூட்டத்தில் ௧௯ல் பேர் வந்தனர்.,கூட்டத்தில் பத்தொன்பதில் பேர் வந்தனர் .,cardinal
85-118 கிலோ எடை வேண்டும்.,எண்பத்தைந்து முதல் நூற்றுப்பதினெட்டு கிலோ எடை வேண்டும் .,range
5ஆம் கூட்டம் 24-01-2041 அன்று நடந்தது.,ஐந்தாம் கூட்டம் இருபத்துநான்கு ஜனவரி இரண்டாயிரத்து நாற்பத்தொன்று அன்று நடந்தது .,mixed
அவர் 4392449 என்றார்.,அவர் நாற்பத்துமூன்று இலட்சம் தொண்ணூற்றிரண்டு ஆயிரம் நானூற்று நாற்பத்தொன்பது என்றார் .,cardinal
1442ல்,ஆயிரத்து நானூற்று நாற்பத்திரண்டில்,cardinal
"6,71,69,366 ₹ /-",ஆறு கோடி எழுபத்தொன்று இலட்சம் அறுபத்தொன்பது ஆயிரம் முந்நூற்று அறுபத்தாறு ரூபாய்,money
9/10,பத்தில் ஒன்பது,fraction
பை மதிப்பு ௧௦௭௩௪.௧௧௫ ஆகும்.,பை மதிப்பு பத்து ஆயிரம் எழுநூற்று முப்பத்துநான்கு புள்ளி ஒன்று ஒன்று ஐந்து ஆகும் .,decimal
அவள் உயரம் 87 கி.மீ. ஆகும்.,அவள் உயரம் எண்பத்தேழு கிலோமீட்டர் ஆகும் .,measure
பதிவு தேதி ௧௦/௦௨/௧௯௦௦ ஆகும்.,பதிவு தேதி பத்து பிப்ரவரி ஆயிரத்து தொள்ளாயிரம் ஆகும் .,date
வண்டி எண் ௪௦ ஆகும்.,வண்டி எண் நாற்பது ஆகும் .,cardinal
"வாடகை ₹1,70,15,683 ஆக உயர்ந்தது.",வாடகை ஒரு கோடி எழுபது இலட்சம் பதினைந்து ஆயிரம் அறுநூற்று எண்பத்துமூன்று ரூபாய் ஆக உயர்ந்தது .,money
5/7,ஏழில் ஐந்து,fraction
நிகழ்ச்சி 12:36 மணிக்கு ஒளிபரப்பாகும்.,நிகழ்ச்சி பன்னிரண்டு மணி முப்பத்தாறு நிமிடம் ஒளிபரப்பாகும் .,time
அவர் ரூ.15 செலுத்தினார்.,அவர் பதினைந்து ரூபாய் செலுத்தினார் .,money
கடிதத்தில் 26-01-2706 இருந்தது.,கடிதத்தில் இருபத்தாறு ஜனவரி இரண்டாயிரத்து எழுநூற்று ஆறு இருந்தது .,date
அவன் 13539 முறை முயன்றான்.,அவன் பதிமூன்று ஆயிரம் ஐந்நூற்று முப்பத்தொன்பது முறை முயன்றான் .,cardinal
"அவர் 416,111 என்றார்.",அவர் நான்கு இலட்சம் பதினாறு ஆயிரம் நூற்றுப்பதினொன்று என்றார் .,cardinal
24-03-2004,இருபத்துநான்கு மார்ச் இரண்டாயிரத்து நான்கு,date
கட்டணம் ரூ.3166 என அறிவித்தனர்.,கட்டணம் மூன்றாயிரத்து நூற்றறுபத்து ஆறு ரூபாய் என அறிவித்தனர் .,money
640,அறுநூற்று நாற்பது,cardinal
அவர் ௯௯௪௮.௦ என்றார்.,அவர் ஒன்பதாயிரத்து தொள்ளாயிரத்து நாற்பத்தெட்டு புள்ளி பூஜ்யம் என்றார் .,decimal
21/02/2023,இருபத்தொன்று பிப்ரவரி இரண்டாயிரத்து இருபத்துமூன்று,date
அவர் ௨௪.௦௬.௨௨௮௩ அன்று பிறந்தார்.,அவர் இருபத்துநான்கு ஜூன் இரண்டாயிரத்து இருநூற்று எண்பத்துமூன்று அன்று பிறந்தார் .,date
51/60,அறுபதில் ஐம்பத்தொன்று,fraction
18:15:33 மணிக்கு என்பதை நினைவில் கொள்ளுங்கள்.,பதினெட்டு மணி பதினைந்து நிமிடம் முப்பத்துமூன்று வினாடி என்பதை நினைவில் கொள்ளுங்கள் .,time
-30723,மைனஸ் முப்பது ஆயிரம் எழுநூற்று இருபத்துமூன்று,cardinal
தூரம் 79.84 KB ஆகும்.,தூரம் எழுபத்தொன்பது புள்ளி எட்டு நான்கு கிலோபைட் ஆகும் .,measure
ரயில் 12:17 புறப்படும்.,ரயில் பன்னிரண்டு மணி பதினேழு நிமிடம் புறப்படும் .,time
௦௨:௫௧:௪௪ மணிக்கு,இரண்டு மணி ஐம்பத்தொன்று நிமிடம் நாற்பத்துநான்கு வினாடி,time
¥௧௩௨௫,ஆயிரத்து முந்நூற்று இருபத்தைந்து யென்,money
₹ 1851,ஆயிரத்து எண்ணூற்று ஐம்பத்தொன்று ரூபாய்,money
எனக்கு 57521 வயது.,எனக்கு ஐம்பத்தேழு ஆயிரம் ஐந்நூற்று இருபத்தொன்று வயது .,cardinal
Rs33.92,முப்பத்துமூன்று ரூபாய் தொண்ணூற்றிரண்டு பைசா,money
எனக்கு 4324180 வயது.,எனக்கு நாற்பத்துமூன்று இலட்சம் இருபத்துநான்கு ஆயிரம் நூற்று எண்பது வயது .~எனக்கு நாற்பத்துமூன்று இலட்சம் இருபத்துநான்கு ஆயிரம் நூற்றெண்பது வயது .,cardinal
அவர் 92 ஓட்டங்கள் எடுத்தார்.,அவர் தொண்ணூற்றிரண்டு ஓட்டங்கள் எடுத்தார் .,cardinal
81-110,எண்பத்தொன்று முதல் நூற்றுப்பத்து,range
02-13-1964 பற்றி பேசினோம்.,பிப்ரவரி பதிமூன்று ஆயிரத்து தொள்ளாயிரத்து அறுபத்துநான்கு பற்றி பேசினோம் .,date
வெப்பநிலை 2 °F ஆக இருந்தது.,வெப்பநிலை இரண்டு டிகிரி பாரன்ஹீட் ஆக இருந்தது .,measure
22:17:26,இருபத்திரண்டு மணி பதினேழு நிமிடம் இருபத்தாறு வினாடி,time
"வாடகை ¥7,93,27,696.8 ஆக உயர்ந்தது.",வாடகை ஏழு கோடி தொண்ணூற்றுமூன்று இலட்சம் இருபத்தேழு ஆயிரம் அறுநூற்றுத்தொண்ணூற்றாறு யென் எண்பது சென் ஆக உயர்ந்தது .,money
இஞ். சுரேஷ்,இன்ஜினியர் சுரேஷ்,whitelist
847.099,எண்ணூற்று நாற்பத்தேழு புள்ளி பூஜ்யம் ஒன்பது ஒன்பது,decimal
11:56,பதினொன்று மணி ஐம்பத்தாறு நிமிடம்,time
"இதில் Rs 4,33,18,778 குறிப்பிடப்பட்டுள்ளது.",இதில் நான்கு கோடி முப்பத்துமூன்று இலட்சம் பதினெட்டு ஆயிரம் எழுநூற்று எழுபத்தெட்டு ரூபாய் குறிப்பிடப்பட்டுள்ளது .,money
இந்த மூட்டை 71 km/h எடை உள்ளது.,இந்த மூட்டை எழுபத்தொன்று கிலோமீட்டர் ஒரு மணி நேரத்திற்கு எடை உள்ளது .,measure
அலுவலகம் 10:00 திறக்கும்.,அலுவலகம் பத்து மணி திறக்கும் .,time
7080189106 என்ற எண்ணை அழைக்கவும்.,ஏழு பூஜ்யம் எட்டு பூஜ்யம் ஒன்று எட்டு ஒன்பது ஒன்று பூஜ்யம் ஆறு என்ற எண்ணை அழைக்கவும் .,telephone
மழை அளவு 122.1 என பதிவானது.,மழை அளவு நூற்று இருபத்திரண்டு புள்ளி ஒன்று என பதிவானது .,decimal
112,நூற்றுப்பன்னிரண்டு,cardinal
03-08-1739 அன்று 255076928 பேர் வந்தனர்.,மூன்று ஆகஸ்ட் ஆயிரத்து எழுநூற்று முப்பத்தொன்பது அன்று இருபத்தைந்து கோடி ஐம்பது இலட்சம் எழுபத்தாறு ஆயிரம் தொள்ளாயிரத்து இருபத்தெட்டு பேர் வந்தனர் .,mixed
3ஆவது என்று எழுதப்பட்டுள்ளது.,மூன்றாவது என்று எழுதப்பட்டுள்ளது .,ordinal
இந்த நூலில் 471 பக்கங்கள் உள்ளன.,இந்த நூலில் நானூற்று எழுபத்தொன்று பக்கங்கள் உள்ளன .,cardinal
"₹5,76,13,946",ஐந்து கோடி எழுபத்தாறு இலட்சம் பதிமூன்று ஆயிரம் தொள்ளாயிரத்து நாற்பத்தாறு ரூபாய்,money
இதில் 77 குறிப்பிடப்பட்டுள்ளது.,இதில் எழுபத்தேழு குறிப்பிடப்பட்டுள்ளது .,cardinal
6:26 மணிக்கு,ஆறு மணி இருபத்தாறு நிமிடம்,time
௦.௨௪ சரியானது.,பூஜ்யம் புள்ளி இரண்டு நான்கு சரியானது .,decimal
28-03-2071,இருபத்தெட்டு மார்ச் இரண்டாயிரத்து எழுபத்தொன்று,date
-27268.595,மைனஸ் இருபத்தேழு ஆயிரம் இருநூற்று அறுபத்தெட்டு புள்ளி ஐந்து ஒன்பது ஐந்து,decimal
கடிதத்தில் 13:05 இருந்தது.,கடிதத்தில் பதிமூன்று மணி ஐந்து நிமிடம் இருந்தது .,time
வளர்ச்சி விகிதம் 57348.843 ஆக இருந்தது.,வளர்ச்சி விகிதம் ஐம்பத்தேழு ஆயிரம் முந்நூற்று நாற்பத்தெட்டு புள்ளி எட்டு நான்கு மூன்று ஆக இருந்தது .,decimal
05:15 கிளம்பி 91.71 செ.மீ. நடந்தோம்.,ஐந்து மணி பதினைந்து நிமிடம் கிளம்பி தொண்ணூற்றொன்று புள்ளி ஏழு ஒன்று சென்டிமீட்டர் நடந்தோம் .,mixed
61ல்,அறுபத்தொன்றில்,cardinal
6811729844,ஆறு எட்டு ஒன்று ஒன்று ஏழு இரண்டு ஒன்பது எட்டு நான்கு நான்கு,telephone
கடிதத்தில் 9482526 இருந்தது.,கடிதத்தில் தொண்ணூற்றுநான்கு இலட்சம் எண்பத்திரண்டு ஆயிரம் ஐந்நூற்று இருபத்தாறு இருந்தது .,cardinal
951.7,தொள்ளாயிரத்து ஐம்பத்தொன்று புள்ளி ஏழு,decimal
5.11,ஐந்து புள்ளி ஒன்று ஒன்று,decimal
மொத்தம் 8111360 மாணவர்கள் உள்ளனர்.,மொத்தம் எண்பத்தொன்று இலட்சம் பதினொன்று ஆயிரம் முந்நூற்று அறுபது மாணவர்கள் உள்ளனர் .~மொத்தம் எண்பத்தொன்று இலட்சம் பதினொன்று ஆயிரம் முந்நூற்றறுபது மாணவர்கள் உள்ளனர் .,cardinal
94/18,பதினெட்டில் தொண்ணூற்றுநான்கு,fraction
0,பூஜ்யம்,cardinal
16-05-1912,பதினாறு மே ஆயிரத்து தொள்ளாயிரத்து பன்னிரண்டு,date
இதில் 5:40 குறிப்பிடப்பட்டுள்ளது.,இதில் ஐந்து மணி நாற்பது நிமிடம் குறிப்பிடப்பட்டுள்ளது .,time
77050.84,எழுபத்தேழு ஆயிரம் ஐம்பது புள்ளி எட்டு நான்கு,decimal
830வது என்று எழுதப்பட்டுள்ளது.,எண்ணூற்று முப்பதாவது என்று எழுதப்பட்டுள்ளது .,ordinal
30%,முப்பது சதவீதம்,whitelist
இதில் ௧௪௦௯ குறிப்பிடப்பட்டுள்ளது.,இதில் ஆயிரத்து நானூற்று ஒன்பது குறிப்பிடப்பட்டுள்ளது .,cardinal
219.356,இருநூற்றுப்பத்தொன்பது புள்ளி மூன்று ஐந்து ஆறு,decimal
செய்தியில் 464 என்று வந்தது.,செய்தியில் நானூற்று அறுபத்துநான்கு என்று வந்தது .,cardinal
9368718112,ஒன்பது மூன்று ஆறு எட்டு ஏழு ஒன்று எட்டு ஒன்று ஒன்று இரண்டு,telephone
7.438,ஏழு புள்ளி நான்கு மூன்று எட்டு,decimal
6404261445,ஆறு நான்கு பூஜ்யம் நான்கு இரண்டு ஆறு ஒன்று நான்கு நான்கு ஐந்து,telephone
அவன் -௭௦௦ முறை முயன்றான்.,அவன் மைனஸ் எழுநூறு முறை முயன்றான் .,cardinal
கடிதத்தில் 963-1360 இருந்தது.,கடிதத்தில் தொள்ளாயிரத்து அறுபத்துமூன்று முதல் ஆயிரத்து முந்நூற்று அறுபது இருந்தது .~கடிதத்தில் தொள்ளாயிரத்து அறுபத்துமூன்று முதல் ஆயிரத்து முந்நூற்றறுபது இருந்தது .,range
945.05,தொள்ளாயிரத்து நாற்பத்தைந்து புள்ளி பூஜ்யம் ஐந்து,decimal
665474515,அறுபத்தாறு கோடி ஐம்பத்துநான்கு இலட்சம் எழுபத்துநான்கு ஆயிரம் ஐந்நூற்றுப்பதினைந்து,cardinal
35879 பற்றி பேசினோம்.,முப்பத்தைந்து ஆயிரம் எண்ணூற்று எழுபத்தொன்பது பற்றி பேசினோம் .,cardinal
௧௬௩ மாணவர்கள் 5:49 மணிக்கு வந்தனர்.,நூற்றறுபத்து மூன்று மாணவர்கள் ஐந்து மணி நாற்பத்தொன்பது நிமிடம் வந்தனர் .,mixed
இந்த சட்டை 8265 ரூ. ஆகும்.,இந்த சட்டை எட்டாயிரத்து இருநூற்று அறுபத்தைந்து ரூபாய் ஆகும் .,money
பை மதிப்பு 173.98 ஆகும்.,பை மதிப்பு நூற்றெழுபத்து மூன்று புள்ளி ஒன்பது எட்டு ஆகும் .,decimal
நேரம் 6:53 ஆகிவிட்டது.,நேரம் ஆறு மணி ஐம்பத்துமூன்று நிமிடம் ஆகிவிட்டது .,time
செய்தியில் 22mm என்று வந்தது.,செய்தியில் இருபத்திரண்டு மில்லிமீட்டர் என்று வந்தது .,measure
௧௦-௧௦-௧௯௯௦ அன்று விடுமுறை.,பத்து அக்டோபர் ஆயிரத்து தொள்ளாயிரத்து தொண்ணூறு அன்று விடுமுறை .,date
96017884299,ஒன்பது ஆறு பூஜ்யம் ஒன்று ஏழு எட்டு எட்டு நான்கு இரண்டு ஒன்பது ஒன்பது,cardinal
விடை 1/2 ஆகும்.,விடை இரண்டில் ஒன்று ஆகும் .,fraction
அவன் 11/14 பங்கு சாப்பிட்டான்.,அவன் பதினான்கில் பதினொன்று பங்கு சாப்பிட்டான் .,fraction
770.002,எழுநூற்று எழுபது புள்ளி பூஜ்யம் பூஜ்யம் இரண்டு~எழுநூற்றெழுபது புள்ளி பூஜ்யம் பூஜ்யம் இரண்டு,decimal
அவர் 06-19-1965 என்றார்.,அவர் ஜூன் பத்தொன்பது ஆயிரத்து தொள்ளாயிரத்து அறுபத்தைந்து என்றார் .,date
06:24:02,ஆறு மணி இருபத்துநான்கு நிமிடம் இரண்டு வினாடி,time
"62,80,57,212 என்பதை நினைவில் கொள்ளுங்கள்.",அறுபத்திரண்டு கோடி எண்பது இலட்சம் ஐம்பத்தேழு ஆயிரம் இருநூற்றுப்பன்னிரண்டு என்பதை நினைவில் கொள்ளுங்கள் .,cardinal
681வது,அறுநூற்று எண்பத்தொன்றாவது,ordinal
026-521680,பூஜ்யம் இரண்டு ஆறு ஐந்து இரண்டு ஒன்று ஆறு எட்டு பூஜ்யம்,telephone
9871909378,ஒன்பது எட்டு ஏழு ஒன்று ஒன்பது பூஜ்யம் ஒன்பது மூன்று ஏழு எட்டு,telephone
எண் 8591658 சரியானது.,எண் எண்பத்தைந்து இலட்சம் தொண்ணூற்றொன்று ஆயிரம் அறுநூற்று ஐம்பத்தெட்டு சரியானது .,cardinal
38.43 கி.கி,முப்பத்தெட்டு புள்ளி நான்கு மூன்று கிலோகிராம்,measure
தேர்வு 28-03-1993 தேதியில் தொடங்கும்.,தேர்வு இருபத்தெட்டு மார்ச் ஆயிரத்து தொள்ளாயிரத்து தொண்ணூற்றுமூன்று தேதியில் தொடங்கும் .,date
04-02-1924 சரியானது.,நான்கு பிப்ரவரி ஆயிரத்து தொள்ளாயிரத்து இருபத்துநான்கு சரியானது .,date
வாடகை ரூ60 ஆக உயர்ந்தது.,வாடகை அறுபது ரூபாய் ஆக உயர்ந்தது .,money
4574,நான்காயிரத்து ஐந்நூற்று எழுபத்துநான்கு,cardinal
6594 kg,ஆறாயிரத்து ஐந்நூற்றுத்தொண்ணூற்றுநான்கு கிலோகிராம்,measure
03-18-2397,மார்ச் பதினெட்டு இரண்டாயிரத்து முந்நூற்றுத்தொண்ணூற்றேழு,date
18வது,பதினெட்டாவது,ordinal
+919428607915 இந்த எண்ணில் அழையுங்கள்.,பிளஸ் ஒன்பது ஒன்று ஒன்பது நான்கு இரண்டு எட்டு ஆறு பூஜ்யம் ஏழு ஒன்பது ஒன்று ஐந்து இந்த எண்ணில் அழையுங்கள் .,telephone
2/3 என்பதை நினைவில் கொள்ளுங்கள்.,மூன்றில் இரண்டு என்பதை நினைவில் கொள்ளுங்கள் .,fraction
இதில் 05 குறிப்பிடப்பட்டுள்ளது.,இதில் பூஜ்யம் ஐந்து குறிப்பிடப்பட்டுள்ளது .,cardinal
19 7/11,பத்தொன்பது மற்றும் பதினொன்றில் ஏழு,fraction
"1,02,35,573 ₹",ஒரு கோடி இரண்டு இலட்சம் முப்பத்தைந்து ஆயிரம் ஐந்நூற்று எழுபத்துமூன்று ரூபாய்,money
கடிதத்தில் 837 இருந்தது.,கடிதத்தில் எண்ணூற்று முப்பத்தேழு இருந்தது .,cardinal
இன்று 63320 பேர் வருகை தந்தனர்.,இன்று அறுபத்துமூன்று ஆயிரம் முந்நூற்று இருபது பேர் வருகை தந்தனர் .,cardinal
அவர் 70% என்றார்.,அவர் எழுபது சதவீதம் என்றார் .,whitelist
67 செ.மீ. சரியானது.,அறுபத்தேழு சென்டிமீட்டர் சரியானது .,measure
இன்றைய விலை 894.24 கோடி ஆக உயர்ந்தது.,இன்றைய விலை எண்ணூற்றுத்தொண்ணூற்றுநான்கு புள்ளி இரண்டு நான்கு கோடி ஆக உயர்ந்தது .,decimal
862 மி.லி பால் வாங்கினேன்.,எண்ணூற்று அறுபத்திரண்டு மில்லிலிட்டர் பால் வாங்கினேன் .,measure
பதிவு தேதி 14-02-2012 ஆகும்.,பதிவு தேதி பதினான்கு பிப்ரவரி இரண்டாயிரத்து பன்னிரண்டு ஆகும் .,date
28 என்பதை நினைவில் கொள்ளுங்கள்.,இருபத்தெட்டு என்பதை நினைவில் கொள்ளுங்கள் .,cardinal
௬௭௩௦௮௫௨,அறுபத்தேழு இலட்சம் முப்பது ஆயிரம் எண்ணூற்று ஐம்பத்திரண்டு,cardinal
கடிதத்தில் 7520 இருந்தது.,கடிதத்தில் ஏழாயிரத்து ஐந்நூற்று இருபது இருந்தது .,cardinal
45.65 கி.கி.,நாற்பத்தைந்து புள்ளி ஆறு ஐந்து கிலோகிராம்,measure
"52,51,73,372",ஐம்பத்திரண்டு கோடி ஐம்பத்தொன்று இலட்சம் எழுபத்துமூன்று ஆயிரம் முந்நூற்று எழுபத்திரண்டு,cardinal
29/11/2025,இருபத்தொன்பது நவம்பர் இரண்டாயிரத்து இருபத்தைந்து,date
€1514.44,ஆயிரத்து ஐந்நூற்றுப்பதினான்கு யூரோ நாற்பத்துநான்கு சென்ட்,money
"எனக்கு 95,71,71,099 வயது.",எனக்கு தொண்ணூற்றைந்து கோடி எழுபத்தொன்று இலட்சம் எழுபத்தொன்று ஆயிரம் தொண்ணூற்றொன்பது வயது .,cardinal
கடிதத்தில் ௯௯௮௨வது இருந்தது.,கடிதத்தில் ஒன்பதாயிரத்து தொள்ளாயிரத்து எண்பத்திரண்டாவது இருந்தது .,ordinal
"811,029",எட்டு இலட்சம் பதினொன்று ஆயிரம் இருபத்தொன்பது,cardinal
அவன் 9 மீ. நடந்தான்.,அவன் ஒன்பது மீட்டர் நடந்தான் .,measure
₹92 கடன் வாங்கினேன்.,தொண்ணூற்றிரண்டு ரூபாய் கடன் வாங்கினேன் .,money
5429,ஐந்தாயிரத்து நானூற்று இருபத்தொன்பது,cardinal
மதிப்பீடு 55.369.,மதிப்பீடு ஐம்பத்தைந்து புள்ளி மூன்று ஆறு ஒன்பது .,decimal
அவர் 4060 yr என்றார்.,அவர் நான்காயிரத்து அறுபது ஆண்டு என்றார் .,measure
Rs. 466/- பற்றி பேசினோம்.,நானூற்று அறுபத்தாறு ரூபாய் பற்றி பேசினோம் .,money
௮௨௮வது,எண்ணூற்று இருபத்தெட்டாவது,ordinal
3505 மி.லி,மூன்றாயிரத்து ஐந்நூற்று ஐந்து மில்லிலிட்டர்,measure
544,ஐந்நூற்று நாற்பத்துநான்கு,cardinal
தேர்வு 06-01-2062 தேதியில் தொடங்கும்.,தேர்வு ஆறு ஜனவரி இரண்டாயிரத்து அறுபத்திரண்டு தேதியில் தொடங்கும் .,date
இதில் 160.929 குறிப்பிடப்பட்டுள்ளது.,இதில் நூற்று அறுபது புள்ளி ஒன்பது இரண்டு ஒன்பது குறிப்பிடப்பட்டுள்ளது .~இதில் நூற்றறுபது புள்ளி ஒன்பது இரண்டு ஒன்பது குறிப்பிடப்பட்டுள்ளது .,decimal
எனக்கு 8740365 வயது.,எனக்கு எண்பத்தேழு இலட்சம் நாற்பது ஆயிரம் முந்நூற்று அறுபத்தைந்து வயது .,cardinal
இதில் 05:00:35 மணிக்கு குறிப்பிடப்பட்டுள்ளது.,இதில் ஐந்து மணி முப்பத்தைந்து வினாடி குறிப்பிடப்பட்டுள்ளது .,time
"64,54,91,144",அறுபத்துநான்கு கோடி ஐம்பத்துநான்கு இலட்சம் தொண்ணூற்றொன்று ஆயிரம் நூற்று நாற்பத்துநான்கு,cardinal
"61,67,46,187",அறுபத்தொன்று கோடி அறுபத்தேழு இலட்சம் நாற்பத்தாறு ஆயிரம் நூற்றெண்பத்து ஏழு,cardinal
"மாத சம்பளம் 2,25,38,661ரூ தான்.",மாத சம்பளம் இரண்டு கோடி இருபத்தைந்து இலட்சம் முப்பத்தெட்டு ஆயிரம் அறுநூற்று அறுபத்தொன்று ரூபாய் தான் .,money
கடைசி தேதி 01-01-2716.,கடைசி தேதி ஒன்று ஜனவரி இரண்டாயிரத்து எழுநூற்றுப்பதினாறு .,date
6525657951,ஆறு ஐந்து இரண்டு ஐந்து ஆறு ஐந்து ஏழு ஒன்பது ஐந்து ஒன்று,telephone
₹௩௭௫,முந்நூற்று எழுபத்தைந்து ரூபாய்,money
இதில் 55ஆவது குறிப்பிடப்பட்டுள்ளது.,இதில் ஐம்பத்தைந்தாவது குறிப்பிடப்பட்டுள்ளது .,ordinal
153,நூற்றைம்பத்து மூன்று,cardinal
703-726,எழுநூற்று மூன்று முதல் எழுநூற்று இருபத்தாறு,range
௩௪௩௦ ha,மூன்றாயிரத்து நானூற்று முப்பது ஹெக்டேர்,measure
2.64,இரண்டு புள்ளி ஆறு நான்கு,decimal
இந்த சட்டை ₹ 37 ஆகும்.,இந்த சட்டை முப்பத்தேழு ரூபாய் ஆகும் .,money
அலுவலகம் 04:46:22 மணிக்கு திறக்கும்.,அலுவலகம் நான்கு மணி நாற்பத்தாறு நிமிடம் இருபத்திரண்டு வினாடி திறக்கும் .,time
1828-2067,ஆயிரத்து எண்ணூற்று இருபத்தெட்டு முதல் இரண்டாயிரத்து அறுபத்தேழு,range
44%,நாற்பத்துநான்கு சதவீதம்,whitelist
2.277,இரண்டு புள்ளி இரண்டு ஏழு ஏழு,decimal
கூட்டம் 7:17 தொடங்கும்.,கூட்டம் ஏழு மணி பதினேழு நிமிடம் தொடங்கும் .,time
செய்தியில் 17-27 என்று வந்தது.,செய்தியில் பதினேழு முதல் இருபத்தேழு என்று வந்தது .,range
பேருந்து 13:35:14 மணிக்கு கிளம்பும்.,பேருந்து பதிமூன்று மணி முப்பத்தைந்து நிமிடம் பதினான்கு வினாடி கிளம்பும் .,time
922வது,தொள்ளாயிரத்து இருபத்திரண்டாவது,ordinal
134243176 என்பதை நினைவில் கொள்ளுங்கள்.,பதிமூன்று கோடி நாற்பத்திரண்டு இலட்சம் நாற்பத்துமூன்று ஆயிரம் நூற்றெழுபத்து ஆறு என்பதை நினைவில் கொள்ளுங்கள் .,cardinal
அவன் 17 94/100 பங்கு சாப்பிட்டான்.,அவன் பதினேழு மற்றும் நூறில் தொண்ணூற்றுநான்கு பங்கு சாப்பிட்டான் .,fraction
23:47:19,இருபத்துமூன்று மணி நாற்பத்தேழு நிமிடம் பத்தொன்பது வினாடி,time
7238899441 சரியானது.,ஏழு இரண்டு மூன்று எட்டு எட்டு ஒன்பது ஒன்பது நான்கு நான்கு ஒன்று சரியானது .,telephone
27/12/2069,இருபத்தேழு டிசம்பர் இரண்டாயிரத்து அறுபத்தொன்பது,date
971,தொள்ளாயிரத்து எழுபத்தொன்று,cardinal
தொடர்புக்கு 7861571701.,தொடர்புக்கு ஏழு எட்டு ஆறு ஒன்று ஐந்து ஏழு ஒன்று ஏழு பூஜ்யம் ஒன்று .,telephone
₹௦.௨௬,இருபத்தாறு பைசா,money
அவர் 14-05-2193 என்றார்.,அவர் பதினான்கு மே இரண்டாயிரத்து நூற்றுத்தொண்ணூற்றுமூன்று என்றார் .,date
ரூ.66.5,அறுபத்தாறு ரூபாய் ஐம்பது பைசா,money
961ஆம் பக்கத்தில் பதில் உள்ளது.,தொள்ளாயிரத்து அறுபத்தொன்றாம் பக்கத்தில் பதில் உள்ளது .,ordinal
26-06-2038,இருபத்தாறு ஜூன் இரண்டாயிரத்து முப்பத்தெட்டு,date
விண்ணப்பம் 09-01-1972 அன்று அனுப்பப்பட்டது.,விண்ணப்பம் ஒன்பது ஜனவரி ஆயிரத்து தொள்ளாயிரத்து எழுபத்திரண்டு அன்று அனுப்பப்பட்டது .,date
விமானம் 02:29 வந்தடையும்.,விமானம் இரண்டு மணி இருபத்தொன்பது நிமிடம் வந்தடையும் .,time
21-03-2051,இருபத்தொன்று மார்ச் இரண்டாயிரத்து ஐம்பத்தொன்று,date
அளவு 6.77 ஆக உள்ளது.,அளவு ஆறு புள்ளி ஏழு ஏழு ஆக உள்ளது .,decimal
செய்தியில் 22:20 என்று வந்தது.,செய்தியில் இருபத்திரண்டு மணி இருபது நிமிடம் என்று வந்தது .,time
1741-2803,ஆயிரத்து எழுநூற்று நாற்பத்தொன்று முதல் இரண்டாயிரத்து எண்ணூற்று மூன்று,range
இதில் 1482.38 MW குறிப்பிடப்பட்டுள்ளது.,இதில் ஆயிரத்து நானூற்று எண்பத்திரண்டு புள்ளி மூன்று எட்டு மெகாவாட் குறிப்பிடப்பட்டுள்ளது .,measure
தேர்வு 25-12-1963 தேதியில் தொடங்கும்.,தேர்வு இருபத்தைந்து டிசம்பர் ஆயிரத்து தொள்ளாயிரத்து அறுபத்துமூன்று தேதியில் தொடங்கும் .,date
அவன் 10வது ஆண்டு படிக்கிறான்.,அவன் பத்தாவது ஆண்டு படிக்கிறான் .,ordinal
கடிதத்தில் ௧.௨ இருந்தது.,கடிதத்தில் ஒன்று புள்ளி இரண்டு இருந்தது .,decimal
கடிதத்தில் ௭௪௦.௫ கி.மீ. இருந்தது.,கடிதத்தில் எழுநூற்று நாற்பது புள்ளி ஐந்து கிலோமீட்டர் இருந்தது .,measure
9551874750,ஒன்பது ஐந்து ஐந்து ஒன்று எட்டு ஏழு நான்கு ஏழு ஐந்து பூஜ்யம்,telephone
செய்தியில் 4/17 என்று வந்தது.,செய்தியில் பதினேழில் நான்கு என்று வந்தது .,fraction
செய்தியில் 999 என்று வந்தது.,செய்தியில் தொள்ளாயிரத்து தொண்ணூற்றொன்பது என்று வந்தது .,cardinal
-646.6 என்று எழுதப்பட்டுள்ளது.,மைனஸ் அறுநூற்று நாற்பத்தாறு புள்ளி ஆறு என்று எழுதப்பட்டுள்ளது .,decimal
1/11,பதினொன்றில் ஒன்று,fraction
18:59 சாப்பிட வா.,பதினெட்டு மணி ஐம்பத்தொன்பது நிமிடம் சாப்பிட வா .,time
செய்தியில் 77% என்று வந்தது.,செய்தியில் எழுபத்தேழு சதவீதம் என்று வந்தது .,whitelist
10-06-1943,பத்து ஜூன் ஆயிரத்து தொள்ளாயிரத்து நாற்பத்துமூன்று,date
52854.7 என்று எழுதப்பட்டுள்ளது.,ஐம்பத்திரண்டு ஆயிரம் எண்ணூற்று ஐம்பத்துநான்கு புள்ளி ஏழு என்று எழுதப்பட்டுள்ளது .,decimal
இதில் 04-10-1903 குறிப்பிடப்பட்டுள்ளது.,இதில் நான்கு அக்டோபர் ஆயிரத்து தொள்ளாயிரத்து மூன்று குறிப்பிடப்பட்டுள்ளது .,date
"1164-1475 பேருக்கு 5,91,18,512.35₹ செலவு ஆகும்.",ஆயிரத்து நூற்றறுபத்து நான்கு முதல் ஆயிரத்து நானூற்று எழுபத்தைந்து பேருக்கு ஐந்து கோடி தொண்ணூற்றொன்று இலட்சம் பதினெட்டு ஆயிரம் ஐந்நூற்றுப்பன்னிரண்டு ரூபாய் முப்பத்தைந்து பைசா செலவு ஆகும் .,mixed
493-927 கிலோ எடை வேண்டும்.,நானூற்றுத்தொண்ணூற்றுமூன்று முதல் தொள்ளாயிரத்து இருபத்தேழு கிலோ எடை வேண்டும் .,range
01-4956139,பூஜ்யம் ஒன்று நான்கு ஒன்பது ஐந்து ஆறு ஒன்று மூன்று ஒன்பது,telephone
1.476,ஒன்று புள்ளி நான்கு ஏழு ஆறு,decimal
௦௭-௦௨-௧௯௯௭ அன்று 79 ரூ செலுத்தினேன்.,ஏழு பிப்ரவரி ஆயிரத்து தொள்ளாயிரத்து தொண்ணூற்றேழு அன்று எழுபத்தொன்பது ரூபாய் செலுத்தினேன் .,mixed
இது 5824ஆவது முறை.,இது ஐந்தாயிரத்து எண்ணூற்று இருபத்துநான்காவது முறை .,ordinal
லெ. அருண்,லெப்டினன்ட் அருண்,whitelist
268,இருநூற்று அறுபத்தெட்டு,cardinal
இந்த நூலில் 5021 பக்கங்கள் உள்ளன.,இந்த நூலில் ஐந்தாயிரத்து இருபத்தொன்று பக்கங்கள் உள்ளன .,cardinal
"கூட்டத்தில் 529,677 பேர் வந்தனர்.",கூட்டத்தில் ஐந்து இலட்சம் இருபத்தொன்பது ஆயிரம் அறுநூற்று எழுபத்தேழு பேர் வந்தனர் .,cardinal
+448108241349 சரியானது.,பிளஸ் நான்கு நான்கு எட்டு ஒன்று பூஜ்யம் எட்டு இரண்டு நான்கு ஒன்று மூன்று நான்கு ஒன்பது சரியானது .,telephone
+16324249503,பிளஸ் ஒன்று ஆறு மூன்று இரண்டு நான்கு இரண்டு நான்கு ஒன்பது ஐந்து பூஜ்யம் மூன்று,telephone
11:54,பதினொன்று மணி ஐம்பத்துநான்கு நிமிடம்,time
இப்போது மணி 22:51.,இப்போது மணி இருபத்திரண்டு மணி ஐம்பத்தொன்று நிமிடம் .,time
கடிதத்தில் 02-13-1977 இருந்தது.,கடிதத்தில் பிப்ரவரி பதிமூன்று ஆயிரத்து தொள்ளாயிரத்து எழுபத்தேழு இருந்தது .,date
இஞ். வேலு,இன்ஜினியர் வேலு,whitelist
அவன் 406.4 மதிப்பெண் பெற்றான்.,அவன் நானூற்று ஆறு புள்ளி நான்கு மதிப்பெண் பெற்றான் .,decimal
6083350993 என்பதை நினைவில் கொள்ளுங்கள்.,ஆறு பூஜ்யம் எட்டு மூன்று மூன்று ஐந்து பூஜ்யம் ஒன்பது ஒன்பது மூன்று என்பதை நினைவில் கொள்ளுங்கள் .,telephone
விலை 589-1104 வரை இருக்கும்.,விலை ஐந்நூற்று எண்பத்தொன்பது முதல் ஆயிரத்து நூற்று நான்கு வரை இருக்கும் .,range
₹ 7924,ஏழாயிரத்து தொள்ளாயிரத்து இருபத்துநான்கு ரூபாய்,money
20:09:12,இருபது மணி ஒன்பது நிமிடம் பன்னிரண்டு வினாடி,time
அந்த ஊரில் ௯௮இல் வீடுகள் உள்ளன.,அந்த ஊரில் தொண்ணூற்றெட்டில் வீடுகள் உள்ளன .,cardinal
"4,51,66,615.3 ரூ.",நான்கு கோடி ஐம்பத்தொன்று இலட்சம் அறுபத்தாறு ஆயிரம் அறுநூற்றுப்பதினைந்து ரூபாய் முப்பது பைசா,money
மொத்தம் 1573 மாணவர்கள் உள்ளனர்.,மொத்தம் ஆயிரத்து ஐந்நூற்று எழுபத்துமூன்று மாணவர்கள் உள்ளனர் .,cardinal
-949293658,மைனஸ் தொண்ணூற்றுநான்கு கோடி தொண்ணூற்றிரண்டு இலட்சம் தொண்ணூற்றுமூன்று ஆயிரம் அறுநூற்று ஐம்பத்தெட்டு,cardinal
29-05-1916,இருபத்தொன்பது மே ஆயிரத்து தொள்ளாயிரத்து பதினாறு,date
19-08-1922,பத்தொன்பது ஆகஸ்ட் ஆயிரத்து தொள்ளாயிரத்து இருபத்திரண்டு,date
அந்த நிறுவனத்தில் ௯௨௨ ஊழியர்கள் பணிபுரிகின்றனர்.,அந்த நிறுவனத்தில் தொள்ளாயிரத்து இருபத்திரண்டு ஊழியர்கள் பணிபுரிகின்றனர் .,cardinal
337வது,முந்நூற்று முப்பத்தேழாவது,ordinal
எண் 23454 சரியானது.,எண் இருபத்துமூன்று ஆயிரம் நானூற்று ஐம்பத்துநான்கு சரியானது .,cardinal
9562,ஒன்பதாயிரத்து ஐந்நூற்று அறுபத்திரண்டு,cardinal
7.9,ஏழு புள்ளி ஒன்பது,decimal
04-11-2061 என்று எழுதப்பட்டுள்ளது.,நான்கு நவம்பர் இரண்டாயிரத்து அறுபத்தொன்று என்று எழுதப்பட்டுள்ளது .,date
கட்டணம் Rs 7297 என அறிவித்தனர்.,கட்டணம் ஏழாயிரத்து இருநூற்றுத்தொண்ணூற்றேழு ரூபாய் என அறிவித்தனர் .,money
08-01-2081,எட்டு ஜனவரி இரண்டாயிரத்து எண்பத்தொன்று,date
24:20:16 என்று எழுதப்பட்டுள்ளது.,இருபத்துநான்கு மணி இருபது நிமிடம் பதினாறு வினாடி என்று எழுதப்பட்டுள்ளது .,time
அளவு ௬௬௩௬௮.௧௭ ஆக உள்ளது.,அளவு அறுபத்தாறு ஆயிரம் முந்நூற்று அறுபத்தெட்டு புள்ளி ஒன்று ஏழு ஆக உள்ளது .,decimal
கடல் அலைகள் ஓசை எழுப்புகின்றன.,கடல் அலைகள் ஓசை எழுப்புகின்றன .,word
"செய்தியில் 822,073 என்று வந்தது.",செய்தியில் எட்டு இலட்சம் இருபத்திரண்டு ஆயிரம் எழுபத்துமூன்று என்று வந்தது .,cardinal
42 %,நாற்பத்திரண்டு சதவீதம்,whitelist
பள்ளியில் 4066801 ஆசிரியர்கள் உள்ளனர்.,பள்ளியில் நாற்பது இலட்சம் அறுபத்தாறு ஆயிரம் எண்ணூற்று ஒன்று ஆசிரியர்கள் உள்ளனர் .,cardinal
இதில் 0788-857972 குறிப்பிடப்பட்டுள்ளது.,இதில் பூஜ்யம் ஏழு எட்டு எட்டு எட்டு ஐந்து ஏழு ஒன்பது ஏழு இரண்டு குறிப்பிடப்பட்டுள்ளது .,telephone
86.62 doz என்பதை நினைவில் கொள்ளுங்கள்.,எண்பத்தாறு புள்ளி ஆறு இரண்டு டஜன் என்பதை நினைவில் கொள்ளுங்கள் .,measure
அவன் 16/20 பங்கு சாப்பிட்டான்.,அவன் இருபதில் பதினாறு பங்கு சாப்பிட்டான் .,fraction
+65 8030173321,பிளஸ் ஆறு ஐந்து எட்டு பூஜ்யம் மூன்று பூஜ்யம் ஒன்று ஏழு மூன்று மூன்று இரண்டு ஒன்று,telephone
61%,அறுபத்தொன்று சதவீதம்,whitelist
23/6,ஆறில் இருபத்துமூன்று,fraction
2000ல் பேருக்கு ¥ ௪௨௫௨ கொடுத்தேன்.,இரண்டாயிரத்தில் பேருக்கு நான்காயிரத்து இருநூற்று ஐம்பத்திரண்டு யென் கொடுத்தேன் .,mixed
அவர் 33இல் ஓட்டங்கள் எடுத்தார்.,அவர் முப்பத்துமூன்றில் ஓட்டங்கள் எடுத்தார் .,cardinal
18:09,பதினெட்டு மணி ஒன்பது நிமிடம்,time
+91 7600416072,பிளஸ் ஒன்பது ஒன்று ஏழு ஆறு பூஜ்யம் பூஜ்யம் நான்கு ஒன்று ஆறு பூஜ்யம் ஏழு இரண்டு,telephone
4561210487451,நான்கு ஐந்து ஆறு ஒன்று இரண்டு ஒன்று பூஜ்யம் நான்கு எட்டு ஏழு நான்கு ஐந்து ஒன்று,cardinal
இன்று 46 பேர் வருகை தந்தனர்.,இன்று நாற்பத்தாறு பேர் வருகை தந்தனர் .,cardinal
உதவி எண் 9310353216 என அறிவித்தனர்.,உதவி எண் ஒன்பது மூன்று ஒன்று பூஜ்யம் மூன்று ஐந்து மூன்று இரண்டு ஒன்று ஆறு என அறிவித்தனர் .,telephone
அவர் 42 ஓட்டங்கள் எடுத்தார்.,அவர் நாற்பத்திரண்டு ஓட்டங்கள் எடுத்தார் .,cardinal
63-84 என்று எழுதப்பட்டுள்ளது.,அறுபத்துமூன்று முதல் எண்பத்துநான்கு என்று எழுதப்பட்டுள்ளது .,range
"¥7,67,63,352",ஏழு கோடி அறுபத்தேழு இலட்சம் அறுபத்துமூன்று ஆயிரம் முந்நூற்று ஐம்பத்திரண்டு யென்,money
அவர் Rs 5690 செலுத்தினார்.,அவர் ஐந்தாயிரத்து அறுநூற்றுத்தொண்ணூறு ரூபாய் செலுத்தினார் .,money
1000இல் மாணவர்கள் 10:05:49 வந்தனர்.,ஆயிரத்தில் மாணவர்கள் பத்து மணி ஐந்து நிமிடம் நாற்பத்தொன்பது வினாடி வந்தனர் .,mixed
04-01-1930 பற்றி பேசினோம்.,நான்கு ஜனவரி ஆயிரத்து தொள்ளாயிரத்து முப்பது பற்றி பேசினோம் .,date
மொத்தத்தில் 32/40 பங்கு.,மொத்தத்தில் நாற்பதில் முப்பத்திரண்டு பங்கு .,fraction
"78 yr அரிசி £ 5,73,58,899.41 ஆகும்.",எழுபத்தெட்டு ஆண்டு அரிசி ஐந்து கோடி எழுபத்துமூன்று இலட்சம் ஐம்பத்தெட்டு ஆயிரம் எண்ணூற்றுத்தொண்ணூற்றொன்பது பவுண்ட் நாற்பத்தொன்று பென்ஸ் ஆகும் .,mixed
16:00:30 வரை 3668 பேர் காத்திருந்தனர்.,பதினாறு மணி முப்பது வினாடி வரை மூன்றாயிரத்து அறுநூற்று அறுபத்தெட்டு பேர் காத்திருந்தனர் .,mixed
அவன் 8588.87 மதிப்பெண் பெற்றான்.,அவன் எட்டாயிரத்து ஐந்நூற்று எண்பத்தெட்டு புள்ளி எட்டு ஏழு மதிப்பெண் பெற்றான் .,decimal
இதில் 16/11/2082 குறிப்பிடப்பட்டுள்ளது.,இதில் பதினாறு நவம்பர் இரண்டாயிரத்து எண்பத்திரண்டு குறிப்பிடப்பட்டுள்ளது .,date
இன்று 7525028772 பேர் வருகை தந்தனர்.,இன்று ஏழு ஐந்து இரண்டு ஐந்து பூஜ்யம் இரண்டு எட்டு ஏழு ஏழு இரண்டு பேர் வருகை தந்தனர் .,cardinal
6ஆம்,ஆறாம்,ordinal
கூட்டம் 20.07.1926 அன்று நடந்தது.,கூட்டம் இருபது ஜூலை ஆயிரத்து தொள்ளாயிரத்து இருபத்தாறு அன்று நடந்தது .,date
-௮௫௭,மைனஸ் எண்ணூற்று ஐம்பத்தேழு,cardinal
மொத்தம் 3339 மாணவர்கள் உள்ளனர்.,மொத்தம் மூன்றாயிரத்து முந்நூற்று முப்பத்தொன்பது மாணவர்கள் உள்ளனர் .,cardinal
பை மதிப்பு 8.834 ஆகும்.,பை மதிப்பு எட்டு புள்ளி எட்டு மூன்று நான்கு ஆகும் .,decimal
அவர் € 86 என்றார்.,அவர் எண்பத்தாறு யூரோ என்றார் .,money
140.6 சரியானது.,நூற்று நாற்பது புள்ளி ஆறு சரியானது .,decimal
887.1 பற்றி பேசினோம்.,எண்ணூற்று எண்பத்தேழு புள்ளி ஒன்று பற்றி பேசினோம் .,decimal
2 ml,இரண்டு மில்லிலிட்டர்,measure
"1,14,31,701 ₹ சரியானது.",ஒரு கோடி பதினான்கு இலட்சம் முப்பத்தொன்று ஆயிரம் எழுநூற்று ஒன்று ரூபாய் சரியானது .,money
071-64260454 சரியானது.,பூஜ்யம் ஏழு ஒன்று ஆறு நான்கு இரண்டு ஆறு பூஜ்யம் நான்கு ஐந்து நான்கு சரியானது .,telephone
கணக்கு 39% என்று வரும்.,கணக்கு முப்பத்தொன்பது சதவீதம் என்று வரும் .,whitelist
"கடிதத்தில் ¥3,75,14,481 இருந்தது.",கடிதத்தில் மூன்று கோடி எழுபத்தைந்து இலட்சம் பதினான்கு ஆயிரம் நானூற்று எண்பத்தொன்று யென் இருந்தது .,money
"கடிதத்தில் ₹௪௯,௪௦,௫௬௨ இருந்தது.",கடிதத்தில் நாற்பத்தொன்பது இலட்சம் நாற்பது ஆயிரம் ஐந்நூற்று அறுபத்திரண்டு ரூபாய் இருந்தது .,money
61இல்,அறுபத்தொன்றில்,cardinal
"292,452 சரியானது.",இரண்டு இலட்சம் தொண்ணூற்றிரண்டு ஆயிரம் நானூற்று ஐம்பத்திரண்டு சரியானது .,cardinal
6922 என்று எழுதப்பட்டுள்ளது.,ஆறாயிரத்து தொள்ளாயிரத்து இருபத்திரண்டு என்று எழுதப்பட்டுள்ளது .,cardinal
"39,99,65,618",முப்பத்தொன்பது கோடி தொண்ணூற்றொன்பது இலட்சம் அறுபத்தைந்து ஆயிரம் அறுநூற்றுப்பதினெட்டு,cardinal
2×10=20,இரண்டு பெருக்கல் பத்து சமம் இருபது,whitelist
புகார் எண் 014-859783 ஆகும்.,புகார் எண் பூஜ்யம் ஒன்று நான்கு எட்டு ஐந்து ஒன்பது ஏழு எட்டு மூன்று ஆகும் .,telephone
04-10-2083,நான்கு அக்டோபர் இரண்டாயிரத்து எண்பத்துமூன்று,date
2089₹,இரண்டாயிரத்து எண்பத்தொன்பது ரூபாய்,money
கடிதத்தில் 13/14 இருந்தது.,கடிதத்தில் பதினான்கில் பதிமூன்று இருந்தது .,fraction
"வண்டி எண் ௮௯௧,௦௭௦ ஆகும்.",வண்டி எண் எட்டு இலட்சம் தொண்ணூற்றொன்று ஆயிரம் எழுபது ஆகும் .,cardinal
45.7%,நாற்பத்தைந்து புள்ளி ஏழு சதவீதம்,whitelist
75% என்பது சரி.,எழுபத்தைந்து சதவீதம் என்பது சரி .,whitelist
1101-1372 பேர் வரலாம்.,ஆயிரத்து நூற்று ஒன்று முதல் ஆயிரத்து முந்நூற்று எழுபத்திரண்டு பேர் வரலாம் .,range
இதில் 04:00 மணிக்கு குறிப்பிடப்பட்டுள்ளது.,இதில் நான்கு மணி குறிப்பிடப்பட்டுள்ளது .,time
612-671,அறுநூற்றுப்பன்னிரண்டு முதல் அறுநூற்று எழுபத்தொன்று,range
1.661,ஒன்று புள்ளி ஆறு ஆறு ஒன்று,decimal
இதில் ¥5742835 குறிப்பிடப்பட்டுள்ளது.,இதில் ஐம்பத்தேழு இலட்சம் நாற்பத்திரண்டு ஆயிரம் எண்ணூற்று முப்பத்தைந்து யென் குறிப்பிடப்பட்டுள்ளது .,money
பை மதிப்பு 181.71 ஆகும்.,பை மதிப்பு நூற்றெண்பத்து ஒன்று புள்ளி ஏழு ஒன்று ஆகும் .,decimal
₹ 0.76,எழுபத்தாறு பைசா,money
அவர் 19/11/1690 என்றார்.,அவர் பத்தொன்பது நவம்பர் ஆயிரத்து அறுநூற்றுத்தொண்ணூறு என்றார் .,date
23-43,இருபத்துமூன்று முதல் நாற்பத்துமூன்று,range
௦௩-௧௩-௨௦௩௨ அன்று 1783 sec மழை பெய்தது.,மார்ச் பதிமூன்று இரண்டாயிரத்து முப்பத்திரண்டு அன்று ஆயிரத்து எழுநூற்று எண்பத்துமூன்று வினாடி மழை பெய்தது .,mixed
இப்போது மணி 6:37:20.,இப்போது மணி ஆறு மணி முப்பத்தேழு நிமிடம் இருபது வினாடி .,time
Rs ௨௯,இருபத்தொன்பது ரூபாய்,money
¥524 என்று எழுதப்பட்டுள்ளது.,ஐந்நூற்று இருபத்துநான்கு யென் என்று எழுதப்பட்டுள்ளது .,money
செய்தியில் 6068650559 என்று வந்தது.,செய்தியில் ஆறு பூஜ்யம் ஆறு எட்டு ஆறு ஐந்து பூஜ்யம் ஐந்து ஐந்து ஒன்பது என்று வந்தது .,telephone
இதில் ௪௩ MW குறிப்பிடப்பட்டுள்ளது.,இதில் நாற்பத்துமூன்று மெகாவாட் குறிப்பிடப்பட்டுள்ளது .,measure
94774.0 என்று எழுதப்பட்டுள்ளது.,தொண்ணூற்றுநான்கு ஆயிரம் எழுநூற்று எழுபத்துநான்கு புள்ளி பூஜ்யம் என்று எழுதப்பட்டுள்ளது .,decimal
இதில் 5735114 குறிப்பிடப்பட்டுள்ளது.,இதில் ஐம்பத்தேழு இலட்சம் முப்பத்தைந்து ஆயிரம் நூற்றுப்பதினான்கு குறிப்பிடப்பட்டுள்ளது .,cardinal
பாத்திரத்தில் 3/8 பங்கு நீர் உள்ளது.,பாத்திரத்தில் எட்டில் மூன்று பங்கு நீர் உள்ளது .,fraction
"கடிதத்தில் ₹ ௭,௫௬,௪௩,௪௭௪ இருந்தது.",கடிதத்தில் ஏழு கோடி ஐம்பத்தாறு இலட்சம் நாற்பத்துமூன்று ஆயிரம் நானூற்று எழுபத்துநான்கு ரூபாய் இருந்தது .,money
934.39 சரியானது.,தொள்ளாயிரத்து முப்பத்துநான்கு புள்ளி மூன்று ஒன்பது சரியானது .,decimal
1351-1535,ஆயிரத்து முந்நூற்று ஐம்பத்தொன்று முதல் ஆயிரத்து ஐந்நூற்று முப்பத்தைந்து,range
09-27-2058,செப்டம்பர் இருபத்தேழு இரண்டாயிரத்து ஐம்பத்தெட்டு,date
14:19 மணிக்கு பற்றி பேசினோம்.,பதினான்கு மணி பத்தொன்பது நிமிடம் பற்றி பேசினோம் .,time
2/6,ஆறில் இரண்டு,fraction
9/13 பற்றி பேசினோம்.,பதிமூன்றில் ஒன்பது பற்றி பேசினோம் .,fraction
பேருந்து 09:48 கிளம்பும்.,பேருந்து ஒன்பது மணி நாற்பத்தெட்டு நிமிடம் கிளம்பும் .,time
04-09-1926,நான்கு செப்டம்பர் ஆயிரத்து தொள்ளாயிரத்து இருபத்தாறு,date
வளர்ச்சி விகிதம் 89581.1 ஆக இருந்தது.,வளர்ச்சி விகிதம் எண்பத்தொன்பது ஆயிரம் ஐந்நூற்று எண்பத்தொன்று புள்ளி ஒன்று ஆக இருந்தது .,decimal
7891671424,ஏழு எட்டு ஒன்பது ஒன்று ஆறு ஏழு ஒன்று நான்கு இரண்டு நான்கு,telephone
08-12-2022,எட்டு டிசம்பர் இரண்டாயிரத்து இருபத்திரண்டு,date
தேர்வு 20-09-1963 தேதியில் தொடங்கும்.,தேர்வு இருபது செப்டம்பர் ஆயிரத்து தொள்ளாயிரத்து அறுபத்துமூன்று தேதியில் தொடங்கும் .,date
21-07-2098,இருபத்தொன்று ஜூலை இரண்டாயிரத்து தொண்ணூற்றெட்டு,date
கடிதத்தில் 14-06-1902 இருந்தது.,கடிதத்தில் பதினான்கு ஜூன் ஆயிரத்து தொள்ளாயிரத்து இரண்டு இருந்தது .,date
௪௧ கி.கி,நாற்பத்தொன்று கிலோகிராம்,measure
வேகம் 66 மி.லி. ஆக இருந்தது.,வேகம் அறுபத்தாறு மில்லிலிட்டர் ஆக இருந்தது .,measure
வேகம் 7655 லி. ஆக இருந்தது.,வேகம் ஏழாயிரத்து அறுநூற்று ஐம்பத்தைந்து லிட்டர் ஆக இருந்தது .,measure
1916-11-17,ஆயிரத்து தொள்ளாயிரத்து பதினாறு நவம்பர் பதினேழு,date
11-12 பக்கங்கள் படிக்கவும்.,பதினொன்று முதல் பன்னிரண்டு பக்கங்கள் படிக்கவும் .,range
28/07/1935 சரியானது.,இருபத்தெட்டு ஜூலை ஆயிரத்து தொள்ளாயிரத்து முப்பத்தைந்து சரியானது .,date
30-05-1908,முப்பது மே ஆயிரத்து தொள்ளாயிரத்து எட்டு,date
வளர்ச்சி விகிதம் 2.064 ஆக இருந்தது.,வளர்ச்சி விகிதம் இரண்டு புள்ளி பூஜ்யம் ஆறு நான்கு ஆக இருந்தது .,decimal
இதில் 03:24 குறிப்பிடப்பட்டுள்ளது.,இதில் மூன்று மணி இருபத்துநான்கு நிமிடம் குறிப்பிடப்பட்டுள்ளது .,time
அவர் 3779 ஓட்டங்கள் எடுத்தார்.,அவர் மூன்றாயிரத்து எழுநூற்று எழுபத்தொன்பது ஓட்டங்கள் எடுத்தார் .,cardinal
அளவு 98068.265 ஆக உள்ளது.,அளவு தொண்ணூற்றெட்டு ஆயிரம் அறுபத்தெட்டு புள்ளி இரண்டு ஆறு ஐந்து ஆக உள்ளது .,decimal
43650.581,நாற்பத்துமூன்று ஆயிரம் அறுநூற்று ஐம்பது புள்ளி ஐந்து எட்டு ஒன்று~நாற்பத்துமூன்று ஆயிரம் அறுநூற்றைம்பது புள்ளி ஐந்து எட்டு ஒன்று,decimal
89 % சரியானது.,எண்பத்தொன்பது சதவீதம் சரியானது .,whitelist
€25.95 என்பதை நினைவில் கொள்ளுங்கள்.,இருபத்தைந்து யூரோ தொண்ணூற்றைந்து சென்ட் என்பதை நினைவில் கொள்ளுங்கள் .,money
4412 mm,நான்காயிரத்து நானூற்றுப்பன்னிரண்டு மில்லிமீட்டர்,measure
12:00 மணிக்கு சாப்பிட வா.,பன்னிரண்டு மணி சாப்பிட வா .,time
14:21,பதினான்கு மணி இருபத்தொன்று நிமிடம்,time
௧.௦,ஒன்று புள்ளி பூஜ்யம்,decimal
4235,நான்காயிரத்து இருநூற்று முப்பத்தைந்து,cardinal
747.45,எழுநூற்று நாற்பத்தேழு புள்ளி நான்கு ஐந்து,decimal
$45,நாற்பத்தைந்து டாலர்,money
-௯௮௫௫௯,மைனஸ் தொண்ணூற்றெட்டு ஆயிரம் ஐந்நூற்று ஐம்பத்தொன்பது,cardinal
21:25,இருபத்தொன்று மணி இருபத்தைந்து நிமிடம்,time
08-10-2059,எட்டு அக்டோபர் இரண்டாயிரத்து ஐம்பத்தொன்பது,date
மொத்த மதிப்பெண் 984.,மொத்த மதிப்பெண் தொள்ளாயிரத்து எண்பத்துநான்கு .,cardinal
நிலத்தில் 44/11 பங்கு விற்றார்.,நிலத்தில் பதினொன்றில் நாற்பத்துநான்கு பங்கு விற்றார் .,fraction
சராசரி 8.7 ஆகும்.,சராசரி எட்டு புள்ளி ஏழு ஆகும் .,decimal
மாத சம்பளம் Rs1816 தான்.,மாத சம்பளம் ஆயிரத்து எண்ணூற்றுப்பதினாறு ரூபாய் தான் .,money
2.18l,இரண்டு புள்ளி ஒன்று எட்டு லிட்டர்,measure
09-12-2045,ஒன்பது டிசம்பர் இரண்டாயிரத்து நாற்பத்தைந்து,date
தேர்வு 19-05-1926 தேதியில் தொடங்கும்.,தேர்வு பத்தொன்பது மே ஆயிரத்து தொள்ளாயிரத்து இருபத்தாறு தேதியில் தொடங்கும் .,date
புகார் எண் 8796984133 ஆகும்.,புகார் எண் எட்டு ஏழு ஒன்பது ஆறு ஒன்பது எட்டு நான்கு ஒன்று மூன்று மூன்று ஆகும் .,telephone
+1 6726048467,பிளஸ் ஒன்று ஆறு ஏழு இரண்டு ஆறு பூஜ்யம் நான்கு எட்டு நான்கு ஆறு ஏழு,telephone
பதிவு தேதி 19-03-2015 ஆகும்.,பதிவு தேதி பத்தொன்பது மார்ச் இரண்டாயிரத்து பதினைந்து ஆகும் .,date
இதில் 16/100 குறிப்பிடப்பட்டுள்ளது.,இதில் நூறில் பதினாறு குறிப்பிடப்பட்டுள்ளது .,fraction
அவள் 36554 புத்தகங்கள் வாங்கினாள்.,அவள் முப்பத்தாறு ஆயிரம் ஐந்நூற்று ஐம்பத்துநான்கு புத்தகங்கள் வாங்கினாள் .,cardinal
வேகம் ௬௨ mg ஆக இருந்தது.,வேகம் அறுபத்திரண்டு மில்லிகிராம் ஆக இருந்தது .,measure
சராசரி 663.31 ஆகும்.,சராசரி அறுநூற்று அறுபத்துமூன்று புள்ளி மூன்று ஒன்று ஆகும் .,decimal
நாள் ௦௯-௨௧-௧௯௮௦ என்று குறிக்கப்பட்டுள்ளது.,நாள் செப்டம்பர் இருபத்தொன்று ஆயிரத்து தொள்ளாயிரத்து எண்பது என்று குறிக்கப்பட்டுள்ளது .,date
பை மதிப்பு 8.0 ஆகும்.,பை மதிப்பு எட்டு புள்ளி பூஜ்யம் ஆகும் .,decimal
லெ. குமார் தள்ளுபடி உள்ளது.,லெப்டினன்ட் குமார் தள்ளுபடி உள்ளது .,whitelist
இதில் 1375இல் குறிப்பிடப்பட்டுள்ளது.,இதில் ஆயிரத்து முந்நூற்று எழுபத்தைந்தில் குறிப்பிடப்பட்டுள்ளது .,cardinal
28,இருபத்தெட்டு,cardinal
விண்ணப்பம் 01-02-1974 அன்று அனுப்பப்பட்டது.,விண்ணப்பம் ஒன்று பிப்ரவரி ஆயிரத்து தொள்ளாயிரத்து எழுபத்துநான்கு அன்று அனுப்பப்பட்டது .,date
3 1/2 என்பதை நினைவில் கொள்ளுங்கள்.,மூன்று மற்றும் இரண்டில் ஒன்று என்பதை நினைவில் கொள்ளுங்கள் .,fraction
621வது கூட்டம் 11-03-2056 அன்று நடந்தது.,அறுநூற்று இருபத்தொன்றாவது கூட்டம் பதினொன்று மார்ச் இரண்டாயிரத்து ஐம்பத்தாறு அன்று நடந்தது .,mixed
"செய்தியில் Rs 5,84,88,678 என்று வந்தது.",செய்தியில் ஐந்து கோடி எண்பத்துநான்கு இலட்சம் எண்பத்தெட்டு ஆயிரம் அறுநூற்று எழுபத்தெட்டு ரூபாய் என்று வந்தது .,money
கடிதத்தில் 06-09-1657 இருந்தது.,கடிதத்தில் ஆறு செப்டம்பர் ஆயிரத்து அறுநூற்று ஐம்பத்தேழு இருந்தது .,date
நீளம் 80579.6 ஆக இருந்தது.,நீளம் எண்பது ஆயிரம் ஐந்நூற்று எழுபத்தொன்பது புள்ளி ஆறு ஆக இருந்தது .,decimal
1365,ஆயிரத்து முந்நூற்று அறுபத்தைந்து,cardinal
அவன் 6.53 செ.மீ நடந்தான்.,அவன் ஆறு புள்ளி ஐந்து மூன்று சென்டிமீட்டர் நடந்தான் .,measure
நிலத்தில் 1/3 பங்கு விற்றார்.,நிலத்தில் மூன்றில் ஒன்று பங்கு விற்றார் .,fraction
10-18,பத்து முதல் பதினெட்டு,range
"மொத்த மதிப்பெண் 16,51,99,550.",மொத்த மதிப்பெண் பதினாறு கோடி ஐம்பத்தொன்று இலட்சம் தொண்ணூற்றொன்பது ஆயிரம் ஐந்நூற்று ஐம்பது .~மொத்த மதிப்பெண் பதினாறு கோடி ஐம்பத்தொன்று இலட்சம் தொண்ணூற்றொன்பது ஆயிரம் ஐந்நூற்றைம்பது .,cardinal
02:57,இரண்டு மணி ஐம்பத்தேழு நிமிடம்,time
Rs.45,நாற்பத்தைந்து ரூபாய்,money
மழை அளவு ௫௧௭௦௭.௨௯ என பதிவானது.,மழை அளவு ஐம்பத்தொன்று ஆயிரம் எழுநூற்று ஏழு புள்ளி இரண்டு ஒன்பது என பதிவானது .,decimal
பை மதிப்பு 426.34 ஆகும்.,பை மதிப்பு நானூற்று இருபத்தாறு புள்ளி மூன்று நான்கு ஆகும் .,decimal
பெட்டியின் எடை 6837.58 செ.மீ இருக்கும்.,பெட்டியின் எடை ஆறாயிரத்து எண்ணூற்று முப்பத்தேழு புள்ளி ஐந்து எட்டு சென்டிமீட்டர் இருக்கும் .,measure
மொத்தத்தில் 1/6 பங்கு.,மொத்தத்தில் ஆறில் ஒன்று பங்கு .,fraction
12வது,பன்னிரண்டாவது,ordinal
67இல்,அறுபத்தேழில்,cardinal
15:51 மணிக்கு பற்றி பேசினோம்.,பதினைந்து மணி ஐம்பத்தொன்று நிமிடம் பற்றி பேசினோம் .,time
60÷10=6,அறுபது வகுத்தல் பத்து சமம் ஆறு,whitelist
அவர் 60/80 என்றார்.,அவர் எண்பதில் அறுபது என்றார் .,fraction
1l அரிசி ₹0.96 ஆகும்.,ஒரு லிட்டர் அரிசி தொண்ணூற்றாறு பைசா ஆகும் .,mixed
56-83,ஐம்பத்தாறு முதல் எண்பத்துமூன்று,range
ரயில் 9:00:04 மணிக்கு புறப்படும்.,ரயில் ஒன்பது மணி நான்கு வினாடி புறப்படும் .,time
994 நாட்கள் ஆயிற்று.,தொள்ளாயிரத்து தொண்ணூற்றுநான்கு நாட்கள் ஆயிற்று .,cardinal
மொத்த செலவு $106452871.,மொத்த செலவு பத்து கோடி அறுபத்துநான்கு இலட்சம் ஐம்பத்திரண்டு ஆயிரம் எண்ணூற்று எழுபத்தொன்று டாலர் .,money
இதில் 03-9886476 குறிப்பிடப்பட்டுள்ளது.,இதில் பூஜ்யம் மூன்று ஒன்பது எட்டு எட்டு ஆறு நான்கு ஏழு ஆறு குறிப்பிடப்பட்டுள்ளது .,telephone
விமானம் 8:09 வந்தடையும்.,விமானம் எட்டு மணி ஒன்பது நிமிடம் வந்தடையும் .,time
88.13 KB பற்றி பேசினோம்.,எண்பத்தெட்டு புள்ளி ஒன்று மூன்று கிலோபைட் பற்றி பேசினோம் .,measure
48.3 என்று எழுதப்பட்டுள்ளது.,நாற்பத்தெட்டு புள்ளி மூன்று என்று எழுதப்பட்டுள்ளது .,decimal
¥ 674.36,அறுநூற்று எழுபத்துநான்கு யென் முப்பத்தாறு சென்,money
கு. அருண்,குமாரி அருண்,whitelist
அவர் 39017.509 என்றார்.,அவர் முப்பத்தொன்பது ஆயிரம் பதினேழு புள்ளி ஐந்து பூஜ்யம் ஒன்பது என்றார் .,decimal
௨௧:௧௧,இருபத்தொன்று மணி பதினொன்று நிமிடம்,time
22:19 மணிக்கு,இருபத்திரண்டு மணி பத்தொன்பது நிமிடம்,time
அவன் -267.405 மதிப்பெண் பெற்றான்.,அவன் மைனஸ் இருநூற்று அறுபத்தேழு புள்ளி நான்கு பூஜ்யம் ஐந்து மதிப்பெண் பெற்றான் .,decimal
அவர் 24-06-1971 என்றார்.,அவர் இருபத்துநான்கு ஜூன் ஆயிரத்து தொள்ளாயிரத்து எழுபத்தொன்று என்றார் .,date
362-558 சரியானது.,முந்நூற்று அறுபத்திரண்டு முதல் ஐந்நூற்று ஐம்பத்தெட்டு சரியானது .,range
1945-05-31,ஆயிரத்து தொள்ளாயிரத்து நாற்பத்தைந்து மே முப்பத்தொன்று,date
அவர் 09 ஓட்டங்கள் எடுத்தார்.,அவர் பூஜ்யம் ஒன்பது ஓட்டங்கள் எடுத்தார் .,cardinal
61வது,அறுபத்தொன்றாவது,ordinal
¥65.76 என்று எழுதப்பட்டுள்ளது.,அறுபத்தைந்து யென் எழுபத்தாறு சென் என்று எழுதப்பட்டுள்ளது .,money
நிகழ்ச்சி 22:56 ஒளிபரப்பாகும்.,நிகழ்ச்சி இருபத்திரண்டு மணி ஐம்பத்தாறு நிமிடம் ஒளிபரப்பாகும் .,time
7026836104,ஏழு பூஜ்யம் இரண்டு ஆறு எட்டு மூன்று ஆறு ஒன்று பூஜ்யம் நான்கு,telephone
97%,தொண்ணூற்றேழு சதவீதம்,whitelist
அவள் 5150874 புத்தகங்கள் வாங்கினாள்.,அவள் ஐம்பத்தொன்று இலட்சம் ஐம்பது ஆயிரம் எண்ணூற்று எழுபத்துநான்கு புத்தகங்கள் வாங்கினாள் .,cardinal
66 பற்றி பேசினோம்.,அறுபத்தாறு பற்றி பேசினோம் .,cardinal
713480624789,ஏழு ஒன்று மூன்று நான்கு எட்டு பூஜ்யம் ஆறு இரண்டு நான்கு ஏழு எட்டு ஒன்பது,cardinal
383-493 சரியானது.,முந்நூற்று எண்பத்துமூன்று முதல் நானூற்றுத்தொண்ணூற்றுமூன்று சரியானது .,range
14வது,பதினான்காவது,ordinal
9:34,ஒன்பது மணி முப்பத்துநான்கு நிமிடம்,time
அவர் 1997-02-27 அன்று பிறந்தார்.,அவர் ஆயிரத்து தொள்ளாயிரத்து தொண்ணூற்றேழு பிப்ரவரி இருபத்தேழு அன்று பிறந்தார் .,date
கூட்டம் 28-01-1929 அன்று 23:56:57 தொடங்கும்.,கூட்டம் இருபத்தெட்டு ஜனவரி ஆயிரத்து தொள்ளாயிரத்து இருபத்தொன்பது அன்று இருபத்துமூன்று மணி ஐம்பத்தாறு நிமிடம் ஐம்பத்தேழு வினாடி தொடங்கும் .,mixed
₹842.9,எண்ணூற்று நாற்பத்திரண்டு ரூபாய் தொண்ணூறு பைசா,money
விமானம் 11:04 வந்தடையும்.,விமானம் பதினொன்று மணி நான்கு நிமிடம் வந்தடையும் .,time
௯௭௭.௫௪,தொள்ளாயிரத்து எழுபத்தேழு புள்ளி ஐந்து நான்கு,decimal
பிறந்த நாள் 20/02/1922.,பிறந்த நாள் இருபது பிப்ரவரி ஆயிரத்து தொள்ளாயிரத்து இருபத்திரண்டு .,date
614.84,அறுநூற்றுப்பதினான்கு புள்ளி எட்டு நான்கு,decimal
கடைசி தேதி 02-09-2025.,கடைசி தேதி இரண்டு செப்டம்பர் இரண்டாயிரத்து இருபத்தைந்து .,date
அவர் ஒரு நல்ல ஆசிரியர்.,அவர் ஒரு நல்ல ஆசிரியர் .,word
பிறந்த நாள் 30-01-1115.,பிறந்த நாள் முப்பது ஜனவரி ஆயிரத்து நூற்றுப்பதினைந்து .,date
383-412,முந்நூற்று எண்பத்துமூன்று முதல் நானூற்றுப்பன்னிரண்டு,range
9:49:17,ஒன்பது மணி நாற்பத்தொன்பது நிமிடம் பதினேழு வினாடி,time
6.7,ஆறு புள்ளி ஏழு,decimal
அவன் 91/90 பங்கு சாப்பிட்டான்.,அவன் தொண்ணூறில் தொண்ணூற்றொன்று பங்கு சாப்பிட்டான் .,fraction
9606 என்று எழுதப்பட்டுள்ளது.,ஒன்பதாயிரத்து அறுநூற்று ஆறு என்று எழுதப்பட்டுள்ளது .,cardinal
இதில் 24:46 குறிப்பிடப்பட்டுள்ளது.,இதில் இருபத்துநான்கு மணி நாற்பத்தாறு நிமிடம் குறிப்பிடப்பட்டுள்ளது .,time
"பேருந்து கட்டணம் Rs.8,33,54,469 ஆகும்.",பேருந்து கட்டணம் எட்டு கோடி முப்பத்துமூன்று இலட்சம் ஐம்பத்துநான்கு ஆயிரம் நானூற்று அறுபத்தொன்பது ரூபாய் ஆகும் .,money
17/04/1705 அன்று விடுமுறை.,பதினேழு ஏப்ரல் ஆயிரத்து எழுநூற்று ஐந்து அன்று விடுமுறை .,date
எனக்கு 8109 வயது.,எனக்கு எட்டாயிரத்து நூற்று ஒன்பது வயது .,cardinal
21/02/2088 சரியானது.,இருபத்தொன்று பிப்ரவரி இரண்டாயிரத்து எண்பத்தெட்டு சரியானது .,date
நிகழ்ச்சி 21:54:08 மணிக்கு ஒளிபரப்பாகும்.,நிகழ்ச்சி இருபத்தொன்று மணி ஐம்பத்துநான்கு நிமிடம் எட்டு வினாடி ஒளிபரப்பாகும் .,time
01:36,ஒரு மணி முப்பத்தாறு நிமிடம்,time
808 ரூ.,எண்ணூற்று எட்டு ரூபாய்,money
51/60 சரியானது.,அறுபதில் ஐம்பத்தொன்று சரியானது .,fraction
தேர்வு 15-03-2060 தேதியில் தொடங்கும்.,தேர்வு பதினைந்து மார்ச் இரண்டாயிரத்து அறுபது தேதியில் தொடங்கும் .,date
௧௦:௪௯,பத்து மணி நாற்பத்தொன்பது நிமிடம்,time
30 ரூ பற்றி பேசினோம்.,முப்பது ரூபாய் பற்றி பேசினோம் .,money
25 கி.கி.,இருபத்தைந்து கிலோகிராம்,measure
"ரூ7,50,27,040 சரியானது.",ஏழு கோடி ஐம்பது இலட்சம் இருபத்தேழு ஆயிரம் நாற்பது ரூபாய் சரியானது .,money
+44 6520146228 என்ற எண்ணை 22:03 அழைக்கவும்.,பிளஸ் நான்கு நான்கு ஆறு ஐந்து இரண்டு பூஜ்யம் ஒன்று நான்கு ஆறு இரண்டு இரண்டு எட்டு என்ற எண்ணை இருபத்திரண்டு மணி மூன்று நிமிடம் அழைக்கவும் .,mixed
அவர் ௧௧-௦௯-௧௯௮௭ என்றார்.,அவர் பதினொன்று செப்டம்பர் ஆயிரத்து தொள்ளாயிரத்து எண்பத்தேழு என்றார் .,date
9:30:49 மணிக்கு,ஒன்பது மணி முப்பது நிமிடம் நாற்பத்தொன்பது வினாடி,time
7301,ஏழாயிரத்து முந்நூற்று ஒன்று,cardinal
விலை 2-4 வரை இருக்கும்.,விலை இரண்டு முதல் நான்கு வரை இருக்கும் .,range
10ஆவது,பத்தாவது,ordinal
கடிதத்தில் 4ஆவது இருந்தது.,கடிதத்தில் நான்காவது இருந்தது .,ordinal
மொத்த செலவு $45.3.,மொத்த செலவு நாற்பத்தைந்து டாலர் முப்பது சென்ட் .,money
செய்தியில் 28வது என்று வந்தது.,செய்தியில் இருபத்தெட்டாவது என்று வந்தது .,ordinal
59.14 g,ஐம்பத்தொன்பது புள்ளி ஒன்று நான்கு கிராம்,measure
07:00 சரியானது.,ஏழு மணி சரியானது .,time
6.2mi,ஆறு புள்ளி இரண்டு மைல்,measure
விமானம் 11:39 வந்தடையும்.,விமானம் பதினொன்று மணி முப்பத்தொன்பது நிமிடம் வந்தடையும் .,time
ரூ.௩௧.௯௬,முப்பத்தொன்று ரூபாய் தொண்ணூற்றாறு பைசா,money
இது அவரது ௨௩ஆவது புத்தகம்.,இது அவரது இருபத்துமூன்றாவது புத்தகம் .,ordinal
விண்ணப்பம் 26-10-2028 அன்று அனுப்பப்பட்டது.,விண்ணப்பம் இருபத்தாறு அக்டோபர் இரண்டாயிரத்து இருபத்தெட்டு அன்று அனுப்பப்பட்டது .,date
912.25 என்று எழுதப்பட்டுள்ளது.,தொள்ளாயிரத்து பன்னிரண்டு புள்ளி இரண்டு ஐந்து என்று எழுதப்பட்டுள்ளது .,decimal
23 மீ.,இருபத்துமூன்று மீட்டர்,measure
அவர் 96ல் என்றார்.,அவர் தொண்ணூற்றாறில் என்றார் .,cardinal
அந்த ஊரில் 22122 வீடுகள் உள்ளன.,அந்த ஊரில் இருபத்திரண்டு ஆயிரம் நூற்று இருபத்திரண்டு வீடுகள் உள்ளன .,cardinal
"அவன் 8,77,28,146 முறை முயன்றான்.",அவன் எட்டு கோடி எழுபத்தேழு இலட்சம் இருபத்தெட்டு ஆயிரம் நூற்று நாற்பத்தாறு முறை முயன்றான் .,cardinal
அலுவலக எண் 0418-401566.,அலுவலக எண் பூஜ்யம் நான்கு ஒன்று எட்டு நான்கு பூஜ்யம் ஒன்று ஐந்து ஆறு ஆறு .,telephone
பதிவு தேதி 25-02-1981 ஆகும்.,பதிவு தேதி இருபத்தைந்து பிப்ரவரி ஆயிரத்து தொள்ளாயிரத்து எண்பத்தொன்று ஆகும் .,date
1991-02-01,ஆயிரத்து தொள்ளாயிரத்து தொண்ணூற்றொன்று பிப்ரவரி ஒன்று,date
விலை ₹10465 ஆனது 1.396 சதவீதம் உயர்வு.,விலை பத்து ஆயிரம் நானூற்று அறுபத்தைந்து ரூபாய் ஆனது ஒன்று புள்ளி மூன்று ஒன்பது ஆறு சதவீதம் உயர்வு .,mixed
Rs.36,முப்பத்தாறு ரூபாய்,money
செய்தியில் 16 GB என்று வந்தது.,செய்தியில் பதினாறு கிகாபைட் என்று வந்தது .,measure
அவள் 764 புத்தகங்கள் வாங்கினாள்.,அவள் எழுநூற்று அறுபத்துநான்கு புத்தகங்கள் வாங்கினாள் .,cardinal
அந்த நிலம் ¥19.9 விலை போனது.,அந்த நிலம் பத்தொன்பது யென் தொண்ணூறு சென் விலை போனது .,money
1058Hz,ஆயிரத்து ஐம்பத்தெட்டு ஹெர்ட்ஸ்,measure
கடிதத்தில் 21-02-1980 இருந்தது.,கடிதத்தில் இருபத்தொன்று பிப்ரவரி ஆயிரத்து தொள்ளாயிரத்து எண்பது இருந்தது .,date
௨௮-௧௧-௧௯௩௧ அன்று 24755 பேர் வந்தனர்.,இருபத்தெட்டு நவம்பர் ஆயிரத்து தொள்ளாயிரத்து முப்பத்தொன்று அன்று இருபத்துநான்கு ஆயிரம் எழுநூற்று ஐம்பத்தைந்து பேர் வந்தனர் .,mixed
வட்டி 83% ஆக உள்ளது.,வட்டி எண்பத்துமூன்று சதவீதம் ஆக உள்ளது .,whitelist
24÷2=12,இருபத்துநான்கு வகுத்தல் இரண்டு சமம் பன்னிரண்டு,whitelist
"Rs75,70,683/-",எழுபத்தைந்து இலட்சம் எழுபது ஆயிரம் அறுநூற்று எண்பத்துமூன்று ரூபாய்,money
"788,493 என்பதை நினைவில் கொள்ளுங்கள்.",ஏழு இலட்சம் எண்பத்தெட்டு ஆயிரம் நானூற்றுத்தொண்ணூற்றுமூன்று என்பதை நினைவில் கொள்ளுங்கள் .,cardinal
அவன் 19 முறை முயன்றான்.,அவன் பத்தொன்பது முறை முயன்றான் .,cardinal
12-10-2013 அன்று $3740 செலுத்தினேன்.,பன்னிரண்டு அக்டோபர் இரண்டாயிரத்து பதிமூன்று அன்று மூன்றாயிரத்து எழுநூற்று நாற்பது டாலர் செலுத்தினேன் .,mixed
அவர் 13/04/1901 அன்று பிறந்தார்.,அவர் பதிமூன்று ஏப்ரல் ஆயிரத்து தொள்ளாயிரத்து ஒன்று அன்று பிறந்தார் .,date
கடிதத்தில் ₹௫௦௬ இருந்தது.,கடிதத்தில் ஐந்நூற்று ஆறு ரூபாய் இருந்தது .,money
16-08-1966 என்பதை நினைவில் கொள்ளுங்கள்.,பதினாறு ஆகஸ்ட் ஆயிரத்து தொள்ளாயிரத்து அறுபத்தாறு என்பதை நினைவில் கொள்ளுங்கள் .,date
பிறந்த நாள் 1903-06-01.,பிறந்த நாள் ஆயிரத்து தொள்ளாயிரத்து மூன்று ஜூன் ஒன்று .,date
5757வது என்பதை நினைவில் கொள்ளுங்கள்.,ஐந்தாயிரத்து எழுநூற்று ஐம்பத்தேழாவது என்பதை நினைவில் கொள்ளுங்கள் .,ordinal
இப்போது மணி 23:45.,இப்போது மணி இருபத்துமூன்று மணி நாற்பத்தைந்து நிமிடம் .,time
எனக்கு 22435273327 வயது.,எனக்கு இரண்டு இரண்டு நான்கு மூன்று ஐந்து இரண்டு ஏழு மூன்று மூன்று இரண்டு ஏழு வயது .,cardinal
-௪.௪௩௧,மைனஸ் நான்கு புள்ளி நான்கு மூன்று ஒன்று,decimal
85வது,எண்பத்தைந்தாவது,ordinal
-௯௪௯௧,மைனஸ் ஒன்பதாயிரத்து நானூற்றுத்தொண்ணூற்றொன்று,cardinal
அவர் 4331314 ஓட்டங்கள் எடுத்தார்.,அவர் நாற்பத்துமூன்று இலட்சம் முப்பத்தொன்று ஆயிரம் முந்நூற்றுப்பதினான்கு ஓட்டங்கள் எடுத்தார் .,cardinal
அலுவலகம் 03:54 திறக்கும்.,அலுவலகம் மூன்று மணி ஐம்பத்துநான்கு நிமிடம் திறக்கும் .,time
"5,10,06,879 என்று எழுதப்பட்டுள்ளது.",ஐந்து கோடி பத்து இலட்சம் ஆறாயிரத்து எண்ணூற்று எழுபத்தொன்பது என்று எழுதப்பட்டுள்ளது .,cardinal
கடிதத்தில் 9408 ரூ இருந்தது.,கடிதத்தில் ஒன்பதாயிரத்து நானூற்று எட்டு ரூபாய் இருந்தது .,money
1070-1686 வயது குழந்தைகள் வரலாம்.,ஆயிரத்து எழுபது முதல் ஆயிரத்து அறுநூற்று எண்பத்தாறு வயது குழந்தைகள் வரலாம் .,range
எனக்கு 1000இல் வயது.,எனக்கு ஆயிரத்தில் வயது .,cardinal
கடிதத்தில் 2946 இருந்தது.,கடிதத்தில் இரண்டாயிரத்து தொள்ளாயிரத்து நாற்பத்தாறு இருந்தது .,cardinal
செய்தியில் 23:12 என்று வந்தது.,செய்தியில் இருபத்துமூன்று மணி பன்னிரண்டு நிமிடம் என்று வந்தது .,time
இதில் 1 4/14 பங்கு எனக்கு.,இதில் ஒன்று மற்றும் பதினான்கில் நான்கு பங்கு எனக்கு .,fraction
¥ ௫௦௫௮௨,ஐம்பது ஆயிரம் ஐந்நூற்று எண்பத்திரண்டு யென்,money
௫௨/௬௦,அறுபதில் ஐம்பத்திரண்டு,fraction
₹0.15,பதினைந்து பைசா,money
அவர் 5146இல் என்றார்.,அவர் ஐந்தாயிரத்து நூற்று நாற்பத்தாறில் என்றார் .,cardinal
12:00:56,பன்னிரண்டு மணி ஐம்பத்தாறு வினாடி,time
04-09-1902 என்று எழுதப்பட்டுள்ளது.,நான்கு செப்டம்பர் ஆயிரத்து தொள்ளாயிரத்து இரண்டு என்று எழுதப்பட்டுள்ளது .,date
கணக்கு 26 % என்று வரும்.,கணக்கு இருபத்தாறு சதவீதம் என்று வரும் .,whitelist
அவர் 473221099 ஓட்டங்கள் எடுத்தார்.,அவர் நாற்பத்தேழு கோடி முப்பத்திரண்டு இலட்சம் இருபத்தொன்று ஆயிரம் தொண்ணூற்றொன்பது ஓட்டங்கள் எடுத்தார் .,cardinal
பை மதிப்பு 8.6 ஆகும்.,பை மதிப்பு எட்டு புள்ளி ஆறு ஆகும் .,decimal
கடிதத்தில் 5.311 இருந்தது.,கடிதத்தில் ஐந்து புள்ளி மூன்று ஒன்று ஒன்று இருந்தது .,decimal
கடிதத்தில் ¥ 50.3 இருந்தது.,கடிதத்தில் ஐம்பது யென் முப்பது சென் இருந்தது .,money
13ல்,பதிமூன்றில்,cardinal
6980031613,ஆறு ஒன்பது எட்டு பூஜ்யம் பூஜ்யம் மூன்று ஒன்று ஆறு ஒன்று மூன்று,telephone
செய்தியில் 1992-06-24 என்று வந்தது.,செய்தியில் ஆயிரத்து தொள்ளாயிரத்து தொண்ணூற்றிரண்டு ஜூன் இருபத்துநான்கு என்று வந்தது .,date
3237,மூன்றாயிரத்து இருநூற்று முப்பத்தேழு,cardinal
9/20,இருபதில் ஒன்பது,fraction
745,எழுநூற்று நாற்பத்தைந்து,cardinal
உதவி எண் +971 7478675429 என அறிவித்தனர்.,உதவி எண் பிளஸ் ஒன்பது ஏழு ஒன்று ஏழு நான்கு ஏழு எட்டு ஆறு ஏழு ஐந்து நான்கு இரண்டு ஒன்பது என அறிவித்தனர் .,telephone
௯௧ஆம்,தொண்ணூற்றொன்றாம்,ordinal
4l தண்ணீர் குடிக்க வேண்டும்.,நான்கு லிட்டர் தண்ணீர் குடிக்க வேண்டும் .,measure
78ஆம் என்று எழுதப்பட்டுள்ளது.,எழுபத்தெட்டாம் என்று எழுதப்பட்டுள்ளது .,ordinal
9720219626,ஒன்பது ஏழு இரண்டு பூஜ்யம் இரண்டு ஒன்று ஒன்பது ஆறு இரண்டு ஆறு,cardinal
கடிதத்தில் 6.277 இருந்தது.,கடிதத்தில் ஆறு புள்ளி இரண்டு ஏழு ஏழு இருந்தது .,decimal
Rs.4781,நான்காயிரத்து எழுநூற்று எண்பத்தொன்று ரூபாய்,money
2.813,இரண்டு புள்ளி எட்டு ஒன்று மூன்று,decimal
21-11-2044,இருபத்தொன்று நவம்பர் இரண்டாயிரத்து நாற்பத்துநான்கு,date
770.743,எழுநூற்று எழுபது புள்ளி ஏழு நான்கு மூன்று~எழுநூற்றெழுபது புள்ளி ஏழு நான்கு மூன்று,decimal
அவள் 99637 புத்தகங்கள் வாங்கினாள்.,அவள் தொண்ணூற்றொன்பது ஆயிரம் அறுநூற்று முப்பத்தேழு புத்தகங்கள் வாங்கினாள் .,cardinal
கடிதத்தில் 8/12 இருந்தது.,கடிதத்தில் பன்னிரண்டில் எட்டு இருந்தது .,fraction
55,ஐம்பத்தைந்து,cardinal
6982வது,ஆறாயிரத்து தொள்ளாயிரத்து எண்பத்திரண்டாவது,ordinal
அவர் 16-12-1988 என்றார்.,அவர் பதினாறு டிசம்பர் ஆயிரத்து தொள்ளாயிரத்து எண்பத்தெட்டு என்றார் .,date
4538154,நாற்பத்தைந்து இலட்சம் முப்பத்தெட்டு ஆயிரம் நூற்றைம்பத்து நான்கு,cardinal
6857 கி.கி.,ஆறாயிரத்து எண்ணூற்று ஐம்பத்தேழு கிலோகிராம்,measure
"அந்த நிலம் $18,08,330 விலை போனது.",அந்த நிலம் பதினெட்டு இலட்சம் எட்டாயிரத்து முந்நூற்று முப்பது டாலர் விலை போனது .,money
"இன்று 80,58,76,935 பேர் வருகை தந்தனர்.",இன்று எண்பது கோடி ஐம்பத்தெட்டு இலட்சம் எழுபத்தாறு ஆயிரம் தொள்ளாயிரத்து முப்பத்தைந்து பேர் வருகை தந்தனர் .,cardinal
மொத்தம் 910 மாணவர்கள் உள்ளனர்.,மொத்தம் தொள்ளாயிரத்து பத்து மாணவர்கள் உள்ளனர் .,cardinal
5020,ஐந்தாயிரத்து இருபது,cardinal
நீளம் 95674.3 ஆக இருந்தது.,நீளம் தொண்ணூற்றைந்து ஆயிரம் அறுநூற்று எழுபத்துநான்கு புள்ளி மூன்று ஆக இருந்தது .,decimal
27ஆவது,இருபத்தேழாவது,ordinal
௧௮௦௮வது,ஆயிரத்து எண்ணூற்று எட்டாவது,ordinal
74 mL,எழுபத்துநான்கு மில்லிலிட்டர்,measure
வண்டி எண் 1211 ஆகும்.,வண்டி எண் ஆயிரத்து இருநூற்றுப்பதினொன்று ஆகும் .,cardinal
4643,நான்காயிரத்து அறுநூற்று நாற்பத்துமூன்று,cardinal
4 லி. என்று எழுதப்பட்டுள்ளது.,நான்கு லிட்டர் என்று எழுதப்பட்டுள்ளது .,measure
அவர் 82 என்றார்.,அவர் எண்பத்திரண்டு என்றார் .,cardinal
9769 °F,ஒன்பதாயிரத்து எழுநூற்று அறுபத்தொன்பது டிகிரி பாரன்ஹீட்,measure
1914-01-11 என்று எழுதப்பட்டுள்ளது.,ஆயிரத்து தொள்ளாயிரத்து பதினான்கு ஜனவரி பதினொன்று என்று எழுதப்பட்டுள்ளது .,date
€ 835700246.1,எண்பத்துமூன்று கோடி ஐம்பத்தேழு இலட்சம் இருநூற்று நாற்பத்தாறு யூரோ பத்து சென்ட்,money
செய்தியில் 75.3% என்று வந்தது.,செய்தியில் எழுபத்தைந்து புள்ளி மூன்று சதவீதம் என்று வந்தது .,whitelist
மொத்த செலவு 9560 ₹.,மொத்த செலவு ஒன்பதாயிரத்து ஐந்நூற்று அறுபது ரூபாய் .~மொத்த செலவு ஒன்பதாயிரத்து ஐந்நூற்றறுபது ரூபாய் .,money
பள்ளியில் 00095853024 ஆசிரியர்கள் உள்ளனர்.,பள்ளியில் பூஜ்யம் பூஜ்யம் பூஜ்யம் ஒன்பது ஐந்து எட்டு ஐந்து மூன்று பூஜ்யம் இரண்டு நான்கு ஆசிரியர்கள் உள்ளனர் .,cardinal
சராசரி 1.02 என்பது 266672 மாணவர்களின் கணக்கு.,சராசரி ஒன்று புள்ளி பூஜ்யம் இரண்டு என்பது இரண்டு இலட்சம் அறுபத்தாறு ஆயிரம் அறுநூற்று எழுபத்திரண்டு மாணவர்களின் கணக்கு .,mixed
இதில் 001-603103 குறிப்பிடப்பட்டுள்ளது.,இதில் பூஜ்யம் பூஜ்யம் ஒன்று ஆறு பூஜ்யம் மூன்று ஒன்று பூஜ்யம் மூன்று குறிப்பிடப்பட்டுள்ளது .,telephone
அளவு -304.675 ஆக உள்ளது.,அளவு மைனஸ் முந்நூற்று நான்கு புள்ளி ஆறு ஏழு ஐந்து ஆக உள்ளது .,decimal
7394 மாணவர்கள் ௧௮:௦௭ வந்தனர்.,ஏழாயிரத்து முந்நூற்றுத்தொண்ணூற்றுநான்கு மாணவர்கள் பதினெட்டு மணி ஏழு நிமிடம் வந்தனர் .,mixed
7627070237,ஏழு ஆறு இரண்டு ஏழு பூஜ்யம் ஏழு பூஜ்யம் இரண்டு மூன்று ஏழு,cardinal
கடிதத்தில் 5/10 இருந்தது.,கடிதத்தில் பத்தில் ஐந்து இருந்தது .,fraction
"ரூ ௪,௦௪,௯௫,௩௮௩",நான்கு கோடி நான்கு இலட்சம் தொண்ணூற்றைந்து ஆயிரம் முந்நூற்று எண்பத்துமூன்று ரூபாய்,money
புகார் எண் +65 7326007601 ஆகும்.,புகார் எண் பிளஸ் ஆறு ஐந்து ஏழு மூன்று இரண்டு ஆறு பூஜ்யம் பூஜ்யம் ஏழு ஆறு பூஜ்யம் ஒன்று ஆகும் .,telephone
7780488081,ஏழு ஏழு எட்டு பூஜ்யம் நான்கு எட்டு எட்டு பூஜ்யம் எட்டு ஒன்று,telephone
23:16:30 மணிக்கு,இருபத்துமூன்று மணி பதினாறு நிமிடம் முப்பது வினாடி,time
9/18 பங்கு மாணவர்கள் தேர்ச்சி பெற்றனர்.,பதினெட்டில் ஒன்பது பங்கு மாணவர்கள் தேர்ச்சி பெற்றனர் .,fraction
பள்ளியில் 1505 ஆசிரியர்கள் உள்ளனர்.,பள்ளியில் ஆயிரத்து ஐந்நூற்று ஐந்து ஆசிரியர்கள் உள்ளனர் .,cardinal
4:00 வரை 244 பேர் காத்திருந்தனர்.,நான்கு மணி வரை இருநூற்று நாற்பத்துநான்கு பேர் காத்திருந்தனர் .,mixed
இன்று 11 பேர் வருகை தந்தனர்.,இன்று பதினொன்று பேர் வருகை தந்தனர் .,cardinal
அந்த நிலம் 204 ரூ விலை போனது.,அந்த நிலம் இருநூற்று நான்கு ரூபாய் விலை போனது .,money
3056ஆம்,மூன்றாயிரத்து ஐம்பத்தாறாம்,ordinal
"10:49 வரை ௪௫,௬௪௧ பேர் காத்திருந்தனர்.",பத்து மணி நாற்பத்தொன்பது நிமிடம் வரை நாற்பத்தைந்து ஆயிரம் அறுநூற்று நாற்பத்தொன்று பேர் காத்திருந்தனர் .,mixed
1906-08-06 அன்று மழை பெய்தது.,ஆயிரத்து தொள்ளாயிரத்து ஆறு ஆகஸ்ட் ஆறு அன்று மழை பெய்தது .,date
203.978,இருநூற்று மூன்று புள்ளி ஒன்பது ஏழு எட்டு,decimal
3:05,மூன்று மணி ஐந்து நிமிடம்,time
6.1,ஆறு புள்ளி ஒன்று,decimal
60871,அறுபது ஆயிரம் எண்ணூற்று எழுபத்தொன்று,cardinal
24-01-1944 முதல் விற்பனை தொடங்கும்.,இருபத்துநான்கு ஜனவரி ஆயிரத்து தொள்ளாயிரத்து நாற்பத்துநான்கு முதல் விற்பனை தொடங்கும் .,date
14 1/2,பதினான்கு மற்றும் இரண்டில் ஒன்று,fraction
977,தொள்ளாயிரத்து எழுபத்தேழு,cardinal
₹2893859.4,இருபத்தெட்டு இலட்சம் தொண்ணூற்றுமூன்று ஆயிரம் எண்ணூற்று ஐம்பத்தொன்பது ரூபாய் நாற்பது பைசா,money
01,பூஜ்யம் ஒன்று,cardinal
-6692.386,மைனஸ் ஆறாயிரத்து அறுநூற்றுத்தொண்ணூற்றிரண்டு புள்ளி மூன்று எட்டு ஆறு,decimal
பேருந்து 23:33 மணிக்கு கிளம்பும்.,பேருந்து இருபத்துமூன்று மணி முப்பத்துமூன்று நிமிடம் கிளம்பும் .,time
எண் 6914 சரியானது.,எண் ஆறாயிரத்து தொள்ளாயிரத்து பதினான்கு சரியானது .,cardinal
ரூ.௯௦௨௦,ஒன்பதாயிரத்து இருபது ரூபாய்,money
69 lb,அறுபத்தொன்பது பவுண்டு,measure
16:57:57,பதினாறு மணி ஐம்பத்தேழு நிமிடம் ஐம்பத்தேழு வினாடி,time
௧/௩,மூன்றில் ஒன்று,fraction
48÷4=12,நாற்பத்தெட்டு வகுத்தல் நான்கு சமம் பன்னிரண்டு,whitelist
14-01-1978 முதல் விற்பனை தொடங்கும்.,பதினான்கு ஜனவரி ஆயிரத்து தொள்ளாயிரத்து எழுபத்தெட்டு முதல் விற்பனை தொடங்கும் .,date
கடிதத்தில் 19-06-1978 இருந்தது.,கடிதத்தில் பத்தொன்பது ஜூன் ஆயிரத்து தொள்ளாயிரத்து எழுபத்தெட்டு இருந்தது .,date
21-05-1900 அன்று மழை பெய்தது.,இருபத்தொன்று மே ஆயிரத்து தொள்ளாயிரம் அன்று மழை பெய்தது .,date
இந்த நூலில் ௫௧௨ பக்கங்கள் உள்ளன.,இந்த நூலில் ஐந்நூற்றுப்பன்னிரண்டு பக்கங்கள் உள்ளன .,cardinal
விலை ₹ 4932.25 ஆனது 31095.99 சதவீதம் உயர்வு.,விலை நான்காயிரத்து தொள்ளாயிரத்து முப்பத்திரண்டு ரூபாய் இருபத்தைந்து பைசா ஆனது முப்பத்தொன்று ஆயிரம் தொண்ணூற்றைந்து புள்ளி ஒன்பது ஒன்பது சதவீதம் உயர்வு .,mixed
2.2,இரண்டு புள்ளி இரண்டு,decimal
"Rs 6,18,11,633",ஆறு கோடி பதினெட்டு இலட்சம் பதினொன்று ஆயிரம் அறுநூற்று முப்பத்துமூன்று ரூபாய்,money
40 பற்றி பேசினோம்.,நாற்பது பற்றி பேசினோம் .,cardinal
89510 என்பதை நினைவில் கொள்ளுங்கள்.,எண்பத்தொன்பது ஆயிரம் ஐந்நூற்றுப்பத்து என்பதை நினைவில் கொள்ளுங்கள் .,cardinal
€8422092.91,எண்பத்துநான்கு இலட்சம் இருபத்திரண்டு ஆயிரம் தொண்ணூற்றிரண்டு யூரோ தொண்ணூற்றொன்று சென்ட்,money
இன்று ௭௬ல் பேர் வருகை தந்தனர்.,இன்று எழுபத்தாறில் பேர் வருகை தந்தனர் .,cardinal
இந்த கடையில் நல்ல பழங்கள் கிடைக்கும்.,இந்த கடையில் நல்ல பழங்கள் கிடைக்கும் .,word
26-11-1956 முதல் விற்பனை தொடங்கும்.,இருபத்தாறு நவம்பர் ஆயிரத்து தொள்ளாயிரத்து ஐம்பத்தாறு முதல் விற்பனை தொடங்கும் .,date
அந்த ஊரில் -523 வீடுகள் உள்ளன.,அந்த ஊரில் மைனஸ் ஐந்நூற்று இருபத்துமூன்று வீடுகள் உள்ளன .,cardinal
சராசரி 72971.75 ஆகும்.,சராசரி எழுபத்திரண்டு ஆயிரம் தொள்ளாயிரத்து எழுபத்தொன்று புள்ளி ஏழு ஐந்து ஆகும் .,decimal
431ஆம்,நானூற்று முப்பத்தொன்றாம்,ordinal
7085343279,ஏழு பூஜ்யம் எட்டு ஐந்து மூன்று நான்கு மூன்று இரண்டு ஏழு ஒன்பது,telephone
பெட்டியின் எடை 8.10 செ.மீ. இருக்கும்.,பெட்டியின் எடை எட்டு புள்ளி ஒன்று பூஜ்யம் சென்டிமீட்டர் இருக்கும் .,measure
விலை 1264-1590 வரை இருக்கும்.,விலை ஆயிரத்து இருநூற்று அறுபத்துநான்கு முதல் ஆயிரத்து ஐந்நூற்றுத்தொண்ணூறு வரை இருக்கும் .,range
"653,784 பற்றி பேசினோம்.",ஆறு இலட்சம் ஐம்பத்துமூன்று ஆயிரம் எழுநூற்று எண்பத்துநான்கு பற்றி பேசினோம் .,cardinal
"அவர் 426,559 என்றார்.",அவர் நான்கு இலட்சம் இருபத்தாறு ஆயிரம் ஐந்நூற்று ஐம்பத்தொன்பது என்றார் .,cardinal
இப்போது மணி 18:13.,இப்போது மணி பதினெட்டு மணி பதிமூன்று நிமிடம் .,time
198.902,நூற்றுத்தொண்ணூற்றெட்டு புள்ளி ஒன்பது பூஜ்யம் இரண்டு,decimal
தினமும் 3mg ஓடுகிறேன்.,தினமும் மூன்று மில்லிகிராம் ஓடுகிறேன் .,measure
வெப்பநிலை 5 mm ஆக இருந்தது.,வெப்பநிலை ஐந்து மில்லிமீட்டர் ஆக இருந்தது .,measure
பள்ளியில் 76255 ஆசிரியர்கள் உள்ளனர்.,பள்ளியில் எழுபத்தாறு ஆயிரம் இருநூற்று ஐம்பத்தைந்து ஆசிரியர்கள் உள்ளனர் .,cardinal
அவர் 3562 என்றார்.,அவர் மூன்றாயிரத்து ஐந்நூற்று அறுபத்திரண்டு என்றார் .,cardinal
அவர் 22-12-2083 அன்று பிறந்தார்.,அவர் இருபத்திரண்டு டிசம்பர் இரண்டாயிரத்து எண்பத்துமூன்று அன்று பிறந்தார் .,date
3260வது சரியானது.,மூன்றாயிரத்து இருநூற்று அறுபதாவது சரியானது .,ordinal
700 சரியானது.,எழுநூறு சரியானது .,cardinal
8344 கிலோ அரிசி வாங்கினேன்.,எட்டாயிரத்து முந்நூற்று நாற்பத்துநான்கு கிலோ அரிசி வாங்கினேன் .,cardinal
இதன் மதிப்பு 7.448 தான்.,இதன் மதிப்பு ஏழு புள்ளி நான்கு நான்கு எட்டு தான் .,decimal
72%,எழுபத்திரண்டு சதவீதம்,whitelist
அவன் 846.975 மதிப்பெண் பெற்றான்.,அவன் எண்ணூற்று நாற்பத்தாறு புள்ளி ஒன்பது ஏழு ஐந்து மதிப்பெண் பெற்றான் .,decimal
₹24,இருபத்துநான்கு ரூபாய்,money
08-06-2079,எட்டு ஜூன் இரண்டாயிரத்து எழுபத்தொன்பது,date
"30,395",முப்பது ஆயிரம் முந்நூற்றுத்தொண்ணூற்றைந்து,cardinal
15-11-2073,பதினைந்து நவம்பர் இரண்டாயிரத்து எழுபத்துமூன்று,date
இதில் 27-02-2248 குறிப்பிடப்பட்டுள்ளது.,இதில் இருபத்தேழு பிப்ரவரி இரண்டாயிரத்து இருநூற்று நாற்பத்தெட்டு குறிப்பிடப்பட்டுள்ளது .,date
256ஆம்,இருநூற்று ஐம்பத்தாறாம்,ordinal
90ரூ,தொண்ணூறு ரூபாய்,money
14-10-1986,பதினான்கு அக்டோபர் ஆயிரத்து தொள்ளாயிரத்து எண்பத்தாறு,date
இதில் 06:00 குறிப்பிடப்பட்டுள்ளது.,இதில் ஆறு மணி குறிப்பிடப்பட்டுள்ளது .,time
13 % என்பது சரி.,பதிமூன்று சதவீதம் என்பது சரி .,whitelist
-334644712,மைனஸ் முப்பத்துமூன்று கோடி நாற்பத்தாறு இலட்சம் நாற்பத்துநான்கு ஆயிரம் எழுநூற்றுப்பன்னிரண்டு,cardinal
அவள் 7ஆம் வகுப்பு படிக்கிறாள்.,அவள் ஏழாம் வகுப்பு படிக்கிறாள் .,ordinal
அவன் 37/90 பங்கு சாப்பிட்டான்.,அவன் தொண்ணூறில் முப்பத்தேழு பங்கு சாப்பிட்டான் .,fraction
€44.68,நாற்பத்துநான்கு யூரோ அறுபத்தெட்டு சென்ட்,money
6588,ஆறாயிரத்து ஐந்நூற்று எண்பத்தெட்டு,cardinal
166-251,நூற்றறுபத்து ஆறு முதல் இருநூற்று ஐம்பத்தொன்று,range
62வது,அறுபத்திரண்டாவது,ordinal
12.5% பற்றி பேசினோம்.,பன்னிரண்டு புள்ளி ஐந்து சதவீதம் பற்றி பேசினோம் .,whitelist
வாடகை Rs.3682.61 ஆக உயர்ந்தது.,வாடகை மூன்றாயிரத்து அறுநூற்று எண்பத்திரண்டு ரூபாய் அறுபத்தொன்று பைசா ஆக உயர்ந்தது .,money
"72,62,54,503",எழுபத்திரண்டு கோடி அறுபத்திரண்டு இலட்சம் ஐம்பத்துநான்கு ஆயிரம் ஐந்நூற்று மூன்று,cardinal
6%,ஆறு சதவீதம்,whitelist
8193906277,எட்டு ஒன்று ஒன்பது மூன்று ஒன்பது பூஜ்யம் ஆறு இரண்டு ஏழு ஏழு,telephone
568630824,ஐம்பத்தாறு கோடி எண்பத்தாறு இலட்சம் முப்பது ஆயிரம் எண்ணூற்று இருபத்துநான்கு,cardinal
"35,68,82,366",முப்பத்தைந்து கோடி அறுபத்தெட்டு இலட்சம் எண்பத்திரண்டு ஆயிரம் முந்நூற்று அறுபத்தாறு,cardinal
6870458332,ஆறு எட்டு ஏழு பூஜ்யம் நான்கு ஐந்து எட்டு மூன்று மூன்று இரண்டு,telephone
2463.51 ரூ.,இரண்டாயிரத்து நானூற்று அறுபத்துமூன்று ரூபாய் ஐம்பத்தொன்று பைசா,money
௫௮,ஐம்பத்தெட்டு,cardinal
கடிதத்தில் 5 doz இருந்தது.,கடிதத்தில் ஐந்து டஜன் இருந்தது .,measure
Rs. 96501 என்று எழுதப்பட்டுள்ளது.,தொண்ணூற்றாறு ஆயிரம் ஐந்நூற்று ஒன்று ரூபாய் என்று எழுதப்பட்டுள்ளது .,money
அளவு -96465.958 ஆக உள்ளது.,அளவு மைனஸ் தொண்ணூற்றாறு ஆயிரம் நானூற்று அறுபத்தைந்து புள்ளி ஒன்பது ஐந்து எட்டு ஆக உள்ளது .,decimal
9 mi சரியானது.,ஒன்பது மைல் சரியானது .,measure
08-06-1959 முதல் விற்பனை தொடங்கும்.,எட்டு ஜூன் ஆயிரத்து தொள்ளாயிரத்து ஐம்பத்தொன்பது முதல் விற்பனை தொடங்கும் .,date
கடிதத்தில் 306.252 இருந்தது.,கடிதத்தில் முந்நூற்று ஆறு புள்ளி இரண்டு ஐந்து இரண்டு இருந்தது .,decimal
நேரம் 04:24 ஆகிவிட்டது.,நேரம் நான்கு மணி இருபத்துநான்கு நிமிடம் ஆகிவிட்டது .,time
செய்தியில் 19:31 என்று வந்தது.,செய்தியில் பத்தொன்பது மணி முப்பத்தொன்று நிமிடம் என்று வந்தது .,time
எண் 5328 சரியானது.,எண் ஐந்தாயிரத்து முந்நூற்று இருபத்தெட்டு சரியானது .,cardinal
இதில் 47620.549 குறிப்பிடப்பட்டுள்ளது.,இதில் நாற்பத்தேழு ஆயிரம் அறுநூற்று இருபது புள்ளி ஐந்து நான்கு ஒன்பது குறிப்பிடப்பட்டுள்ளது .,decimal
"9,66,40,514 ரூ",ஒன்பது கோடி அறுபத்தாறு இலட்சம் நாற்பது ஆயிரம் ஐந்நூற்றுப்பதினான்கு ரூபாய்,money
4.8 சரியானது.,நான்கு புள்ளி எட்டு சரியானது .,decimal
82ரூ.,எண்பத்திரண்டு ரூபாய்,money
26/30,முப்பதில் இருபத்தாறு,fraction
உதவி எண் 8426702291 என அறிவித்தனர்.,உதவி எண் எட்டு நான்கு இரண்டு ஆறு ஏழு பூஜ்யம் இரண்டு இரண்டு ஒன்பது ஒன்று என அறிவித்தனர் .,telephone
இதில் 1671-2573 குறிப்பிடப்பட்டுள்ளது.,இதில் ஆயிரத்து அறுநூற்று எழுபத்தொன்று முதல் இரண்டாயிரத்து ஐந்நூற்று எழுபத்துமூன்று குறிப்பிடப்பட்டுள்ளது .,range
$5.83,ஐந்து டாலர் எண்பத்துமூன்று சென்ட்,money
அந்த ஊரில் 100 வீடுகள் உள்ளன.,அந்த ஊரில் நூறு வீடுகள் உள்ளன .,cardinal
8507ரூ.,எட்டாயிரத்து ஐந்நூற்று ஏழு ரூபாய்,money
பேருந்து கட்டணம் ¥ 9587 ஆகும்.,பேருந்து கட்டணம் ஒன்பதாயிரத்து ஐந்நூற்று எண்பத்தேழு யென் ஆகும் .,money
9.8 இலட்சம்,ஒன்பது புள்ளி எட்டு இலட்சம்,decimal
இதில் 2000ல் குறிப்பிடப்பட்டுள்ளது.,இதில் இரண்டாயிரத்தில் குறிப்பிடப்பட்டுள்ளது .,cardinal
1105-2203 பக்கங்கள் படிக்கவும்.,ஆயிரத்து நூற்று ஐந்து முதல் இரண்டாயிரத்து இருநூற்று மூன்று பக்கங்கள் படிக்கவும் .,range
பதிவு தேதி 1962-05-30 ஆகும்.,பதிவு தேதி ஆயிரத்து தொள்ளாயிரத்து அறுபத்திரண்டு மே முப்பது ஆகும் .,date
3/4 என்பதை நினைவில் கொள்ளுங்கள்.,நான்கில் மூன்று என்பதை நினைவில் கொள்ளுங்கள் .,fraction
பதிவு தேதி 07-10-1995 ஆகும்.,பதிவு தேதி ஏழு அக்டோபர் ஆயிரத்து தொள்ளாயிரத்து தொண்ணூற்றைந்து ஆகும் .,date
6391mm,ஆறாயிரத்து முந்நூற்றுத்தொண்ணூற்றொன்று மில்லிமீட்டர்,measure
வண்டி எண் 41 ஆகும்.,வண்டி எண் நாற்பத்தொன்று ஆகும் .,cardinal
13:11 என்று எழுதப்பட்டுள்ளது.,பதிமூன்று மணி பதினொன்று நிமிடம் என்று எழுதப்பட்டுள்ளது .,time
524 பற்றி பேசினோம்.,ஐந்நூற்று இருபத்துநான்கு பற்றி பேசினோம் .,cardinal
அவள் 26194 புத்தகங்கள் வாங்கினாள்.,அவள் இருபத்தாறு ஆயிரம் நூற்றுத்தொண்ணூற்றுநான்கு புத்தகங்கள் வாங்கினாள் .,cardinal
2வது பரிசு ரூ.6263 ஆகும்.,இரண்டாவது பரிசு ஆறாயிரத்து இருநூற்று அறுபத்துமூன்று ரூபாய் ஆகும் .,mixed
32 என்று எழுதப்பட்டுள்ளது.,முப்பத்திரண்டு என்று எழுதப்பட்டுள்ளது .,cardinal
பள்ளியில் 6 ஆசிரியர்கள் உள்ளனர்.,பள்ளியில் ஆறு ஆசிரியர்கள் உள்ளனர் .,cardinal
₹ ௫௨௩௭௬௦௨௨௦.௪,ஐம்பத்திரண்டு கோடி முப்பத்தேழு இலட்சம் அறுபது ஆயிரம் இருநூற்று இருபது ரூபாய் நாற்பது பைசா,money
13733.9,பதிமூன்று ஆயிரம் எழுநூற்று முப்பத்துமூன்று புள்ளி ஒன்பது,decimal
02:00 மணிக்கு,இரண்டு மணி,time
மொத்த மதிப்பெண் -29.,மொத்த மதிப்பெண் மைனஸ் இருபத்தொன்பது .,cardinal
23-11-1990,இருபத்துமூன்று நவம்பர் ஆயிரத்து தொள்ளாயிரத்து தொண்ணூறு,date
அவர் 397 ஓட்டங்கள் எடுத்தார்.,அவர் முந்நூற்றுத்தொண்ணூற்றேழு ஓட்டங்கள் எடுத்தார் .,cardinal
18-01-1921,பதினெட்டு ஜனவரி ஆயிரத்து தொள்ளாயிரத்து இருபத்தொன்று,date
அவர் 02-11-1951 என்றார்.,அவர் இரண்டு நவம்பர் ஆயிரத்து தொள்ளாயிரத்து ஐம்பத்தொன்று என்றார் .,date
854.01 பற்றி பேசினோம்.,எண்ணூற்று ஐம்பத்துநான்கு புள்ளி பூஜ்யம் ஒன்று பற்றி பேசினோம் .,decimal
70,எழுபது,cardinal
10÷2 மாணவர்கள் தேர்ச்சி பெற்றனர்.,பத்து வகுத்தல் இரண்டு மாணவர்கள் தேர்ச்சி பெற்றனர் .,whitelist
1915-01-19 அன்று 5879 ₹ செலுத்தினேன்.,ஆயிரத்து தொள்ளாயிரத்து பதினைந்து ஜனவரி பத்தொன்பது அன்று ஐந்தாயிரத்து எண்ணூற்று எழுபத்தொன்பது ரூபாய் செலுத்தினேன் .,mixed
கடிதத்தில் 36.32 மி.லி இருந்தது.,கடிதத்தில் முப்பத்தாறு புள்ளி மூன்று இரண்டு மில்லிலிட்டர் இருந்தது .,measure
எனக்கு 998791074 வயது.,எனக்கு தொண்ணூற்றொன்பது கோடி எண்பத்தேழு இலட்சம் தொண்ணூற்றொன்று ஆயிரம் எழுபத்துநான்கு வயது .,cardinal
1000இல்,ஆயிரத்தில்,cardinal
இந்த சட்டை ₹ 86 ஆகும்.,இந்த சட்டை எண்பத்தாறு ரூபாய் ஆகும் .,money
24:49 மணிக்கு,இருபத்துநான்கு மணி நாற்பத்தொன்பது நிமிடம்,time
3.42 பற்றி பேசினோம்.,மூன்று புள்ளி நான்கு இரண்டு பற்றி பேசினோம் .,decimal
இதன் மதிப்பு 567.84 தான்.,இதன் மதிப்பு ஐந்நூற்று அறுபத்தேழு புள்ளி எட்டு நான்கு தான் .,decimal
3:23,மூன்று மணி இருபத்துமூன்று நிமிடம்,time
15:39 மணிக்கு,பதினைந்து மணி முப்பத்தொன்பது நிமிடம்,time
5879.14 MW,ஐந்தாயிரத்து எண்ணூற்று எழுபத்தொன்பது புள்ளி ஒன்று நான்கு மெகாவாட்,measure
அவர் ௫௯வது இடம் பிடித்தார்.,அவர் ஐம்பத்தொன்பதாவது இடம் பிடித்தார் .,ordinal
இதில் 90 L குறிப்பிடப்பட்டுள்ளது.,இதில் தொண்ணூறு லிட்டர் குறிப்பிடப்பட்டுள்ளது .,measure
7506 என்பதை நினைவில் கொள்ளுங்கள்.,ஏழாயிரத்து ஐந்நூற்று ஆறு என்பதை நினைவில் கொள்ளுங்கள் .,cardinal
2522.95 l,இரண்டாயிரத்து ஐந்நூற்று இருபத்திரண்டு புள்ளி ஒன்பது ஐந்து லிட்டர்,measure
கூட்டம் 20/08/2051 அன்று நடந்தது.,கூட்டம் இருபது ஆகஸ்ட் இரண்டாயிரத்து ஐம்பத்தொன்று அன்று நடந்தது .,date
செய்தியில் ௩௭/௫௦ என்று வந்தது.,செய்தியில் ஐம்பதில் முப்பத்தேழு என்று வந்தது .,fraction
விடை 7 1/3 ஆகும்.,விடை ஏழு மற்றும் மூன்றில் ஒன்று ஆகும் .,fraction
$5.83 என்பதை நினைவில் கொள்ளுங்கள்.,ஐந்து டாலர் எண்பத்துமூன்று சென்ட் என்பதை நினைவில் கொள்ளுங்கள் .,money
௬/௬௦,அறுபதில் ஆறு,fraction
வகுப்பு 4:52 முடியும்.,வகுப்பு நான்கு மணி ஐம்பத்திரண்டு நிமிடம் முடியும் .,time
"Rs4,56,02,829",நான்கு கோடி ஐம்பத்தாறு இலட்சம் இரண்டாயிரத்து எண்ணூற்று இருபத்தொன்பது ரூபாய்,money
௪.௭௨,நான்கு புள்ளி ஏழு இரண்டு,decimal
அந்த நிலம் ₹ 0.70 விலை போனது.,அந்த நிலம் எழுபது பைசா விலை போனது .,money
3328 சரியானது.,மூன்றாயிரத்து முந்நூற்று இருபத்தெட்டு சரியானது .,cardinal
819 என்பதை நினைவில் கொள்ளுங்கள்.,எண்ணூற்றுப்பத்தொன்பது என்பதை நினைவில் கொள்ளுங்கள் .,cardinal
"மொத்த செலவு ₹9,21,07,526.",மொத்த செலவு ஒன்பது கோடி இருபத்தொன்று இலட்சம் ஏழாயிரத்து ஐந்நூற்று இருபத்தாறு ரூபாய் .,money
23:17 மணிக்கு,இருபத்துமூன்று மணி பதினேழு நிமிடம்,time
செய்தியில் ௭௦௫ என்று வந்தது.,செய்தியில் எழுநூற்று ஐந்து என்று வந்தது .,cardinal
அவர் ௧௦௧௦ ஓட்டங்கள் எடுத்தார்.,அவர் ஆயிரத்து பத்து ஓட்டங்கள் எடுத்தார் .,cardinal
-2366,மைனஸ் இரண்டாயிரத்து முந்நூற்று அறுபத்தாறு,cardinal
செய்தியில் 230385 ரூ /- என்று வந்தது.,செய்தியில் இரண்டு இலட்சம் முப்பது ஆயிரம் முந்நூற்று எண்பத்தைந்து ரூபாய் என்று வந்தது .,money
அவர் ரூ. ௩௯௫௭ செலுத்தினார்.,அவர் மூன்றாயிரத்து தொள்ளாயிரத்து ஐம்பத்தேழு ரூபாய் செலுத்தினார் .,money
வேகம் 6 கி.மீ. ஆக இருந்தது.,வேகம் ஆறு கிலோமீட்டர் ஆக இருந்தது .,measure
Rs399.16,முந்நூற்றுத்தொண்ணூற்றொன்பது ரூபாய் பதினாறு பைசா,money
6181,ஆறாயிரத்து நூற்றெண்பத்து ஒன்று,cardinal
எனக்கு 75 வயது.,எனக்கு எழுபத்தைந்து வயது .,cardinal
54 %,ஐம்பத்துநான்கு சதவீதம்,whitelist
35356,முப்பத்தைந்து ஆயிரம் முந்நூற்று ஐம்பத்தாறு,cardinal
கூட்டம் 17-09-1097 அன்று 4:56 தொடங்கும்.,கூட்டம் பதினேழு செப்டம்பர் ஆயிரத்து தொண்ணூற்றேழு அன்று நான்கு மணி ஐம்பத்தாறு நிமிடம் தொடங்கும் .,mixed
விடை 15 5/80 ஆகும்.,விடை பதினைந்து மற்றும் எண்பதில் ஐந்து ஆகும் .,fraction
6305 நாட்கள் ஆயிற்று.,ஆறாயிரத்து முந்நூற்று ஐந்து நாட்கள் ஆயிற்று .,cardinal
13-09-2033,பதிமூன்று செப்டம்பர் இரண்டாயிரத்து முப்பத்துமூன்று,date
6941439296,ஆறு ஒன்பது நான்கு ஒன்று நான்கு மூன்று ஒன்பது இரண்டு ஒன்பது ஆறு,telephone
"Rs.௯,௮௦,௧௩,௫௭௧",ஒன்பது கோடி எண்பது இலட்சம் பதிமூன்று ஆயிரம் ஐந்நூற்று எழுபத்தொன்று ரூபாய்,money
அவர் 53918 ஓட்டங்கள் எடுத்தார்.,அவர் ஐம்பத்துமூன்று ஆயிரம் தொள்ளாயிரத்து பதினெட்டு ஓட்டங்கள் எடுத்தார் .,cardinal
0035-094181,பூஜ்யம் பூஜ்யம் மூன்று ஐந்து பூஜ்யம் ஒன்பது நான்கு ஒன்று எட்டு ஒன்று,telephone
8.268,எட்டு புள்ளி இரண்டு ஆறு எட்டு,decimal
20,இருபது,cardinal
அவர் 85/90 என்றார்.,அவர் தொண்ணூறில் எண்பத்தைந்து என்றார் .,fraction
சாப்பிட்டு விட்டாயா?,சாப்பிட்டு விட்டாயா ?,word
3210506 கிலோ அரிசி வாங்கினேன்.,முப்பத்திரண்டு இலட்சம் பத்து ஆயிரம் ஐந்நூற்று ஆறு கிலோ அரிசி வாங்கினேன் .,cardinal
௮௮௨௦௩,எண்பத்தெட்டு ஆயிரம் இருநூற்று மூன்று,cardinal
௬.௫௮,ஆறு புள்ளி ஐந்து எட்டு,decimal
7.08 என்று எழுதப்பட்டுள்ளது.,ஏழு புள்ளி பூஜ்யம் எட்டு என்று எழுதப்பட்டுள்ளது .,decimal
9122478823,ஒன்பது ஒன்று இரண்டு இரண்டு நான்கு ஏழு எட்டு எட்டு இரண்டு மூன்று,telephone
செய்தியில் 80663.18 என்று வந்தது.,செய்தியில் எண்பது ஆயிரம் அறுநூற்று அறுபத்துமூன்று புள்ளி ஒன்று எட்டு என்று வந்தது .,decimal
செய்தியில் 15:07 மணிக்கு என்று வந்தது.,செய்தியில் பதினைந்து மணி ஏழு நிமிடம் என்று வந்தது .,time
"௧௬௨௮-௧௯௮௨ பேருக்கு £2,33,65,038.6 செலவு ஆகும்.",ஆயிரத்து அறுநூற்று இருபத்தெட்டு முதல் ஆயிரத்து தொள்ளாயிரத்து எண்பத்திரண்டு பேருக்கு இரண்டு கோடி முப்பத்துமூன்று இலட்சம் அறுபத்தைந்து ஆயிரம் முப்பத்தெட்டு பவுண்ட் அறுபது பென்ஸ் செலவு ஆகும் .,mixed
"2,60,59,775.90ரூ",இரண்டு கோடி அறுபது இலட்சம் ஐம்பத்தொன்பது ஆயிரம் எழுநூற்று எழுபத்தைந்து ரூபாய் தொண்ணூறு பைசா,money
2.478,இரண்டு புள்ளி நான்கு ஏழு எட்டு,decimal
அவர் 5/7 என்றார்.,அவர் ஏழில் ஐந்து என்றார் .,fraction
அளவு 60801.9 ஆக உள்ளது.,அளவு அறுபது ஆயிரம் எண்ணூற்று ஒன்று புள்ளி ஒன்பது ஆக உள்ளது .,decimal
79% என்று எழுதப்பட்டுள்ளது.,எழுபத்தொன்பது சதவீதம் என்று எழுதப்பட்டுள்ளது .,whitelist
35130,முப்பத்தைந்து ஆயிரம் நூற்று முப்பது,cardinal
£14,பதினான்கு பவுண்ட்,money
3.65 என்பதை நினைவில் கொள்ளுங்கள்.,மூன்று புள்ளி ஆறு ஐந்து என்பதை நினைவில் கொள்ளுங்கள் .,decimal
பிறந்த நாள் 11-28-2066.,பிறந்த நாள் நவம்பர் இருபத்தெட்டு இரண்டாயிரத்து அறுபத்தாறு .,date
அந்த நிலம் ¥1158 விலை போனது.,அந்த நிலம் ஆயிரத்து நூற்றைம்பத்து எட்டு யென் விலை போனது .,money
வளர்ச்சி விகிதம் 0.5 ஆக இருந்தது.,வளர்ச்சி விகிதம் பூஜ்யம் புள்ளி ஐந்து ஆக இருந்தது .,decimal
1098 L,ஆயிரத்து தொண்ணூற்றெட்டு லிட்டர்,measure
உதவி எண் 8311965871 என அறிவித்தனர்.,உதவி எண் எட்டு மூன்று ஒன்று ஒன்று ஒன்பது ஆறு ஐந்து எட்டு ஏழு ஒன்று என அறிவித்தனர் .,telephone
இந்த சட்டை 58ரூ ஆகும்.,இந்த சட்டை ஐம்பத்தெட்டு ரூபாய் ஆகும் .,money
₹ 999821999,தொண்ணூற்றொன்பது கோடி தொண்ணூற்றெட்டு இலட்சம் இருபத்தொன்று ஆயிரம் தொள்ளாயிரத்து தொண்ணூற்றொன்பது ரூபாய்,money
750-1217 கிலோ எடை வேண்டும்.,எழுநூற்று ஐம்பது முதல் ஆயிரத்து இருநூற்றுப்பதினேழு கிலோ எடை வேண்டும் .~எழுநூற்றைம்பது முதல் ஆயிரத்து இருநூற்றுப்பதினேழு கிலோ எடை வேண்டும் .,range
இது 5ஆவது முறை.,இது ஐந்தாவது முறை .,ordinal
14-05-1972,பதினான்கு மே ஆயிரத்து தொள்ளாயிரத்து எழுபத்திரண்டு,date
அவள் 8 புத்தகங்கள் வாங்கினாள்.,அவள் எட்டு புத்தகங்கள் வாங்கினாள் .,cardinal
இதில் -63 குறிப்பிடப்பட்டுள்ளது.,இதில் மைனஸ் அறுபத்துமூன்று குறிப்பிடப்பட்டுள்ளது .,cardinal
இதில் 3:49 குறிப்பிடப்பட்டுள்ளது.,இதில் மூன்று மணி நாற்பத்தொன்பது நிமிடம் குறிப்பிடப்பட்டுள்ளது .,time
9/15 பங்கு மாணவர்கள் தேர்ச்சி பெற்றனர்.,பதினைந்தில் ஒன்பது பங்கு மாணவர்கள் தேர்ச்சி பெற்றனர் .,fraction
"₹ 59,83,722",ஐம்பத்தொன்பது இலட்சம் எண்பத்துமூன்று ஆயிரம் எழுநூற்று இருபத்திரண்டு ரூபாய்,money
70/100 பங்கு மாணவர்கள் தேர்ச்சி பெற்றனர்.,நூறில் எழுபது பங்கு மாணவர்கள் தேர்ச்சி பெற்றனர் .,fraction
எனக்கு 3 வயது.,எனக்கு மூன்று வயது .,cardinal
கட்டணம் ₹ ௫௦௦௫.௪ என அறிவித்தனர்.,கட்டணம் ஐந்தாயிரத்து ஐந்து ரூபாய் நாற்பது பைசா என அறிவித்தனர் .,money
₹2958,இரண்டாயிரத்து தொள்ளாயிரத்து ஐம்பத்தெட்டு ரூபாய்,money
03-06-2025,மூன்று ஜூன் இரண்டாயிரத்து இருபத்தைந்து,date
10-24-2296,அக்டோபர் இருபத்துநான்கு இரண்டாயிரத்து இருநூற்றுத்தொண்ணூற்றாறு,date
12-04-2009 என்பதை நினைவில் கொள்ளுங்கள்.,பன்னிரண்டு ஏப்ரல் இரண்டாயிரத்து ஒன்பது என்பதை நினைவில் கொள்ளுங்கள் .,date
மழை அளவு 7.974 என பதிவானது.,மழை அளவு ஏழு புள்ளி ஒன்பது ஏழு நான்கு என பதிவானது .,decimal
89819.0,எண்பத்தொன்பது ஆயிரம் எண்ணூற்றுப்பத்தொன்பது புள்ளி பூஜ்யம்,decimal
03-06-1960,மூன்று ஜூன் ஆயிரத்து தொள்ளாயிரத்து அறுபது,date
வாடகை ₹ 2605 ஆக உயர்ந்தது.,வாடகை இரண்டாயிரத்து அறுநூற்று ஐந்து ரூபாய் ஆக உயர்ந்தது .,money
-௯௮௬௫௫௦௬,மைனஸ் தொண்ணூற்றெட்டு இலட்சம் அறுபத்தைந்து ஆயிரம் ஐந்நூற்று ஆறு,cardinal
விமானம் 15:00 மணிக்கு வந்தடையும்.,விமானம் பதினைந்து மணி வந்தடையும் .,time
02-03-1909,இரண்டு மார்ச் ஆயிரத்து தொள்ளாயிரத்து ஒன்பது,date
"119,608",ஒரு இலட்சம் பத்தொன்பது ஆயிரம் அறுநூற்று எட்டு,cardinal
-406,மைனஸ் நானூற்று ஆறு,cardinal
340வது,முந்நூற்று நாற்பதாவது,ordinal
கடிதத்தில் 2328 இருந்தது.,கடிதத்தில் இரண்டாயிரத்து முந்நூற்று இருபத்தெட்டு இருந்தது .,cardinal
௨௨/௪௦ பற்றி பேசினோம்.,நாற்பதில் இருபத்திரண்டு பற்றி பேசினோம் .,fraction
09:39:47 மணிக்கு பற்றி பேசினோம்.,ஒன்பது மணி முப்பத்தொன்பது நிமிடம் நாற்பத்தேழு வினாடி பற்றி பேசினோம் .,time
வாடகை $ 313.37 ஆக உயர்ந்தது.,வாடகை முந்நூற்றுப்பதிமூன்று டாலர் முப்பத்தேழு சென்ட் ஆக உயர்ந்தது .,money
8115ஆம்,எட்டாயிரத்து நூற்றுப்பதினைந்தாம்,ordinal
"47,95,02,445 என்பதை நினைவில் கொள்ளுங்கள்.",நாற்பத்தேழு கோடி தொண்ணூற்றைந்து இலட்சம் இரண்டாயிரத்து நானூற்று நாற்பத்தைந்து என்பதை நினைவில் கொள்ளுங்கள் .,cardinal
கடைசி தேதி 16-04-2093.,கடைசி தேதி பதினாறு ஏப்ரல் இரண்டாயிரத்து தொண்ணூற்றுமூன்று .,date
ரூ.7019750.2 சரியானது.,எழுபது இலட்சம் பத்தொன்பது ஆயிரம் எழுநூற்று ஐம்பது ரூபாய் இருபது பைசா சரியானது .~எழுபது இலட்சம் பத்தொன்பது ஆயிரம் எழுநூற்றைம்பது ரூபாய் இருபது பைசா சரியானது .,money
கூட்டத்தில் 372422283277 பேர் வந்தனர்.,கூட்டத்தில் மூன்று ஏழு இரண்டு நான்கு இரண்டு இரண்டு இரண்டு எட்டு மூன்று இரண்டு ஏழு ஏழு பேர் வந்தனர் .,cardinal
மதிப்பீடு 396.401.,மதிப்பீடு முந்நூற்றுத்தொண்ணூற்றாறு புள்ளி நான்கு பூஜ்யம் ஒன்று .,decimal
42 ரூ.,நாற்பத்திரண்டு ரூபாய்,money
இதில் ௨௩-௦௧-௨௦௩௪ குறிப்பிடப்பட்டுள்ளது.,இதில் இருபத்துமூன்று ஜனவரி இரண்டாயிரத்து முப்பத்துநான்கு குறிப்பிடப்பட்டுள்ளது .,date
$0.69 கடன் வாங்கினேன்.,அறுபத்தொன்பது சென்ட் கடன் வாங்கினேன் .,money
மாத சம்பளம் ₹ 96/- தான்.,மாத சம்பளம் தொண்ணூற்றாறு ரூபாய் தான் .,money
87970922508,எட்டு ஏழு ஒன்பது ஏழு பூஜ்யம் ஒன்பது இரண்டு இரண்டு ஐந்து பூஜ்யம் எட்டு,cardinal
1658-2488 பேருக்கு ₹ 5453.6 செலவு ஆகும்.,ஆயிரத்து அறுநூற்று ஐம்பத்தெட்டு முதல் இரண்டாயிரத்து நானூற்று எண்பத்தெட்டு பேருக்கு ஐந்தாயிரத்து நானூற்று ஐம்பத்துமூன்று ரூபாய் அறுபது பைசா செலவு ஆகும் .,mixed
0436-0472999 சரியானது.,பூஜ்யம் நான்கு மூன்று ஆறு பூஜ்யம் நான்கு ஏழு இரண்டு ஒன்பது ஒன்பது ஒன்பது சரியானது .,telephone
"கடிதத்தில் 23,18,61,801 இருந்தது.",கடிதத்தில் இருபத்துமூன்று கோடி பதினெட்டு இலட்சம் அறுபத்தொன்று ஆயிரம் எண்ணூற்று ஒன்று இருந்தது .,cardinal
௭௩ ha,எழுபத்துமூன்று ஹெக்டேர்,measure
2016,இரண்டாயிரத்து பதினாறு,cardinal
03 நாட்கள் ஆயிற்று.,பூஜ்யம் மூன்று நாட்கள் ஆயிற்று .,cardinal
5840218 கிலோ அரிசி வாங்கினேன்.,ஐம்பத்தெட்டு இலட்சம் நாற்பது ஆயிரம் இருநூற்றுப்பதினெட்டு கிலோ அரிசி வாங்கினேன் .,cardinal
7165384072 இந்த எண்ணில் அழையுங்கள்.,ஏழு ஒன்று ஆறு ஐந்து மூன்று எட்டு நான்கு பூஜ்யம் ஏழு இரண்டு இந்த எண்ணில் அழையுங்கள் .,telephone
செய்தியில் 35 என்று வந்தது.,செய்தியில் முப்பத்தைந்து என்று வந்தது .,cardinal
17-02-1938 என்பதை நினைவில் கொள்ளுங்கள்.,பதினேழு பிப்ரவரி ஆயிரத்து தொள்ளாயிரத்து முப்பத்தெட்டு என்பதை நினைவில் கொள்ளுங்கள் .,date
விமானம் 22:29 மணிக்கு வந்தடையும்.,விமானம் இருபத்திரண்டு மணி இருபத்தொன்பது நிமிடம் வந்தடையும் .,time
வண்டி எண் 561532 ஆகும்.,வண்டி எண் ஐந்து இலட்சம் அறுபத்தொன்று ஆயிரம் ஐந்நூற்று முப்பத்திரண்டு ஆகும் .,cardinal
28-10-1553 அன்று ௭ லி. மழை பெய்தது.,இருபத்தெட்டு அக்டோபர் ஆயிரத்து ஐந்நூற்று ஐம்பத்துமூன்று அன்று ஏழு லிட்டர் மழை பெய்தது .,mixed
அந்த நிறுவனத்தில் 955 ஊழியர்கள் பணிபுரிகின்றனர்.,அந்த நிறுவனத்தில் தொள்ளாயிரத்து ஐம்பத்தைந்து ஊழியர்கள் பணிபுரிகின்றனர் .,cardinal
€2416 கடன் வாங்கினேன்.,இரண்டாயிரத்து நானூற்றுப்பதினாறு யூரோ கடன் வாங்கினேன் .,money
ரூ31.53 கடன் வாங்கினேன்.,முப்பத்தொன்று ரூபாய் ஐம்பத்துமூன்று பைசா கடன் வாங்கினேன் .,money
23:00,இருபத்துமூன்று மணி,time
கடிதத்தில் 1990-01-24 இருந்தது.,கடிதத்தில் ஆயிரத்து தொள்ளாயிரத்து தொண்ணூறு ஜனவரி இருபத்துநான்கு இருந்தது .,date
31367 பற்றி பேசினோம்.,முப்பத்தொன்று ஆயிரம் முந்நூற்று அறுபத்தேழு பற்றி பேசினோம் .,cardinal
13 46/20,பதிமூன்று மற்றும் இருபதில் நாற்பத்தாறு,fraction
85,எண்பத்தைந்து,cardinal
பதிவு தேதி 31-01-2038 ஆகும்.,பதிவு தேதி முப்பத்தொன்று ஜனவரி இரண்டாயிரத்து முப்பத்தெட்டு ஆகும் .,date
தினமும் 4 °C ஓடுகிறேன்.,தினமும் நான்கு டிகிரி செல்சியஸ் ஓடுகிறேன் .,measure
+91 7456830130,பிளஸ் ஒன்பது ஒன்று ஏழு நான்கு ஐந்து ஆறு எட்டு மூன்று பூஜ்யம் ஒன்று மூன்று பூஜ்யம்,telephone
06,பூஜ்யம் ஆறு,cardinal
953ஆம்,தொள்ளாயிரத்து ஐம்பத்துமூன்றாம்,ordinal
அவர் ௨௫/௧௨/௨௦௮௯ என்றார்.,அவர் இருபத்தைந்து டிசம்பர் இரண்டாயிரத்து எண்பத்தொன்பது என்றார் .,date
08-13-2026,ஆகஸ்ட் பதிமூன்று இரண்டாயிரத்து இருபத்தாறு,date
கடிதத்தில் 8 கி.மீ இருந்தது.,கடிதத்தில் எட்டு கிலோமீட்டர் இருந்தது .,measure
ரூ1321,ஆயிரத்து முந்நூற்று இருபத்தொன்று ரூபாய்,money
3×2=6 என்பது சரி.,மூன்று பெருக்கல் இரண்டு சமம் ஆறு என்பது சரி .,whitelist
செய்தியில் 15:55 என்று வந்தது.,செய்தியில் பதினைந்து மணி ஐம்பத்தைந்து நிமிடம் என்று வந்தது .,time
தேர்வு 10-13-1928 தேதியில் தொடங்கும்.,தேர்வு அக்டோபர் பதிமூன்று ஆயிரத்து தொள்ளாயிரத்து இருபத்தெட்டு தேதியில் தொடங்கும் .,date
அலுவலகம் 7:12 மணிக்கு திறக்கும்.,அலுவலகம் ஏழு மணி பன்னிரண்டு நிமிடம் திறக்கும் .,time
இதில் 34665.88 குறிப்பிடப்பட்டுள்ளது.,இதில் முப்பத்துநான்கு ஆயிரம் அறுநூற்று அறுபத்தைந்து புள்ளி எட்டு எட்டு குறிப்பிடப்பட்டுள்ளது .,decimal
11ஆம் அத்தியாயம் படிக்கவும்.,பதினொன்றாம் அத்தியாயம் படிக்கவும் .,ordinal
பை மதிப்பு 91988.09 ஆகும்.,பை மதிப்பு தொண்ணூற்றொன்று ஆயிரம் தொள்ளாயிரத்து எண்பத்தெட்டு புள்ளி பூஜ்யம் ஒன்பது ஆகும் .,decimal
செய்தியில் 756.5 என்று வந்தது.,செய்தியில் எழுநூற்று ஐம்பத்தாறு புள்ளி ஐந்து என்று வந்தது .,decimal
9938,ஒன்பதாயிரத்து தொள்ளாயிரத்து முப்பத்தெட்டு,cardinal
213083041 பற்றி பேசினோம்.,இருபத்தொன்று கோடி முப்பது இலட்சம் எண்பத்துமூன்று ஆயிரம் நாற்பத்தொன்று பற்றி பேசினோம் .,cardinal
இதில் 02:56 குறிப்பிடப்பட்டுள்ளது.,இதில் இரண்டு மணி ஐம்பத்தாறு நிமிடம் குறிப்பிடப்பட்டுள்ளது .,time
௩௮௯௯,மூன்றாயிரத்து எண்ணூற்றுத்தொண்ணூற்றொன்பது,cardinal
22-02-2080,இருபத்திரண்டு பிப்ரவரி இரண்டாயிரத்து எண்பது,date
-௪௩௧௦௦௨௧௪௮,மைனஸ் நாற்பத்துமூன்று கோடி பத்து இலட்சம் இரண்டாயிரத்து நூற்று நாற்பத்தெட்டு,cardinal
௨௨-௦௬-௧௯௦௧,இருபத்திரண்டு ஜூன் ஆயிரத்து தொள்ளாயிரத்து ஒன்று,date
அந்த ஊரில் 2588064 வீடுகள் உள்ளன.,அந்த ஊரில் இருபத்தைந்து இலட்சம் எண்பத்தெட்டு ஆயிரம் அறுபத்துநான்கு வீடுகள் உள்ளன .,cardinal
3948,மூன்றாயிரத்து தொள்ளாயிரத்து நாற்பத்தெட்டு,cardinal
கடிதத்தில் 1×3=3 இருந்தது.,கடிதத்தில் ஒன்று பெருக்கல் மூன்று சமம் மூன்று இருந்தது .,whitelist
7434ஆவது கூட்டம் ௦௨-௦௫-௨௦௯௪ அன்று நடந்தது.,ஏழாயிரத்து நானூற்று முப்பத்துநான்காவது கூட்டம் இரண்டு மே இரண்டாயிரத்து தொண்ணூற்றுநான்கு அன்று நடந்தது .,mixed
கடிதத்தில் 890.8 இருந்தது.,கடிதத்தில் எண்ணூற்றுத்தொண்ணூறு புள்ளி எட்டு இருந்தது .,decimal
செய்தியில் 24-11-2071 என்று வந்தது.,செய்தியில் இருபத்துநான்கு நவம்பர் இரண்டாயிரத்து எழுபத்தொன்று என்று வந்தது .,date
21613.02,இருபத்தொன்று ஆயிரம் அறுநூற்றுப்பதிமூன்று புள்ளி பூஜ்யம் இரண்டு,decimal
செய்தியில் 154-189 என்று வந்தது.,செய்தியில் நூற்றைம்பத்து நான்கு முதல் நூற்றெண்பத்து ஒன்பது என்று வந்தது .,range
விமானம் 02:00 வந்தடையும்.,விமானம் இரண்டு மணி வந்தடையும் .,time
இதில் 25-01-2035 குறிப்பிடப்பட்டுள்ளது.,இதில் இருபத்தைந்து ஜனவரி இரண்டாயிரத்து முப்பத்தைந்து குறிப்பிடப்பட்டுள்ளது .,date
+91 8363465640 பற்றி பேசினோம்.,பிளஸ் ஒன்பது ஒன்று எட்டு மூன்று ஆறு மூன்று நான்கு ஆறு ஐந்து ஆறு நான்கு பூஜ்யம் பற்றி பேசினோம் .,telephone
தூரம் 8508 செ.மீ. ஆகும்.,தூரம் எட்டாயிரத்து ஐந்நூற்று எட்டு சென்டிமீட்டர் ஆகும் .,measure
2:00,இரண்டு மணி,time
+65 9711166527,பிளஸ் ஆறு ஐந்து ஒன்பது ஏழு ஒன்று ஒன்று ஒன்று ஆறு ஆறு ஐந்து இரண்டு ஏழு,telephone
நேரம் 21:40 மணிக்கு ஆகிவிட்டது.,நேரம் இருபத்தொன்று மணி நாற்பது நிமிடம் ஆகிவிட்டது .,time
"விலை £1,81,17,860 மட்டும்.",விலை ஒரு கோடி எண்பத்தொன்று இலட்சம் பதினேழு ஆயிரம் எண்ணூற்று அறுபது பவுண்ட் மட்டும் .,money
02-25-2003 அன்று -989955035 பேர் வந்தனர்.,பிப்ரவரி இருபத்தைந்து இரண்டாயிரத்து மூன்று அன்று மைனஸ் தொண்ணூற்றெட்டு கோடி தொண்ணூற்றொன்பது இலட்சம் ஐம்பத்தைந்து ஆயிரம் முப்பத்தைந்து பேர் வந்தனர் .,mixed
திருமணம் 30/05/1913 அன்று நடைபெறும்.,திருமணம் முப்பது மே ஆயிரத்து தொள்ளாயிரத்து பதிமூன்று அன்று நடைபெறும் .,date
16:06 மணிக்கு,பதினாறு மணி ஆறு நிமிடம்,time
தினமும் ௩௫௦௮mL ஓடுகிறேன்.,தினமும் மூன்றாயிரத்து ஐந்நூற்று எட்டு மில்லிலிட்டர் ஓடுகிறேன் .,measure
31-01-2032,முப்பத்தொன்று ஜனவரி இரண்டாயிரத்து முப்பத்திரண்டு,date
3567,மூன்றாயிரத்து ஐந்நூற்று அறுபத்தேழு,cardinal
8322,எட்டாயிரத்து முந்நூற்று இருபத்திரண்டு,cardinal
நான் 2302ஆவது நபராக வந்தேன்.,நான் இரண்டாயிரத்து முந்நூற்று இரண்டாவது நபராக வந்தேன் .,ordinal
₹ 8927,எட்டாயிரத்து தொள்ளாயிரத்து இருபத்தேழு ரூபாய்,money
Rs.86,எண்பத்தாறு ரூபாய்,money
20:00 சாப்பிட வா.,இருபது மணி சாப்பிட வா .,time
நிகழ்ச்சி 2:34:40 ஒளிபரப்பாகும்.,நிகழ்ச்சி இரண்டு மணி முப்பத்துநான்கு நிமிடம் நாற்பது வினாடி ஒளிபரப்பாகும் .,time
27-08-1992 அன்று 6011 பேர் வந்தனர்.,இருபத்தேழு ஆகஸ்ட் ஆயிரத்து தொள்ளாயிரத்து தொண்ணூற்றிரண்டு அன்று ஆறாயிரத்து பதினொன்று பேர் வந்தனர் .,mixed
246998719,இருபத்துநான்கு கோடி அறுபத்தொன்பது இலட்சம் தொண்ணூற்றெட்டு ஆயிரம் எழுநூற்றுப்பத்தொன்பது,cardinal
6571 l,ஆறாயிரத்து ஐந்நூற்று எழுபத்தொன்று லிட்டர்,measure
செய்தியில் 7.5 என்று வந்தது.,செய்தியில் ஏழு புள்ளி ஐந்து என்று வந்தது .,decimal
1501ha,ஆயிரத்து ஐந்நூற்று ஒன்று ஹெக்டேர்,measure
கடிதத்தில் 8.13 இருந்தது.,கடிதத்தில் எட்டு புள்ளி ஒன்று மூன்று இருந்தது .,decimal
அவர் 248 என்றார்.,அவர் இருநூற்று நாற்பத்தெட்டு என்றார் .,cardinal
2/7 என்று எழுதப்பட்டுள்ளது.,ஏழில் இரண்டு என்று எழுதப்பட்டுள்ளது .,fraction
கடிதத்தில் 9வது இருந்தது.,கடிதத்தில் ஒன்பதாவது இருந்தது .,ordinal
வெப்பநிலை 48km/h ஆக இருந்தது.,வெப்பநிலை நாற்பத்தெட்டு கிலோமீட்டர் ஒரு மணி நேரத்திற்கு ஆக இருந்தது .,measure
05-07-1952,ஐந்து ஜூலை ஆயிரத்து தொள்ளாயிரத்து ஐம்பத்திரண்டு,date
"₹5,10,27,450",ஐந்து கோடி பத்து இலட்சம் இருபத்தேழு ஆயிரம் நானூற்று ஐம்பது ரூபாய்,money
இன்றைய விலை ௭௯௭௪௦.௮ ஆக உயர்ந்தது.,இன்றைய விலை எழுபத்தொன்பது ஆயிரம் எழுநூற்று நாற்பது புள்ளி எட்டு ஆக உயர்ந்தது .,decimal
மாத சம்பளம் ₹3174 தான்.,மாத சம்பளம் மூன்றாயிரத்து நூற்றெழுபத்து நான்கு ரூபாய் தான் .,money
9 கி.கி,ஒன்பது கிலோகிராம்,measure
கடிதத்தில் 05:53 இருந்தது.,கடிதத்தில் ஐந்து மணி ஐம்பத்துமூன்று நிமிடம் இருந்தது .,time
612.1ரூ,அறுநூற்றுப்பன்னிரண்டு ரூபாய் பத்து பைசா,money
70₹ என்பதை நினைவில் கொள்ளுங்கள்.,எழுபது ரூபாய் என்பதை நினைவில் கொள்ளுங்கள் .,money
Rs.3148,மூன்றாயிரத்து நூற்று நாற்பத்தெட்டு ரூபாய்,money
23.02.2027,இருபத்துமூன்று பிப்ரவரி இரண்டாயிரத்து இருபத்தேழு,date
16-06-2022 என்பதை நினைவில் கொள்ளுங்கள்.,பதினாறு ஜூன் இரண்டாயிரத்து இருபத்திரண்டு என்பதை நினைவில் கொள்ளுங்கள் .,date
செய்தியில் 382692485 என்று வந்தது.,செய்தியில் முப்பத்தெட்டு கோடி இருபத்தாறு இலட்சம் தொண்ணூற்றிரண்டு ஆயிரம் நானூற்று எண்பத்தைந்து என்று வந்தது .,cardinal
2042-04-11,இரண்டாயிரத்து நாற்பத்திரண்டு ஏப்ரல் பதினொன்று,date
"₹7,87,35,682.35 கடன் வாங்கினேன்.",ஏழு கோடி எண்பத்தேழு இலட்சம் முப்பத்தைந்து ஆயிரம் அறுநூற்று எண்பத்திரண்டு ரூபாய் முப்பத்தைந்து பைசா கடன் வாங்கினேன் .,money
செய்தியில் 7644546 என்று வந்தது.,செய்தியில் எழுபத்தாறு இலட்சம் நாற்பத்துநான்கு ஆயிரம் ஐந்நூற்று நாற்பத்தாறு என்று வந்தது .,cardinal
"பேருந்து கட்டணம் £௩,௧௨,௭௩,௩௭௩.௨௨ ஆகும்.",பேருந்து கட்டணம் மூன்று கோடி பன்னிரண்டு இலட்சம் எழுபத்துமூன்று ஆயிரம் முந்நூற்று எழுபத்துமூன்று பவுண்ட் இருபத்திரண்டு பென்ஸ் ஆகும் .,money
693sec,அறுநூற்றுத்தொண்ணூற்றுமூன்று வினாடி,measure
+1 7473690474 என்ற எண்ணை 15:49:16 அழைக்கவும்.,பிளஸ் ஒன்று ஏழு நான்கு ஏழு மூன்று ஆறு ஒன்பது பூஜ்யம் நான்கு ஏழு நான்கு என்ற எண்ணை பதினைந்து மணி நாற்பத்தொன்பது நிமிடம் பதினாறு வினாடி அழைக்கவும் .,mixed
பை மதிப்பு 0.97 ஆகும்.,பை மதிப்பு பூஜ்யம் புள்ளி ஒன்பது ஏழு ஆகும் .,decimal
72வது,எழுபத்திரண்டாவது,ordinal
நாள் 20-08-2001 என்று குறிக்கப்பட்டுள்ளது.,நாள் இருபது ஆகஸ்ட் இரண்டாயிரத்து ஒன்று என்று குறிக்கப்பட்டுள்ளது .,date
"₹9,47,41,626",ஒன்பது கோடி நாற்பத்தேழு இலட்சம் நாற்பத்தொன்று ஆயிரம் அறுநூற்று இருபத்தாறு ரூபாய்,money
2/3,மூன்றில் இரண்டு,fraction
மொத்த செலவு ₹௫௨௩௭.௮.,மொத்த செலவு ஐந்தாயிரத்து இருநூற்று முப்பத்தேழு ரூபாய் எண்பது பைசா .,money
ரூ.919,தொள்ளாயிரத்து பத்தொன்பது ரூபாய்,money
கடிதத்தில் 41% இருந்தது.,கடிதத்தில் நாற்பத்தொன்று சதவீதம் இருந்தது .,whitelist
பெட்டியின் எடை 185.48Hz இருக்கும்.,பெட்டியின் எடை நூற்றெண்பத்து ஐந்து புள்ளி நான்கு எட்டு ஹெர்ட்ஸ் இருக்கும் .,measure
9256377960,ஒன்பது இரண்டு ஐந்து ஆறு மூன்று ஏழு ஏழு ஒன்பது ஆறு பூஜ்யம்,telephone
எனக்கு 8803 வயது.,எனக்கு எட்டாயிரத்து எண்ணூற்று மூன்று வயது .,cardinal
இன்று 1000இல் பேர் வருகை தந்தனர்.,இன்று ஆயிரத்தில் பேர் வருகை தந்தனர் .,cardinal
இந்த நூலில் 589 பக்கங்கள் உள்ளன.,இந்த நூலில் ஐந்நூற்று எண்பத்தொன்பது பக்கங்கள் உள்ளன .,cardinal
கடிதத்தில் 08:33 இருந்தது.,கடிதத்தில் எட்டு மணி முப்பத்துமூன்று நிமிடம் இருந்தது .,time
அவன் 4945இல் முறை முயன்றான்.,அவன் நான்காயிரத்து தொள்ளாயிரத்து நாற்பத்தைந்தில் முறை முயன்றான் .,cardinal
21:41,இருபத்தொன்று மணி நாற்பத்தொன்று நிமிடம்,time
அந்த ஊரில் 90 வீடுகள் உள்ளன.,அந்த ஊரில் தொண்ணூறு வீடுகள் உள்ளன .,cardinal
1980-3951,ஆயிரத்து தொள்ளாயிரத்து எண்பது முதல் மூன்றாயிரத்து தொள்ளாயிரத்து ஐம்பத்தொன்று,range
இதில் ₹ ௧௯௭௯ குறிப்பிடப்பட்டுள்ளது.,இதில் ஆயிரத்து தொள்ளாயிரத்து எழுபத்தொன்பது ரூபாய் குறிப்பிடப்பட்டுள்ளது .,money
-4,மைனஸ் நான்கு,cardinal
பாத்திரத்தில் ½ பங்கு நீர் உள்ளது.,பாத்திரத்தில் இரண்டில் ஒன்று பங்கு நீர் உள்ளது .,fraction
11:00 என்று எழுதப்பட்டுள்ளது.,பதினொன்று மணி என்று எழுதப்பட்டுள்ளது .,time
கடிதத்தில் -23470.4 இருந்தது.,கடிதத்தில் மைனஸ் இருபத்துமூன்று ஆயிரம் நானூற்று எழுபது புள்ளி நான்கு இருந்தது .,decimal
09-748597 என்ற எண்ணை 10:56 அழைக்கவும்.,பூஜ்யம் ஒன்பது ஏழு நான்கு எட்டு ஐந்து ஒன்பது ஏழு என்ற எண்ணை பத்து மணி ஐம்பத்தாறு நிமிடம் அழைக்கவும் .,mixed
78.28 ac,எழுபத்தெட்டு புள்ளி இரண்டு எட்டு ஏக்கர்,measure
திருமணம் 27-02-1656 அன்று நடைபெறும்.,திருமணம் இருபத்தேழு பிப்ரவரி ஆயிரத்து அறுநூற்று ஐம்பத்தாறு அன்று நடைபெறும் .,date
நான் 21:31:09 மணிக்கு எழுந்தேன்.,நான் இருபத்தொன்று மணி முப்பத்தொன்று நிமிடம் ஒன்பது வினாடி எழுந்தேன் .,time
அவள் 859 புத்தகங்கள் வாங்கினாள்.,அவள் எண்ணூற்று ஐம்பத்தொன்பது புத்தகங்கள் வாங்கினாள் .,cardinal
சராசரி 402.43 ஆகும்.,சராசரி நானூற்று இரண்டு புள்ளி நான்கு மூன்று ஆகும் .,decimal
"€ 8,14,52,033",எட்டு கோடி பதினான்கு இலட்சம் ஐம்பத்திரண்டு ஆயிரம் முப்பத்துமூன்று யூரோ,money
"பள்ளியில் ௨௦,௭௨,௬௪,௮௯௫ ஆசிரியர்கள் உள்ளனர்.",பள்ளியில் இருபது கோடி எழுபத்திரண்டு இலட்சம் அறுபத்துநான்கு ஆயிரம் எண்ணூற்றுத்தொண்ணூற்றைந்து ஆசிரியர்கள் உள்ளனர் .,cardinal
நீளம் ௯.௯௬ ஆக இருந்தது.,நீளம் ஒன்பது புள்ளி ஒன்பது ஆறு ஆக இருந்தது .,decimal
பள்ளியில் ௧௦௦௦ல் ஆசிரியர்கள் உள்ளனர்.,பள்ளியில் ஆயிரத்தில் ஆசிரியர்கள் உள்ளனர் .,cardinal
பிறந்த நாள் 18-08-2011.,பிறந்த நாள் பதினெட்டு ஆகஸ்ட் இரண்டாயிரத்து பதினொன்று .,date
மொத்தம் 02 மாணவர்கள் உள்ளனர்.,மொத்தம் பூஜ்யம் இரண்டு மாணவர்கள் உள்ளனர் .,cardinal
"இந்த சட்டை ¥ 3,65,26,122 ஆகும்.",இந்த சட்டை மூன்று கோடி அறுபத்தைந்து இலட்சம் இருபத்தாறு ஆயிரம் நூற்று இருபத்திரண்டு யென் ஆகும் .,money
பாத்திரத்தில் ¼ பங்கு நீர் உள்ளது.,பாத்திரத்தில் நான்கில் ஒன்று பங்கு நீர் உள்ளது .,fraction
21:08 கிளம்பி 2yr நடந்தோம்.,இருபத்தொன்று மணி எட்டு நிமிடம் கிளம்பி இரண்டு ஆண்டு நடந்தோம் .,mixed
03:20,மூன்று மணி இருபது நிமிடம்,time
6225274 என்று எழுதப்பட்டுள்ளது.,அறுபத்திரண்டு இலட்சம் இருபத்தைந்து ஆயிரம் இருநூற்று எழுபத்துநான்கு என்று எழுதப்பட்டுள்ளது .,cardinal
வேகம் 56.19mi ஆக இருந்தது.,வேகம் ஐம்பத்தாறு புள்ளி ஒன்று ஒன்பது மைல் ஆக இருந்தது .,measure
9110865525,ஒன்பது ஒன்று ஒன்று பூஜ்யம் எட்டு ஆறு ஐந்து ஐந்து இரண்டு ஐந்து,telephone
628834,ஆறு இலட்சம் இருபத்தெட்டு ஆயிரம் எண்ணூற்று முப்பத்துநான்கு,cardinal
09-07-2048 என்று எழுதப்பட்டுள்ளது.,ஒன்பது ஜூலை இரண்டாயிரத்து நாற்பத்தெட்டு என்று எழுதப்பட்டுள்ளது .,date
இப்போது மணி 16:26:41.,இப்போது மணி பதினாறு மணி இருபத்தாறு நிமிடம் நாற்பத்தொன்று வினாடி .,time
222.5,இருநூற்று இருபத்திரண்டு புள்ளி ஐந்து,decimal
819வது,எண்ணூற்றுப்பத்தொன்பதாவது,ordinal
₹ 3813.81 சரியானது.,மூன்றாயிரத்து எண்ணூற்றுப்பதிமூன்று ரூபாய் எண்பத்தொன்று பைசா சரியானது .,money
இந்த சட்டை 22637ரூ. ஆகும்.,இந்த சட்டை இருபத்திரண்டு ஆயிரம் அறுநூற்று முப்பத்தேழு ரூபாய் ஆகும் .,money
கடிதத்தில் 57 % இருந்தது.,கடிதத்தில் ஐம்பத்தேழு சதவீதம் இருந்தது .,whitelist
2km/h,இரண்டு கிலோமீட்டர் ஒரு மணி நேரத்திற்கு,measure
0189-49169941 பற்றி பேசினோம்.,பூஜ்யம் ஒன்று எட்டு ஒன்பது நான்கு ஒன்பது ஒன்று ஆறு ஒன்பது ஒன்பது நான்கு ஒன்று பற்றி பேசினோம் .,telephone
15/05/2033,பதினைந்து மே இரண்டாயிரத்து முப்பத்துமூன்று,date
நாள் ௩௦-௦௪-௨௦௦௩ என்று குறிக்கப்பட்டுள்ளது.,நாள் முப்பது ஏப்ரல் இரண்டாயிரத்து மூன்று என்று குறிக்கப்பட்டுள்ளது .,date
௯௦இல் கிலோ அரிசி வாங்கினேன்.,தொண்ணூறில் கிலோ அரிசி வாங்கினேன் .,cardinal
64 கி.மீ தண்ணீர் குடிக்க வேண்டும்.,அறுபத்துநான்கு கிலோமீட்டர் தண்ணீர் குடிக்க வேண்டும் .,measure
அளவு 21035.85 ஆக உள்ளது.,அளவு இருபத்தொன்று ஆயிரம் முப்பத்தைந்து புள்ளி எட்டு ஐந்து ஆக உள்ளது .,decimal
திருமணம் 14/04/1974 அன்று நடைபெறும்.,திருமணம் பதினான்கு ஏப்ரல் ஆயிரத்து தொள்ளாயிரத்து எழுபத்துநான்கு அன்று நடைபெறும் .,date
-49,மைனஸ் நாற்பத்தொன்பது,cardinal
தினமும் 4 doz ஓடுகிறேன்.,தினமும் நான்கு டஜன் ஓடுகிறேன் .,measure
13-03-2008,பதிமூன்று மார்ச் இரண்டாயிரத்து எட்டு,date
வகுப்பு 6:22 மணிக்கு முடியும்.,வகுப்பு ஆறு மணி இருபத்திரண்டு நிமிடம் முடியும் .,time
கடிதத்தில் 075-99684936 இருந்தது.,கடிதத்தில் பூஜ்யம் ஏழு ஐந்து ஒன்பது ஒன்பது ஆறு எட்டு நான்கு ஒன்பது மூன்று ஆறு இருந்தது .,telephone
அந்த நிறுவனத்தில் 2 ஊழியர்கள் பணிபுரிகின்றனர்.,அந்த நிறுவனத்தில் இரண்டு ஊழியர்கள் பணிபுரிகின்றனர் .,cardinal
இன்று 61 பேர் வருகை தந்தனர்.,இன்று அறுபத்தொன்று பேர் வருகை தந்தனர் .,cardinal
விலை ரூ.௩௩௨௨௬.௧ மட்டும்.,விலை முப்பத்துமூன்று ஆயிரம் இருநூற்று இருபத்தாறு ரூபாய் பத்து பைசா மட்டும் .,money
961ஆம்,தொள்ளாயிரத்து அறுபத்தொன்றாம்,ordinal
561ஆம்,ஐந்நூற்று அறுபத்தொன்றாம்,ordinal
0940-9666939,பூஜ்யம் ஒன்பது நான்கு பூஜ்யம் ஒன்பது ஆறு ஆறு ஆறு ஒன்பது மூன்று ஒன்பது,telephone
அவரின் தொலைபேசி எண் +44 9944804915 ஆகும்.,அவரின் தொலைபேசி எண் பிளஸ் நான்கு நான்கு ஒன்பது ஒன்பது நான்கு நான்கு எட்டு பூஜ்யம் நான்கு ஒன்பது ஒன்று ஐந்து ஆகும் .,telephone
அவர் 80.3 % என்றார்.,அவர் எண்பது புள்ளி மூன்று சதவீதம் என்றார் .,whitelist
22:20:21 மணிக்கு,இருபத்திரண்டு மணி இருபது நிமிடம் இருபத்தொன்று வினாடி,time
52-88,ஐம்பத்திரண்டு முதல் எண்பத்தெட்டு,range
17-27 வயது குழந்தைகள் வரலாம்.,பதினேழு முதல் இருபத்தேழு வயது குழந்தைகள் வரலாம் .,range
௯:௪௭:௪௮ மணிக்கு,ஒன்பது மணி நாற்பத்தேழு நிமிடம் நாற்பத்தெட்டு வினாடி,time
23-03-2951 அன்று மழை பெய்தது.,இருபத்துமூன்று மார்ச் இரண்டாயிரத்து தொள்ளாயிரத்து ஐம்பத்தொன்று அன்று மழை பெய்தது .,date
5727ஆவது நூற்றாண்டு இலக்கியம்.,ஐந்தாயிரத்து எழுநூற்று இருபத்தேழாவது நூற்றாண்டு இலக்கியம் .,ordinal
கு. பிரியா என்பதை நினைவில் கொள்ளுங்கள்.,குமாரி பிரியா என்பதை நினைவில் கொள்ளுங்கள் .,whitelist
மதிப்பீடு 1.69.,மதிப்பீடு ஒன்று புள்ளி ஆறு ஒன்பது .,decimal
03-03-2050 என்பதை நினைவில் கொள்ளுங்கள்.,மூன்று மார்ச் இரண்டாயிரத்து ஐம்பது என்பதை நினைவில் கொள்ளுங்கள் .,date
21வது பக்கத்தில் பதில் உள்ளது.,இருபத்தொன்றாவது பக்கத்தில் பதில் உள்ளது .,ordinal
அவர் 5 ₹ செலுத்தினார்.,அவர் ஐந்து ரூபாய் செலுத்தினார் .,money
-௧௧௯௦௦.௦௨,மைனஸ் பதினொன்று ஆயிரம் தொள்ளாயிரம் புள்ளி பூஜ்யம் இரண்டு,decimal
4:55 மணிக்கு,நான்கு மணி ஐம்பத்தைந்து நிமிடம்,time
8893146272,எட்டு எட்டு ஒன்பது மூன்று ஒன்று நான்கு ஆறு இரண்டு ஏழு இரண்டு,telephone
௯௧௪௨ஆவது என்று எழுதப்பட்டுள்ளது.,ஒன்பதாயிரத்து நூற்று நாற்பத்திரண்டாவது என்று எழுதப்பட்டுள்ளது .,ordinal
2070-09-20,இரண்டாயிரத்து எழுபது செப்டம்பர் இருபது,date
6:46 சரியானது.,ஆறு மணி நாற்பத்தாறு நிமிடம் சரியானது .,time
கடிதத்தில் -86 இருந்தது.,கடிதத்தில் மைனஸ் எண்பத்தாறு இருந்தது .,cardinal
ரயில் 22:11 மணிக்கு புறப்படும்.,ரயில் இருபத்திரண்டு மணி பதினொன்று நிமிடம் புறப்படும் .,time
எனக்கு 216 வயது.,எனக்கு இருநூற்றுப்பதினாறு வயது .,cardinal
"₹7,03,80,885 சரியானது.",ஏழு கோடி மூன்று இலட்சம் எண்பது ஆயிரம் எண்ணூற்று எண்பத்தைந்து ரூபாய் சரியானது .,money
அவர் 74.4 ரூ செலுத்தினார்.,அவர் எழுபத்துநான்கு ரூபாய் நாற்பது பைசா செலுத்தினார் .,money
97.6%,தொண்ணூற்றேழு புள்ளி ஆறு சதவீதம்,whitelist
இதில் 04-08-1969 குறிப்பிடப்பட்டுள்ளது.,இதில் நான்கு ஆகஸ்ட் ஆயிரத்து தொள்ளாயிரத்து அறுபத்தொன்பது குறிப்பிடப்பட்டுள்ளது .,date
4:02,நான்கு மணி இரண்டு நிமிடம்,time
௦௧/௦௯/௨௦௨௪,ஒன்று செப்டம்பர் இரண்டாயிரத்து இருபத்துநான்கு,date
"Rs6,24,17,460",ஆறு கோடி இருபத்துநான்கு இலட்சம் பதினேழு ஆயிரம் நானூற்று அறுபது ரூபாய்,money
29-06-1929,இருபத்தொன்பது ஜூன் ஆயிரத்து தொள்ளாயிரத்து இருபத்தொன்பது,date
விலை Rs 8198090 ஆனது 0.64 சதவீதம் உயர்வு.,விலை எண்பத்தொன்று இலட்சம் தொண்ணூற்றெட்டு ஆயிரம் தொண்ணூறு ரூபாய் ஆனது பூஜ்யம் புள்ளி ஆறு நான்கு சதவீதம் உயர்வு .,mixed
விண்ணப்பம் 25-01-2018 அன்று அனுப்பப்பட்டது.,விண்ணப்பம் இருபத்தைந்து ஜனவரி இரண்டாயிரத்து பதினெட்டு அன்று அனுப்பப்பட்டது .,date
3759 Hz என்பதை நினைவில் கொள்ளுங்கள்.,மூன்றாயிரத்து எழுநூற்று ஐம்பத்தொன்பது ஹெர்ட்ஸ் என்பதை நினைவில் கொள்ளுங்கள் .,measure
கடிதத்தில் 12-03-2015 இருந்தது.,கடிதத்தில் பன்னிரண்டு மார்ச் இரண்டாயிரத்து பதினைந்து இருந்தது .,date
18:42 கிளம்பி 9652.25 MW நடந்தோம்.,பதினெட்டு மணி நாற்பத்திரண்டு நிமிடம் கிளம்பி ஒன்பதாயிரத்து அறுநூற்று ஐம்பத்திரண்டு புள்ளி இரண்டு ஐந்து மெகாவாட் நடந்தோம் .,mixed
32/40,நாற்பதில் முப்பத்திரண்டு,fraction
பேருந்து கட்டணம் Rs 3317.30 ஆகும்.,பேருந்து கட்டணம் மூன்றாயிரத்து முந்நூற்றுப்பதினேழு ரூபாய் முப்பது பைசா ஆகும் .,money
பை மதிப்பு 172.226 ஆகும்.,பை மதிப்பு நூற்றெழுபத்து இரண்டு புள்ளி இரண்டு இரண்டு ஆறு ஆகும் .,decimal
"பள்ளியில் 836,196 ஆசிரியர்கள் உள்ளனர்.",பள்ளியில் எட்டு இலட்சம் முப்பத்தாறு ஆயிரம் நூற்றுத்தொண்ணூற்றாறு ஆசிரியர்கள் உள்ளனர் .,cardinal
மாத சம்பளம் Rs98 தான்.,மாத சம்பளம் தொண்ணூற்றெட்டு ரூபாய் தான் .,money
எனக்கு 998 வயது.,எனக்கு தொள்ளாயிரத்து தொண்ணூற்றெட்டு வயது .,cardinal
1291வது என்பதை நினைவில் கொள்ளுங்கள்.,ஆயிரத்து இருநூற்றுத்தொண்ணூற்றொன்றாவது என்பதை நினைவில் கொள்ளுங்கள் .,ordinal
அவரின் தொலைபேசி எண் 7351393260 ஆகும்.,அவரின் தொலைபேசி எண் ஏழு மூன்று ஐந்து ஒன்று மூன்று ஒன்பது மூன்று இரண்டு ஆறு பூஜ்யம் ஆகும் .,telephone
"௧௨௪,௩௫௭ என்று எழுதப்பட்டுள்ளது.",ஒரு இலட்சம் இருபத்துநான்கு ஆயிரம் முந்நூற்று ஐம்பத்தேழு என்று எழுதப்பட்டுள்ளது .,cardinal
செய்தியில் 12:00:58 என்று வந்தது.,செய்தியில் பன்னிரண்டு மணி ஐம்பத்தெட்டு வினாடி என்று வந்தது .,time
இதில் 06-03-1928 குறிப்பிடப்பட்டுள்ளது.,இதில் ஆறு மார்ச் ஆயிரத்து தொள்ளாயிரத்து இருபத்தெட்டு குறிப்பிடப்பட்டுள்ளது .,date
அவர் 2.7 என்றார்.,அவர் இரண்டு புள்ளி ஏழு என்றார் .,decimal
அவர் ௧௧-௧௬ என்றார்.,அவர் பதினொன்று முதல் பதினாறு என்றார் .,range
அந்த ஊரில் 926 வீடுகள் உள்ளன.,அந்த ஊரில் தொள்ளாயிரத்து இருபத்தாறு வீடுகள் உள்ளன .,cardinal
147941289 ரூ. என்று எழுதப்பட்டுள்ளது.,பதினான்கு கோடி எழுபத்தொன்பது இலட்சம் நாற்பத்தொன்று ஆயிரம் இருநூற்று எண்பத்தொன்பது ரூபாய் என்று எழுதப்பட்டுள்ளது .,money
"4,000,000",நாற்பது இலட்சம்,cardinal
854வது சரியானது.,எண்ணூற்று ஐம்பத்துநான்காவது சரியானது .,ordinal
நான் 1877வது நபராக வந்தேன்.,நான் ஆயிரத்து எண்ணூற்று எழுபத்தேழாவது நபராக வந்தேன் .,ordinal
16:35 மணிக்கு,பதினாறு மணி முப்பத்தைந்து நிமிடம்,time
அவர் 4வது என்றார்.,அவர் நான்காவது என்றார் .,ordinal
7×8=56 சரியானது.,ஏழு பெருக்கல் எட்டு சமம் ஐம்பத்தாறு சரியானது .,whitelist
"அவர் £48,65,308 செலுத்தினார்.",அவர் நாற்பத்தெட்டு இலட்சம் அறுபத்தைந்து ஆயிரம் முந்நூற்று எட்டு பவுண்ட் செலுத்தினார் .,money
6.15 Hz என்று எழுதப்பட்டுள்ளது.,ஆறு புள்ளி ஒன்று ஐந்து ஹெர்ட்ஸ் என்று எழுதப்பட்டுள்ளது .,measure
8.671 சரியானது.,எட்டு புள்ளி ஆறு ஏழு ஒன்று சரியானது .,decimal
83780.39 இலட்சம்,எண்பத்துமூன்று ஆயிரம் எழுநூற்று எண்பது புள்ளி மூன்று ஒன்பது இலட்சம்~எண்பத்துமூன்று ஆயிரம் எழுநூற்றெண்பது புள்ளி மூன்று ஒன்பது இலட்சம்,decimal
28.03.2042,இருபத்தெட்டு மார்ச் இரண்டாயிரத்து நாற்பத்திரண்டு,date
11/18,பதினெட்டில் பதினொன்று,fraction
இஞ். கண்ணன்,இன்ஜினியர் கண்ணன்,whitelist
11:25:04 மணிக்கு,பதினொன்று மணி இருபத்தைந்து நிமிடம் நான்கு வினாடி,time
665.022,அறுநூற்று அறுபத்தைந்து புள்ளி பூஜ்யம் இரண்டு இரண்டு,decimal
சராசரி ௭௭௪.௯ என்பது 2000இல் மாணவர்களின் கணக்கு.,சராசரி எழுநூற்று எழுபத்துநான்கு புள்ளி ஒன்பது என்பது இரண்டாயிரத்தில் மாணவர்களின் கணக்கு .,mixed
337.468 என்பதை நினைவில் கொள்ளுங்கள்.,முந்நூற்று முப்பத்தேழு புள்ளி நான்கு ஆறு எட்டு என்பதை நினைவில் கொள்ளுங்கள் .,decimal
"¥ 3,60,08,035",மூன்று கோடி அறுபது இலட்சம் எட்டாயிரத்து முப்பத்தைந்து யென்,money
21-02-2009,இருபத்தொன்று பிப்ரவரி இரண்டாயிரத்து ஒன்பது,date
26/01/1970,இருபத்தாறு ஜனவரி ஆயிரத்து தொள்ளாயிரத்து எழுபது,date
செய்தியில் ௯௮ கி.மீ. என்று வந்தது.,செய்தியில் தொண்ணூற்றெட்டு கிலோமீட்டர் என்று வந்தது .,measure
நான் 9:16:40 எழுந்தேன்.,நான் ஒன்பது மணி பதினாறு நிமிடம் நாற்பது வினாடி எழுந்தேன் .,time
இதில் 264 குறிப்பிடப்பட்டுள்ளது.,இதில் இருநூற்று அறுபத்துநான்கு குறிப்பிடப்பட்டுள்ளது .,cardinal
1404-2370 மணி நேரம் தேவை.,ஆயிரத்து நானூற்று நான்கு முதல் இரண்டாயிரத்து முந்நூற்று எழுபது மணி நேரம் தேவை .~ஆயிரத்து நானூற்று நான்கு முதல் இரண்டாயிரத்து முந்நூற்றெழுபது மணி நேரம் தேவை .,range
அவன் 3.73 oz நடந்தான்.,அவன் மூன்று புள்ளி ஏழு மூன்று அவுன்ஸ் நடந்தான் .,measure
"42774 பேருக்கு 7,13,59,537 ₹ கொடுத்தேன்.",நாற்பத்திரண்டு ஆயிரம் எழுநூற்று எழுபத்துநான்கு பேருக்கு ஏழு கோடி பதிமூன்று இலட்சம் ஐம்பத்தொன்பது ஆயிரம் ஐந்நூற்று முப்பத்தேழு ரூபாய் கொடுத்தேன் .,mixed
01-11-1921 அன்று 3 லி. மழை பெய்தது.,ஒன்று நவம்பர் ஆயிரத்து தொள்ளாயிரத்து இருபத்தொன்று அன்று மூன்று லிட்டர் மழை பெய்தது .,mixed
திருமணம் 09.01.2087 அன்று நடைபெறும்.,திருமணம் ஒன்பது ஜனவரி இரண்டாயிரத்து எண்பத்தேழு அன்று நடைபெறும் .,date
கணக்கு 20÷5=4 என்று வரும்.,கணக்கு இருபது வகுத்தல் ஐந்து சமம் நான்கு என்று வரும் .,whitelist
30/12/2752,முப்பது டிசம்பர் இரண்டாயிரத்து எழுநூற்று ஐம்பத்திரண்டு,date
தொடர்புக்கு 6807801957.,தொடர்புக்கு ஆறு எட்டு பூஜ்யம் ஏழு எட்டு பூஜ்யம் ஒன்று ஒன்பது ஐந்து ஏழு .,telephone
மதிப்பீடு 132.3.,மதிப்பீடு நூற்று முப்பத்திரண்டு புள்ளி மூன்று .,decimal
இதில் 457-891 குறிப்பிடப்பட்டுள்ளது.,இதில் நானூற்று ஐம்பத்தேழு முதல் எண்ணூற்றுத்தொண்ணூற்றொன்று குறிப்பிடப்பட்டுள்ளது .,range
720054,ஏழு இலட்சம் இருபது ஆயிரம் ஐம்பத்துநான்கு,cardinal
94349.123 சரியானது.,தொண்ணூற்றுநான்கு ஆயிரம் முந்நூற்று நாற்பத்தொன்பது புள்ளி ஒன்று இரண்டு மூன்று சரியானது .,decimal
மொத்த மதிப்பெண் 274.,மொத்த மதிப்பெண் இருநூற்று எழுபத்துநான்கு .,cardinal
88369,எண்பத்தெட்டு ஆயிரம் முந்நூற்று அறுபத்தொன்பது,cardinal
1618-2120,ஆயிரத்து அறுநூற்றுப்பதினெட்டு முதல் இரண்டாயிரத்து நூற்று இருபது,range
இந்த நூலில் 152 பக்கங்கள் உள்ளன.,இந்த நூலில் நூற்றைம்பத்து இரண்டு பக்கங்கள் உள்ளன .,cardinal
எண் 12ல் சரியானது.,எண் பன்னிரண்டில் சரியானது .,cardinal
Rs. 1737,ஆயிரத்து எழுநூற்று முப்பத்தேழு ரூபாய்,money
19 3/10 பற்றி பேசினோம்.,பத்தொன்பது மற்றும் பத்தில் மூன்று பற்றி பேசினோம் .,fraction
கடிதத்தில் 238.7 இருந்தது.,கடிதத்தில் இருநூற்று முப்பத்தெட்டு புள்ளி ஏழு இருந்தது .,decimal
வளர்ச்சி விகிதம் -840.6 ஆக இருந்தது.,வளர்ச்சி விகிதம் மைனஸ் எண்ணூற்று நாற்பது புள்ளி ஆறு ஆக இருந்தது .,decimal
20-03-1930 அன்று 1000ல் பேர் வந்தனர்.,இருபது மார்ச் ஆயிரத்து தொள்ளாயிரத்து முப்பது அன்று ஆயிரத்தில் பேர் வந்தனர் .,mixed
"₹ 3,11,12,160.66 என்று எழுதப்பட்டுள்ளது.",மூன்று கோடி பதினொன்று இலட்சம் பன்னிரண்டு ஆயிரம் நூற்று அறுபது ரூபாய் அறுபத்தாறு பைசா என்று எழுதப்பட்டுள்ளது .~மூன்று கோடி பதினொன்று இலட்சம் பன்னிரண்டு ஆயிரம் நூற்றறுபது ரூபாய் அறுபத்தாறு பைசா என்று எழுதப்பட்டுள்ளது .,money
81.961 கோடி,எண்பத்தொன்று புள்ளி ஒன்பது ஆறு ஒன்று கோடி,decimal
அவர் 7606L என்றார்.,அவர் ஏழாயிரத்து அறுநூற்று ஆறு லிட்டர் என்றார் .,measure
03 என்று எழுதப்பட்டுள்ளது.,பூஜ்யம் மூன்று என்று எழுதப்பட்டுள்ளது .,cardinal
"எனக்கு ௭௪,௯௪,௮௨,௧௨௭ வயது.",எனக்கு எழுபத்துநான்கு கோடி தொண்ணூற்றுநான்கு இலட்சம் எண்பத்திரண்டு ஆயிரம் நூற்று இருபத்தேழு வயது .,cardinal
இந்த சட்டை Rs. 5400.49 ஆகும்.,இந்த சட்டை ஐந்தாயிரத்து நானூறு ரூபாய் நாற்பத்தொன்பது பைசா ஆகும் .,money
12ஆம் நூற்றாண்டு இலக்கியம்.,பன்னிரண்டாம் நூற்றாண்டு இலக்கியம் .,ordinal
6617407525 இந்த எண்ணில் அழையுங்கள்.,ஆறு ஆறு ஒன்று ஏழு நான்கு பூஜ்யம் ஏழு ஐந்து இரண்டு ஐந்து இந்த எண்ணில் அழையுங்கள் .,telephone
9794 பற்றி பேசினோம்.,ஒன்பதாயிரத்து எழுநூற்றுத்தொண்ணூற்றுநான்கு பற்றி பேசினோம் .,cardinal
-87,மைனஸ் எண்பத்தேழு,cardinal
கடைசி தேதி 12-23-1944.,கடைசி தேதி டிசம்பர் இருபத்துமூன்று ஆயிரத்து தொள்ளாயிரத்து நாற்பத்துநான்கு .,date
அந்த நிறுவனத்தில் 2685இல் ஊழியர்கள் பணிபுரிகின்றனர்.,அந்த நிறுவனத்தில் இரண்டாயிரத்து அறுநூற்று எண்பத்தைந்தில் ஊழியர்கள் பணிபுரிகின்றனர் .,cardinal
அவர் ௫௭௪௦௪௮௮ ஓட்டங்கள் எடுத்தார்.,அவர் ஐம்பத்தேழு இலட்சம் நாற்பது ஆயிரம் நானூற்று எண்பத்தெட்டு ஓட்டங்கள் எடுத்தார் .,cardinal
-129.3 சரியானது.,மைனஸ் நூற்று இருபத்தொன்பது புள்ளி மூன்று சரியானது .,decimal
27-09-2071,இருபத்தேழு செப்டம்பர் இரண்டாயிரத்து எழுபத்தொன்று,date
பிறந்த நாள் 14/12/1909.,பிறந்த நாள் பதினான்கு டிசம்பர் ஆயிரத்து தொள்ளாயிரத்து ஒன்பது .,date
அவன் ½ பங்கு சாப்பிட்டான்.,அவன் இரண்டில் ஒன்று பங்கு சாப்பிட்டான் .,fraction
7643451349 சரியானது.,ஏழு ஆறு நான்கு மூன்று நான்கு ஐந்து ஒன்று மூன்று நான்கு ஒன்பது சரியானது .,telephone
2079°C,இரண்டாயிரத்து எழுபத்தொன்பது டிகிரி செல்சியஸ்,measure
+657852143568,பிளஸ் ஆறு ஐந்து ஏழு எட்டு ஐந்து இரண்டு ஒன்று நான்கு மூன்று ஐந்து ஆறு எட்டு,telephone
அந்த நிலம் $75 விலை போனது.,அந்த நிலம் எழுபத்தைந்து டாலர் விலை போனது .,money
"மாத சம்பளம் 9,44,52,237 ரூ. தான்.",மாத சம்பளம் ஒன்பது கோடி நாற்பத்துநான்கு இலட்சம் ஐம்பத்திரண்டு ஆயிரம் இருநூற்று முப்பத்தேழு ரூபாய் தான் .,money
2073-3307,இரண்டாயிரத்து எழுபத்துமூன்று முதல் மூன்றாயிரத்து முந்நூற்று ஏழு,range
₹2827,இரண்டாயிரத்து எண்ணூற்று இருபத்தேழு ரூபாய்,money
நாள் 26/06/2720 என்று குறிக்கப்பட்டுள்ளது.,நாள் இருபத்தாறு ஜூன் இரண்டாயிரத்து எழுநூற்று இருபது என்று குறிக்கப்பட்டுள்ளது .,date
அவர் 94761 என்றார்.,அவர் தொண்ணூற்றுநான்கு ஆயிரம் எழுநூற்று அறுபத்தொன்று என்றார் .,cardinal
அவர் ₹76 என்றார்.,அவர் எழுபத்தாறு ரூபாய் என்றார் .,money
செய்தியில் 19/04/2083 என்று வந்தது.,செய்தியில் பத்தொன்பது ஏப்ரல் இரண்டாயிரத்து எண்பத்துமூன்று என்று வந்தது .,date
அவர் 07.07.2400 அன்று பிறந்தார்.,அவர் ஏழு ஜூலை இரண்டாயிரத்து நானூறு அன்று பிறந்தார் .,date
இதில் 3/7 பங்கு எனக்கு.,இதில் ஏழில் மூன்று பங்கு எனக்கு .,fraction
20:11,இருபது மணி பதினொன்று நிமிடம்,time
22:00 என்று எழுதப்பட்டுள்ளது.,இருபத்திரண்டு மணி என்று எழுதப்பட்டுள்ளது .,time
வெப்பநிலை 8405.30 lb ஆக இருந்தது.,வெப்பநிலை எட்டாயிரத்து நானூற்று ஐந்து புள்ளி மூன்று பூஜ்யம் பவுண்டு ஆக இருந்தது .,measure
272ஆம் பரிசு ₹0.90 ஆகும்.,இருநூற்று எழுபத்திரண்டாம் பரிசு தொண்ணூறு பைசா ஆகும் .,mixed
அவர் 22-04-1964 அன்று பிறந்தார்.,அவர் இருபத்திரண்டு ஏப்ரல் ஆயிரத்து தொள்ளாயிரத்து அறுபத்துநான்கு அன்று பிறந்தார் .,date
௨௧௫௯-௦௬-௧௫ சரியானது.,இரண்டாயிரத்து நூற்றைம்பத்து ஒன்பது ஜூன் பதினைந்து சரியானது .,date
௦௯:௪௮ கிளம்பி 9690.6 மீ. நடந்தோம்.,ஒன்பது மணி நாற்பத்தெட்டு நிமிடம் கிளம்பி ஒன்பதாயிரத்து அறுநூற்றுத்தொண்ணூறு புள்ளி ஆறு மீட்டர் நடந்தோம் .,mixed
8093ஆம் பக்கத்தில் பதில் உள்ளது.,எட்டாயிரத்து தொண்ணூற்றுமூன்றாம் பக்கத்தில் பதில் உள்ளது .,ordinal
பாத்திரத்தில் ¾ பங்கு நீர் உள்ளது.,பாத்திரத்தில் நான்கில் மூன்று பங்கு நீர் உள்ளது .,fraction
17-08-1906 பற்றி பேசினோம்.,பதினேழு ஆகஸ்ட் ஆயிரத்து தொள்ளாயிரத்து ஆறு பற்றி பேசினோம் .,date
-௮௨௬௮௦,மைனஸ் எண்பத்திரண்டு ஆயிரம் அறுநூற்று எண்பது~மைனஸ் எண்பத்திரண்டு ஆயிரம் அறுநூற்றெண்பது,cardinal
௧௨ ௧௫/௧௯,பன்னிரண்டு மற்றும் பத்தொன்பதில் பதினைந்து,fraction
37%,முப்பத்தேழு சதவீதம்,whitelist
24-09-2075,இருபத்துநான்கு செப்டம்பர் இரண்டாயிரத்து எழுபத்தைந்து,date
இது அவரது 915வது புத்தகம்.,இது அவரது தொள்ளாயிரத்து பதினைந்தாவது புத்தகம் .,ordinal
பரிசுத் தொகை ரூ௭௯.,பரிசுத் தொகை எழுபத்தொன்பது ரூபாய் .,money
8/12 பங்கு வேலை முடிந்தது.,பன்னிரண்டில் எட்டு பங்கு வேலை முடிந்தது .,fraction
இதில் ௯௬ குறிப்பிடப்பட்டுள்ளது.,இதில் தொண்ணூற்றாறு குறிப்பிடப்பட்டுள்ளது .,cardinal
இது அவரது 478ஆம் புத்தகம்.,இது அவரது நானூற்று எழுபத்தெட்டாம் புத்தகம் .,ordinal
கூட்டத்தில் 6397895 பேர் வந்தனர்.,கூட்டத்தில் அறுபத்துமூன்று இலட்சம் தொண்ணூற்றேழு ஆயிரம் எண்ணூற்றுத்தொண்ணூற்றைந்து பேர் வந்தனர் .,cardinal
நிகழ்ச்சி 21:26 ஒளிபரப்பாகும்.,நிகழ்ச்சி இருபத்தொன்று மணி இருபத்தாறு நிமிடம் ஒளிபரப்பாகும் .,time
அவர் 80229.8 என்றார்.,அவர் எண்பது ஆயிரம் இருநூற்று இருபத்தொன்பது புள்ளி எட்டு என்றார் .,decimal
47011.017,நாற்பத்தேழு ஆயிரம் பதினொன்று புள்ளி பூஜ்யம் ஒன்று ஏழு,decimal
அந்த நிலம் ¥7653 விலை போனது.,அந்த நிலம் ஏழாயிரத்து அறுநூற்று ஐம்பத்துமூன்று யென் விலை போனது .,money
செய்தியில் 18/40 என்று வந்தது.,செய்தியில் நாற்பதில் பதினெட்டு என்று வந்தது .,fraction
இதில் 61/8 பங்கு எனக்கு.,இதில் எட்டில் அறுபத்தொன்று பங்கு எனக்கு .,fraction
9158366386,ஒன்பது ஒன்று ஐந்து எட்டு மூன்று ஆறு ஆறு மூன்று எட்டு ஆறு,telephone
தூரம் 5 MB ஆகும்.,தூரம் ஐந்து மெகாபைட் ஆகும் .,measure
680 மீ.,அறுநூற்று எண்பது மீட்டர்~அறுநூற்றெண்பது மீட்டர்,measure
16-02-1907,பதினாறு பிப்ரவரி ஆயிரத்து தொள்ளாயிரத்து ஏழு,date
பிறந்த நாள் 07-14-1930.,பிறந்த நாள் ஜூலை பதினான்கு ஆயிரத்து தொள்ளாயிரத்து முப்பது .,date
12-10-2001,பன்னிரண்டு அக்டோபர் இரண்டாயிரத்து ஒன்று,date
880,எண்ணூற்று எண்பது,cardinal
03-10039803 என்ற எண்ணை அழைக்கவும்.,பூஜ்யம் மூன்று ஒன்று பூஜ்யம் பூஜ்யம் மூன்று ஒன்பது எட்டு பூஜ்யம் மூன்று என்ற எண்ணை அழைக்கவும் .,telephone
செய்தியில் 7055792683 என்று வந்தது.,செய்தியில் ஏழு பூஜ்யம் ஐந்து ஐந்து ஏழு ஒன்பது இரண்டு ஆறு எட்டு மூன்று என்று வந்தது .,telephone
இதில் ₹377 குறிப்பிடப்பட்டுள்ளது.,இதில் முந்நூற்று எழுபத்தேழு ரூபாய் குறிப்பிடப்பட்டுள்ளது .,money
6÷1=6 என்பது சரி.,ஆறு வகுத்தல் ஒன்று சமம் ஆறு என்பது சரி .,whitelist
அவர் ௨௧:௨௭ மணிக்கு என்றார்.,அவர் இருபத்தொன்று மணி இருபத்தேழு நிமிடம் என்றார் .,time
481-571,நானூற்று எண்பத்தொன்று முதல் ஐந்நூற்று எழுபத்தொன்று,range
21:19:02 பற்றி பேசினோம்.,இருபத்தொன்று மணி பத்தொன்பது நிமிடம் இரண்டு வினாடி பற்றி பேசினோம் .,time
46464,நாற்பத்தாறு ஆயிரம் நானூற்று அறுபத்துநான்கு,cardinal
06-71778511,பூஜ்யம் ஆறு ஏழு ஒன்று ஏழு ஏழு எட்டு ஐந்து ஒன்று ஒன்று,telephone
புரோ. வேலு என்பது சரி.,பேராசிரியர் வேலு என்பது சரி .,whitelist
£95 அபராதம் விதிக்கப்பட்டது.,தொண்ணூற்றைந்து பவுண்ட் அபராதம் விதிக்கப்பட்டது .,money
தூரம் 21.4 sec ஆகும்.,தூரம் இருபத்தொன்று புள்ளி நான்கு வினாடி ஆகும் .,measure
௨௧-௧௦-௧௯௮௪ அன்று 20143 பேர் வந்தனர்.,இருபத்தொன்று அக்டோபர் ஆயிரத்து தொள்ளாயிரத்து எண்பத்துநான்கு அன்று இருபது ஆயிரம் நூற்று நாற்பத்துமூன்று பேர் வந்தனர் .,mixed
செய்தியில் 76152.17 என்று வந்தது.,செய்தியில் எழுபத்தாறு ஆயிரம் நூற்றைம்பத்து இரண்டு புள்ளி ஒன்று ஏழு என்று வந்தது .,decimal
மழை அளவு 48124.2 என பதிவானது.,மழை அளவு நாற்பத்தெட்டு ஆயிரம் நூற்று இருபத்துநான்கு புள்ளி இரண்டு என பதிவானது .,decimal
கூட்டம் 26-04-2050 அன்று 19:10:30 தொடங்கும்.,கூட்டம் இருபத்தாறு ஏப்ரல் இரண்டாயிரத்து ஐம்பது அன்று பத்தொன்பது மணி பத்து நிமிடம் முப்பது வினாடி தொடங்கும் .,mixed
92.19 மி.லி.,தொண்ணூற்றிரண்டு புள்ளி ஒன்று ஒன்பது மில்லிலிட்டர்,measure
கடிதத்தில் 02-01-1918 இருந்தது.,கடிதத்தில் இரண்டு ஜனவரி ஆயிரத்து தொள்ளாயிரத்து பதினெட்டு இருந்தது .,date
௪௫/௬௦,அறுபதில் நாற்பத்தைந்து,fraction
1189-2239,ஆயிரத்து நூற்றெண்பத்து ஒன்பது முதல் இரண்டாயிரத்து இருநூற்று முப்பத்தொன்பது,range
விலை 1597-1757 வரை இருக்கும்.,விலை ஆயிரத்து ஐந்நூற்றுத்தொண்ணூற்றேழு முதல் ஆயிரத்து எழுநூற்று ஐம்பத்தேழு வரை இருக்கும் .,range
4×9=36,நான்கு பெருக்கல் ஒன்பது சமம் முப்பத்தாறு,whitelist
௦௯-௧௩-௧௯௪௭,செப்டம்பர் பதிமூன்று ஆயிரத்து தொள்ளாயிரத்து நாற்பத்தேழு,date
01-11-1941,ஒன்று நவம்பர் ஆயிரத்து தொள்ளாயிரத்து நாற்பத்தொன்று,date
தேர்வு 10-01-2021 தேதியில் தொடங்கும்.,தேர்வு பத்து ஜனவரி இரண்டாயிரத்து இருபத்தொன்று தேதியில் தொடங்கும் .,date
1089-1141,ஆயிரத்து எண்பத்தொன்பது முதல் ஆயிரத்து நூற்று நாற்பத்தொன்று,range
3928,மூன்றாயிரத்து தொள்ளாயிரத்து இருபத்தெட்டு,cardinal
புகார் எண் 7291101708 ஆகும்.,புகார் எண் ஏழு இரண்டு ஒன்பது ஒன்று ஒன்று பூஜ்யம் ஒன்று ஏழு பூஜ்யம் எட்டு ஆகும் .,telephone
மொத்த மதிப்பெண் -70.,மொத்த மதிப்பெண் மைனஸ் எழுபது .,cardinal
1090 என்பதை நினைவில் கொள்ளுங்கள்.,ஆயிரத்து தொண்ணூறு என்பதை நினைவில் கொள்ளுங்கள் .,cardinal
அந்த நிலம் Rs 39 விலை போனது.,அந்த நிலம் முப்பத்தொன்பது ரூபாய் விலை போனது .,money
40.75 மி.லி,நாற்பது புள்ளி ஏழு ஐந்து மில்லிலிட்டர்,measure
61 மி.மீ. சரியானது.,அறுபத்தொன்று மில்லிமீட்டர் சரியானது .,measure
எனக்கு 04 வயது.,எனக்கு பூஜ்யம் நான்கு வயது .,cardinal
இதில் 14/90 பங்கு எனக்கு.,இதில் தொண்ணூறில் பதினான்கு பங்கு எனக்கு .,fraction
மொத்தம் 52774 மாணவர்கள் உள்ளனர்.,மொத்தம் ஐம்பத்திரண்டு ஆயிரம் எழுநூற்று எழுபத்துநான்கு மாணவர்கள் உள்ளனர் .,cardinal
9451396759,ஒன்பது நான்கு ஐந்து ஒன்று மூன்று ஒன்பது ஆறு ஏழு ஐந்து ஒன்பது,telephone
அவர் 09:00:15 என்றார்.,அவர் ஒன்பது மணி பதினைந்து வினாடி என்றார் .,time
அவன் 6618.10mm நடந்தான்.,அவன் ஆறாயிரத்து அறுநூற்றுப்பதினெட்டு புள்ளி ஒன்று பூஜ்யம் மில்லிமீட்டர் நடந்தான் .,measure
கடிதத்தில் 14:12 இருந்தது.,கடிதத்தில் பதினான்கு மணி பன்னிரண்டு நிமிடம் இருந்தது .,time
"6,75,98,851",ஆறு கோடி எழுபத்தைந்து இலட்சம் தொண்ணூற்றெட்டு ஆயிரம் எண்ணூற்று ஐம்பத்தொன்று,cardinal
1124-2090,ஆயிரத்து நூற்று இருபத்துநான்கு முதல் இரண்டாயிரத்து தொண்ணூறு,range
7cm,ஏழு சென்டிமீட்டர்,measure
அலுவலக எண் 6359584217.,அலுவலக எண் ஆறு மூன்று ஐந்து ஒன்பது ஐந்து எட்டு நான்கு இரண்டு ஒன்று ஏழு .,telephone
669.1 mi,அறுநூற்று அறுபத்தொன்பது புள்ளி ஒன்று மைல்,measure
"€௧,௯௯,௦௧,௮௨௮",ஒரு கோடி தொண்ணூற்றொன்பது இலட்சம் ஒன்று ஆயிரம் எண்ணூற்று இருபத்தெட்டு யூரோ,money
அவர் 25735778661 ஓட்டங்கள் எடுத்தார்.,அவர் இரண்டு ஐந்து ஏழு மூன்று ஐந்து ஏழு ஏழு எட்டு ஆறு ஆறு ஒன்று ஓட்டங்கள் எடுத்தார் .,cardinal
28/10/2025,இருபத்தெட்டு அக்டோபர் இரண்டாயிரத்து இருபத்தைந்து,date
இதில் 8420790339 குறிப்பிடப்பட்டுள்ளது.,இதில் எட்டு நான்கு இரண்டு பூஜ்யம் ஏழு ஒன்பது பூஜ்யம் மூன்று மூன்று ஒன்பது குறிப்பிடப்பட்டுள்ளது .,telephone
₹ 1427.99,ஆயிரத்து நானூற்று இருபத்தேழு ரூபாய் தொண்ணூற்றொன்பது பைசா,money
81 சரியானது.,எண்பத்தொன்று சரியானது .,cardinal
நிகழ்ச்சி 17:44 ஒளிபரப்பாகும்.,நிகழ்ச்சி பதினேழு மணி நாற்பத்துநான்கு நிமிடம் ஒளிபரப்பாகும் .,time
என் எண் 8639392445.,என் எண் எட்டு ஆறு மூன்று ஒன்பது மூன்று ஒன்பது இரண்டு நான்கு நான்கு ஐந்து .,telephone
அலுவலகம் 13:19 மணிக்கு திறக்கும்.,அலுவலகம் பதிமூன்று மணி பத்தொன்பது நிமிடம் திறக்கும் .,time
+18343194798 என்று எழுதப்பட்டுள்ளது.,பிளஸ் ஒன்று எட்டு மூன்று நான்கு மூன்று ஒன்று ஒன்பது நான்கு ஏழு ஒன்பது எட்டு என்று எழுதப்பட்டுள்ளது .,telephone
22:44 கிளம்பி 1.95 yr நடந்தோம்.,இருபத்திரண்டு மணி நாற்பத்துநான்கு நிமிடம் கிளம்பி ஒன்று புள்ளி ஒன்பது ஐந்து ஆண்டு நடந்தோம் .,mixed
15:51,பதினைந்து மணி ஐம்பத்தொன்று நிமிடம்,time
857 கிலோ அரிசி வாங்கினேன்.,எண்ணூற்று ஐம்பத்தேழு கிலோ அரிசி வாங்கினேன் .,cardinal
இதில் 6:51:12 குறிப்பிடப்பட்டுள்ளது.,இதில் ஆறு மணி ஐம்பத்தொன்று நிமிடம் பன்னிரண்டு வினாடி குறிப்பிடப்பட்டுள்ளது .,time
Rs 7992.19 சரியானது.,ஏழாயிரத்து தொள்ளாயிரத்து தொண்ணூற்றிரண்டு ரூபாய் பத்தொன்பது பைசா சரியானது .,money
€ 54 என்பதை நினைவில் கொள்ளுங்கள்.,ஐம்பத்துநான்கு யூரோ என்பதை நினைவில் கொள்ளுங்கள் .,money
"1,000,000",பத்து இலட்சம்,cardinal
தினமும் 8878 °F ஓடுகிறேன்.,தினமும் எட்டாயிரத்து எண்ணூற்று எழுபத்தெட்டு டிகிரி பாரன்ஹீட் ஓடுகிறேன் .,measure
௦௫-௦௭-௧௯௬௮,ஐந்து ஜூலை ஆயிரத்து தொள்ளாயிரத்து அறுபத்தெட்டு,date
-8843,மைனஸ் எட்டாயிரத்து எண்ணூற்று நாற்பத்துமூன்று,cardinal
"ரூ ௬,௯௪,௧௪,௮௭௨",ஆறு கோடி தொண்ணூற்றுநான்கு இலட்சம் பதினான்கு ஆயிரம் எண்ணூற்று எழுபத்திரண்டு ரூபாய்,money
கடிதத்தில் -44456.698 இருந்தது.,கடிதத்தில் மைனஸ் நாற்பத்துநான்கு ஆயிரம் நானூற்று ஐம்பத்தாறு புள்ளி ஆறு ஒன்பது எட்டு இருந்தது .,decimal
5846 mg அரிசி 6171.78 ரூ ஆகும்.,ஐந்தாயிரத்து எண்ணூற்று நாற்பத்தாறு மில்லிகிராம் அரிசி ஆறாயிரத்து நூற்றெழுபத்து ஒன்று ரூபாய் எழுபத்தெட்டு பைசா ஆகும் .,mixed
8வது பக்கத்தில் பதில் உள்ளது.,எட்டாவது பக்கத்தில் பதில் உள்ளது .,ordinal
செய்தியில் Rs0.99 என்று வந்தது.,செய்தியில் தொண்ணூற்றொன்பது பைசா என்று வந்தது .,money
கடிதத்தில் 3 செ.மீ இருந்தது.,கடிதத்தில் மூன்று சென்டிமீட்டர் இருந்தது .,measure
68% சரியானது.,அறுபத்தெட்டு சதவீதம் சரியானது .,whitelist
பள்ளியில் 6080583 ஆசிரியர்கள் உள்ளனர்.,பள்ளியில் அறுபது இலட்சம் எண்பது ஆயிரம் ஐந்நூற்று எண்பத்துமூன்று ஆசிரியர்கள் உள்ளனர் .,cardinal
652-1152,அறுநூற்று ஐம்பத்திரண்டு முதல் ஆயிரத்து நூற்றைம்பத்து இரண்டு,range
¥432.7 அபராதம் விதிக்கப்பட்டது.,நானூற்று முப்பத்திரண்டு யென் எழுபது சென் அபராதம் விதிக்கப்பட்டது .,money
௨௦௨௮-௧௨-௧௦ பற்றி பேசினோம்.,இரண்டாயிரத்து இருபத்தெட்டு டிசம்பர் பத்து பற்றி பேசினோம் .,date
15/6,ஆறில் பதினைந்து,fraction
4259 கிலோ அரிசி வாங்கினேன்.,நான்காயிரத்து இருநூற்று ஐம்பத்தொன்பது கிலோ அரிசி வாங்கினேன் .,cardinal
நிலப்பரப்பு 2 மீ. ஆகும்.,நிலப்பரப்பு இரண்டு மீட்டர் ஆகும் .,measure
18-10-2093,பதினெட்டு அக்டோபர் இரண்டாயிரத்து தொண்ணூற்றுமூன்று,date
10×7=70,பத்து பெருக்கல் ஏழு சமம் எழுபது,whitelist
கடிதத்தில் 354ல் இருந்தது.,கடிதத்தில் முந்நூற்று ஐம்பத்துநான்கில் இருந்தது .,cardinal
வாடகை Rs 17 ஆக உயர்ந்தது.,வாடகை பதினேழு ரூபாய் ஆக உயர்ந்தது .,money
அவர் 2090-05-31 அன்று பிறந்தார்.,அவர் இரண்டாயிரத்து தொண்ணூறு மே முப்பத்தொன்று அன்று பிறந்தார் .,date
13-12-1923,பதிமூன்று டிசம்பர் ஆயிரத்து தொள்ளாயிரத்து இருபத்துமூன்று,date
அவர் 02-01-2087 என்றார்.,அவர் இரண்டு ஜனவரி இரண்டாயிரத்து எண்பத்தேழு என்றார் .,date
எனக்கு ௬௧௬ வயது.,எனக்கு அறுநூற்றுப்பதினாறு வயது .,cardinal
"அந்த ஊரில் 113,629 வீடுகள் உள்ளன.",அந்த ஊரில் ஒரு இலட்சம் பதிமூன்று ஆயிரம் அறுநூற்று இருபத்தொன்பது வீடுகள் உள்ளன .,cardinal
7617585069 என்ற எண்ணை 14:28 மணிக்கு அழைக்கவும்.,ஏழு ஆறு ஒன்று ஏழு ஐந்து எட்டு ஐந்து பூஜ்யம் ஆறு ஒன்பது என்ற எண்ணை பதினான்கு மணி இருபத்தெட்டு நிமிடம் அழைக்கவும் .,mixed
சராசரி 237.7 ஆகும்.,சராசரி இருநூற்று முப்பத்தேழு புள்ளி ஏழு ஆகும் .,decimal
05-14-1927,மே பதினான்கு ஆயிரத்து தொள்ளாயிரத்து இருபத்தேழு,date
26-11-2075 முதல் விற்பனை தொடங்கும்.,இருபத்தாறு நவம்பர் இரண்டாயிரத்து எழுபத்தைந்து முதல் விற்பனை தொடங்கும் .,date
26618.206,இருபத்தாறு ஆயிரம் அறுநூற்றுப்பதினெட்டு புள்ளி இரண்டு பூஜ்யம் ஆறு,decimal
6766566345,ஆறு ஏழு ஆறு ஆறு ஐந்து ஆறு ஆறு மூன்று நான்கு ஐந்து,telephone
6305,ஆறாயிரத்து முந்நூற்று ஐந்து,cardinal
மாத சம்பளம் ₹ 37 தான்.,மாத சம்பளம் முப்பத்தேழு ரூபாய் தான் .,money
௨௭௪,இருநூற்று எழுபத்துநான்கு,cardinal
௨,இரண்டு,cardinal
இதில் ½ குறிப்பிடப்பட்டுள்ளது.,இதில் இரண்டில் ஒன்று குறிப்பிடப்பட்டுள்ளது .,fraction
3 KB,மூன்று கிலோபைட்,measure
கூட்டம் 23-02-2090 அன்று நடந்தது.,கூட்டம் இருபத்துமூன்று பிப்ரவரி இரண்டாயிரத்து தொண்ணூறு அன்று நடந்தது .,date
17:44,பதினேழு மணி நாற்பத்துநான்கு நிமிடம்,time
உதவி எண் 036-798996 என அறிவித்தனர்.,உதவி எண் பூஜ்யம் மூன்று ஆறு ஏழு ஒன்பது எட்டு ஒன்பது ஒன்பது ஆறு என அறிவித்தனர் .,telephone
Rs1394 என்பதை நினைவில் கொள்ளுங்கள்.,ஆயிரத்து முந்நூற்றுத்தொண்ணூற்றுநான்கு ரூபாய் என்பதை நினைவில் கொள்ளுங்கள் .,money
அவள் 9611562 புத்தகங்கள் வாங்கினாள்.,அவள் தொண்ணூற்றாறு இலட்சம் பதினொன்று ஆயிரம் ஐந்நூற்று அறுபத்திரண்டு புத்தகங்கள் வாங்கினாள் .,cardinal
இதில் 4/50 குறிப்பிடப்பட்டுள்ளது.,இதில் ஐம்பதில் நான்கு குறிப்பிடப்பட்டுள்ளது .,fraction
7276483 என்று எழுதப்பட்டுள்ளது.,எழுபத்திரண்டு இலட்சம் எழுபத்தாறு ஆயிரம் நானூற்று எண்பத்துமூன்று என்று எழுதப்பட்டுள்ளது .,cardinal
விமானம் 18:07 வந்தடையும்.,விமானம் பதினெட்டு மணி ஏழு நிமிடம் வந்தடையும் .,time
8523928530,எட்டு ஐந்து இரண்டு மூன்று ஒன்பது இரண்டு எட்டு ஐந்து மூன்று பூஜ்யம்,telephone
6713632784 என்பதை நினைவில் கொள்ளுங்கள்.,ஆறு ஏழு ஒன்று மூன்று ஆறு மூன்று இரண்டு ஏழு எட்டு நான்கு என்பதை நினைவில் கொள்ளுங்கள் .,telephone
37136896683,மூன்று ஏழு ஒன்று மூன்று ஆறு எட்டு ஒன்பது ஆறு ஆறு எட்டு மூன்று,cardinal
3.51,மூன்று புள்ளி ஐந்து ஒன்று,decimal
கடிதத்தில் +917655692040 இருந்தது.,கடிதத்தில் பிளஸ் ஒன்பது ஒன்று ஏழு ஆறு ஐந்து ஐந்து ஆறு ஒன்பது இரண்டு பூஜ்யம் நான்கு பூஜ்யம் இருந்தது .,telephone
௫.௩௧௩,ஐந்து புள்ளி மூன்று ஒன்று மூன்று,decimal
Rs85 கடன் வாங்கினேன்.,எண்பத்தைந்து ரூபாய் கடன் வாங்கினேன் .,money
04:55:35,நான்கு மணி ஐம்பத்தைந்து நிமிடம் முப்பத்தைந்து வினாடி,time
கடிதத்தில் 40-52 இருந்தது.,கடிதத்தில் நாற்பது முதல் ஐம்பத்திரண்டு இருந்தது .,range
அவள் -3799 புத்தகங்கள் வாங்கினாள்.,அவள் மைனஸ் மூன்றாயிரத்து எழுநூற்றுத்தொண்ணூற்றொன்பது புத்தகங்கள் வாங்கினாள் .,cardinal
கட்டணம் ₹14 என அறிவித்தனர்.,கட்டணம் பதினான்கு ரூபாய் என அறிவித்தனர் .,money
"₹5,52,31,263 அபராதம் விதிக்கப்பட்டது.",ஐந்து கோடி ஐம்பத்திரண்டு இலட்சம் முப்பத்தொன்று ஆயிரம் இருநூற்று அறுபத்துமூன்று ரூபாய் அபராதம் விதிக்கப்பட்டது .,money
1939-11-03 அன்று 2549ரூ. செலுத்தினேன்.,ஆயிரத்து தொள்ளாயிரத்து முப்பத்தொன்பது நவம்பர் மூன்று அன்று இரண்டாயிரத்து ஐந்நூற்று நாற்பத்தொன்பது ரூபாய் செலுத்தினேன் .,mixed
கடிதத்தில் 5778வது இருந்தது.,கடிதத்தில் ஐந்தாயிரத்து எழுநூற்று எழுபத்தெட்டாவது இருந்தது .,ordinal
பறவைகள் வானில் பறக்கின்றன.,பறவைகள் வானில் பறக்கின்றன .,word
௭௧௭௬,ஏழாயிரத்து நூற்றெழுபத்து ஆறு,cardinal
உதவி எண் 9660504919 என அறிவித்தனர்.,உதவி எண் ஒன்பது ஆறு ஆறு பூஜ்யம் ஐந்து பூஜ்யம் நான்கு ஒன்பது ஒன்று ஒன்பது என அறிவித்தனர் .,telephone
7732080,எழுபத்தேழு இலட்சம் முப்பத்திரண்டு ஆயிரம் எண்பது,cardinal
731-1097,எழுநூற்று முப்பத்தொன்று முதல் ஆயிரத்து தொண்ணூற்றேழு,range
அவர் 13:47:53 என்றார்.,அவர் பதிமூன்று மணி நாற்பத்தேழு நிமிடம் ஐம்பத்துமூன்று வினாடி என்றார் .,time
கட்டணம் $2669.6 என அறிவித்தனர்.,கட்டணம் இரண்டாயிரத்து அறுநூற்று அறுபத்தொன்பது டாலர் அறுபது சென்ட் என அறிவித்தனர் .,money
அவர் 11/12 என்றார்.,அவர் பன்னிரண்டில் பதினொன்று என்றார் .,fraction
"28,431",இருபத்தெட்டு ஆயிரம் நானூற்று முப்பத்தொன்று,cardinal
இதில் 12/30 குறிப்பிடப்பட்டுள்ளது.,இதில் முப்பதில் பன்னிரண்டு குறிப்பிடப்பட்டுள்ளது .,fraction
"767,415",ஏழு இலட்சம் அறுபத்தேழு ஆயிரம் நானூற்றுப்பதினைந்து,cardinal
அவள் உயரம் 3 கி.மீ ஆகும்.,அவள் உயரம் மூன்று கிலோமீட்டர் ஆகும் .,measure
மொத்தத்தில் 7/10 பங்கு.,மொத்தத்தில் பத்தில் ஏழு பங்கு .,fraction
85 செ.மீ என்பதை நினைவில் கொள்ளுங்கள்.,எண்பத்தைந்து சென்டிமீட்டர் என்பதை நினைவில் கொள்ளுங்கள் .,measure
16 17/18,பதினாறு மற்றும் பதினெட்டில் பதினேழு,fraction
இதில் 1/50 குறிப்பிடப்பட்டுள்ளது.,இதில் ஐம்பதில் ஒன்று குறிப்பிடப்பட்டுள்ளது .,fraction
இதில் 17:46 குறிப்பிடப்பட்டுள்ளது.,இதில் பதினேழு மணி நாற்பத்தாறு நிமிடம் குறிப்பிடப்பட்டுள்ளது .,time
எனக்கு 85430828 வயது.,எனக்கு எட்டு கோடி ஐம்பத்துநான்கு இலட்சம் முப்பது ஆயிரம் எண்ணூற்று இருபத்தெட்டு வயது .,cardinal
அவர் 95-165 என்றார்.,அவர் தொண்ணூற்றைந்து முதல் நூற்றறுபத்து ஐந்து என்றார் .,range
99,தொண்ணூற்றொன்பது,cardinal
-432931736 சரியானது.,மைனஸ் நாற்பத்துமூன்று கோடி இருபத்தொன்பது இலட்சம் முப்பத்தொன்று ஆயிரம் எழுநூற்று முப்பத்தாறு சரியானது .,cardinal
வெப்பநிலை 84.22 கி.மீ. ஆக இருந்தது.,வெப்பநிலை எண்பத்துநான்கு புள்ளி இரண்டு இரண்டு கிலோமீட்டர் ஆக இருந்தது .,measure
நேரம் 20:49:55 ஆகிவிட்டது.,நேரம் இருபது மணி நாற்பத்தொன்பது நிமிடம் ஐம்பத்தைந்து வினாடி ஆகிவிட்டது .,time
அவள் 99529838 புத்தகங்கள் வாங்கினாள்.,அவள் ஒன்பது கோடி தொண்ணூற்றைந்து இலட்சம் இருபத்தொன்பது ஆயிரம் எண்ணூற்று முப்பத்தெட்டு புத்தகங்கள் வாங்கினாள் .,cardinal
3706 பற்றி பேசினோம்.,மூன்றாயிரத்து எழுநூற்று ஆறு பற்றி பேசினோம் .,cardinal
34437.4 என்பதை நினைவில் கொள்ளுங்கள்.,முப்பத்துநான்கு ஆயிரம் நானூற்று முப்பத்தேழு புள்ளி நான்கு என்பதை நினைவில் கொள்ளுங்கள் .,decimal
௪.௪௨௭ இலட்சம்,நான்கு புள்ளி நான்கு இரண்டு ஏழு இலட்சம்,decimal
கூட்டத்தில் 5346 பேர் வந்தனர்.,கூட்டத்தில் ஐந்தாயிரத்து முந்நூற்று நாற்பத்தாறு பேர் வந்தனர் .,cardinal
29/07/2077 என்பதை நினைவில் கொள்ளுங்கள்.,இருபத்தொன்பது ஜூலை இரண்டாயிரத்து எழுபத்தேழு என்பதை நினைவில் கொள்ளுங்கள் .,date
639.322,அறுநூற்று முப்பத்தொன்பது புள்ளி மூன்று இரண்டு இரண்டு,decimal
88 கிலோ அரிசி வாங்கினேன்.,எண்பத்தெட்டு கிலோ அரிசி வாங்கினேன் .,cardinal
கட்டணம் 26315.15₹ என அறிவித்தனர்.,கட்டணம் இருபத்தாறு ஆயிரம் முந்நூற்றுப்பதினைந்து ரூபாய் பதினைந்து பைசா என அறிவித்தனர் .,money
"¥7,01,02,184",ஏழு கோடி ஒன்று இலட்சம் இரண்டாயிரத்து நூற்றெண்பத்து நான்கு யென்,money
2092-05-09,இரண்டாயிரத்து தொண்ணூற்றிரண்டு மே ஒன்பது,date
அவள் 5579 புத்தகங்கள் வாங்கினாள்.,அவள் ஐந்தாயிரத்து ஐந்நூற்று எழுபத்தொன்பது புத்தகங்கள் வாங்கினாள் .,cardinal
1314750,பதிமூன்று இலட்சம் பதினான்கு ஆயிரம் எழுநூற்று ஐம்பது~பதிமூன்று இலட்சம் பதினான்கு ஆயிரம் எழுநூற்றைம்பது,cardinal
912 பற்றி பேசினோம்.,தொள்ளாயிரத்து பன்னிரண்டு பற்றி பேசினோம் .,cardinal
ரூ47 அபராதம் விதிக்கப்பட்டது.,நாற்பத்தேழு ரூபாய் அபராதம் விதிக்கப்பட்டது .,money
கடிதத்தில் 0.90 ரூ. இருந்தது.,கடிதத்தில் தொண்ணூறு பைசா இருந்தது .,money
"இந்த சட்டை £ 4,18,26,650.41 ஆகும்.",இந்த சட்டை நான்கு கோடி பதினெட்டு இலட்சம் இருபத்தாறு ஆயிரம் அறுநூற்று ஐம்பது பவுண்ட் நாற்பத்தொன்று பென்ஸ் ஆகும் .~இந்த சட்டை நான்கு கோடி பதினெட்டு இலட்சம் இருபத்தாறு ஆயிரம் அறுநூற்றைம்பது பவுண்ட் நாற்பத்தொன்று பென்ஸ் ஆகும் .,money
"19:04 வரை 426,604 பேர் காத்திருந்தனர்.",பத்தொன்பது மணி நான்கு நிமிடம் வரை நான்கு இலட்சம் இருபத்தாறு ஆயிரம் அறுநூற்று நான்கு பேர் காத்திருந்தனர் .,mixed
௬:௧௬ மணிக்கு பற்றி பேசினோம்.,ஆறு மணி பதினாறு நிமிடம் பற்றி பேசினோம் .,time
அவர் ₹ 0.52 என்றார்.,அவர் ஐம்பத்திரண்டு பைசா என்றார் .,money
கடிதத்தில் Rs 95 இருந்தது.,கடிதத்தில் தொண்ணூற்றைந்து ரூபாய் இருந்தது .,money
706,எழுநூற்று ஆறு,cardinal
04-28-1921 பற்றி பேசினோம்.,ஏப்ரல் இருபத்தெட்டு ஆயிரத்து தொள்ளாயிரத்து இருபத்தொன்று பற்றி பேசினோம் .,date
"$3,99,56,010",மூன்று கோடி தொண்ணூற்றொன்பது இலட்சம் ஐம்பத்தாறு ஆயிரம் பத்து டாலர்,money
28-05-1947 அன்று 8yr மழை பெய்தது.,இருபத்தெட்டு மே ஆயிரத்து தொள்ளாயிரத்து நாற்பத்தேழு அன்று எட்டு ஆண்டு மழை பெய்தது .,mixed
அந்த நிறுவனத்தில் -565654739 ஊழியர்கள் பணிபுரிகின்றனர்.,அந்த நிறுவனத்தில் மைனஸ் ஐம்பத்தாறு கோடி ஐம்பத்தாறு இலட்சம் ஐம்பத்துநான்கு ஆயிரம் எழுநூற்று முப்பத்தொன்பது ஊழியர்கள் பணிபுரிகின்றனர் .,cardinal
பெட்டியின் எடை 95 மி.லி. இருக்கும்.,பெட்டியின் எடை தொண்ணூற்றைந்து மில்லிலிட்டர் இருக்கும் .,measure
பிறந்த நாள் 16/01/1954.,பிறந்த நாள் பதினாறு ஜனவரி ஆயிரத்து தொள்ளாயிரத்து ஐம்பத்துநான்கு .,date
௪௯௧.௪௦௩,நானூற்றுத்தொண்ணூற்றொன்று புள்ளி நான்கு பூஜ்யம் மூன்று,decimal
நான் 760ஆம் நபராக வந்தேன்.,நான் எழுநூற்று அறுபதாம் நபராக வந்தேன் .,ordinal
இதில் 4607249 குறிப்பிடப்பட்டுள்ளது.,இதில் நாற்பத்தாறு இலட்சம் ஏழாயிரத்து இருநூற்று நாற்பத்தொன்பது குறிப்பிடப்பட்டுள்ளது .,cardinal
22/40,நாற்பதில் இருபத்திரண்டு,fraction
"38,73,68,409",முப்பத்தெட்டு கோடி எழுபத்துமூன்று இலட்சம் அறுபத்தெட்டு ஆயிரம் நானூற்று ஒன்பது,cardinal
அவன் 2552 முறை முயன்றான்.,அவன் இரண்டாயிரத்து ஐந்நூற்று ஐம்பத்திரண்டு முறை முயன்றான் .,cardinal
௯௪௯௬௬,தொண்ணூற்றுநான்கு ஆயிரம் தொள்ளாயிரத்து அறுபத்தாறு,cardinal
1.79 என்பதை நினைவில் கொள்ளுங்கள்.,ஒன்று புள்ளி ஏழு ஒன்பது என்பதை நினைவில் கொள்ளுங்கள் .,decimal
01:57:37 மணிக்கு,ஒரு மணி ஐம்பத்தேழு நிமிடம் முப்பத்தேழு வினாடி,time
17:42,பதினேழு மணி நாற்பத்திரண்டு நிமிடம்,time
செய்தியில் 63/13 என்று வந்தது.,செய்தியில் பதிமூன்றில் அறுபத்துமூன்று என்று வந்தது .,fraction
92வது அத்தியாயம் படிக்கவும்.,தொண்ணூற்றிரண்டாவது அத்தியாயம் படிக்கவும் .,ordinal
944.537,தொள்ளாயிரத்து நாற்பத்துநான்கு புள்ளி ஐந்து மூன்று ஏழு,decimal
855ஆம்,எண்ணூற்று ஐம்பத்தைந்தாம்,ordinal
அவர் 06-24-1935 என்றார்.,அவர் ஜூன் இருபத்துநான்கு ஆயிரத்து தொள்ளாயிரத்து முப்பத்தைந்து என்றார் .,date
அலுவலகம் 05:56 மணிக்கு திறக்கும்.,அலுவலகம் ஐந்து மணி ஐம்பத்தாறு நிமிடம் திறக்கும் .,time
கடிதத்தில் 9010451289 இருந்தது.,கடிதத்தில் ஒன்பது பூஜ்யம் ஒன்று பூஜ்யம் நான்கு ஐந்து ஒன்று இரண்டு எட்டு ஒன்பது இருந்தது .,telephone
விலை ₹ 44 மட்டும்.,விலை நாற்பத்துநான்கு ரூபாய் மட்டும் .,money
அவர் €55 செலுத்தினார்.,அவர் ஐம்பத்தைந்து யூரோ செலுத்தினார் .,money
15:33,பதினைந்து மணி முப்பத்துமூன்று நிமிடம்,time
1592ஆம் என்பதை நினைவில் கொள்ளுங்கள்.,ஆயிரத்து ஐந்நூற்றுத்தொண்ணூற்றிரண்டாம் என்பதை நினைவில் கொள்ளுங்கள் .,ordinal
42.17GB பால் வாங்கினேன்.,நாற்பத்திரண்டு புள்ளி ஒன்று ஏழு கிகாபைட் பால் வாங்கினேன் .,measure
இந்த நூலில் 4945 பக்கங்கள் உள்ளன.,இந்த நூலில் நான்காயிரத்து தொள்ளாயிரத்து நாற்பத்தைந்து பக்கங்கள் உள்ளன .,cardinal
இதில் 26/50 பங்கு எனக்கு.,இதில் ஐம்பதில் இருபத்தாறு பங்கு எனக்கு .,fraction
3955715182,மூன்று ஒன்பது ஐந்து ஐந்து ஏழு ஒன்று ஐந்து ஒன்று எட்டு இரண்டு,cardinal
"92,25,693 ₹",தொண்ணூற்றிரண்டு இலட்சம் இருபத்தைந்து ஆயிரம் அறுநூற்றுத்தொண்ணூற்றுமூன்று ரூபாய்,money
விண்ணப்பம் 08-09-1996 அன்று அனுப்பப்பட்டது.,விண்ணப்பம் எட்டு செப்டம்பர் ஆயிரத்து தொள்ளாயிரத்து தொண்ணூற்றாறு அன்று அனுப்பப்பட்டது .,date
756-1215,எழுநூற்று ஐம்பத்தாறு முதல் ஆயிரத்து இருநூற்றுப்பதினைந்து,range
08:04:00 மணிக்கு,எட்டு மணி நான்கு நிமிடம்,time
4213405,நாற்பத்திரண்டு இலட்சம் பதிமூன்று ஆயிரம் நானூற்று ஐந்து,cardinal
8:49,எட்டு மணி நாற்பத்தொன்பது நிமிடம்,time
ரூ15,பதினைந்து ரூபாய்,money
விலை 89% உயர்ந்தது.,விலை எண்பத்தொன்பது சதவீதம் உயர்ந்தது .,whitelist
19:42:10,பத்தொன்பது மணி நாற்பத்திரண்டு நிமிடம் பத்து வினாடி,time
630வது என்று எழுதப்பட்டுள்ளது.,அறுநூற்று முப்பதாவது என்று எழுதப்பட்டுள்ளது .,ordinal
செய்தியில் 49.3 என்று வந்தது.,செய்தியில் நாற்பத்தொன்பது புள்ளி மூன்று என்று வந்தது .,decimal
10 2/3,பத்து மற்றும் மூன்றில் இரண்டு,fraction
20/04/1765 அன்று விடுமுறை.,இருபது ஏப்ரல் ஆயிரத்து எழுநூற்று அறுபத்தைந்து அன்று விடுமுறை .,date
2.147,இரண்டு புள்ளி ஒன்று நான்கு ஏழு,decimal
86,எண்பத்தாறு,cardinal
23.06.2447,இருபத்துமூன்று ஜூன் இரண்டாயிரத்து நானூற்று நாற்பத்தேழு,date
கடிதத்தில் ௬km/h இருந்தது.,கடிதத்தில் ஆறு கிலோமீட்டர் ஒரு மணி நேரத்திற்கு இருந்தது .,measure
049-06675070,பூஜ்யம் நான்கு ஒன்பது பூஜ்யம் ஆறு ஆறு ஏழு ஐந்து பூஜ்யம் ஏழு பூஜ்யம்,telephone
செய்தியில் £௦.௪௦ என்று வந்தது.,செய்தியில் நாற்பது பென்ஸ் என்று வந்தது .,money
புகார் எண் 9862156276 ஆகும்.,புகார் எண் ஒன்பது எட்டு ஆறு இரண்டு ஒன்று ஐந்து ஆறு இரண்டு ஏழு ஆறு ஆகும் .,telephone
902,தொள்ளாயிரத்து இரண்டு,cardinal
03-10-1958,மூன்று அக்டோபர் ஆயிரத்து தொள்ளாயிரத்து ஐம்பத்தெட்டு,date
அவள் உயரம் 6483 கி.மீ. ஆகும்.,அவள் உயரம் ஆறாயிரத்து நானூற்று எண்பத்துமூன்று கிலோமீட்டர் ஆகும் .,measure
6082ஆம்,ஆறாயிரத்து எண்பத்திரண்டாம்,ordinal
-12860.8,மைனஸ் பன்னிரண்டு ஆயிரம் எண்ணூற்று அறுபது புள்ளி எட்டு,decimal
7/14,பதினான்கில் ஏழு,fraction
¥௪௯௭௨,நான்காயிரத்து தொள்ளாயிரத்து எழுபத்திரண்டு யென்,money
5647717,ஐம்பத்தாறு இலட்சம் நாற்பத்தேழு ஆயிரம் எழுநூற்றுப்பதினேழு,cardinal
85-90,எண்பத்தைந்து முதல் தொண்ணூறு,range
அவர் 18-06-2447 என்றார்.,அவர் பதினெட்டு ஜூன் இரண்டாயிரத்து நானூற்று நாற்பத்தேழு என்றார் .,date
-11641.057,மைனஸ் பதினொன்று ஆயிரம் அறுநூற்று நாற்பத்தொன்று புள்ளி பூஜ்யம் ஐந்து ஏழு,decimal
செய்தியில் 12-13-1902 என்று வந்தது.,செய்தியில் டிசம்பர் பதிமூன்று ஆயிரத்து தொள்ளாயிரத்து இரண்டு என்று வந்தது .,date
21:26 வரை -3324297 பேர் காத்திருந்தனர்.,இருபத்தொன்று மணி இருபத்தாறு நிமிடம் வரை மைனஸ் முப்பத்துமூன்று இலட்சம் இருபத்துநான்கு ஆயிரம் இருநூற்றுத்தொண்ணூற்றேழு பேர் காத்திருந்தனர் .,mixed
இந்த நூலில் 403 பக்கங்கள் உள்ளன.,இந்த நூலில் நானூற்று மூன்று பக்கங்கள் உள்ளன .,cardinal
௩/௧௧ பங்கு அதாவது ௯ g மட்டும் மீதம்.,பதினொன்றில் மூன்று பங்கு அதாவது ஒன்பது கிராம் மட்டும் மீதம் .,mixed
௦௯-௧௩-௨௦௯௩,செப்டம்பர் பதிமூன்று இரண்டாயிரத்து தொண்ணூற்றுமூன்று,date
வளர்ச்சி விகிதம் 442.4 ஆக இருந்தது.,வளர்ச்சி விகிதம் நானூற்று நாற்பத்திரண்டு புள்ளி நான்கு ஆக இருந்தது .,decimal
89,எண்பத்தொன்பது,cardinal
642 நாட்கள் ஆயிற்று.,அறுநூற்று நாற்பத்திரண்டு நாட்கள் ஆயிற்று .,cardinal
08-01-2040,எட்டு ஜனவரி இரண்டாயிரத்து நாற்பது,date
5558ஆவது,ஐந்தாயிரத்து ஐந்நூற்று ஐம்பத்தெட்டாவது,ordinal
இதன் மதிப்பு -296.58 தான்.,இதன் மதிப்பு மைனஸ் இருநூற்றுத்தொண்ணூற்றாறு புள்ளி ஐந்து எட்டு தான் .,decimal
28-08-2025 அன்று விடுமுறை.,இருபத்தெட்டு ஆகஸ்ட் இரண்டாயிரத்து இருபத்தைந்து அன்று விடுமுறை .,date
செய்தியில் 1:44 என்று வந்தது.,செய்தியில் ஒரு மணி நாற்பத்துநான்கு நிமிடம் என்று வந்தது .,time
தூரம் 8.89 °F ஆகும்.,தூரம் எட்டு புள்ளி எட்டு ஒன்பது டிகிரி பாரன்ஹீட் ஆகும் .,measure
செய்தியில் 23-09-1980 என்று வந்தது.,செய்தியில் இருபத்துமூன்று செப்டம்பர் ஆயிரத்து தொள்ளாயிரத்து எண்பது என்று வந்தது .,date
அவன் 79வது ஆண்டு படிக்கிறான்.,அவன் எழுபத்தொன்பதாவது ஆண்டு படிக்கிறான் .,ordinal
இதில் 647.5 குறிப்பிடப்பட்டுள்ளது.,இதில் அறுநூற்று நாற்பத்தேழு புள்ளி ஐந்து குறிப்பிடப்பட்டுள்ளது .,decimal
7404yr,ஏழாயிரத்து நானூற்று நான்கு ஆண்டு,measure
03-06-1928 முதல் விற்பனை தொடங்கும்.,மூன்று ஜூன் ஆயிரத்து தொள்ளாயிரத்து இருபத்தெட்டு முதல் விற்பனை தொடங்கும் .,date
7km/h என்பதை நினைவில் கொள்ளுங்கள்.,ஏழு கிலோமீட்டர் ஒரு மணி நேரத்திற்கு என்பதை நினைவில் கொள்ளுங்கள் .,measure
863 என்பதை நினைவில் கொள்ளுங்கள்.,எண்ணூற்று அறுபத்துமூன்று என்பதை நினைவில் கொள்ளுங்கள் .,cardinal
௦௬:௫௧ மணிக்கு சரியானது.,ஆறு மணி ஐம்பத்தொன்று நிமிடம் சரியானது .,time
5 மீ.,ஐந்து மீட்டர்,measure
அவர் ₹ 92 என்றார்.,அவர் தொண்ணூற்றிரண்டு ரூபாய் என்றார் .,money
பிறந்த நாள் 15-12-2021.,பிறந்த நாள் பதினைந்து டிசம்பர் இரண்டாயிரத்து இருபத்தொன்று .,date
இதில் 139வது குறிப்பிடப்பட்டுள்ளது.,இதில் நூற்று முப்பத்தொன்பதாவது குறிப்பிடப்பட்டுள்ளது .,ordinal
"8286 பேருக்கு 1,21,15,354 ரூ. கொடுத்தேன்.",எட்டாயிரத்து இருநூற்று எண்பத்தாறு பேருக்கு ஒரு கோடி இருபத்தொன்று இலட்சம் பதினைந்து ஆயிரம் முந்நூற்று ஐம்பத்துநான்கு ரூபாய் கொடுத்தேன் .,mixed
தேர்வு 16-04-2091 தேதியில் தொடங்கும்.,தேர்வு பதினாறு ஏப்ரல் இரண்டாயிரத்து தொண்ணூற்றொன்று தேதியில் தொடங்கும் .,date
அலுவலகம் 9:43 திறக்கும்.,அலுவலகம் ஒன்பது மணி நாற்பத்துமூன்று நிமிடம் திறக்கும் .,time
செய்தியில் 82.3% என்று வந்தது.,செய்தியில் எண்பத்திரண்டு புள்ளி மூன்று சதவீதம் என்று வந்தது .,whitelist
13-06-1998,பதிமூன்று ஜூன் ஆயிரத்து தொள்ளாயிரத்து தொண்ணூற்றெட்டு,date
$ 2535,இரண்டாயிரத்து ஐந்நூற்று முப்பத்தைந்து டாலர்,money
செய்தியில் 0.40 ₹ என்று வந்தது.,செய்தியில் நாற்பது பைசா என்று வந்தது .,money
1403இல்,ஆயிரத்து நானூற்று மூன்றில்,cardinal
€ 39,முப்பத்தொன்பது யூரோ,money
3.12,மூன்று புள்ளி ஒன்று இரண்டு,decimal
528வது,ஐந்நூற்று இருபத்தெட்டாவது,ordinal
795.65 என்று எழுதப்பட்டுள்ளது.,எழுநூற்றுத்தொண்ணூற்றைந்து புள்ளி ஆறு ஐந்து என்று எழுதப்பட்டுள்ளது .,decimal
6/16,பதினாறில் ஆறு,fraction
2,இரண்டு,cardinal
4862,நான்காயிரத்து எண்ணூற்று அறுபத்திரண்டு,cardinal
"381,272 சரியானது.",மூன்று இலட்சம் எண்பத்தொன்று ஆயிரம் இருநூற்று எழுபத்திரண்டு சரியானது .,cardinal
விமானம் 02:00 மணிக்கு வந்தடையும்.,விமானம் இரண்டு மணி வந்தடையும் .,time
₹2923,இரண்டாயிரத்து தொள்ளாயிரத்து இருபத்துமூன்று ரூபாய்,money
ரயில் 17:00 மணிக்கு புறப்படும்.,ரயில் பதினேழு மணி புறப்படும் .,time
"¥3,21,83,858.61",மூன்று கோடி இருபத்தொன்று இலட்சம் எண்பத்துமூன்று ஆயிரம் எண்ணூற்று ஐம்பத்தெட்டு யென் அறுபத்தொன்று சென்,money
5:44,ஐந்து மணி நாற்பத்துநான்கு நிமிடம்,time
3.948,மூன்று புள்ளி ஒன்பது நான்கு எட்டு,decimal
5478 மி.லி அரிசி ரூ43 ஆகும்.,ஐந்தாயிரத்து நானூற்று எழுபத்தெட்டு மில்லிலிட்டர் அரிசி நாற்பத்துமூன்று ரூபாய் ஆகும் .,mixed
அலுவலகம் 18:17:07 திறக்கும்.,அலுவலகம் பதினெட்டு மணி பதினேழு நிமிடம் ஏழு வினாடி திறக்கும் .,time
258வது கூட்டம் 06-04-2034 அன்று நடந்தது.,இருநூற்று ஐம்பத்தெட்டாவது கூட்டம் ஆறு ஏப்ரல் இரண்டாயிரத்து முப்பத்துநான்கு அன்று நடந்தது .,mixed
06/08/1996 அன்று விடுமுறை.,ஆறு ஆகஸ்ட் ஆயிரத்து தொள்ளாயிரத்து தொண்ணூற்றாறு அன்று விடுமுறை .,date
பேருந்து 24:00 கிளம்பும்.,பேருந்து இருபத்துநான்கு மணி கிளம்பும் .,time
செய்தியில் Rs. 0.57 என்று வந்தது.,செய்தியில் ஐம்பத்தேழு பைசா என்று வந்தது .,money
6:26,ஆறு மணி இருபத்தாறு நிமிடம்,time
289057,இரண்டு இலட்சம் எண்பத்தொன்பது ஆயிரம் ஐம்பத்தேழு,cardinal
21597,இருபத்தொன்று ஆயிரம் ஐந்நூற்றுத்தொண்ணூற்றேழு,cardinal
8522688,எண்பத்தைந்து இலட்சம் இருபத்திரண்டு ஆயிரம் அறுநூற்று எண்பத்தெட்டு,cardinal
9268 பற்றி பேசினோம்.,ஒன்பதாயிரத்து இருநூற்று அறுபத்தெட்டு பற்றி பேசினோம் .,cardinal
செய்தியில் 13-03-1931 என்று வந்தது.,செய்தியில் பதிமூன்று மார்ச் ஆயிரத்து தொள்ளாயிரத்து முப்பத்தொன்று என்று வந்தது .,date
தினமும் 81 l ஓடுகிறேன்.,தினமும் எண்பத்தொன்று லிட்டர் ஓடுகிறேன் .,measure
தூரம் ௫௦.௫௭MW ஆகும்.,தூரம் ஐம்பது புள்ளி ஐந்து ஏழு மெகாவாட் ஆகும் .,measure
ரூ.61 என்பதை நினைவில் கொள்ளுங்கள்.,அறுபத்தொன்று ரூபாய் என்பதை நினைவில் கொள்ளுங்கள் .,money
0.752,பூஜ்யம் புள்ளி ஏழு ஐந்து இரண்டு,decimal
-507,மைனஸ் ஐந்நூற்று ஏழு,cardinal
13:47,பதிமூன்று மணி நாற்பத்தேழு நிமிடம்,time
விண்ணப்பம் 11/05/1994 அன்று அனுப்பப்பட்டது.,விண்ணப்பம் பதினொன்று மே ஆயிரத்து தொள்ளாயிரத்து தொண்ணூற்றுநான்கு அன்று அனுப்பப்பட்டது .,date
3065330 கிலோ அரிசி வாங்கினேன்.,முப்பது இலட்சம் அறுபத்தைந்து ஆயிரம் முந்நூற்று முப்பது கிலோ அரிசி வாங்கினேன் .,cardinal
கூட்டத்தில் -9357 பேர் வந்தனர்.,கூட்டத்தில் மைனஸ் ஒன்பதாயிரத்து முந்நூற்று ஐம்பத்தேழு பேர் வந்தனர் .,cardinal
"Rs3,29,60,254",மூன்று கோடி இருபத்தொன்பது இலட்சம் அறுபது ஆயிரம் இருநூற்று ஐம்பத்துநான்கு ரூபாய்,money
Rs 35,முப்பத்தைந்து ரூபாய்,money
செய்தியில் 7 5/9 என்று வந்தது.,செய்தியில் ஏழு மற்றும் ஒன்பதில் ஐந்து என்று வந்தது .,fraction
அவன் 70366.482 மதிப்பெண் பெற்றான்.,அவன் எழுபது ஆயிரம் முந்நூற்று அறுபத்தாறு புள்ளி நான்கு எட்டு இரண்டு மதிப்பெண் பெற்றான் .,decimal
அவள் 122 புத்தகங்கள் வாங்கினாள்.,அவள் நூற்று இருபத்திரண்டு புத்தகங்கள் வாங்கினாள் .,cardinal
லெ. குமார் பேசினார்.,லெப்டினன்ட் குமார் பேசினார் .,whitelist
1934-03-28,ஆயிரத்து தொள்ளாயிரத்து முப்பத்துநான்கு மார்ச் இருபத்தெட்டு,date
22% என்று எழுதப்பட்டுள்ளது.,இருபத்திரண்டு சதவீதம் என்று எழுதப்பட்டுள்ளது .,whitelist
357வது,முந்நூற்று ஐம்பத்தேழாவது,ordinal
0.116,பூஜ்யம் புள்ளி ஒன்று ஒன்று ஆறு,decimal
விண்ணப்பம் 12/04/1963 அன்று அனுப்பப்பட்டது.,விண்ணப்பம் பன்னிரண்டு ஏப்ரல் ஆயிரத்து தொள்ளாயிரத்து அறுபத்துமூன்று அன்று அனுப்பப்பட்டது .,date
மதிப்பீடு 98631.603.,மதிப்பீடு தொண்ணூற்றெட்டு ஆயிரம் அறுநூற்று முப்பத்தொன்று புள்ளி ஆறு பூஜ்யம் மூன்று .,decimal
702,எழுநூற்று இரண்டு,cardinal
பாத்திரத்தில் 18/40 பங்கு நீர் உள்ளது.,பாத்திரத்தில் நாற்பதில் பதினெட்டு பங்கு நீர் உள்ளது .,fraction
0127-931082 என்பதை நினைவில் கொள்ளுங்கள்.,பூஜ்யம் ஒன்று இரண்டு ஏழு ஒன்பது மூன்று ஒன்று பூஜ்யம் எட்டு இரண்டு என்பதை நினைவில் கொள்ளுங்கள் .,telephone
398,முந்நூற்றுத்தொண்ணூற்றெட்டு,cardinal
௫௬௧௧,ஐந்தாயிரத்து அறுநூற்றுப்பதினொன்று,cardinal
அவர் 8817944715 என்றார்.,அவர் எட்டு எட்டு ஒன்று ஏழு ஒன்பது நான்கு நான்கு ஏழு ஒன்று ஐந்து என்றார் .,telephone
௮௮௨-௯௯௩,எண்ணூற்று எண்பத்திரண்டு முதல் தொள்ளாயிரத்து தொண்ணூற்றுமூன்று,range
₹௪௯,நாற்பத்தொன்பது ரூபாய்,money
814402,எட்டு இலட்சம் பதினான்கு ஆயிரம் நானூற்று இரண்டு,cardinal
07-15-1923,ஜூலை பதினைந்து ஆயிரத்து தொள்ளாயிரத்து இருபத்துமூன்று,date
செய்தியில் 1/4 என்று வந்தது.,செய்தியில் நான்கில் ஒன்று என்று வந்தது .,fraction
அவரின் தொலைபேசி எண் 6781486455 ஆகும்.,அவரின் தொலைபேசி எண் ஆறு ஏழு எட்டு ஒன்று நான்கு எட்டு ஆறு நான்கு ஐந்து ஐந்து ஆகும் .,telephone
எண் ௧௬௧௨௦௮௬ சரியானது.,எண் பதினாறு இலட்சம் பன்னிரண்டு ஆயிரம் எண்பத்தாறு சரியானது .,cardinal
647 ரூ. /-,அறுநூற்று நாற்பத்தேழு ரூபாய்,money
இன்று கூட்டம் ரத்து செய்யப்பட்டது.,இன்று கூட்டம் ரத்து செய்யப்பட்டது .,word
"கடிதத்தில் £1,88,66,272 இருந்தது.",கடிதத்தில் ஒரு கோடி எண்பத்தெட்டு இலட்சம் அறுபத்தாறு ஆயிரம் இருநூற்று எழுபத்திரண்டு பவுண்ட் இருந்தது .,money
479,நானூற்று எழுபத்தொன்பது,cardinal
183.284 என்பதை நினைவில் கொள்ளுங்கள்.,நூற்றெண்பத்து மூன்று புள்ளி இரண்டு எட்டு நான்கு என்பதை நினைவில் கொள்ளுங்கள் .,decimal
நல்ல செய்தி வந்தது!,நல்ல செய்தி வந்தது !,word
14¼ பங்கு வேலை முடிந்தது.,பதினான்கு மற்றும் நான்கில் ஒன்று பங்கு வேலை முடிந்தது .,fraction
1 செ.மீ பால் வாங்கினேன்.,ஒரு சென்டிமீட்டர் பால் வாங்கினேன் .,measure
செய்தியில் 25-09-1962 என்று வந்தது.,செய்தியில் இருபத்தைந்து செப்டம்பர் ஆயிரத்து தொள்ளாயிரத்து அறுபத்திரண்டு என்று வந்தது .,date
03:54 மணிக்கு,மூன்று மணி ஐம்பத்துநான்கு நிமிடம்,time
4022 கி.கி.,நான்காயிரத்து இருபத்திரண்டு கிலோகிராம்,measure
திருமணம் 26/12/1999 அன்று நடைபெறும்.,திருமணம் இருபத்தாறு டிசம்பர் ஆயிரத்து தொள்ளாயிரத்து தொண்ணூற்றொன்பது அன்று நடைபெறும் .,date
தேர்வு 12-06-2006 தேதியில் தொடங்கும்.,தேர்வு பன்னிரண்டு ஜூன் இரண்டாயிரத்து ஆறு தேதியில் தொடங்கும் .,date
செய்தியில் 7525 என்று வந்தது.,செய்தியில் ஏழாயிரத்து ஐந்நூற்று இருபத்தைந்து என்று வந்தது .,cardinal
தேர்வு 09/11/2063 தேதியில் தொடங்கும்.,தேர்வு ஒன்பது நவம்பர் இரண்டாயிரத்து அறுபத்துமூன்று தேதியில் தொடங்கும் .,date
நேரம் 3:09 ஆகிவிட்டது.,நேரம் மூன்று மணி ஒன்பது நிமிடம் ஆகிவிட்டது .,time
487.66,நானூற்று எண்பத்தேழு புள்ளி ஆறு ஆறு,decimal
7919423405,ஏழு ஒன்பது ஒன்று ஒன்பது நான்கு இரண்டு மூன்று நான்கு பூஜ்யம் ஐந்து,telephone
29/12/1947 அன்று 154 பேர் வந்தனர்.,இருபத்தொன்பது டிசம்பர் ஆயிரத்து தொள்ளாயிரத்து நாற்பத்தேழு அன்று நூற்றைம்பத்து நான்கு பேர் வந்தனர் .,mixed
¥31.7,முப்பத்தொன்று யென் எழுபது சென்,money
577KB,ஐந்நூற்று எழுபத்தேழு கிலோபைட்,measure
31 min,முப்பத்தொன்று நிமிடம்,measure
99 கி.கி,தொண்ணூற்றொன்பது கிலோகிராம்,measure
கடிதத்தில் 1 92/60 இருந்தது.,கடிதத்தில் ஒன்று மற்றும் அறுபதில் தொண்ணூற்றிரண்டு இருந்தது .,fraction
அந்த ஊரில் 9064 வீடுகள் உள்ளன.,அந்த ஊரில் ஒன்பதாயிரத்து அறுபத்துநான்கு வீடுகள் உள்ளன .,cardinal
Rs.890.17,எண்ணூற்றுத்தொண்ணூறு ரூபாய் பதினேழு பைசா,money
01-23-1962 சரியானது.,ஜனவரி இருபத்துமூன்று ஆயிரத்து தொள்ளாயிரத்து அறுபத்திரண்டு சரியானது .,date
50 என்று எழுதப்பட்டுள்ளது.,ஐம்பது என்று எழுதப்பட்டுள்ளது .,cardinal
பதிவு தேதி 08-08-2032 ஆகும்.,பதிவு தேதி எட்டு ஆகஸ்ட் இரண்டாயிரத்து முப்பத்திரண்டு ஆகும் .,date
அந்த ஊரில் -9281 வீடுகள் உள்ளன.,அந்த ஊரில் மைனஸ் ஒன்பதாயிரத்து இருநூற்று எண்பத்தொன்று வீடுகள் உள்ளன .,cardinal
இப்போது மணி 17:30:00 மணிக்கு.,இப்போது மணி பதினேழு மணி முப்பது நிமிடம் .,time
02-08-1961,இரண்டு ஆகஸ்ட் ஆயிரத்து தொள்ளாயிரத்து அறுபத்தொன்று,date
18:24:59 வரை 1329 பேர் காத்திருந்தனர்.,பதினெட்டு மணி இருபத்துநான்கு நிமிடம் ஐம்பத்தொன்பது வினாடி வரை ஆயிரத்து முந்நூற்று இருபத்தொன்பது பேர் காத்திருந்தனர் .,mixed
இதில் ரூ6077 குறிப்பிடப்பட்டுள்ளது.,இதில் ஆறாயிரத்து எழுபத்தேழு ரூபாய் குறிப்பிடப்பட்டுள்ளது .,money
1230.88 கி.கி தண்ணீர் குடிக்க வேண்டும்.,ஆயிரத்து இருநூற்று முப்பது புள்ளி எட்டு எட்டு கிலோகிராம் தண்ணீர் குடிக்க வேண்டும் .,measure
௩௯௦௨௯.௪,முப்பத்தொன்பது ஆயிரம் இருபத்தொன்பது புள்ளி நான்கு,decimal
கடிதத்தில் 77ல் இருந்தது.,கடிதத்தில் எழுபத்தேழில் இருந்தது .,cardinal
97 மி.லி. என்பதை நினைவில் கொள்ளுங்கள்.,தொண்ணூற்றேழு மில்லிலிட்டர் என்பதை நினைவில் கொள்ளுங்கள் .,measure
ரயில் 04:26 மணிக்கு புறப்படும்.,ரயில் நான்கு மணி இருபத்தாறு நிமிடம் புறப்படும் .,time
003-97066991,பூஜ்யம் பூஜ்யம் மூன்று ஒன்பது ஏழு பூஜ்யம் ஆறு ஆறு ஒன்பது ஒன்பது ஒன்று,telephone
விலை Rs 35 ஆனது 0.18 சதவீதம் உயர்வு.,விலை முப்பத்தைந்து ரூபாய் ஆனது பூஜ்யம் புள்ளி ஒன்று எட்டு சதவீதம் உயர்வு .,mixed
470,நானூற்று எழுபது,cardinal
152.173,நூற்றைம்பத்து இரண்டு புள்ளி ஒன்று ஏழு மூன்று,decimal
22-11-1977,இருபத்திரண்டு நவம்பர் ஆயிரத்து தொள்ளாயிரத்து எழுபத்தேழு,date
8145,எட்டாயிரத்து நூற்று நாற்பத்தைந்து,cardinal
864,எண்ணூற்று அறுபத்துநான்கு,cardinal
9189,ஒன்பதாயிரத்து நூற்றெண்பத்து ஒன்பது,cardinal
2 yr,இரண்டு ஆண்டு,measure
6550450162,ஆறு ஐந்து ஐந்து பூஜ்யம் நான்கு ஐந்து பூஜ்யம் ஒன்று ஆறு இரண்டு,cardinal
தொடர்புக்கு +918115646383.,தொடர்புக்கு பிளஸ் ஒன்பது ஒன்று எட்டு ஒன்று ஒன்று ஐந்து ஆறு நான்கு ஆறு மூன்று எட்டு மூன்று .,telephone
"Rs 4,39,50,776.1",நான்கு கோடி முப்பத்தொன்பது இலட்சம் ஐம்பது ஆயிரம் எழுநூற்று எழுபத்தாறு ரூபாய் பத்து பைசா,money
6950,ஆறாயிரத்து தொள்ளாயிரத்து ஐம்பது,cardinal
64862 சரியானது.,அறுபத்துநான்கு ஆயிரம் எண்ணூற்று அறுபத்திரண்டு சரியானது .,cardinal
8.737,எட்டு புள்ளி ஏழு மூன்று ஏழு,decimal
அந்த ஊரில் 271 வீடுகள் உள்ளன.,அந்த ஊரில் இருநூற்று எழுபத்தொன்று வீடுகள் உள்ளன .,cardinal
௯௯௭,தொள்ளாயிரத்து தொண்ணூற்றேழு,cardinal
18209.234 என்பதை நினைவில் கொள்ளுங்கள்.,பதினெட்டு ஆயிரம் இருநூற்று ஒன்பது புள்ளி இரண்டு மூன்று நான்கு என்பதை நினைவில் கொள்ளுங்கள் .,decimal
7/17,பதினேழில் ஏழு,fraction
நீளம் 926.624 ஆக இருந்தது.,நீளம் தொள்ளாயிரத்து இருபத்தாறு புள்ளி ஆறு இரண்டு நான்கு ஆக இருந்தது .,decimal
95078.55 என்பதை நினைவில் கொள்ளுங்கள்.,தொண்ணூற்றைந்து ஆயிரம் எழுபத்தெட்டு புள்ளி ஐந்து ஐந்து என்பதை நினைவில் கொள்ளுங்கள் .,decimal
0415-91859572 என்ற எண்ணை அழைக்கவும்.,பூஜ்யம் நான்கு ஒன்று ஐந்து ஒன்பது ஒன்று எட்டு ஐந்து ஒன்பது ஐந்து ஏழு இரண்டு என்ற எண்ணை அழைக்கவும் .,telephone
-₹50,மைனஸ் ஐம்பது ரூபாய்,money
"477வது பரிசு ₹ 4,33,02,410 ஆகும்.",நானூற்று எழுபத்தேழாவது பரிசு நான்கு கோடி முப்பத்துமூன்று இலட்சம் இரண்டாயிரத்து நானூற்றுப்பத்து ரூபாய் ஆகும் .,mixed
"£1,63,47,043 பற்றி பேசினோம்.",ஒரு கோடி அறுபத்துமூன்று இலட்சம் நாற்பத்தேழு ஆயிரம் நாற்பத்துமூன்று பவுண்ட் பற்றி பேசினோம் .,money
75% மாணவர்கள் தேர்ச்சி பெற்றனர்.,எழுபத்தைந்து சதவீதம் மாணவர்கள் தேர்ச்சி பெற்றனர் .,whitelist
80/100 பங்கு அதாவது ௩௮ L மட்டும் மீதம்.,நூறில் எண்பது பங்கு அதாவது முப்பத்தெட்டு லிட்டர் மட்டும் மீதம் .,mixed
அவர் -46 ஓட்டங்கள் எடுத்தார்.,அவர் மைனஸ் நாற்பத்தாறு ஓட்டங்கள் எடுத்தார் .,cardinal
அவள் உயரம் 495.87 l ஆகும்.,அவள் உயரம் நானூற்றுத்தொண்ணூற்றைந்து புள்ளி எட்டு ஏழு லிட்டர் ஆகும் .,measure
புகார் எண் 07-614383 ஆகும்.,புகார் எண் பூஜ்யம் ஏழு ஆறு ஒன்று நான்கு மூன்று எட்டு மூன்று ஆகும் .,telephone
2089-01-31,இரண்டாயிரத்து எண்பத்தொன்பது ஜனவரி முப்பத்தொன்று,date
625வது மாடியில் அலுவலகம் உள்ளது.,அறுநூற்று இருபத்தைந்தாவது மாடியில் அலுவலகம் உள்ளது .,ordinal
இது 8666வது முறை.,இது எட்டாயிரத்து அறுநூற்று அறுபத்தாறாவது முறை .,ordinal
ரூ. 4324.66,நான்காயிரத்து முந்நூற்று இருபத்துநான்கு ரூபாய் அறுபத்தாறு பைசா,money
வேகம் 7.66 mL ஆக இருந்தது.,வேகம் ஏழு புள்ளி ஆறு ஆறு மில்லிலிட்டர் ஆக இருந்தது .,measure
வாடகை ₹33 /- ஆக உயர்ந்தது.,வாடகை முப்பத்துமூன்று ரூபாய் ஆக உயர்ந்தது .,money
இதில் 5057797 குறிப்பிடப்பட்டுள்ளது.,இதில் ஐம்பது இலட்சம் ஐம்பத்தேழு ஆயிரம் எழுநூற்றுத்தொண்ணூற்றேழு குறிப்பிடப்பட்டுள்ளது .,cardinal
திருமணம் ௨௦௫௯-௧௧-௦௨ அன்று நடைபெறும்.,திருமணம் இரண்டாயிரத்து ஐம்பத்தொன்பது நவம்பர் இரண்டு அன்று நடைபெறும் .,date
"Rs 5,78,54,824",ஐந்து கோடி எழுபத்தெட்டு இலட்சம் ஐம்பத்துநான்கு ஆயிரம் எண்ணூற்று இருபத்துநான்கு ரூபாய்,money
565134358,ஐம்பத்தாறு கோடி ஐம்பத்தொன்று இலட்சம் முப்பத்துநான்கு ஆயிரம் முந்நூற்று ஐம்பத்தெட்டு,cardinal
7795737684,ஏழு ஏழு ஒன்பது ஐந்து ஏழு மூன்று ஏழு ஆறு எட்டு நான்கு,telephone
அவன் 1/3 பங்கு சாப்பிட்டான்.,அவன் மூன்றில் ஒன்று பங்கு சாப்பிட்டான் .,fraction
"வண்டி எண் 785,521 ஆகும்.",வண்டி எண் ஏழு இலட்சம் எண்பத்தைந்து ஆயிரம் ஐந்நூற்று இருபத்தொன்று ஆகும் .,cardinal
அவர் 7123 என்றார்.,அவர் ஏழாயிரத்து நூற்று இருபத்துமூன்று என்றார் .,cardinal
6 °F,ஆறு டிகிரி பாரன்ஹீட்,measure
"4.15 லி. அரிசி ₹ 6,04,20,414 ஆகும்.",நான்கு புள்ளி ஒன்று ஐந்து லிட்டர் அரிசி ஆறு கோடி நான்கு இலட்சம் இருபது ஆயிரம் நானூற்றுப்பதினான்கு ரூபாய் ஆகும் .,mixed
இதில் 9736493163 குறிப்பிடப்பட்டுள்ளது.,இதில் ஒன்பது ஏழு மூன்று ஆறு நான்கு ஒன்பது மூன்று ஒன்று ஆறு மூன்று குறிப்பிடப்பட்டுள்ளது .,telephone
5.781 சரியானது.,ஐந்து புள்ளி ஏழு எட்டு ஒன்று சரியானது .,decimal
620-977 என்று எழுதப்பட்டுள்ளது.,அறுநூற்று இருபது முதல் தொள்ளாயிரத்து எழுபத்தேழு என்று எழுதப்பட்டுள்ளது .,range
1888.37 கி.கி.,ஆயிரத்து எண்ணூற்று எண்பத்தெட்டு புள்ளி மூன்று ஏழு கிலோகிராம்,measure
9956,ஒன்பதாயிரத்து தொள்ளாயிரத்து ஐம்பத்தாறு,cardinal
இதில் 4.1 குறிப்பிடப்பட்டுள்ளது.,இதில் நான்கு புள்ளி ஒன்று குறிப்பிடப்பட்டுள்ளது .,decimal
இதில் 83.60 ft குறிப்பிடப்பட்டுள்ளது.,இதில் எண்பத்துமூன்று புள்ளி ஆறு பூஜ்யம் அடி குறிப்பிடப்பட்டுள்ளது .,measure
செய்தியில் 3544 என்று வந்தது.,செய்தியில் மூன்றாயிரத்து ஐந்நூற்று நாற்பத்துநான்கு என்று வந்தது .,cardinal
1233.33 mm,ஆயிரத்து இருநூற்று முப்பத்துமூன்று புள்ளி மூன்று மூன்று மில்லிமீட்டர்,measure
87/9,ஒன்பதில் எண்பத்தேழு,fraction
அவர் 1850.92 L என்றார்.,அவர் ஆயிரத்து எண்ணூற்று ஐம்பது புள்ளி ஒன்பது இரண்டு லிட்டர் என்றார் .,measure
2 34/60 சரியானது.,இரண்டு மற்றும் அறுபதில் முப்பத்துநான்கு சரியானது .,fraction
₹ 49 /- சரியானது.,நாற்பத்தொன்பது ரூபாய் சரியானது .,money
மதிப்பீடு 8.4.,மதிப்பீடு எட்டு புள்ளி நான்கு .,decimal
23:00 பற்றி பேசினோம்.,இருபத்துமூன்று மணி பற்றி பேசினோம் .,time
இதில் 9/14 பங்கு எனக்கு.,இதில் பதினான்கில் ஒன்பது பங்கு எனக்கு .,fraction
௪௮௯வது பரிசு £8465792 ஆகும்.,நானூற்று எண்பத்தொன்பதாவது பரிசு எண்பத்துநான்கு இலட்சம் அறுபத்தைந்து ஆயிரம் எழுநூற்றுத்தொண்ணூற்றிரண்டு பவுண்ட் ஆகும் .,mixed
9sec தண்ணீர் குடிக்க வேண்டும்.,ஒன்பது வினாடி தண்ணீர் குடிக்க வேண்டும் .,measure
இதில் 10ஆவது குறிப்பிடப்பட்டுள்ளது.,இதில் பத்தாவது குறிப்பிடப்பட்டுள்ளது .,ordinal
கூட்டம் 12-01-2043 அன்று நடந்தது.,கூட்டம் பன்னிரண்டு ஜனவரி இரண்டாயிரத்து நாற்பத்துமூன்று அன்று நடந்தது .,date
அந்த ஊரில் ௬௯௧௯௭௭௨ வீடுகள் உள்ளன.,அந்த ஊரில் அறுபத்தொன்பது இலட்சம் பத்தொன்பது ஆயிரம் எழுநூற்று எழுபத்திரண்டு வீடுகள் உள்ளன .,cardinal
1 5/30 சரியானது.,ஒன்று மற்றும் முப்பதில் ஐந்து சரியானது .,fraction
17-04-1963,பதினேழு ஏப்ரல் ஆயிரத்து தொள்ளாயிரத்து அறுபத்துமூன்று,date
£8831.12 என்பதை நினைவில் கொள்ளுங்கள்.,எட்டாயிரத்து எண்ணூற்று முப்பத்தொன்று பவுண்ட் பன்னிரண்டு பென்ஸ் என்பதை நினைவில் கொள்ளுங்கள் .,money
அவன் 97214.03 மதிப்பெண் பெற்றான்.,அவன் தொண்ணூற்றேழு ஆயிரம் இருநூற்றுப்பதினான்கு புள்ளி பூஜ்யம் மூன்று மதிப்பெண் பெற்றான் .,decimal
மொத்த மதிப்பெண் 6946.,மொத்த மதிப்பெண் ஆறாயிரத்து தொள்ளாயிரத்து நாற்பத்தாறு .,cardinal
நிகழ்ச்சி 6:06 ஒளிபரப்பாகும்.,நிகழ்ச்சி ஆறு மணி ஆறு நிமிடம் ஒளிபரப்பாகும் .,time
கடிதத்தில் 92% இருந்தது.,கடிதத்தில் தொண்ணூற்றிரண்டு சதவீதம் இருந்தது .,whitelist
பேருந்து கட்டணம் ரூ54 ஆகும்.,பேருந்து கட்டணம் ஐம்பத்துநான்கு ரூபாய் ஆகும் .,money
௨௦௦௦இல் சரியானது.,இரண்டாயிரத்தில் சரியானது .,cardinal
நாள் 04/02/2044 என்று குறிக்கப்பட்டுள்ளது.,நாள் நான்கு பிப்ரவரி இரண்டாயிரத்து நாற்பத்துநான்கு என்று குறிக்கப்பட்டுள்ளது .,date
13 11/15,பதிமூன்று மற்றும் பதினைந்தில் பதினொன்று,fraction
நிலப்பரப்பு 55 g ஆகும்.,நிலப்பரப்பு ஐம்பத்தைந்து கிராம் ஆகும் .,measure
அவள் உயரம் 21 TB ஆகும்.,அவள் உயரம் இருபத்தொன்று டெராபைட் ஆகும் .,measure
30.06.1069,முப்பது ஜூன் ஆயிரத்து அறுபத்தொன்பது,date
சராசரி ௭௭௭௮௨.௭௬ ஆகும்.,சராசரி எழுபத்தேழு ஆயிரம் எழுநூற்று எண்பத்திரண்டு புள்ளி ஏழு ஆறு ஆகும் .,decimal
வாடகை €96.70 ஆக உயர்ந்தது.,வாடகை தொண்ணூற்றாறு யூரோ எழுபது சென்ட் ஆக உயர்ந்தது .,money
28321.732,இருபத்தெட்டு ஆயிரம் முந்நூற்று இருபத்தொன்று புள்ளி ஏழு மூன்று இரண்டு,decimal
"17,11,79,805",பதினேழு கோடி பதினொன்று இலட்சம் எழுபத்தொன்பது ஆயிரம் எண்ணூற்று ஐந்து,cardinal
"அவர் ௬,௯௬,௮௭,௪௫௦ என்றார்.",அவர் ஆறு கோடி தொண்ணூற்றாறு இலட்சம் எண்பத்தேழு ஆயிரம் நானூற்று ஐம்பது என்றார் .,cardinal
அவர் ₹1482 என்றார்.,அவர் ஆயிரத்து நானூற்று எண்பத்திரண்டு ரூபாய் என்றார் .,money
-522,மைனஸ் ஐந்நூற்று இருபத்திரண்டு,cardinal
73.2₹ பற்றி பேசினோம்.,எழுபத்துமூன்று ரூபாய் இருபது பைசா பற்றி பேசினோம் .,money
"66,089 பேருக்கு 4,48,76,257ரூ கொடுத்தேன்.",அறுபத்தாறு ஆயிரம் எண்பத்தொன்பது பேருக்கு நான்கு கோடி நாற்பத்தெட்டு இலட்சம் எழுபத்தாறு ஆயிரம் இருநூற்று ஐம்பத்தேழு ரூபாய் கொடுத்தேன் .,mixed
அந்த நிறுவனத்தில் 4631 ஊழியர்கள் பணிபுரிகின்றனர்.,அந்த நிறுவனத்தில் நான்காயிரத்து அறுநூற்று முப்பத்தொன்று ஊழியர்கள் பணிபுரிகின்றனர் .,cardinal
௧௫:௦௦:௨௩ சரியானது.,பதினைந்து மணி இருபத்துமூன்று வினாடி சரியானது .,time
1376₹ என்பதை நினைவில் கொள்ளுங்கள்.,ஆயிரத்து முந்நூற்று எழுபத்தாறு ரூபாய் என்பதை நினைவில் கொள்ளுங்கள் .,money
6387வது,ஆறாயிரத்து முந்நூற்று எண்பத்தேழாவது,ordinal
கூட்டம் 5:36:00 தொடங்கும்.,கூட்டம் ஐந்து மணி முப்பத்தாறு நிமிடம் தொடங்கும் .,time
"௬,௩௫,௯௩,௩௬௭ரூ. /-",ஆறு கோடி முப்பத்தைந்து இலட்சம் தொண்ணூற்றுமூன்று ஆயிரம் முந்நூற்று அறுபத்தேழு ரூபாய்,money
௨௧:௫௪ மணிக்கு,இருபத்தொன்று மணி ஐம்பத்துநான்கு நிமிடம்,time
வண்டி எண் 773983788388 ஆகும்.,வண்டி எண் ஏழு ஏழு மூன்று ஒன்பது எட்டு மூன்று ஏழு எட்டு எட்டு மூன்று எட்டு எட்டு ஆகும் .,cardinal
-8 நாட்கள் ஆயிற்று.,மைனஸ் எட்டு நாட்கள் ஆயிற்று .,cardinal
௨௪:௨௨:௧௬,இருபத்துநான்கு மணி இருபத்திரண்டு நிமிடம் பதினாறு வினாடி,time
மாத சம்பளம் Rs.0.73 தான்.,மாத சம்பளம் எழுபத்துமூன்று பைசா தான் .,money
03-06-1947,மூன்று ஜூன் ஆயிரத்து தொள்ளாயிரத்து நாற்பத்தேழு,date
88-146,எண்பத்தெட்டு முதல் நூற்று நாற்பத்தாறு,range
223,இருநூற்று இருபத்துமூன்று,cardinal
19-04-2006 என்று எழுதப்பட்டுள்ளது.,பத்தொன்பது ஏப்ரல் இரண்டாயிரத்து ஆறு என்று எழுதப்பட்டுள்ளது .,date
17-11-1980,பதினேழு நவம்பர் ஆயிரத்து தொள்ளாயிரத்து எண்பது,date
"75 மீ. அரிசி ௬,௨௩,௫௧,௩௭௪.௩௫ ரூ ஆகும்.",எழுபத்தைந்து மீட்டர் அரிசி ஆறு கோடி இருபத்துமூன்று இலட்சம் ஐம்பத்தொன்று ஆயிரம் முந்நூற்று எழுபத்துநான்கு ரூபாய் முப்பத்தைந்து பைசா ஆகும் .,mixed
மொத்த செலவு ₹4155339.41.,மொத்த செலவு நாற்பத்தொன்று இலட்சம் ஐம்பத்தைந்து ஆயிரம் முந்நூற்று முப்பத்தொன்பது ரூபாய் நாற்பத்தொன்று பைசா .,money
நான் 7:30:33 எழுந்தேன்.,நான் ஏழு மணி முப்பது நிமிடம் முப்பத்துமூன்று வினாடி எழுந்தேன் .,time
அவன் -424.61 மதிப்பெண் பெற்றான்.,அவன் மைனஸ் நானூற்று இருபத்துநான்கு புள்ளி ஆறு ஒன்று மதிப்பெண் பெற்றான் .,decimal
€3868,மூன்றாயிரத்து எண்ணூற்று அறுபத்தெட்டு யூரோ,money
கூட்டத்தில் 2294 பேர் வந்தனர்.,கூட்டத்தில் இரண்டாயிரத்து இருநூற்றுத்தொண்ணூற்றுநான்கு பேர் வந்தனர் .,cardinal
6 Hz சரியானது.,ஆறு ஹெர்ட்ஸ் சரியானது .,measure
௧௯௨௨-௨௮௩௫ பற்றி பேசினோம்.,ஆயிரத்து தொள்ளாயிரத்து இருபத்திரண்டு முதல் இரண்டாயிரத்து எண்ணூற்று முப்பத்தைந்து பற்றி பேசினோம் .,range
-27023.5,மைனஸ் இருபத்தேழு ஆயிரம் இருபத்துமூன்று புள்ளி ஐந்து,decimal
8.61 சரியானது.,எட்டு புள்ளி ஆறு ஒன்று சரியானது .,decimal
அவர் 8/60 என்றார்.,அவர் அறுபதில் எட்டு என்றார் .,fraction
இன்றைய விலை ௮௪௮௮௬.௫ ஆக உயர்ந்தது.,இன்றைய விலை எண்பத்துநான்கு ஆயிரம் எண்ணூற்று எண்பத்தாறு புள்ளி ஐந்து ஆக உயர்ந்தது .,decimal
௭/௧௦,பத்தில் ஏழு,fraction
17-03-2067 அன்று Rs.726.41 செலுத்தினேன்.,பதினேழு மார்ச் இரண்டாயிரத்து அறுபத்தேழு அன்று எழுநூற்று இருபத்தாறு ரூபாய் நாற்பத்தொன்று பைசா செலுத்தினேன் .,mixed
பரிசுத் தொகை ₹௪௭.,பரிசுத் தொகை நாற்பத்தேழு ரூபாய் .,money
66வது,அறுபத்தாறாவது,ordinal
வகுப்பு 03:40 முடியும்.,வகுப்பு மூன்று மணி நாற்பது நிமிடம் முடியும் .,time
01-13-2288,ஜனவரி பதிமூன்று இரண்டாயிரத்து இருநூற்று எண்பத்தெட்டு,date
வேகம் 210 mg ஆக இருந்தது.,வேகம் இருநூற்றுப்பத்து மில்லிகிராம் ஆக இருந்தது .,measure
௧௩௧ நாட்கள் ஆயிற்று.,நூற்று முப்பத்தொன்று நாட்கள் ஆயிற்று .,cardinal
௧௧௮௧வது,ஆயிரத்து நூற்றெண்பத்து ஒன்றாவது,ordinal
"9,09,02,014ரூ/- பற்றி பேசினோம்.",ஒன்பது கோடி ஒன்பது இலட்சம் இரண்டாயிரத்து பதினான்கு ரூபாய் பற்றி பேசினோம் .,money
கூட்டம் 02/01/1970 அன்று நடந்தது.,கூட்டம் இரண்டு ஜனவரி ஆயிரத்து தொள்ளாயிரத்து எழுபது அன்று நடந்தது .,date
௦௯:௦௯,ஒன்பது மணி ஒன்பது நிமிடம்,time
மொத்த மதிப்பெண் 93ல்.,மொத்த மதிப்பெண் தொண்ணூற்றுமூன்றில் .,cardinal
₹69/- என்பதை நினைவில் கொள்ளுங்கள்.,அறுபத்தொன்பது ரூபாய் என்பதை நினைவில் கொள்ளுங்கள் .,money
சராசரி 9.7 ஆகும்.,சராசரி ஒன்பது புள்ளி ஏழு ஆகும் .,decimal
22-10-1984,இருபத்திரண்டு அக்டோபர் ஆயிரத்து தொள்ளாயிரத்து எண்பத்துநான்கு,date
கடிதத்தில் Rs 2832207 இருந்தது.,கடிதத்தில் இருபத்தெட்டு இலட்சம் முப்பத்திரண்டு ஆயிரம் இருநூற்று ஏழு ரூபாய் இருந்தது .,money
8×1=8 என்பது சரி.,எட்டு பெருக்கல் ஒன்று சமம் எட்டு என்பது சரி .,whitelist
ரூ46.42,நாற்பத்தாறு ரூபாய் நாற்பத்திரண்டு பைசா,money
அவன் 57.24 yr நடந்தான்.,அவன் ஐம்பத்தேழு புள்ளி இரண்டு நான்கு ஆண்டு நடந்தான் .,measure
உதவி எண் 6120608961 என அறிவித்தனர்.,உதவி எண் ஆறு ஒன்று இரண்டு பூஜ்யம் ஆறு பூஜ்யம் எட்டு ஒன்பது ஆறு ஒன்று என அறிவித்தனர் .,telephone
8/10,பத்தில் எட்டு,fraction
"3,04,15,583 கிலோ அரிசி வாங்கினேன்.",மூன்று கோடி நான்கு இலட்சம் பதினைந்து ஆயிரம் ஐந்நூற்று எண்பத்துமூன்று கிலோ அரிசி வாங்கினேன் .,cardinal
பை மதிப்பு 90599.486 ஆகும்.,பை மதிப்பு தொண்ணூறு ஆயிரம் ஐந்நூற்றுத்தொண்ணூற்றொன்பது புள்ளி நான்கு எட்டு ஆறு ஆகும் .,decimal
½,இரண்டில் ஒன்று,fraction
02-06-1937,இரண்டு ஜூன் ஆயிரத்து தொள்ளாயிரத்து முப்பத்தேழு,date
14:29,பதினான்கு மணி இருபத்தொன்பது நிமிடம்,time
-138,மைனஸ் நூற்று முப்பத்தெட்டு,cardinal
கூட்டத்தில் 9817 பேர் வந்தனர்.,கூட்டத்தில் ஒன்பதாயிரத்து எண்ணூற்றுப்பதினேழு பேர் வந்தனர் .,cardinal
இந்த மூட்டை ௪௯ km எடை உள்ளது.,இந்த மூட்டை நாற்பத்தொன்பது கிலோமீட்டர் எடை உள்ளது .,measure
"மொத்தம் 326,604 மாணவர்கள் உள்ளனர்.",மொத்தம் மூன்று இலட்சம் இருபத்தாறு ஆயிரம் அறுநூற்று நான்கு மாணவர்கள் உள்ளனர் .,cardinal
936.9,தொள்ளாயிரத்து முப்பத்தாறு புள்ளி ஒன்பது,decimal
அவரின் தொலைபேசி எண் 020-0468732 ஆகும்.,அவரின் தொலைபேசி எண் பூஜ்யம் இரண்டு பூஜ்யம் பூஜ்யம் நான்கு ஆறு எட்டு ஏழு மூன்று இரண்டு ஆகும் .,telephone
+9717091589930,பிளஸ் ஒன்பது ஏழு ஒன்று ஏழு பூஜ்யம் ஒன்பது ஒன்று ஐந்து எட்டு ஒன்பது ஒன்பது மூன்று பூஜ்யம்,telephone
சராசரி 9.28 ஆகும்.,சராசரி ஒன்பது புள்ளி இரண்டு எட்டு ஆகும் .,decimal
06-08-1970,ஆறு ஆகஸ்ட் ஆயிரத்து தொள்ளாயிரத்து எழுபது,date
பிறந்த நாள் 26-10-1987.,பிறந்த நாள் இருபத்தாறு அக்டோபர் ஆயிரத்து தொள்ளாயிரத்து எண்பத்தேழு .,date
5.43mL என்று எழுதப்பட்டுள்ளது.,ஐந்து புள்ளி நான்கு மூன்று மில்லிலிட்டர் என்று எழுதப்பட்டுள்ளது .,measure
09-200351 சரியானது.,பூஜ்யம் ஒன்பது இரண்டு பூஜ்யம் பூஜ்யம் மூன்று ஐந்து ஒன்று சரியானது .,telephone
விடை 82/13 ஆகும்.,விடை பதிமூன்றில் எண்பத்திரண்டு ஆகும் .,fraction
5559854,ஐம்பத்தைந்து இலட்சம் ஐம்பத்தொன்பது ஆயிரம் எண்ணூற்று ஐம்பத்துநான்கு,cardinal
"அவர் ௫,௧௯,௬௮,௪௦௨ரூ. என்றார்.",அவர் ஐந்து கோடி பத்தொன்பது இலட்சம் அறுபத்தெட்டு ஆயிரம் நானூற்று இரண்டு ரூபாய் என்றார் .,money
53.16 ₹ பற்றி பேசினோம்.,ஐம்பத்துமூன்று ரூபாய் பதினாறு பைசா பற்றி பேசினோம் .,money
பிறந்த நாள் 25-12-2018.,பிறந்த நாள் இருபத்தைந்து டிசம்பர் இரண்டாயிரத்து பதினெட்டு .,date
கடிதத்தில் 374வது இருந்தது.,கடிதத்தில் முந்நூற்று எழுபத்துநான்காவது இருந்தது .,ordinal
4 mg,நான்கு மில்லிகிராம்,measure
17:52 மணிக்கு என்பதை நினைவில் கொள்ளுங்கள்.,பதினேழு மணி ஐம்பத்திரண்டு நிமிடம் என்பதை நினைவில் கொள்ளுங்கள் .,time
௦௬-௦௪-௨௦௩௪,ஆறு ஏப்ரல் இரண்டாயிரத்து முப்பத்துநான்கு,date
கூட்டத்தில் 141792012 பேர் வந்தனர்.,கூட்டத்தில் பதினான்கு கோடி பதினேழு இலட்சம் தொண்ணூற்றிரண்டு ஆயிரம் பன்னிரண்டு பேர் வந்தனர் .,cardinal
அவர் 11:48 மணிக்கு என்றார்.,அவர் பதினொன்று மணி நாற்பத்தெட்டு நிமிடம் என்றார் .,time
செய்தியில் 34 % என்று வந்தது.,செய்தியில் முப்பத்துநான்கு சதவீதம் என்று வந்தது .,whitelist
இன்றைய விலை 92838.734 ஆக உயர்ந்தது.,இன்றைய விலை தொண்ணூற்றிரண்டு ஆயிரம் எண்ணூற்று முப்பத்தெட்டு புள்ளி ஏழு மூன்று நான்கு ஆக உயர்ந்தது .,decimal
3.158 பற்றி பேசினோம்.,மூன்று புள்ளி ஒன்று ஐந்து எட்டு பற்றி பேசினோம் .,decimal
"கடிதத்தில் ₹௧,௭௬,௮௫,௧௬௩.௫௭ இருந்தது.",கடிதத்தில் ஒரு கோடி எழுபத்தாறு இலட்சம் எண்பத்தைந்து ஆயிரம் நூற்றறுபத்து மூன்று ரூபாய் ஐம்பத்தேழு பைசா இருந்தது .,money
7.231,ஏழு புள்ளி இரண்டு மூன்று ஒன்று,decimal
23:14 மணிக்கு,இருபத்துமூன்று மணி பதினான்கு நிமிடம்,time
3761 doz பற்றி பேசினோம்.,மூன்றாயிரத்து எழுநூற்று அறுபத்தொன்று டஜன் பற்றி பேசினோம் .,measure
"அவர் ரூ.4,55,62,733.3 செலுத்தினார்.",அவர் நான்கு கோடி ஐம்பத்தைந்து இலட்சம் அறுபத்திரண்டு ஆயிரம் எழுநூற்று முப்பத்துமூன்று ரூபாய் முப்பது பைசா செலுத்தினார் .,money
கடிதத்தில் 17.04.1940 இருந்தது.,கடிதத்தில் பதினேழு ஏப்ரல் ஆயிரத்து தொள்ளாயிரத்து நாற்பது இருந்தது .,date
12-12-2089 என்று எழுதப்பட்டுள்ளது.,பன்னிரண்டு டிசம்பர் இரண்டாயிரத்து எண்பத்தொன்பது என்று எழுதப்பட்டுள்ளது .,date
எண் 2528இல் சரியானது.,எண் இரண்டாயிரத்து ஐந்நூற்று இருபத்தெட்டில் சரியானது .,cardinal
மொத்த மதிப்பெண் 5635.,மொத்த மதிப்பெண் ஐந்தாயிரத்து அறுநூற்று முப்பத்தைந்து .,cardinal
இதில் 12.09.1972 குறிப்பிடப்பட்டுள்ளது.,இதில் பன்னிரண்டு செப்டம்பர் ஆயிரத்து தொள்ளாயிரத்து எழுபத்திரண்டு குறிப்பிடப்பட்டுள்ளது .,date
கடைசி தேதி 05-04-1975.,கடைசி தேதி ஐந்து ஏப்ரல் ஆயிரத்து தொள்ளாயிரத்து எழுபத்தைந்து .,date
இந்த நூலில் 796266296 பக்கங்கள் உள்ளன.,இந்த நூலில் எழுபத்தொன்பது கோடி அறுபத்திரண்டு இலட்சம் அறுபத்தாறு ஆயிரம் இருநூற்றுத்தொண்ணூற்றாறு பக்கங்கள் உள்ளன .,cardinal
"௧௯,௨௬,௨௧,௧௪௫ கிலோ அரிசி வாங்கினேன்.",பத்தொன்பது கோடி இருபத்தாறு இலட்சம் இருபத்தொன்று ஆயிரம் நூற்று நாற்பத்தைந்து கிலோ அரிசி வாங்கினேன் .,cardinal
எண் 3098475 சரியானது.,எண் முப்பது இலட்சம் தொண்ணூற்றெட்டு ஆயிரம் நானூற்று எழுபத்தைந்து சரியானது .,cardinal
04-08-2023,நான்கு ஆகஸ்ட் இரண்டாயிரத்து இருபத்துமூன்று,date
நிலத்தில் 14/18 பங்கு விற்றார்.,நிலத்தில் பதினெட்டில் பதினான்கு பங்கு விற்றார் .,fraction
247,இருநூற்று நாற்பத்தேழு,cardinal
பள்ளியில் 14 ஆசிரியர்கள் உள்ளனர்.,பள்ளியில் பதினான்கு ஆசிரியர்கள் உள்ளனர் .,cardinal
இதில் 47ஆம் குறிப்பிடப்பட்டுள்ளது.,இதில் நாற்பத்தேழாம் குறிப்பிடப்பட்டுள்ளது .,ordinal
9915 மாணவர்கள் 14:47:59 வந்தனர்.,ஒன்பதாயிரத்து தொள்ளாயிரத்து பதினைந்து மாணவர்கள் பதினான்கு மணி நாற்பத்தேழு நிமிடம் ஐம்பத்தொன்பது வினாடி வந்தனர் .,mixed
௩௭௮,முந்நூற்று எழுபத்தெட்டு,cardinal
"₹ ௮,௯௨,௫௯,௭௪௧ பற்றி பேசினோம்.",எட்டு கோடி தொண்ணூற்றிரண்டு இலட்சம் ஐம்பத்தொன்பது ஆயிரம் எழுநூற்று நாற்பத்தொன்று ரூபாய் பற்றி பேசினோம் .,money
1065,ஆயிரத்து அறுபத்தைந்து,cardinal
உதவி எண் 8603505017 என அறிவித்தனர்.,உதவி எண் எட்டு ஆறு பூஜ்யம் மூன்று ஐந்து பூஜ்யம் ஐந்து பூஜ்யம் ஒன்று ஏழு என அறிவித்தனர் .,telephone
௪௩ சரியானது.,நாற்பத்துமூன்று சரியானது .,cardinal
அவன் 5612ல் முறை முயன்றான்.,அவன் ஐந்தாயிரத்து அறுநூற்றுப்பன்னிரண்டில் முறை முயன்றான் .,cardinal
¥ 0.85 பற்றி பேசினோம்.,எண்பத்தைந்து சென் பற்றி பேசினோம் .,money
இதில் $2727 குறிப்பிடப்பட்டுள்ளது.,இதில் இரண்டாயிரத்து எழுநூற்று இருபத்தேழு டாலர் குறிப்பிடப்பட்டுள்ளது .,money
"₹3,74,02,520 பற்றி பேசினோம்.",மூன்று கோடி எழுபத்துநான்கு இலட்சம் இரண்டாயிரத்து ஐந்நூற்று இருபது ரூபாய் பற்றி பேசினோம் .,money
இதில் 50% குறிப்பிடப்பட்டுள்ளது.,இதில் ஐம்பது சதவீதம் குறிப்பிடப்பட்டுள்ளது .,whitelist
18-08-1921,பதினெட்டு ஆகஸ்ட் ஆயிரத்து தொள்ளாயிரத்து இருபத்தொன்று,date
அவர் 5457020 என்றார்.,அவர் ஐம்பத்துநான்கு இலட்சம் ஐம்பத்தேழு ஆயிரம் இருபது என்றார் .,cardinal
18/11/2073,பதினெட்டு நவம்பர் இரண்டாயிரத்து எழுபத்துமூன்று,date
8.984,எட்டு புள்ளி ஒன்பது எட்டு நான்கு,decimal
6399 km/h என்பதை நினைவில் கொள்ளுங்கள்.,ஆறாயிரத்து முந்நூற்றுத்தொண்ணூற்றொன்பது கிலோமீட்டர் ஒரு மணி நேரத்திற்கு என்பதை நினைவில் கொள்ளுங்கள் .,measure
வண்டி வேகமாக சென்றது.,வண்டி வேகமாக சென்றது .,word
13:29,பதிமூன்று மணி இருபத்தொன்பது நிமிடம்,time
6017 என்று எழுதப்பட்டுள்ளது.,ஆறாயிரத்து பதினேழு என்று எழுதப்பட்டுள்ளது .,cardinal
03 சரியானது.,பூஜ்யம் மூன்று சரியானது .,cardinal
அவன் 55309 முறை முயன்றான்.,அவன் ஐம்பத்தைந்து ஆயிரம் முந்நூற்று ஒன்பது முறை முயன்றான் .,cardinal
12/13,பதிமூன்றில் பன்னிரண்டு,fraction
71658.71 பற்றி பேசினோம்.,எழுபத்தொன்று ஆயிரம் அறுநூற்று ஐம்பத்தெட்டு புள்ளி ஏழு ஒன்று பற்றி பேசினோம் .,decimal
கடிதத்தில் 286.04 இருந்தது.,கடிதத்தில் இருநூற்று எண்பத்தாறு புள்ளி பூஜ்யம் நான்கு இருந்தது .,decimal
84÷12=7 என்று எழுதப்பட்டுள்ளது.,எண்பத்துநான்கு வகுத்தல் பன்னிரண்டு சமம் ஏழு என்று எழுதப்பட்டுள்ளது .,whitelist
இந்த சட்டை ₹ 7655.53 ஆகும்.,இந்த சட்டை ஏழாயிரத்து அறுநூற்று ஐம்பத்தைந்து ரூபாய் ஐம்பத்துமூன்று பைசா ஆகும் .,money
கூட்டத்தில் 2000ல் பேர் வந்தனர்.,கூட்டத்தில் இரண்டாயிரத்தில் பேர் வந்தனர் .,cardinal
இன்று 90028 பேர் வருகை தந்தனர்.,இன்று தொண்ணூறு ஆயிரம் இருபத்தெட்டு பேர் வருகை தந்தனர் .,cardinal
2810-03-21,இரண்டாயிரத்து எண்ணூற்றுப்பத்து மார்ச் இருபத்தொன்று,date
இதில் 829-1188 குறிப்பிடப்பட்டுள்ளது.,இதில் எண்ணூற்று இருபத்தொன்பது முதல் ஆயிரத்து நூற்றெண்பத்து எட்டு குறிப்பிடப்பட்டுள்ளது .,range
15/02/2086 அன்று விடுமுறை.,பதினைந்து பிப்ரவரி இரண்டாயிரத்து எண்பத்தாறு அன்று விடுமுறை .,date
எண் ௫௯௪௪ சரியானது.,எண் ஐந்தாயிரத்து தொள்ளாயிரத்து நாற்பத்துநான்கு சரியானது .,cardinal
நிலப்பரப்பு 20kg ஆகும்.,நிலப்பரப்பு இருபது கிலோகிராம் ஆகும் .,measure
₹8097.35 சரியானது.,எட்டாயிரத்து தொண்ணூற்றேழு ரூபாய் முப்பத்தைந்து பைசா சரியானது .,money
விலை 23-46 வரை இருக்கும்.,விலை இருபத்துமூன்று முதல் நாற்பத்தாறு வரை இருக்கும் .,range
௩௨₹,முப்பத்திரண்டு ரூபாய்,money
௩௪௮௩வது,மூன்றாயிரத்து நானூற்று எண்பத்துமூன்றாவது,ordinal
187.2,நூற்றெண்பத்து ஏழு புள்ளி இரண்டு,decimal
6399152184,ஆறு மூன்று ஒன்பது ஒன்பது ஒன்று ஐந்து இரண்டு ஒன்று எட்டு நான்கு,telephone
15:00,பதினைந்து மணி,time
இந்த சட்டை $ 8235.95 ஆகும்.,இந்த சட்டை எட்டாயிரத்து இருநூற்று முப்பத்தைந்து டாலர் தொண்ணூற்றைந்து சென்ட் ஆகும் .,money
7 மி.லி,ஏழு மில்லிலிட்டர்,measure
04-02-2143,நான்கு பிப்ரவரி இரண்டாயிரத்து நூற்று நாற்பத்துமூன்று,date
பிறந்த நாள் 06-08-1912.,பிறந்த நாள் ஆறு ஆகஸ்ட் ஆயிரத்து தொள்ளாயிரத்து பன்னிரண்டு .,date
செய்தியில் ரூ௦.௪௬ என்று வந்தது.,செய்தியில் நாற்பத்தாறு பைசா என்று வந்தது .,money
௨௩௮-௨௬௪,இருநூற்று முப்பத்தெட்டு முதல் இருநூற்று அறுபத்துநான்கு,range
அவள் 2196வது வகுப்பு படிக்கிறாள்.,அவள் இரண்டாயிரத்து நூற்றுத்தொண்ணூற்றாறாவது வகுப்பு படிக்கிறாள் .,ordinal
6-8,ஆறு முதல் எட்டு,range
வட்டி 23.6 % ஆக உள்ளது.,வட்டி இருபத்துமூன்று புள்ளி ஆறு சதவீதம் ஆக உள்ளது .,whitelist
செய்தியில் ரூ. 5588 என்று வந்தது.,செய்தியில் ஐந்தாயிரத்து ஐந்நூற்று எண்பத்தெட்டு ரூபாய் என்று வந்தது .,money
கடைசி தேதி 19-05-1958.,கடைசி தேதி பத்தொன்பது மே ஆயிரத்து தொள்ளாயிரத்து ஐம்பத்தெட்டு .,date
27-03-2090 அன்று Rs 420934686 /- செலுத்தினேன்.,இருபத்தேழு மார்ச் இரண்டாயிரத்து தொண்ணூறு அன்று நாற்பத்திரண்டு கோடி ஒன்பது இலட்சம் முப்பத்துநான்கு ஆயிரம் அறுநூற்று எண்பத்தாறு ரூபாய் செலுத்தினேன் .,mixed
கூட்டத்தில் 6115 பேர் வந்தனர்.,கூட்டத்தில் ஆறாயிரத்து நூற்றுப்பதினைந்து பேர் வந்தனர் .,cardinal
அவரின் தொலைபேசி எண் 6458626079 ஆகும்.,அவரின் தொலைபேசி எண் ஆறு நான்கு ஐந்து எட்டு ஆறு இரண்டு ஆறு பூஜ்யம் ஏழு ஒன்பது ஆகும் .,telephone
10:33 என்று எழுதப்பட்டுள்ளது.,பத்து மணி முப்பத்துமூன்று நிமிடம் என்று எழுதப்பட்டுள்ளது .,time
1112-1657,ஆயிரத்து நூற்றுப்பன்னிரண்டு முதல் ஆயிரத்து அறுநூற்று ஐம்பத்தேழு,range
மொத்தம் 0 மாணவர்கள் உள்ளனர்.,மொத்தம் பூஜ்யம் மாணவர்கள் உள்ளனர் .,cardinal
1×3=3,ஒன்று பெருக்கல் மூன்று சமம் மூன்று,whitelist
29-03-2026,இருபத்தொன்பது மார்ச் இரண்டாயிரத்து இருபத்தாறு,date
நான் 65ஆவது நபராக வந்தேன்.,நான் அறுபத்தைந்தாவது நபராக வந்தேன் .,ordinal
"6l அரிசி ¥8,11,81,018 ஆகும்.",ஆறு லிட்டர் அரிசி எட்டு கோடி பதினொன்று இலட்சம் எண்பத்தொன்று ஆயிரம் பதினெட்டு யென் ஆகும் .,mixed
1985-11-12 அன்று 84 hr மழை பெய்தது.,ஆயிரத்து தொள்ளாயிரத்து எண்பத்தைந்து நவம்பர் பன்னிரண்டு அன்று எண்பத்துநான்கு மணி மழை பெய்தது .,mixed
செய்தியில் 15:35 என்று வந்தது.,செய்தியில் பதினைந்து மணி முப்பத்தைந்து நிமிடம் என்று வந்தது .,time
3/18 என்பதை நினைவில் கொள்ளுங்கள்.,பதினெட்டில் மூன்று என்பதை நினைவில் கொள்ளுங்கள் .,fraction
9186,ஒன்பதாயிரத்து நூற்றெண்பத்து ஆறு,cardinal
626.0 பற்றி பேசினோம்.,அறுநூற்று இருபத்தாறு புள்ளி பூஜ்யம் பற்றி பேசினோம் .,decimal
05-13-1969,மே பதிமூன்று ஆயிரத்து தொள்ளாயிரத்து அறுபத்தொன்பது,date
11:04 மணிக்கு,பதினொன்று மணி நான்கு நிமிடம்,time
17:31 மணிக்கு சாப்பிட வா.,பதினேழு மணி முப்பத்தொன்று நிமிடம் சாப்பிட வா .,time
செய்தியில் ௧௨வது என்று வந்தது.,செய்தியில் பன்னிரண்டாவது என்று வந்தது .,ordinal
-41186.935 சரியானது.,மைனஸ் நாற்பத்தொன்று ஆயிரம் நூற்றெண்பத்து ஆறு புள்ளி ஒன்பது மூன்று ஐந்து சரியானது .,decimal
வண்டி எண் 65358 ஆகும்.,வண்டி எண் அறுபத்தைந்து ஆயிரம் முந்நூற்று ஐம்பத்தெட்டு ஆகும் .,cardinal
7143,ஏழாயிரத்து நூற்று நாற்பத்துமூன்று,cardinal
நான் 1129வது நபராக வந்தேன்.,நான் ஆயிரத்து நூற்று இருபத்தொன்பதாவது நபராக வந்தேன் .,ordinal
விண்ணப்பம் 20/09/2091 அன்று அனுப்பப்பட்டது.,விண்ணப்பம் இருபது செப்டம்பர் இரண்டாயிரத்து தொண்ணூற்றொன்று அன்று அனுப்பப்பட்டது .,date
ரூ64.87,அறுபத்துநான்கு ரூபாய் எண்பத்தேழு பைசா,money
இந்த நூலில் -664217691 பக்கங்கள் உள்ளன.,இந்த நூலில் மைனஸ் அறுபத்தாறு கோடி நாற்பத்திரண்டு இலட்சம் பதினேழு ஆயிரம் அறுநூற்றுத்தொண்ணூற்றொன்று பக்கங்கள் உள்ளன .,cardinal
2677ஆவது நூற்றாண்டு இலக்கியம்.,இரண்டாயிரத்து அறுநூற்று எழுபத்தேழாவது நூற்றாண்டு இலக்கியம் .,ordinal
"6,69,82,329ரூ./- கடன் வாங்கினேன்.",ஆறு கோடி அறுபத்தொன்பது இலட்சம் எண்பத்திரண்டு ஆயிரம் முந்நூற்று இருபத்தொன்பது ரூபாய் கடன் வாங்கினேன் .,money
கடிதத்தில் ₹ 684 இருந்தது.,கடிதத்தில் அறுநூற்று எண்பத்துநான்கு ரூபாய் இருந்தது .,money
"107,859",ஒரு இலட்சம் ஏழாயிரத்து எண்ணூற்று ஐம்பத்தொன்பது,cardinal
ரூ. 4728.11,நான்காயிரத்து எழுநூற்று இருபத்தெட்டு ரூபாய் பதினொன்று பைசா,money
அவன் 9692 முறை முயன்றான்.,அவன் ஒன்பதாயிரத்து அறுநூற்றுத்தொண்ணூற்றிரண்டு முறை முயன்றான் .,cardinal
748-996 பக்கங்கள் படிக்கவும்.,எழுநூற்று நாற்பத்தெட்டு முதல் தொள்ளாயிரத்து தொண்ணூற்றாறு பக்கங்கள் படிக்கவும் .,range
அந்த நிலம் ரூ ௮௫ விலை போனது.,அந்த நிலம் எண்பத்தைந்து ரூபாய் விலை போனது .,money
விமானம் 10:34 வந்தடையும்.,விமானம் பத்து மணி முப்பத்துநான்கு நிமிடம் வந்தடையும் .,time
3 45/30,மூன்று மற்றும் முப்பதில் நாற்பத்தைந்து,fraction
இதில் 756423016 குறிப்பிடப்பட்டுள்ளது.,இதில் எழுபத்தைந்து கோடி அறுபத்துநான்கு இலட்சம் இருபத்துமூன்று ஆயிரம் பதினாறு குறிப்பிடப்பட்டுள்ளது .,cardinal
09-09-2064,ஒன்பது செப்டம்பர் இரண்டாயிரத்து அறுபத்துநான்கு,date
"6,75,11,774 ரூ.",ஆறு கோடி எழுபத்தைந்து இலட்சம் பதினொன்று ஆயிரம் எழுநூற்று எழுபத்துநான்கு ரூபாய்,money
"₹ 4,17,51,644",நான்கு கோடி பதினேழு இலட்சம் ஐம்பத்தொன்று ஆயிரம் அறுநூற்று நாற்பத்துநான்கு ரூபாய்,money
மதிப்பீடு 45684.3.,மதிப்பீடு நாற்பத்தைந்து ஆயிரம் அறுநூற்று எண்பத்துநான்கு புள்ளி மூன்று .,decimal
கட்டணம் ₹0.54 என அறிவித்தனர்.,கட்டணம் ஐம்பத்துநான்கு பைசா என அறிவித்தனர் .,money
8×9=72,எட்டு பெருக்கல் ஒன்பது சமம் எழுபத்திரண்டு,whitelist
அவன் ௪௫/௬௦ பங்கு சாப்பிட்டான்.,அவன் அறுபதில் நாற்பத்தைந்து பங்கு சாப்பிட்டான் .,fraction
இன்று ௩௭௨ல் பேர் வருகை தந்தனர்.,இன்று முந்நூற்று எழுபத்திரண்டில் பேர் வருகை தந்தனர் .,cardinal
₹ 4 பற்றி பேசினோம்.,நான்கு ரூபாய் பற்றி பேசினோம் .,money
ரயில் ௧௦:௫௪ புறப்படும்.,ரயில் பத்து மணி ஐம்பத்துநான்கு நிமிடம் புறப்படும் .,time
"61வது பரிசு ரூ9,40,52,221.49 ஆகும்.",அறுபத்தொன்றாவது பரிசு ஒன்பது கோடி நாற்பது இலட்சம் ஐம்பத்திரண்டு ஆயிரம் இருநூற்று இருபத்தொன்று ரூபாய் நாற்பத்தொன்பது பைசா ஆகும் .,mixed
09:47,ஒன்பது மணி நாற்பத்தேழு நிமிடம்,time
8608815362,எட்டு ஆறு பூஜ்யம் எட்டு எட்டு ஒன்று ஐந்து மூன்று ஆறு இரண்டு,telephone
41234.1 இலட்சம்,நாற்பத்தொன்று ஆயிரம் இருநூற்று முப்பத்துநான்கு புள்ளி ஒன்று இலட்சம்,decimal
+44 8889949647 பற்றி பேசினோம்.,பிளஸ் நான்கு நான்கு எட்டு எட்டு எட்டு ஒன்பது ஒன்பது நான்கு ஒன்பது ஆறு நான்கு ஏழு பற்றி பேசினோம் .,telephone
நான் 2வது நபராக வந்தேன்.,நான் இரண்டாவது நபராக வந்தேன் .,ordinal
73165817,ஏழு கோடி முப்பத்தொன்று இலட்சம் அறுபத்தைந்து ஆயிரம் எண்ணூற்றுப்பதினேழு,cardinal
இன்று ௬௦ பேர் வருகை தந்தனர்.,இன்று அறுபது பேர் வருகை தந்தனர் .,cardinal
5 செ.மீ,ஐந்து சென்டிமீட்டர்,measure
கடிதத்தில் 782.557 இருந்தது.,கடிதத்தில் எழுநூற்று எண்பத்திரண்டு புள்ளி ஐந்து ஐந்து ஏழு இருந்தது .,decimal
+18735390939,பிளஸ் ஒன்று எட்டு ஏழு மூன்று ஐந்து மூன்று ஒன்பது பூஜ்யம் ஒன்பது மூன்று ஒன்பது,telephone
௫௧௮௭௬ என்பதை நினைவில் கொள்ளுங்கள்.,ஐம்பத்தொன்று ஆயிரம் எண்ணூற்று எழுபத்தாறு என்பதை நினைவில் கொள்ளுங்கள் .,cardinal
60 cm,அறுபது சென்டிமீட்டர்,measure
விமானம் 24:13:25 வந்தடையும்.,விமானம் இருபத்துநான்கு மணி பதிமூன்று நிமிடம் இருபத்தைந்து வினாடி வந்தடையும் .,time
உதவி எண் +91 6038479658 என அறிவித்தனர்.,உதவி எண் பிளஸ் ஒன்பது ஒன்று ஆறு பூஜ்யம் மூன்று எட்டு நான்கு ஏழு ஒன்பது ஆறு ஐந்து எட்டு என அறிவித்தனர் .,telephone
எனக்கு 8077812 வயது.,எனக்கு எண்பது இலட்சம் எழுபத்தேழு ஆயிரம் எண்ணூற்றுப்பன்னிரண்டு வயது .,cardinal
97 °F என்பதை நினைவில் கொள்ளுங்கள்.,தொண்ணூற்றேழு டிகிரி பாரன்ஹீட் என்பதை நினைவில் கொள்ளுங்கள் .,measure
அவர் 25536 ஓட்டங்கள் எடுத்தார்.,அவர் இருபத்தைந்து ஆயிரம் ஐந்நூற்று முப்பத்தாறு ஓட்டங்கள் எடுத்தார் .,cardinal
டாக். கண்ணன்,டாக்டர் கண்ணன்,whitelist
தினமும் 3.14 doz ஓடுகிறேன்.,தினமும் மூன்று புள்ளி ஒன்று நான்கு டஜன் ஓடுகிறேன் .,measure
1433.27,ஆயிரத்து நானூற்று முப்பத்துமூன்று புள்ளி இரண்டு ஏழு,decimal
27-01-2024,இருபத்தேழு ஜனவரி இரண்டாயிரத்து இருபத்துநான்கு,date
செய்தியில் 6773 என்று வந்தது.,செய்தியில் ஆறாயிரத்து எழுநூற்று எழுபத்துமூன்று என்று வந்தது .,cardinal
₹ ௬௧௬ என்பதை நினைவில் கொள்ளுங்கள்.,அறுநூற்றுப்பதினாறு ரூபாய் என்பதை நினைவில் கொள்ளுங்கள் .,money
வட்டி 32% ஆக உள்ளது.,வட்டி முப்பத்திரண்டு சதவீதம் ஆக உள்ளது .,whitelist
அலுவலக எண் 8248531573.,அலுவலக எண் எட்டு இரண்டு நான்கு எட்டு ஐந்து மூன்று ஒன்று ஐந்து ஏழு மூன்று .,telephone
எண் 1000இல் சரியானது.,எண் ஆயிரத்தில் சரியானது .,cardinal
1/2 பற்றி பேசினோம்.,இரண்டில் ஒன்று பற்றி பேசினோம் .,fraction
Rs 446.13 என்று எழுதப்பட்டுள்ளது.,நானூற்று நாற்பத்தாறு ரூபாய் பதிமூன்று பைசா என்று எழுதப்பட்டுள்ளது .,money
நீளம் 3.318 ஆக இருந்தது.,நீளம் மூன்று புள்ளி மூன்று ஒன்று எட்டு ஆக இருந்தது .,decimal
செய்தியில் 5 என்று வந்தது.,செய்தியில் ஐந்து என்று வந்தது .,cardinal
₹95,தொண்ணூற்றைந்து ரூபாய்,money
309-514,முந்நூற்று ஒன்பது முதல் ஐந்நூற்றுப்பதினான்கு,range
௬௨௬௨௭௬௭,அறுபத்திரண்டு இலட்சம் அறுபத்திரண்டு ஆயிரம் எழுநூற்று அறுபத்தேழு,cardinal
மொத்தத்தில் 18 94/40 பங்கு.,மொத்தத்தில் பதினெட்டு மற்றும் நாற்பதில் தொண்ணூற்றுநான்கு பங்கு .,fraction
₹6334676/-,அறுபத்துமூன்று இலட்சம் முப்பத்துநான்கு ஆயிரம் அறுநூற்று எழுபத்தாறு ரூபாய்,money
42வது கூட்டம் 30-06-1949 அன்று நடந்தது.,நாற்பத்திரண்டாவது கூட்டம் முப்பது ஜூன் ஆயிரத்து தொள்ளாயிரத்து நாற்பத்தொன்பது அன்று நடந்தது .,mixed
+919372650088 என்ற எண்ணை 20:49:48 மணிக்கு அழைக்கவும்.,பிளஸ் ஒன்பது ஒன்று ஒன்பது மூன்று ஏழு இரண்டு ஆறு ஐந்து பூஜ்யம் பூஜ்யம் எட்டு எட்டு என்ற எண்ணை இருபது மணி நாற்பத்தொன்பது நிமிடம் நாற்பத்தெட்டு வினாடி அழைக்கவும் .,mixed
கடிதத்தில் 15 13/30 இருந்தது.,கடிதத்தில் பதினைந்து மற்றும் முப்பதில் பதிமூன்று இருந்தது .,fraction
12,பன்னிரண்டு,cardinal
6891155383 இந்த எண்ணில் அழையுங்கள்.,ஆறு எட்டு ஒன்பது ஒன்று ஒன்று ஐந்து ஐந்து மூன்று எட்டு மூன்று இந்த எண்ணில் அழையுங்கள் .,telephone
11/05/2003,பதினொன்று மே இரண்டாயிரத்து மூன்று,date
௫௨௯௨௪௬௭௪௫,ஐம்பத்திரண்டு கோடி தொண்ணூற்றிரண்டு இலட்சம் நாற்பத்தாறு ஆயிரம் எழுநூற்று நாற்பத்தைந்து,cardinal
-786 என்பதை நினைவில் கொள்ளுங்கள்.,மைனஸ் எழுநூற்று எண்பத்தாறு என்பதை நினைவில் கொள்ளுங்கள் .,cardinal
அவர் 41வது என்றார்.,அவர் நாற்பத்தொன்றாவது என்றார் .,ordinal
செய்தியில் 1414.66 ac என்று வந்தது.,செய்தியில் ஆயிரத்து நானூற்றுப்பதினான்கு புள்ளி ஆறு ஆறு ஏக்கர் என்று வந்தது .,measure
04-21-2029 அன்று 30doz மழை பெய்தது.,ஏப்ரல் இருபத்தொன்று இரண்டாயிரத்து இருபத்தொன்பது அன்று முப்பது டஜன் மழை பெய்தது .,mixed
260ஆம் சரியானது.,இருநூற்று அறுபதாம் சரியானது .,ordinal
இதன் மதிப்பு 32990.812 தான்.,இதன் மதிப்பு முப்பத்திரண்டு ஆயிரம் தொள்ளாயிரத்து தொண்ணூறு புள்ளி எட்டு ஒன்று இரண்டு தான் .,decimal
இதில் 58 குறிப்பிடப்பட்டுள்ளது.,இதில் ஐம்பத்தெட்டு குறிப்பிடப்பட்டுள்ளது .,cardinal
12:34,பன்னிரண்டு மணி முப்பத்துநான்கு நிமிடம்,time
"714,481",ஏழு இலட்சம் பதினான்கு ஆயிரம் நானூற்று எண்பத்தொன்று,cardinal
30-10-1464,முப்பது அக்டோபர் ஆயிரத்து நானூற்று அறுபத்துநான்கு,date
நீங்கள் எப்படி இருக்கிறீர்கள்?,நீங்கள் எப்படி இருக்கிறீர்கள் ?,word
இதில் 35334 குறிப்பிடப்பட்டுள்ளது.,இதில் முப்பத்தைந்து ஆயிரம் முந்நூற்று முப்பத்துநான்கு குறிப்பிடப்பட்டுள்ளது .,cardinal
0327358948 சரியானது.,பூஜ்யம் மூன்று இரண்டு ஏழு மூன்று ஐந்து எட்டு ஒன்பது நான்கு எட்டு சரியானது .,cardinal
பள்ளியில் 9183 ஆசிரியர்கள் உள்ளனர்.,பள்ளியில் ஒன்பதாயிரத்து நூற்றெண்பத்து மூன்று ஆசிரியர்கள் உள்ளனர் .,cardinal
171,நூற்றெழுபத்து ஒன்று,cardinal
இதில் 16-09-2038 குறிப்பிடப்பட்டுள்ளது.,இதில் பதினாறு செப்டம்பர் இரண்டாயிரத்து முப்பத்தெட்டு குறிப்பிடப்பட்டுள்ளது .,date
அந்த ஊரில் 681 வீடுகள் உள்ளன.,அந்த ஊரில் அறுநூற்று எண்பத்தொன்று வீடுகள் உள்ளன .,cardinal
2013-2680 என்பதை நினைவில் கொள்ளுங்கள்.,இரண்டாயிரத்து பதிமூன்று முதல் இரண்டாயிரத்து அறுநூற்று எண்பது என்பதை நினைவில் கொள்ளுங்கள் .~இரண்டாயிரத்து பதிமூன்று முதல் இரண்டாயிரத்து அறுநூற்றெண்பது என்பதை நினைவில் கொள்ளுங்கள் .,range
செய்தியில் 92698.6 என்று வந்தது.,செய்தியில் தொண்ணூற்றிரண்டு ஆயிரம் அறுநூற்றுத்தொண்ணூற்றெட்டு புள்ளி ஆறு என்று வந்தது .,decimal
செய்தியில் 08:00:26 என்று வந்தது.,செய்தியில் எட்டு மணி இருபத்தாறு வினாடி என்று வந்தது .,time
கடிதத்தில் 08-04-1913 இருந்தது.,கடிதத்தில் எட்டு ஏப்ரல் ஆயிரத்து தொள்ளாயிரத்து பதிமூன்று இருந்தது .,date
21-08-1900,இருபத்தொன்று ஆகஸ்ட் ஆயிரத்து தொள்ளாயிரம்,date
"அவர் 289,468 ஓட்டங்கள் எடுத்தார்.",அவர் இரண்டு இலட்சம் எண்பத்தொன்பது ஆயிரம் நானூற்று அறுபத்தெட்டு ஓட்டங்கள் எடுத்தார் .,cardinal
Rs.3237.41,மூன்றாயிரத்து இருநூற்று முப்பத்தேழு ரூபாய் நாற்பத்தொன்று பைசா,money
அவன் 2ஆவது ஆண்டு படிக்கிறான்.,அவன் இரண்டாவது ஆண்டு படிக்கிறான் .,ordinal
-0.21 பற்றி பேசினோம்.,மைனஸ் பூஜ்யம் புள்ளி இரண்டு ஒன்று பற்றி பேசினோம் .,decimal
533,ஐந்நூற்று முப்பத்துமூன்று,cardinal
மொத்தம் 1000இல் மாணவர்கள் உள்ளனர்.,மொத்தம் ஆயிரத்தில் மாணவர்கள் உள்ளனர் .,cardinal
1471693 சரியானது.,பதினான்கு இலட்சம் எழுபத்தொன்று ஆயிரம் அறுநூற்றுத்தொண்ணூற்றுமூன்று சரியானது .,cardinal
8:17 மணிக்கு பற்றி பேசினோம்.,எட்டு மணி பதினேழு நிமிடம் பற்றி பேசினோம் .,time
கடிதத்தில் 474-806 இருந்தது.,கடிதத்தில் நானூற்று எழுபத்துநான்கு முதல் எண்ணூற்று ஆறு இருந்தது .,range
பை மதிப்பு -42844.217 ஆகும்.,பை மதிப்பு மைனஸ் நாற்பத்திரண்டு ஆயிரம் எண்ணூற்று நாற்பத்துநான்கு புள்ளி இரண்டு ஒன்று ஏழு ஆகும் .,decimal
இது அவரது 4147ஆம் புத்தகம்.,இது அவரது நான்காயிரத்து நூற்று நாற்பத்தேழாம் புத்தகம் .,ordinal
திருமணம் 10-04-1933 அன்று நடைபெறும்.,திருமணம் பத்து ஏப்ரல் ஆயிரத்து தொள்ளாயிரத்து முப்பத்துமூன்று அன்று நடைபெறும் .,date
அவன் 9899 முறை முயன்றான்.,அவன் ஒன்பதாயிரத்து எண்ணூற்றுத்தொண்ணூற்றொன்பது முறை முயன்றான் .,cardinal
4437.58ரூ,நான்காயிரத்து நானூற்று முப்பத்தேழு ரூபாய் ஐம்பத்தெட்டு பைசா,money
இதில் ரூ87.10 குறிப்பிடப்பட்டுள்ளது.,இதில் எண்பத்தேழு ரூபாய் பத்து பைசா குறிப்பிடப்பட்டுள்ளது .,money
17:37,பதினேழு மணி முப்பத்தேழு நிமிடம்,time
22 கி.மீ. என்று எழுதப்பட்டுள்ளது.,இருபத்திரண்டு கிலோமீட்டர் என்று எழுதப்பட்டுள்ளது .,measure
15:00:33,பதினைந்து மணி முப்பத்துமூன்று வினாடி,time
12-07-2065,பன்னிரண்டு ஜூலை இரண்டாயிரத்து அறுபத்தைந்து,date
30-07-1917,முப்பது ஜூலை ஆயிரத்து தொள்ளாயிரத்து பதினேழு,date
80.9% பற்றி பேசினோம்.,எண்பது புள்ளி ஒன்பது சதவீதம் பற்றி பேசினோம் .,whitelist
82-124 வயது குழந்தைகள் வரலாம்.,எண்பத்திரண்டு முதல் நூற்று இருபத்துநான்கு வயது குழந்தைகள் வரலாம் .,range
பள்ளியில் 9286 ஆசிரியர்கள் உள்ளனர்.,பள்ளியில் ஒன்பதாயிரத்து இருநூற்று எண்பத்தாறு ஆசிரியர்கள் உள்ளனர் .,cardinal
08-13-2070,ஆகஸ்ட் பதிமூன்று இரண்டாயிரத்து எழுபது,date
கடிதத்தில் 61 இருந்தது.,கடிதத்தில் அறுபத்தொன்று இருந்தது .,cardinal
"கடிதத்தில் 9,89,80,692 ரூ. /- இருந்தது.",கடிதத்தில் ஒன்பது கோடி எண்பத்தொன்பது இலட்சம் எண்பது ஆயிரம் அறுநூற்றுத்தொண்ணூற்றிரண்டு ரூபாய் இருந்தது .,money
"Rs 4,89,68,361.1",நான்கு கோடி எண்பத்தொன்பது இலட்சம் அறுபத்தெட்டு ஆயிரம் முந்நூற்று அறுபத்தொன்று ரூபாய் பத்து பைசா,money
௦௬:௨௮ வரை 8411057 பேர் காத்திருந்தனர்.,ஆறு மணி இருபத்தெட்டு நிமிடம் வரை எண்பத்துநான்கு இலட்சம் பதினொன்று ஆயிரம் ஐம்பத்தேழு பேர் காத்திருந்தனர் .,mixed
மாத சம்பளம் €5338797.69 தான்.,மாத சம்பளம் ஐம்பத்துமூன்று இலட்சம் முப்பத்தெட்டு ஆயிரம் எழுநூற்றுத்தொண்ணூற்றேழு யூரோ அறுபத்தொன்பது சென்ட் தான் .,money
25ஆம்,இருபத்தைந்தாம்,ordinal
+918046189338,பிளஸ் ஒன்பது ஒன்று எட்டு பூஜ்யம் நான்கு ஆறு ஒன்று எட்டு ஒன்பது மூன்று மூன்று எட்டு,telephone
நான் 12:45 எழுந்தேன்.,நான் பன்னிரண்டு மணி நாற்பத்தைந்து நிமிடம் எழுந்தேன் .,time
அலுவலக எண் 6244098625.,அலுவலக எண் ஆறு இரண்டு நான்கு நான்கு பூஜ்யம் ஒன்பது எட்டு ஆறு இரண்டு ஐந்து .,telephone
௭௭௨.௦௮,எழுநூற்று எழுபத்திரண்டு புள்ளி பூஜ்யம் எட்டு,decimal
6349320,அறுபத்துமூன்று இலட்சம் நாற்பத்தொன்பது ஆயிரம் முந்நூற்று இருபது,cardinal
செய்தியில் 1082 TB என்று வந்தது.,செய்தியில் ஆயிரத்து எண்பத்திரண்டு டெராபைட் என்று வந்தது .,measure
9.621,ஒன்பது புள்ளி ஆறு இரண்டு ஒன்று,decimal
செய்தியில் 25-01-2848 என்று வந்தது.,செய்தியில் இருபத்தைந்து ஜனவரி இரண்டாயிரத்து எண்ணூற்று நாற்பத்தெட்டு என்று வந்தது .,date
9 % மாணவர்கள் தேர்ச்சி பெற்றனர்.,ஒன்பது சதவீதம் மாணவர்கள் தேர்ச்சி பெற்றனர் .,whitelist
கட்டணம் ¥820 என அறிவித்தனர்.,கட்டணம் எண்ணூற்று இருபது யென் என அறிவித்தனர் .,money
௪௧௫௦௭.௬ இலட்சம்,நாற்பத்தொன்று ஆயிரம் ஐந்நூற்று ஏழு புள்ளி ஆறு இலட்சம்,decimal
இது யாருடைய பை?,இது யாருடைய பை ?,word
4.2,நான்கு புள்ளி இரண்டு,decimal
இதில் 10-04-1904 குறிப்பிடப்பட்டுள்ளது.,இதில் பத்து ஏப்ரல் ஆயிரத்து தொள்ளாயிரத்து நான்கு குறிப்பிடப்பட்டுள்ளது .,date
9.12 l,ஒன்பது புள்ளி ஒன்று இரண்டு லிட்டர்,measure
13/09/1926 அன்று 9067 கி.மீ. மழை பெய்தது.,பதிமூன்று செப்டம்பர் ஆயிரத்து தொள்ளாயிரத்து இருபத்தாறு அன்று ஒன்பதாயிரத்து அறுபத்தேழு கிலோமீட்டர் மழை பெய்தது .,mixed
இதன் மதிப்பு ௩.௬௧ தான்.,இதன் மதிப்பு மூன்று புள்ளி ஆறு ஒன்று தான் .,decimal
89.42 கி.கி. அரிசி Rs9211 ஆகும்.,எண்பத்தொன்பது புள்ளி நான்கு இரண்டு கிலோகிராம் அரிசி ஒன்பதாயிரத்து இருநூற்றுப்பதினொன்று ரூபாய் ஆகும் .,mixed
"அவர் Rs 3,76,61,156.26 என்றார்.",அவர் மூன்று கோடி எழுபத்தாறு இலட்சம் அறுபத்தொன்று ஆயிரம் நூற்றைம்பத்து ஆறு ரூபாய் இருபத்தாறு பைசா என்றார் .,money
அவர் 39.4 % என்றார்.,அவர் முப்பத்தொன்பது புள்ளி நான்கு சதவீதம் என்றார் .,whitelist
6233876085,ஆறு இரண்டு மூன்று மூன்று எட்டு ஏழு ஆறு பூஜ்யம் எட்டு ஐந்து,telephone
வண்டி எண் 507 ஆகும்.,வண்டி எண் ஐந்நூற்று ஏழு ஆகும் .,cardinal
கடிதத்தில் $0.36 இருந்தது.,கடிதத்தில் முப்பத்தாறு சென்ட் இருந்தது .,money
12ஆவது,பன்னிரண்டாவது,ordinal
739வது நூற்றாண்டு இலக்கியம்.,எழுநூற்று முப்பத்தொன்பதாவது நூற்றாண்டு இலக்கியம் .,ordinal
9632.14TB,ஒன்பதாயிரத்து அறுநூற்று முப்பத்திரண்டு புள்ளி ஒன்று நான்கு டெராபைட்,measure
-172,மைனஸ் நூற்றெழுபத்து இரண்டு,cardinal
20 ft தண்ணீர் குடிக்க வேண்டும்.,இருபது அடி தண்ணீர் குடிக்க வேண்டும் .,measure
55இல்,ஐம்பத்தைந்தில்,cardinal
Rs 21736,இருபத்தொன்று ஆயிரம் எழுநூற்று முப்பத்தாறு ரூபாய்,money
¾ பங்கு அதாவது 5242TB மட்டும் மீதம்.,நான்கில் மூன்று பங்கு அதாவது ஐந்தாயிரத்து இருநூற்று நாற்பத்திரண்டு டெராபைட் மட்டும் மீதம் .,mixed
"௪௨,௫௨,௮௮,௦௪௫",நாற்பத்திரண்டு கோடி ஐம்பத்திரண்டு இலட்சம் எண்பத்தெட்டு ஆயிரம் நாற்பத்தைந்து,cardinal
72189.365,எழுபத்திரண்டு ஆயிரம் நூற்றெண்பத்து ஒன்பது புள்ளி மூன்று ஆறு ஐந்து,decimal
அவன் 72L நடந்தான்.,அவன் எழுபத்திரண்டு லிட்டர் நடந்தான் .,measure
புகார் எண் +916826356073 ஆகும்.,புகார் எண் பிளஸ் ஒன்பது ஒன்று ஆறு எட்டு இரண்டு ஆறு மூன்று ஐந்து ஆறு பூஜ்யம் ஏழு மூன்று ஆகும் .,telephone
இதில் 8 4/11 பங்கு எனக்கு.,இதில் எட்டு மற்றும் பதினொன்றில் நான்கு பங்கு எனக்கு .,fraction
இப்போது மணி 7:00 மணிக்கு.,இப்போது மணி ஏழு மணி .,time
பை மதிப்பு 9.77 ஆகும்.,பை மதிப்பு ஒன்பது புள்ளி ஏழு ஏழு ஆகும் .,decimal
அவன் 2 முறை முயன்றான்.,அவன் இரண்டு முறை முயன்றான் .,cardinal
79008,எழுபத்தொன்பது ஆயிரம் எட்டு,cardinal
"செய்தியில் £ 2,84,62,567 என்று வந்தது.",செய்தியில் இரண்டு கோடி எண்பத்துநான்கு இலட்சம் அறுபத்திரண்டு ஆயிரம் ஐந்நூற்று அறுபத்தேழு பவுண்ட் என்று வந்தது .,money
0698-5855596,பூஜ்யம் ஆறு ஒன்பது எட்டு ஐந்து எட்டு ஐந்து ஐந்து ஐந்து ஒன்பது ஆறு,telephone
கடிதத்தில் 263975574 இருந்தது.,கடிதத்தில் இருபத்தாறு கோடி முப்பத்தொன்பது இலட்சம் எழுபத்தைந்து ஆயிரம் ஐந்நூற்று எழுபத்துநான்கு இருந்தது .,cardinal
245,இருநூற்று நாற்பத்தைந்து,cardinal
5.34 என்று எழுதப்பட்டுள்ளது.,ஐந்து புள்ளி மூன்று நான்கு என்று எழுதப்பட்டுள்ளது .,decimal
மழை அளவு 985.1 என பதிவானது.,மழை அளவு தொள்ளாயிரத்து எண்பத்தைந்து புள்ளி ஒன்று என பதிவானது .,decimal
3095வது பக்கத்தில் பதில் உள்ளது.,மூன்றாயிரத்து தொண்ணூற்றைந்தாவது பக்கத்தில் பதில் உள்ளது .,ordinal
285 நாட்கள் ஆயிற்று.,இருநூற்று எண்பத்தைந்து நாட்கள் ஆயிற்று .,cardinal
இதில் 14:49 குறிப்பிடப்பட்டுள்ளது.,இதில் பதினான்கு மணி நாற்பத்தொன்பது நிமிடம் குறிப்பிடப்பட்டுள்ளது .,time
21.64 GB,இருபத்தொன்று புள்ளி ஆறு நான்கு கிகாபைட்,measure
தொடர்புக்கு 8850575298.,தொடர்புக்கு எட்டு எட்டு ஐந்து பூஜ்யம் ஐந்து ஏழு ஐந்து இரண்டு ஒன்பது எட்டு .,telephone
+91 7486591012,பிளஸ் ஒன்பது ஒன்று ஏழு நான்கு எட்டு ஆறு ஐந்து ஒன்பது ஒன்று பூஜ்யம் ஒன்று இரண்டு,telephone
8383MW,எட்டாயிரத்து முந்நூற்று எண்பத்துமூன்று மெகாவாட்,measure
08-11-1914,எட்டு நவம்பர் ஆயிரத்து தொள்ளாயிரத்து பதினான்கு,date
"செய்தியில் 14,36,46,074 என்று வந்தது.",செய்தியில் பதினான்கு கோடி முப்பத்தாறு இலட்சம் நாற்பத்தாறு ஆயிரம் எழுபத்துநான்கு என்று வந்தது .,cardinal
அந்த நிறுவனத்தில் 75ல் ஊழியர்கள் பணிபுரிகின்றனர்.,அந்த நிறுவனத்தில் எழுபத்தைந்தில் ஊழியர்கள் பணிபுரிகின்றனர் .,cardinal
9918621643,ஒன்பது ஒன்பது ஒன்று எட்டு ஆறு இரண்டு ஒன்று ஆறு நான்கு மூன்று,telephone
இது அவரது 7வது புத்தகம்.,இது அவரது ஏழாவது புத்தகம் .,ordinal
"மொத்தம் 927,811 மாணவர்கள் உள்ளனர்.",மொத்தம் ஒன்பது இலட்சம் இருபத்தேழு ஆயிரம் எண்ணூற்றுப்பதினொன்று மாணவர்கள் உள்ளனர் .,cardinal
அந்த ஊரில் 8304 வீடுகள் உள்ளன.,அந்த ஊரில் எட்டாயிரத்து முந்நூற்று நான்கு வீடுகள் உள்ளன .,cardinal
அவர் 07-04-2552 அன்று பிறந்தார்.,அவர் ஏழு ஏப்ரல் இரண்டாயிரத்து ஐந்நூற்று ஐம்பத்திரண்டு அன்று பிறந்தார் .,date
இந்த நூலில் 1142 பக்கங்கள் உள்ளன.,இந்த நூலில் ஆயிரத்து நூற்று நாற்பத்திரண்டு பக்கங்கள் உள்ளன .,cardinal
விமானம் ௧௫:௦௦ மணிக்கு வந்தடையும்.,விமானம் பதினைந்து மணி வந்தடையும் .,time
௯,ஒன்பது,cardinal
14/10/1935,பதினான்கு அக்டோபர் ஆயிரத்து தொள்ளாயிரத்து முப்பத்தைந்து,date
கூட்டத்தில் 402 பேர் வந்தனர்.,கூட்டத்தில் நானூற்று இரண்டு பேர் வந்தனர் .,cardinal
073-5398214 என்ற எண்ணை 07:00 அழைக்கவும்.,பூஜ்யம் ஏழு மூன்று ஐந்து மூன்று ஒன்பது எட்டு இரண்டு ஒன்று நான்கு என்ற எண்ணை ஏழு மணி அழைக்கவும் .,mixed
11-12-2051 சரியானது.,பதினொன்று டிசம்பர் இரண்டாயிரத்து ஐம்பத்தொன்று சரியானது .,date
81-118 வயது குழந்தைகள் வரலாம்.,எண்பத்தொன்று முதல் நூற்றுப்பதினெட்டு வயது குழந்தைகள் வரலாம் .,range
615-706 பேர் வரலாம்.,அறுநூற்றுப்பதினைந்து முதல் எழுநூற்று ஆறு பேர் வரலாம் .,range
இதில் 4.34 கி.மீ குறிப்பிடப்பட்டுள்ளது.,இதில் நான்கு புள்ளி மூன்று நான்கு கிலோமீட்டர் குறிப்பிடப்பட்டுள்ளது .,measure
இன்று 1 பேர் வருகை தந்தனர்.,இன்று ஒன்று பேர் வருகை தந்தனர் .,cardinal
பை மதிப்பு 1.105 ஆகும்.,பை மதிப்பு ஒன்று புள்ளி ஒன்று பூஜ்யம் ஐந்து ஆகும் .,decimal
மாணவர்கள் விளையாடினர்.,மாணவர்கள் விளையாடினர் .,word
11/11/2041,பதினொன்று நவம்பர் இரண்டாயிரத்து நாற்பத்தொன்று,date
854-879 என்பதை நினைவில் கொள்ளுங்கள்.,எண்ணூற்று ஐம்பத்துநான்கு முதல் எண்ணூற்று எழுபத்தொன்பது என்பதை நினைவில் கொள்ளுங்கள் .,range
€21,இருபத்தொன்று யூரோ,money
14வது அத்தியாயம் படிக்கவும்.,பதினான்காவது அத்தியாயம் படிக்கவும் .,ordinal
நான் தமிழ் படிக்கிறேன்.,நான் தமிழ் படிக்கிறேன் .,word
வண்டி எண் 4458 ஆகும்.,வண்டி எண் நான்காயிரத்து நானூற்று ஐம்பத்தெட்டு ஆகும் .,cardinal
821வது நூற்றாண்டு இலக்கியம்.,எண்ணூற்று இருபத்தொன்றாவது நூற்றாண்டு இலக்கியம் .,ordinal
அந்த நிலம் £8191161 விலை போனது.,அந்த நிலம் எண்பத்தொன்று இலட்சம் தொண்ணூற்றொன்று ஆயிரம் நூற்றறுபத்து ஒன்று பவுண்ட் விலை போனது .,money
"இந்த சட்டை $8,52,01,548 ஆகும்.",இந்த சட்டை எட்டு கோடி ஐம்பத்திரண்டு இலட்சம் ஒன்று ஆயிரம் ஐந்நூற்று நாற்பத்தெட்டு டாலர் ஆகும் .,money
௭௬௭௮௫,எழுபத்தாறு ஆயிரம் எழுநூற்று எண்பத்தைந்து,cardinal
968 என்பதை நினைவில் கொள்ளுங்கள்.,தொள்ளாயிரத்து அறுபத்தெட்டு என்பதை நினைவில் கொள்ளுங்கள் .,cardinal
பெட்டியின் எடை 9 mg இருக்கும்.,பெட்டியின் எடை ஒன்பது மில்லிகிராம் இருக்கும் .,measure
1265249 பற்றி பேசினோம்.,பன்னிரண்டு இலட்சம் அறுபத்தைந்து ஆயிரம் இருநூற்று நாற்பத்தொன்பது பற்றி பேசினோம் .,cardinal
₹287513281 என்பதை நினைவில் கொள்ளுங்கள்.,இருபத்தெட்டு கோடி எழுபத்தைந்து இலட்சம் பதிமூன்று ஆயிரம் இருநூற்று எண்பத்தொன்று ரூபாய் என்பதை நினைவில் கொள்ளுங்கள் .,money
கு. லதா சரியானது.,குமாரி லதா சரியானது .,whitelist
1611-1943 கிலோ எடை வேண்டும்.,ஆயிரத்து அறுநூற்றுப்பதினொன்று முதல் ஆயிரத்து தொள்ளாயிரத்து நாற்பத்துமூன்று கிலோ எடை வேண்டும் .,range
13:37:39,பதிமூன்று மணி முப்பத்தேழு நிமிடம் முப்பத்தொன்பது வினாடி,time
6605 hr,ஆறாயிரத்து அறுநூற்று ஐந்து மணி,measure
அவர் 855 ஓட்டங்கள் எடுத்தார்.,அவர் எண்ணூற்று ஐம்பத்தைந்து ஓட்டங்கள் எடுத்தார் .,cardinal
லெ. குமார் என்பதை நினைவில் கொள்ளுங்கள்.,லெப்டினன்ட் குமார் என்பதை நினைவில் கொள்ளுங்கள் .,whitelist
கடிதத்தில் 83173.12 இருந்தது.,கடிதத்தில் எண்பத்துமூன்று ஆயிரம் நூற்றெழுபத்து மூன்று புள்ளி ஒன்று இரண்டு இருந்தது .,decimal
சராசரி -39713.979 ஆகும்.,சராசரி மைனஸ் முப்பத்தொன்பது ஆயிரம் எழுநூற்றுப்பதிமூன்று புள்ளி ஒன்பது ஏழு ஒன்பது ஆகும் .,decimal
மாத சம்பளம் Rs 11.54 தான்.,மாத சம்பளம் பதினொன்று ரூபாய் ஐம்பத்துநான்கு பைசா தான் .,money
விமானம் 24:13 வந்தடையும்.,விமானம் இருபத்துநான்கு மணி பதிமூன்று நிமிடம் வந்தடையும் .,time
24:02 வரை 441 பேர் காத்திருந்தனர்.,இருபத்துநான்கு மணி இரண்டு நிமிடம் வரை நானூற்று நாற்பத்தொன்று பேர் காத்திருந்தனர் .,mixed
603ஆம்,அறுநூற்று மூன்றாம்,ordinal
09:00:38 வரை 72354345 பேர் காத்திருந்தனர்.,ஒன்பது மணி முப்பத்தெட்டு வினாடி வரை ஏழு கோடி இருபத்துமூன்று இலட்சம் ஐம்பத்துநான்கு ஆயிரம் முந்நூற்று நாற்பத்தைந்து பேர் காத்திருந்தனர் .,mixed
10:52 என்பதை நினைவில் கொள்ளுங்கள்.,பத்து மணி ஐம்பத்திரண்டு நிமிடம் என்பதை நினைவில் கொள்ளுங்கள் .,time
89ஆம் நூற்றாண்டு இலக்கியம்.,எண்பத்தொன்பதாம் நூற்றாண்டு இலக்கியம் .,ordinal
அவன் 69 முறை முயன்றான்.,அவன் அறுபத்தொன்பது முறை முயன்றான் .,cardinal
9:30:00,ஒன்பது மணி முப்பது நிமிடம்,time
மொத்த மதிப்பெண் 72539.,மொத்த மதிப்பெண் எழுபத்திரண்டு ஆயிரம் ஐந்நூற்று முப்பத்தொன்பது .,cardinal
6½,ஆறு மற்றும் இரண்டில் ஒன்று,fraction
௩௬௭,முந்நூற்று அறுபத்தேழு,cardinal
வட்டி 81% ஆக உள்ளது.,வட்டி எண்பத்தொன்று சதவீதம் ஆக உள்ளது .,whitelist
"984,173",ஒன்பது இலட்சம் எண்பத்துநான்கு ஆயிரம் நூற்றெழுபத்து மூன்று,cardinal
34576879916,மூன்று நான்கு ஐந்து ஏழு ஆறு எட்டு ஏழு ஒன்பது ஒன்பது ஒன்று ஆறு,cardinal
3874,மூன்றாயிரத்து எண்ணூற்று எழுபத்துநான்கு,cardinal
பரிசுத் தொகை $௮௨.,பரிசுத் தொகை எண்பத்திரண்டு டாலர் .,money
¥3 சரியானது.,மூன்று யென் சரியானது .,money
1051370 சரியானது.,பத்து இலட்சம் ஐம்பத்தொன்று ஆயிரம் முந்நூற்று எழுபது சரியானது .~பத்து இலட்சம் ஐம்பத்தொன்று ஆயிரம் முந்நூற்றெழுபது சரியானது .,cardinal
07-18-2055 என்று எழுதப்பட்டுள்ளது.,ஜூலை பதினெட்டு இரண்டாயிரத்து ஐம்பத்தைந்து என்று எழுதப்பட்டுள்ளது .,date
₹9292,ஒன்பதாயிரத்து இருநூற்றுத்தொண்ணூற்றிரண்டு ரூபாய்,money
08:12:35,எட்டு மணி பன்னிரண்டு நிமிடம் முப்பத்தைந்து வினாடி,time
அவள் ௫௪௮௮௭௫௫௧௩௨௬௮௯ புத்தகங்கள் வாங்கினாள்.,அவள் ஐந்து நான்கு எட்டு எட்டு ஏழு ஐந்து ஐந்து ஒன்று மூன்று இரண்டு ஆறு எட்டு ஒன்பது புத்தகங்கள் வாங்கினாள் .,cardinal
81 கி.மீ. பற்றி பேசினோம்.,எண்பத்தொன்று கிலோமீட்டர் பற்றி பேசினோம் .,measure
383,முந்நூற்று எண்பத்துமூன்று,cardinal
81,எண்பத்தொன்று,cardinal
04-09-1913 அன்று விடுமுறை.,நான்கு செப்டம்பர் ஆயிரத்து தொள்ளாயிரத்து பதிமூன்று அன்று விடுமுறை .,date
14/18 பற்றி பேசினோம்.,பதினெட்டில் பதினான்கு பற்றி பேசினோம் .,fraction
வாடகை ₹52871.7 ஆக உயர்ந்தது.,வாடகை ஐம்பத்திரண்டு ஆயிரம் எண்ணூற்று எழுபத்தொன்று ரூபாய் எழுபது பைசா ஆக உயர்ந்தது .,money
அந்த ஊரில் 9654028 வீடுகள் உள்ளன.,அந்த ஊரில் தொண்ணூற்றாறு இலட்சம் ஐம்பத்துநான்கு ஆயிரம் இருபத்தெட்டு வீடுகள் உள்ளன .,cardinal
33வது,முப்பத்துமூன்றாவது,ordinal
11ஆவது,பதினொன்றாவது,ordinal
மொத்த செலவு $ 47715.,மொத்த செலவு நாற்பத்தேழு ஆயிரம் எழுநூற்றுப்பதினைந்து டாலர் .,money
9ஆவது பற்றி பேசினோம்.,ஒன்பதாவது பற்றி பேசினோம் .,ordinal
$7480,ஏழாயிரத்து நானூற்று எண்பது டாலர்,money
"கடிதத்தில் ₹6,73,13,766 இருந்தது.",கடிதத்தில் ஆறு கோடி எழுபத்துமூன்று இலட்சம் பதிமூன்று ஆயிரம் எழுநூற்று அறுபத்தாறு ரூபாய் இருந்தது .,money
௧௦௦௦இல்,ஆயிரத்தில்,cardinal
1/12 பங்கு அதாவது 1828.63 கி.மீ. மட்டும் மீதம்.,பன்னிரண்டில் ஒன்று பங்கு அதாவது ஆயிரத்து எண்ணூற்று இருபத்தெட்டு புள்ளி ஆறு மூன்று கிலோமீட்டர் மட்டும் மீதம் .,mixed
11-08-2017,பதினொன்று ஆகஸ்ட் இரண்டாயிரத்து பதினேழு,date
36/40,நாற்பதில் முப்பத்தாறு,fraction
அந்த நிறுவனத்தில் -194 ஊழியர்கள் பணிபுரிகின்றனர்.,அந்த நிறுவனத்தில் மைனஸ் நூற்றுத்தொண்ணூற்றுநான்கு ஊழியர்கள் பணிபுரிகின்றனர் .,cardinal
அவர் ௬௮௯வது என்றார்.,அவர் அறுநூற்று எண்பத்தொன்பதாவது என்றார் .,ordinal
செய்தியில் ½ என்று வந்தது.,செய்தியில் இரண்டில் ஒன்று என்று வந்தது .,fraction
"727,891 மாணவர்கள் 20:22 வந்தனர்.",ஏழு இலட்சம் இருபத்தேழு ஆயிரம் எண்ணூற்றுத்தொண்ணூற்றொன்று மாணவர்கள் இருபது மணி இருபத்திரண்டு நிமிடம் வந்தனர் .,mixed
மொத்தம் 2584 மாணவர்கள் உள்ளனர்.,மொத்தம் இரண்டாயிரத்து ஐந்நூற்று எண்பத்துநான்கு மாணவர்கள் உள்ளனர் .,cardinal
நான் 3:10 மணிக்கு எழுந்தேன்.,நான் மூன்று மணி பத்து நிமிடம் எழுந்தேன் .,time
25/60,அறுபதில் இருபத்தைந்து,fraction
8172398210,எட்டு ஒன்று ஏழு இரண்டு மூன்று ஒன்பது எட்டு இரண்டு ஒன்று பூஜ்யம்,telephone
9.93 என்பதை நினைவில் கொள்ளுங்கள்.,ஒன்பது புள்ளி ஒன்பது மூன்று என்பதை நினைவில் கொள்ளுங்கள் .,decimal
04,பூஜ்யம் நான்கு,cardinal
21-28 பேர் வரலாம்.,இருபத்தொன்று முதல் இருபத்தெட்டு பேர் வரலாம் .,range
௮௩௩௮௧௦௪௩௪,எண்பத்துமூன்று கோடி முப்பத்தெட்டு இலட்சம் பத்து ஆயிரம் நானூற்று முப்பத்துநான்கு,cardinal
1783-2637 பக்கங்கள் படிக்கவும்.,ஆயிரத்து எழுநூற்று எண்பத்துமூன்று முதல் இரண்டாயிரத்து அறுநூற்று முப்பத்தேழு பக்கங்கள் படிக்கவும் .,range
அளவு -828.97 ஆக உள்ளது.,அளவு மைனஸ் எண்ணூற்று இருபத்தெட்டு புள்ளி ஒன்பது ஏழு ஆக உள்ளது .,decimal
கடிதத்தில் Rs 33 /- இருந்தது.,கடிதத்தில் முப்பத்துமூன்று ரூபாய் இருந்தது .,money
௦௧-௧௩-௧௯௭௭ சரியானது.,ஜனவரி பதிமூன்று ஆயிரத்து தொள்ளாயிரத்து எழுபத்தேழு சரியானது .,date
செய்தியில் 5470321ரூ. என்று வந்தது.,செய்தியில் ஐம்பத்துநான்கு இலட்சம் எழுபது ஆயிரம் முந்நூற்று இருபத்தொன்று ரூபாய் என்று வந்தது .,money
கு. லதா வந்தார்.,குமாரி லதா வந்தார் .,whitelist
விண்ணப்பம் 08-06-2038 அன்று அனுப்பப்பட்டது.,விண்ணப்பம் எட்டு ஜூன் இரண்டாயிரத்து முப்பத்தெட்டு அன்று அனுப்பப்பட்டது .,date
பரிசுத் தொகை £௯௦.,பரிசுத் தொகை தொண்ணூறு பவுண்ட் .,money
அலுவலக எண் 7105112680.,அலுவலக எண் ஏழு ஒன்று பூஜ்யம் ஐந்து ஒன்று ஒன்று இரண்டு ஆறு எட்டு பூஜ்யம் .,telephone
விலை Rs.80 ஆனது ௨௮௯.௬௮௮ சதவீதம் உயர்வு.,விலை எண்பது ரூபாய் ஆனது இருநூற்று எண்பத்தொன்பது புள்ளி ஆறு எட்டு எட்டு சதவீதம் உயர்வு .,mixed
2243-10-03 அன்று ௧௪௪ ft மழை பெய்தது.,இரண்டாயிரத்து இருநூற்று நாற்பத்துமூன்று அக்டோபர் மூன்று அன்று நூற்று நாற்பத்துநான்கு அடி மழை பெய்தது .,mixed
அலுவலக எண் 8657520194.,அலுவலக எண் எட்டு ஆறு ஐந்து ஏழு ஐந்து இரண்டு பூஜ்யம் ஒன்று ஒன்பது நான்கு .,telephone
11-02-1976 அன்று மழை பெய்தது.,பதினொன்று பிப்ரவரி ஆயிரத்து தொள்ளாயிரத்து எழுபத்தாறு அன்று மழை பெய்தது .,date
கட்டணம் $ 36 என அறிவித்தனர்.,கட்டணம் முப்பத்தாறு டாலர் என அறிவித்தனர் .,money
தொடர்புக்கு +9718997083411.,தொடர்புக்கு பிளஸ் ஒன்பது ஏழு ஒன்று எட்டு ஒன்பது ஒன்பது ஏழு பூஜ்யம் எட்டு மூன்று நான்கு ஒன்று ஒன்று .,telephone
அந்த நிறுவனத்தில் ௨௯௨ ஊழியர்கள் பணிபுரிகின்றனர்.,அந்த நிறுவனத்தில் இருநூற்றுத்தொண்ணூற்றிரண்டு ஊழியர்கள் பணிபுரிகின்றனர் .,cardinal
4/5,ஐந்தில் நான்கு,fraction
கடிதத்தில் 3988வது இருந்தது.,கடிதத்தில் மூன்றாயிரத்து தொள்ளாயிரத்து எண்பத்தெட்டாவது இருந்தது .,ordinal
6MW,ஆறு மெகாவாட்,measure
செய்தியில் ௭௩௦௬௪௪௬ என்று வந்தது.,செய்தியில் எழுபத்துமூன்று இலட்சம் ஆறாயிரத்து நானூற்று நாற்பத்தாறு என்று வந்தது .,cardinal
16-08-1717 அன்று மழை பெய்தது.,பதினாறு ஆகஸ்ட் ஆயிரத்து எழுநூற்றுப்பதினேழு அன்று மழை பெய்தது .,date
784-920 என்பதை நினைவில் கொள்ளுங்கள்.,எழுநூற்று எண்பத்துநான்கு முதல் தொள்ளாயிரத்து இருபது என்பதை நினைவில் கொள்ளுங்கள் .,range
263.86,இருநூற்று அறுபத்துமூன்று புள்ளி எட்டு ஆறு,decimal
"அந்த நிலம் ரூ8,99,84,371 விலை போனது.",அந்த நிலம் எட்டு கோடி தொண்ணூற்றொன்பது இலட்சம் எண்பத்துநான்கு ஆயிரம் முந்நூற்று எழுபத்தொன்று ரூபாய் விலை போனது .,money
01:19:57 என்பதை நினைவில் கொள்ளுங்கள்.,ஒரு மணி பத்தொன்பது நிமிடம் ஐம்பத்தேழு வினாடி என்பதை நினைவில் கொள்ளுங்கள் .,time
1.26,ஒன்று புள்ளி இரண்டு ஆறு,decimal
6% சரியானது.,ஆறு சதவீதம் சரியானது .,whitelist
அந்த நிறுவனத்தில் 3385 ஊழியர்கள் பணிபுரிகின்றனர்.,அந்த நிறுவனத்தில் மூன்றாயிரத்து முந்நூற்று எண்பத்தைந்து ஊழியர்கள் பணிபுரிகின்றனர் .,cardinal
இந்த மூட்டை 1.93 GB எடை உள்ளது.,இந்த மூட்டை ஒன்று புள்ளி ஒன்பது மூன்று கிகாபைட் எடை உள்ளது .,measure
03-09-2072,மூன்று செப்டம்பர் இரண்டாயிரத்து எழுபத்திரண்டு,date
11:30:00,பதினொன்று மணி முப்பது நிமிடம்,time
அவர் 6770081847564 என்றார்.,அவர் ஆறு ஏழு ஏழு பூஜ்யம் பூஜ்யம் எட்டு ஒன்று எட்டு நான்கு ஏழு ஐந்து ஆறு நான்கு என்றார் .,cardinal
நாள் ௦௮-௦௨-௨௦௪௧ என்று குறிக்கப்பட்டுள்ளது.,நாள் எட்டு பிப்ரவரி இரண்டாயிரத்து நாற்பத்தொன்று என்று குறிக்கப்பட்டுள்ளது .,date
"₹8,79,28,328",எட்டு கோடி எழுபத்தொன்பது இலட்சம் இருபத்தெட்டு ஆயிரம் முந்நூற்று இருபத்தெட்டு ரூபாய்,money
"761,312 நாட்கள் ஆயிற்று.",ஏழு இலட்சம் அறுபத்தொன்று ஆயிரம் முந்நூற்றுப்பன்னிரண்டு நாட்கள் ஆயிற்று .,cardinal
டாக். சுரேஷ் என்பது சரி.,டாக்டர் சுரேஷ் என்பது சரி .,whitelist
10/20 என்று எழுதப்பட்டுள்ளது.,இருபதில் பத்து என்று எழுதப்பட்டுள்ளது .,fraction
44வது,நாற்பத்துநான்காவது,ordinal
விமானம் 20:12:46 மணிக்கு வந்தடையும்.,விமானம் இருபது மணி பன்னிரண்டு நிமிடம் நாற்பத்தாறு வினாடி வந்தடையும் .,time
2 L சரியானது.,இரண்டு லிட்டர் சரியானது .,measure
பேருந்து கட்டணம் Rs 8088736 ஆகும்.,பேருந்து கட்டணம் எண்பது இலட்சம் எண்பத்தெட்டு ஆயிரம் எழுநூற்று முப்பத்தாறு ரூபாய் ஆகும் .,money
௪GB,நான்கு கிகாபைட்,measure
௧௮/௧௨/௨௦௬௭,பதினெட்டு டிசம்பர் இரண்டாயிரத்து அறுபத்தேழு,date
எனக்கு 4775849 வயது.,எனக்கு நாற்பத்தேழு இலட்சம் எழுபத்தைந்து ஆயிரம் எண்ணூற்று நாற்பத்தொன்பது வயது .,cardinal
கடிதத்தில் 15/01/1916 இருந்தது.,கடிதத்தில் பதினைந்து ஜனவரி ஆயிரத்து தொள்ளாயிரத்து பதினாறு இருந்தது .,date
1915-05-22,ஆயிரத்து தொள்ளாயிரத்து பதினைந்து மே இருபத்திரண்டு,date
௧௭:௪௫ சாப்பிட வா.,பதினேழு மணி நாற்பத்தைந்து நிமிடம் சாப்பிட வா .,time
21:49,இருபத்தொன்று மணி நாற்பத்தொன்பது நிமிடம்,time
அந்த ஊரில் 5651 வீடுகள் உள்ளன.,அந்த ஊரில் ஐந்தாயிரத்து அறுநூற்று ஐம்பத்தொன்று வீடுகள் உள்ளன .,cardinal
13-வது,பதிமூன்றாவது,ordinal
+44 7196359559 என்ற எண்ணை அழைக்கவும்.,பிளஸ் நான்கு நான்கு ஏழு ஒன்று ஒன்பது ஆறு மூன்று ஐந்து ஒன்பது ஐந்து ஐந்து ஒன்பது என்ற எண்ணை அழைக்கவும் .,telephone
+659730413895,பிளஸ் ஆறு ஐந்து ஒன்பது ஏழு மூன்று பூஜ்யம் நான்கு ஒன்று மூன்று எட்டு ஒன்பது ஐந்து,telephone
+91 7676419977 என்ற எண்ணை 15:00 அழைக்கவும்.,பிளஸ் ஒன்பது ஒன்று ஏழு ஆறு ஏழு ஆறு நான்கு ஒன்று ஒன்பது ஒன்பது ஏழு ஏழு என்ற எண்ணை பதினைந்து மணி அழைக்கவும் .,mixed
7153வது,ஏழாயிரத்து நூற்றைம்பத்து மூன்றாவது,ordinal
8101396177,எட்டு ஒன்று பூஜ்யம் ஒன்று மூன்று ஒன்பது ஆறு ஒன்று ஏழு ஏழு,telephone
3650வது கூட்டம் 06-03-2036 அன்று நடந்தது.,மூன்றாயிரத்து அறுநூற்று ஐம்பதாவது கூட்டம் ஆறு மார்ச் இரண்டாயிரத்து முப்பத்தாறு அன்று நடந்தது .,mixed
01-08-1192 பற்றி பேசினோம்.,ஒன்று ஆகஸ்ட் ஆயிரத்து நூற்றுத்தொண்ணூற்றிரண்டு பற்றி பேசினோம் .,date
8 கி.கி.,எட்டு கிலோகிராம்,measure
83 %,எண்பத்துமூன்று சதவீதம்,whitelist
விலை ரூ. 2321 ஆனது 0.738 சதவீதம் உயர்வு.,விலை இரண்டாயிரத்து முந்நூற்று இருபத்தொன்று ரூபாய் ஆனது பூஜ்யம் புள்ளி ஏழு மூன்று எட்டு சதவீதம் உயர்வு .,mixed
9940365453,ஒன்பது ஒன்பது நான்கு பூஜ்யம் மூன்று ஆறு ஐந்து நான்கு ஐந்து மூன்று,telephone
18/01/2020,பதினெட்டு ஜனவரி இரண்டாயிரத்து இருபது,date
4549,நான்காயிரத்து ஐந்நூற்று நாற்பத்தொன்பது,cardinal
2219 கிலோ அரிசி வாங்கினேன்.,இரண்டாயிரத்து இருநூற்றுப்பத்தொன்பது கிலோ அரிசி வாங்கினேன் .,cardinal
121வது,நூற்று இருபத்தொன்றாவது,ordinal
"பள்ளியில் 80,52,43,847 ஆசிரியர்கள் உள்ளனர்.",பள்ளியில் எண்பது கோடி ஐம்பத்திரண்டு இலட்சம் நாற்பத்துமூன்று ஆயிரம் எண்ணூற்று நாற்பத்தேழு ஆசிரியர்கள் உள்ளனர் .,cardinal
அவன் 429474667 முறை முயன்றான்.,அவன் நாற்பத்திரண்டு கோடி தொண்ணூற்றுநான்கு இலட்சம் எழுபத்துநான்கு ஆயிரம் அறுநூற்று அறுபத்தேழு முறை முயன்றான் .,cardinal
45352.129 என்பதை நினைவில் கொள்ளுங்கள்.,நாற்பத்தைந்து ஆயிரம் முந்நூற்று ஐம்பத்திரண்டு புள்ளி ஒன்று இரண்டு ஒன்பது என்பதை நினைவில் கொள்ளுங்கள் .,decimal
14/02/1901,பதினான்கு பிப்ரவரி ஆயிரத்து தொள்ளாயிரத்து ஒன்று,date
69 % பற்றி பேசினோம்.,அறுபத்தொன்பது சதவீதம் பற்றி பேசினோம் .,whitelist
அலுவலக எண் 06-1931272.,அலுவலக எண் பூஜ்யம் ஆறு ஒன்று ஒன்பது மூன்று ஒன்று இரண்டு ஏழு இரண்டு .,telephone
செய்தியில் 3261hr என்று வந்தது.,செய்தியில் மூன்றாயிரத்து இருநூற்று அறுபத்தொன்று மணி என்று வந்தது .,measure
25/12/1940 என்று எழுதப்பட்டுள்ளது.,இருபத்தைந்து டிசம்பர் ஆயிரத்து தொள்ளாயிரத்து நாற்பது என்று எழுதப்பட்டுள்ளது .,date
197046585,பத்தொன்பது கோடி எழுபது இலட்சம் நாற்பத்தாறு ஆயிரம் ஐந்நூற்று எண்பத்தைந்து,cardinal
7.37 சரியானது.,ஏழு புள்ளி மூன்று ஏழு சரியானது .,decimal
06-09-2005,ஆறு செப்டம்பர் இரண்டாயிரத்து ஐந்து,date
விண்ணப்பம் 27-09-1964 அன்று அனுப்பப்பட்டது.,விண்ணப்பம் இருபத்தேழு செப்டம்பர் ஆயிரத்து தொள்ளாயிரத்து அறுபத்துநான்கு அன்று அனுப்பப்பட்டது .,date
அவள் 6150வது வகுப்பு படிக்கிறாள்.,அவள் ஆறாயிரத்து நூற்று ஐம்பதாவது வகுப்பு படிக்கிறாள் .,ordinal
8853546466,எட்டு எட்டு ஐந்து மூன்று ஐந்து நான்கு ஆறு நான்கு ஆறு ஆறு,telephone
05-12-1945,ஐந்து டிசம்பர் ஆயிரத்து தொள்ளாயிரத்து நாற்பத்தைந்து,date
9ஆம் பரிசு $2260.37 ஆகும்.,ஒன்பதாம் பரிசு இரண்டாயிரத்து இருநூற்று அறுபது டாலர் முப்பத்தேழு சென்ட் ஆகும் .~ஒன்பதாம் பரிசு இரண்டாயிரத்து இருநூற்றறுபது டாலர் முப்பத்தேழு சென்ட் ஆகும் .,mixed
அவர் 87834.921 என்றார்.,அவர் எண்பத்தேழு ஆயிரம் எண்ணூற்று முப்பத்துநான்கு புள்ளி ஒன்பது இரண்டு ஒன்று என்றார் .,decimal
59-109,ஐம்பத்தொன்பது முதல் நூற்று ஒன்பது,range
இந்த நூலில் 28 பக்கங்கள் உள்ளன.,இந்த நூலில் இருபத்தெட்டு பக்கங்கள் உள்ளன .,cardinal
"மாத சம்பளம் ₹8,69,54,876.2 தான்.",மாத சம்பளம் எட்டு கோடி அறுபத்தொன்பது இலட்சம் ஐம்பத்துநான்கு ஆயிரம் எண்ணூற்று எழுபத்தாறு ரூபாய் இருபது பைசா தான் .,money
"€5,37,31,787 சரியானது.",ஐந்து கோடி முப்பத்தேழு இலட்சம் முப்பத்தொன்று ஆயிரம் எழுநூற்று எண்பத்தேழு யூரோ சரியானது .,money
1365-1517,ஆயிரத்து முந்நூற்று அறுபத்தைந்து முதல் ஆயிரத்து ஐந்நூற்றுப்பதினேழு,range
"பேருந்து கட்டணம் ₹ 2,81,89,948.72 ஆகும்.",பேருந்து கட்டணம் இரண்டு கோடி எண்பத்தொன்று இலட்சம் எண்பத்தொன்பது ஆயிரம் தொள்ளாயிரத்து நாற்பத்தெட்டு ரூபாய் எழுபத்திரண்டு பைசா ஆகும் .,money
35-63,முப்பத்தைந்து முதல் அறுபத்துமூன்று,range
கூட்டத்தில் 7686 பேர் வந்தனர்.,கூட்டத்தில் ஏழாயிரத்து அறுநூற்று எண்பத்தாறு பேர் வந்தனர் .,cardinal
1525-09-10,ஆயிரத்து ஐந்நூற்று இருபத்தைந்து செப்டம்பர் பத்து,date
௧௩:௨௮:௦௦ என்று எழுதப்பட்டுள்ளது.,பதிமூன்று மணி இருபத்தெட்டு நிமிடம் என்று எழுதப்பட்டுள்ளது .,time
36.77 செ.மீ அரிசி 8240 ரூ ஆகும்.,முப்பத்தாறு புள்ளி ஏழு ஏழு சென்டிமீட்டர் அரிசி எட்டாயிரத்து இருநூற்று நாற்பது ரூபாய் ஆகும் .,mixed
நான் 565வது நபராக வந்தேன்.,நான் ஐந்நூற்று அறுபத்தைந்தாவது நபராக வந்தேன் .,ordinal
9600வது பற்றி பேசினோம்.,ஒன்பதாயிரத்து அறுநூறாவது பற்றி பேசினோம் .,ordinal
93 cm பற்றி பேசினோம்.,தொண்ணூற்றுமூன்று சென்டிமீட்டர் பற்றி பேசினோம் .,measure
மொத்தத்தில் 8/12 பங்கு.,மொத்தத்தில் பன்னிரண்டில் எட்டு பங்கு .,fraction
இதில் 30 குறிப்பிடப்பட்டுள்ளது.,இதில் முப்பது குறிப்பிடப்பட்டுள்ளது .,cardinal
இன்று 293853 பேர் வருகை தந்தனர்.,இன்று இரண்டு இலட்சம் தொண்ணூற்றுமூன்று ஆயிரம் எண்ணூற்று ஐம்பத்துமூன்று பேர் வருகை தந்தனர் .,cardinal
வண்டி எண் 8942 ஆகும்.,வண்டி எண் எட்டாயிரத்து தொள்ளாயிரத்து நாற்பத்திரண்டு ஆகும் .,cardinal
௧௩.௨௩ ft,பதிமூன்று புள்ளி இரண்டு மூன்று அடி,measure
63280.9 என்று எழுதப்பட்டுள்ளது.,அறுபத்துமூன்று ஆயிரம் இருநூற்று எண்பது புள்ளி ஒன்பது என்று எழுதப்பட்டுள்ளது .~அறுபத்துமூன்று ஆயிரம் இருநூற்றெண்பது புள்ளி ஒன்பது என்று எழுதப்பட்டுள்ளது .,decimal
"611,998 என்று எழுதப்பட்டுள்ளது.",ஆறு இலட்சம் பதினொன்று ஆயிரம் தொள்ளாயிரத்து தொண்ணூற்றெட்டு என்று எழுதப்பட்டுள்ளது .,cardinal
10 6/8 சரியானது.,பத்து மற்றும் எட்டில் ஆறு சரியானது .,fraction
0.34,பூஜ்யம் புள்ளி மூன்று நான்கு,decimal
1வது என்று எழுதப்பட்டுள்ளது.,முதலாவது என்று எழுதப்பட்டுள்ளது .,ordinal
4979,நான்காயிரத்து தொள்ளாயிரத்து எழுபத்தொன்பது,cardinal
43 mL பற்றி பேசினோம்.,நாற்பத்துமூன்று மில்லிலிட்டர் பற்றி பேசினோம் .,measure
"35,54,36,953 பற்றி பேசினோம்.",முப்பத்தைந்து கோடி ஐம்பத்துநான்கு இலட்சம் முப்பத்தாறு ஆயிரம் தொள்ளாயிரத்து ஐம்பத்துமூன்று பற்றி பேசினோம் .,cardinal
திருமணம் 07-02-2003 அன்று நடைபெறும்.,திருமணம் ஏழு பிப்ரவரி இரண்டாயிரத்து மூன்று அன்று நடைபெறும் .,date
1000ல் நாட்கள் ஆயிற்று.,ஆயிரத்தில் நாட்கள் ஆயிற்று .,cardinal
19-01-2010,பத்தொன்பது ஜனவரி இரண்டாயிரத்து பத்து,date
விலை ₹ 43 மட்டும்.,விலை நாற்பத்துமூன்று ரூபாய் மட்டும் .,money
கடிதத்தில் 2.4 இருந்தது.,கடிதத்தில் இரண்டு புள்ளி நான்கு இருந்தது .,decimal
அவர் 9:48 என்றார்.,அவர் ஒன்பது மணி நாற்பத்தெட்டு நிமிடம் என்றார் .,time
81 mL,எண்பத்தொன்று மில்லிலிட்டர்,measure
207,இருநூற்று ஏழு,cardinal
இன்று 94 பேர் வருகை தந்தனர்.,இன்று தொண்ணூற்றுநான்கு பேர் வருகை தந்தனர் .,cardinal
2224 செ.மீ.,இரண்டாயிரத்து இருநூற்று இருபத்துநான்கு சென்டிமீட்டர்,measure
10-31-2007 முதல் விற்பனை தொடங்கும்.,அக்டோபர் முப்பத்தொன்று இரண்டாயிரத்து ஏழு முதல் விற்பனை தொடங்கும் .,date
"5,000,000",ஐம்பது இலட்சம்,cardinal
"7918ல் பேருக்கு ¥௪,௨௬,௩௯,௯௪௧ கொடுத்தேன்.",ஏழாயிரத்து தொள்ளாயிரத்து பதினெட்டில் பேருக்கு நான்கு கோடி இருபத்தாறு இலட்சம் முப்பத்தொன்பது ஆயிரம் தொள்ளாயிரத்து நாற்பத்தொன்று யென் கொடுத்தேன் .,mixed
3 மாணவர்கள் 09:59 மணிக்கு வந்தனர்.,மூன்று மாணவர்கள் ஒன்பது மணி ஐம்பத்தொன்பது நிமிடம் வந்தனர் .,mixed
3.38 என்று எழுதப்பட்டுள்ளது.,மூன்று புள்ளி மூன்று எட்டு என்று எழுதப்பட்டுள்ளது .,decimal
இது 22வது முறை.,இது இருபத்திரண்டாவது முறை .,ordinal
302ஆம் நூற்றாண்டு இலக்கியம்.,முந்நூற்று இரண்டாம் நூற்றாண்டு இலக்கியம் .,ordinal
கடிதத்தில் 04 இருந்தது.,கடிதத்தில் பூஜ்யம் நான்கு இருந்தது .,cardinal
௯௭-௧௩௦ சரியானது.,தொண்ணூற்றேழு முதல் நூற்று முப்பது சரியானது .,range
1739575 சரியானது.,பதினேழு இலட்சம் முப்பத்தொன்பது ஆயிரம் ஐந்நூற்று எழுபத்தைந்து சரியானது .,cardinal
"732,526 சரியானது.",ஏழு இலட்சம் முப்பத்திரண்டு ஆயிரம் ஐந்நூற்று இருபத்தாறு சரியானது .,cardinal
திருமணம் 1929-04-17 அன்று நடைபெறும்.,திருமணம் ஆயிரத்து தொள்ளாயிரத்து இருபத்தொன்பது ஏப்ரல் பதினேழு அன்று நடைபெறும் .,date
39இல்,முப்பத்தொன்பதில்,cardinal
374.272,முந்நூற்று எழுபத்துநான்கு புள்ளி இரண்டு ஏழு இரண்டு,decimal
30-06-1945 அன்று மழை பெய்தது.,முப்பது ஜூன் ஆயிரத்து தொள்ளாயிரத்து நாற்பத்தைந்து அன்று மழை பெய்தது .,date
அவன் 8.487 மதிப்பெண் பெற்றான்.,அவன் எட்டு புள்ளி நான்கு எட்டு ஏழு மதிப்பெண் பெற்றான் .,decimal
-௩௬௩௩௬.௭,மைனஸ் முப்பத்தாறு ஆயிரம் முந்நூற்று முப்பத்தாறு புள்ளி ஏழு,decimal
"$5,90,96,082",ஐந்து கோடி தொண்ணூறு இலட்சம் தொண்ணூற்றாறு ஆயிரம் எண்பத்திரண்டு டாலர்,money
9 3/6,ஒன்பது மற்றும் ஆறில் மூன்று,fraction
நேரம் ௨௦:௦௦ மணிக்கு ஆகிவிட்டது.,நேரம் இருபது மணி ஆகிவிட்டது .,time
38-45,முப்பத்தெட்டு முதல் நாற்பத்தைந்து,range
¼,நான்கில் ஒன்று,fraction
அவர் 7.8 என்றார்.,அவர் ஏழு புள்ளி எட்டு என்றார் .,decimal
24:38,இருபத்துநான்கு மணி முப்பத்தெட்டு நிமிடம்,time
83192.24,எண்பத்துமூன்று ஆயிரம் நூற்றுத்தொண்ணூற்றிரண்டு புள்ளி இரண்டு நான்கு,decimal
01/10/2089,ஒன்று அக்டோபர் இரண்டாயிரத்து எண்பத்தொன்பது,date
கணக்கு 63÷7=9 என்று வரும்.,கணக்கு அறுபத்துமூன்று வகுத்தல் ஏழு சமம் ஒன்பது என்று வரும் .,whitelist
18:59,பதினெட்டு மணி ஐம்பத்தொன்பது நிமிடம்,time
6/10 என்று எழுதப்பட்டுள்ளது.,பத்தில் ஆறு என்று எழுதப்பட்டுள்ளது .,fraction
"38,75,96,372",முப்பத்தெட்டு கோடி எழுபத்தைந்து இலட்சம் தொண்ணூற்றாறு ஆயிரம் முந்நூற்று எழுபத்திரண்டு,cardinal
5.70 °C பற்றி பேசினோம்.,ஐந்து புள்ளி ஏழு பூஜ்யம் டிகிரி செல்சியஸ் பற்றி பேசினோம் .,measure
நாள் 29/06/1905 என்று குறிக்கப்பட்டுள்ளது.,நாள் இருபத்தொன்பது ஜூன் ஆயிரத்து தொள்ளாயிரத்து ஐந்து என்று குறிக்கப்பட்டுள்ளது .,date
செய்தியில் 04/09/2074 என்று வந்தது.,செய்தியில் நான்கு செப்டம்பர் இரண்டாயிரத்து எழுபத்துநான்கு என்று வந்தது .,date
நான் 4221வது நபராக வந்தேன்.,நான் நான்காயிரத்து இருநூற்று இருபத்தொன்றாவது நபராக வந்தேன் .,ordinal
4 min,நான்கு நிமிடம்,measure
109.47,நூற்று ஒன்பது புள்ளி நான்கு ஏழு,decimal
சராசரி 412.1 இலட்சம் ஆகும்.,சராசரி நானூற்றுப்பன்னிரண்டு புள்ளி ஒன்று இலட்சம் ஆகும் .,decimal
இதில் 9683906.95 ரூ. குறிப்பிடப்பட்டுள்ளது.,இதில் தொண்ணூற்றாறு இலட்சம் எண்பத்துமூன்று ஆயிரம் தொள்ளாயிரத்து ஆறு ரூபாய் தொண்ணூற்றைந்து பைசா குறிப்பிடப்பட்டுள்ளது .,money
இதில் 256வது குறிப்பிடப்பட்டுள்ளது.,இதில் இருநூற்று ஐம்பத்தாறாவது குறிப்பிடப்பட்டுள்ளது .,ordinal
கடைசி தேதி 27/09/1960.,கடைசி தேதி இருபத்தேழு செப்டம்பர் ஆயிரத்து தொள்ளாயிரத்து அறுபது .,date
அவரின் தொலைபேசி எண் 9934390615 ஆகும்.,அவரின் தொலைபேசி எண் ஒன்பது ஒன்பது மூன்று நான்கு மூன்று ஒன்பது பூஜ்யம் ஆறு ஒன்று ஐந்து ஆகும் .,telephone
அவர் 1991-06-15 அன்று பிறந்தார்.,அவர் ஆயிரத்து தொள்ளாயிரத்து தொண்ணூற்றொன்று ஜூன் பதினைந்து அன்று பிறந்தார் .,date
இதன் மதிப்பு -9.2 தான்.,இதன் மதிப்பு மைனஸ் ஒன்பது புள்ளி இரண்டு தான் .,decimal
இதில் 69MB குறிப்பிடப்பட்டுள்ளது.,இதில் அறுபத்தொன்பது மெகாபைட் குறிப்பிடப்பட்டுள்ளது .,measure
"93,30,75,421",தொண்ணூற்றுமூன்று கோடி முப்பது இலட்சம் எழுபத்தைந்து ஆயிரம் நானூற்று இருபத்தொன்று,cardinal
"₹1,01,83,398",ஒரு கோடி ஒன்று இலட்சம் எண்பத்துமூன்று ஆயிரம் முந்நூற்றுத்தொண்ணூற்றெட்டு ரூபாய்,money
திருமணம் 1920-06-05 அன்று நடைபெறும்.,திருமணம் ஆயிரத்து தொள்ளாயிரத்து இருபது ஜூன் ஐந்து அன்று நடைபெறும் .,date
நிலப்பரப்பு 6778.24 L ஆகும்.,நிலப்பரப்பு ஆறாயிரத்து எழுநூற்று எழுபத்தெட்டு புள்ளி இரண்டு நான்கு லிட்டர் ஆகும் .,measure
8348வது கூட்டம் 03-05-2050 அன்று நடந்தது.,எட்டாயிரத்து முந்நூற்று நாற்பத்தெட்டாவது கூட்டம் மூன்று மே இரண்டாயிரத்து ஐம்பது அன்று நடந்தது .,mixed
அந்த ஊரில் -8245901 வீடுகள் உள்ளன.,அந்த ஊரில் மைனஸ் எண்பத்திரண்டு இலட்சம் நாற்பத்தைந்து ஆயிரம் தொள்ளாயிரத்து ஒன்று வீடுகள் உள்ளன .,cardinal
நாள் 2080-08-10 என்று குறிக்கப்பட்டுள்ளது.,நாள் இரண்டாயிரத்து எண்பது ஆகஸ்ட் பத்து என்று குறிக்கப்பட்டுள்ளது .,date
உதவி எண் 0076-87592370 என அறிவித்தனர்.,உதவி எண் பூஜ்யம் பூஜ்யம் ஏழு ஆறு எட்டு ஏழு ஐந்து ஒன்பது இரண்டு மூன்று ஏழு பூஜ்யம் என அறிவித்தனர் .,telephone
5803ல் நாட்கள் ஆயிற்று.,ஐந்தாயிரத்து எண்ணூற்று மூன்றில் நாட்கள் ஆயிற்று .,cardinal
அவர் ௧௭:௦௦ என்றார்.,அவர் பதினேழு மணி என்றார் .,time
கூட்டத்தில் -606 பேர் வந்தனர்.,கூட்டத்தில் மைனஸ் அறுநூற்று ஆறு பேர் வந்தனர் .,cardinal
69/80,எண்பதில் அறுபத்தொன்பது,fraction
804.0,எண்ணூற்று நான்கு புள்ளி பூஜ்யம்,decimal
8:48 என்று எழுதப்பட்டுள்ளது.,எட்டு மணி நாற்பத்தெட்டு நிமிடம் என்று எழுதப்பட்டுள்ளது .,time
9748.65 மி.மீ. தண்ணீர் குடிக்க வேண்டும்.,ஒன்பதாயிரத்து எழுநூற்று நாற்பத்தெட்டு புள்ளி ஆறு ஐந்து மில்லிமீட்டர் தண்ணீர் குடிக்க வேண்டும் .,measure
"7861 பேருக்கு ¥ 8,23,44,510 கொடுத்தேன்.",ஏழாயிரத்து எண்ணூற்று அறுபத்தொன்று பேருக்கு எட்டு கோடி இருபத்துமூன்று இலட்சம் நாற்பத்துநான்கு ஆயிரம் ஐந்நூற்றுப்பத்து யென் கொடுத்தேன் .,mixed
நான் நேற்று திரைப்படம் பார்த்தேன்.,நான் நேற்று திரைப்படம் பார்த்தேன் .,word
£3536,மூன்றாயிரத்து ஐந்நூற்று முப்பத்தாறு பவுண்ட்,money
அவன் 01 முறை முயன்றான்.,அவன் பூஜ்யம் ஒன்று முறை முயன்றான் .,cardinal
557 மாணவர்கள் 16:34 மணிக்கு வந்தனர்.,ஐந்நூற்று ஐம்பத்தேழு மாணவர்கள் பதினாறு மணி முப்பத்துநான்கு நிமிடம் வந்தனர் .,mixed
புகார் எண் 7932214966 ஆகும்.,புகார் எண் ஏழு ஒன்பது மூன்று இரண்டு இரண்டு ஒன்று நான்கு ஒன்பது ஆறு ஆறு ஆகும் .,telephone
16-09-2629,பதினாறு செப்டம்பர் இரண்டாயிரத்து அறுநூற்று இருபத்தொன்பது,date
88/3,மூன்றில் எண்பத்தெட்டு,fraction
கடிதத்தில் ௦௨-௧௦-௧௪௮௦ இருந்தது.,கடிதத்தில் இரண்டு அக்டோபர் ஆயிரத்து நானூற்று எண்பது இருந்தது .,date
2 sec,இரண்டு வினாடி,measure
17:36:15 மணிக்கு,பதினேழு மணி முப்பத்தாறு நிமிடம் பதினைந்து வினாடி,time
11-07-1990,பதினொன்று ஜூலை ஆயிரத்து தொள்ளாயிரத்து தொண்ணூறு,date
30 மி.லி,முப்பது மில்லிலிட்டர்,measure
2ac,இரண்டு ஏக்கர்,measure
அவன் 1.78 மதிப்பெண் பெற்றான்.,அவன் ஒன்று புள்ளி ஏழு எட்டு மதிப்பெண் பெற்றான் .,decimal
6083ஆம் பக்கத்தில் பதில் உள்ளது.,ஆறாயிரத்து எண்பத்துமூன்றாம் பக்கத்தில் பதில் உள்ளது .,ordinal
11:08:04 சாப்பிட வா.,பதினொன்று மணி எட்டு நிமிடம் நான்கு வினாடி சாப்பிட வா .,time
அவள் 5534766 புத்தகங்கள் வாங்கினாள்.,அவள் ஐம்பத்தைந்து இலட்சம் முப்பத்துநான்கு ஆயிரம் எழுநூற்று அறுபத்தாறு புத்தகங்கள் வாங்கினாள் .,cardinal
செய்தியில் 31-07-1966 என்று வந்தது.,செய்தியில் முப்பத்தொன்று ஜூலை ஆயிரத்து தொள்ளாயிரத்து அறுபத்தாறு என்று வந்தது .,date
5262613642,ஐந்து இரண்டு ஆறு இரண்டு ஆறு ஒன்று மூன்று ஆறு நான்கு இரண்டு,cardinal
மொத்த செலவு ரூ 571.36.,மொத்த செலவு ஐந்நூற்று எழுபத்தொன்று ரூபாய் முப்பத்தாறு பைசா .,money
160,நூற்று அறுபது~நூற்றறுபது,cardinal
₹118.96,நூற்றுப்பதினெட்டு ரூபாய் தொண்ணூற்றாறு பைசா,money
45/80,எண்பதில் நாற்பத்தைந்து,fraction
6941 lb,ஆறாயிரத்து தொள்ளாயிரத்து நாற்பத்தொன்று பவுண்டு,measure
827 என்று எழுதப்பட்டுள்ளது.,எண்ணூற்று இருபத்தேழு என்று எழுதப்பட்டுள்ளது .,cardinal
இதில் 6924122817 குறிப்பிடப்பட்டுள்ளது.,இதில் ஆறு ஒன்பது இரண்டு நான்கு ஒன்று இரண்டு இரண்டு எட்டு ஒன்று ஏழு குறிப்பிடப்பட்டுள்ளது .,telephone
௨௪:௧௮,இருபத்துநான்கு மணி பதினெட்டு நிமிடம்,time
"₹௫,௦௯,௧௪,௬௪௭/-",ஐந்து கோடி ஒன்பது இலட்சம் பதினான்கு ஆயிரம் அறுநூற்று நாற்பத்தேழு ரூபாய்,money
+917741034613,பிளஸ் ஒன்பது ஒன்று ஏழு ஏழு நான்கு ஒன்று பூஜ்யம் மூன்று நான்கு ஆறு ஒன்று மூன்று,telephone
€ 6189,ஆறாயிரத்து நூற்றெண்பத்து ஒன்பது யூரோ,money
16785.0,பதினாறு ஆயிரம் எழுநூற்று எண்பத்தைந்து புள்ளி பூஜ்யம்,decimal
Rs49,நாற்பத்தொன்பது ரூபாய்,money
-91249776 என்று எழுதப்பட்டுள்ளது.,மைனஸ் ஒன்பது கோடி பன்னிரண்டு இலட்சம் நாற்பத்தொன்பது ஆயிரம் எழுநூற்று எழுபத்தாறு என்று எழுதப்பட்டுள்ளது .,cardinal
மொத்த மதிப்பெண் 8180.,மொத்த மதிப்பெண் எட்டாயிரத்து நூற்று எண்பது .~மொத்த மதிப்பெண் எட்டாயிரத்து நூற்றெண்பது .,cardinal
"இந்த சட்டை ₹8,39,62,913 ஆகும்.",இந்த சட்டை எட்டு கோடி முப்பத்தொன்பது இலட்சம் அறுபத்திரண்டு ஆயிரம் தொள்ளாயிரத்து பதிமூன்று ரூபாய் ஆகும் .,money
37-68,முப்பத்தேழு முதல் அறுபத்தெட்டு,range
62-124,அறுபத்திரண்டு முதல் நூற்று இருபத்துநான்கு,range
வேகம் 8394 min ஆக இருந்தது.,வேகம் எட்டாயிரத்து முந்நூற்றுத்தொண்ணூற்றுநான்கு நிமிடம் ஆக இருந்தது .,measure
மொத்த செலவு Rs1517.,மொத்த செலவு ஆயிரத்து ஐந்நூற்றுப்பதினேழு ரூபாய் .,money
₹ 0.38,முப்பத்தெட்டு பைசா,money
பள்ளியில் 9290இல் ஆசிரியர்கள் உள்ளனர்.,பள்ளியில் ஒன்பதாயிரத்து இருநூற்றுத்தொண்ணூறில் ஆசிரியர்கள் உள்ளனர் .,cardinal
இப்போது மணி 3:18.,இப்போது மணி மூன்று மணி பதினெட்டு நிமிடம் .,time
21-28,இருபத்தொன்று முதல் இருபத்தெட்டு,range
715ஆவது அத்தியாயம் படிக்கவும்.,எழுநூற்றுப்பதினைந்தாவது அத்தியாயம் படிக்கவும் .,ordinal
அலுவலக எண் 8601085907.,அலுவலக எண் எட்டு ஆறு பூஜ்யம் ஒன்று பூஜ்யம் எட்டு ஐந்து ஒன்பது பூஜ்யம் ஏழு .,telephone
நிலத்தில் ¼ பங்கு விற்றார்.,நிலத்தில் நான்கில் ஒன்று பங்கு விற்றார் .,fraction
29-41 பக்கங்கள் படிக்கவும்.,இருபத்தொன்பது முதல் நாற்பத்தொன்று பக்கங்கள் படிக்கவும் .,range
கடிதத்தில் +971 7945006749 இருந்தது.,கடிதத்தில் பிளஸ் ஒன்பது ஏழு ஒன்று ஏழு ஒன்பது நான்கு ஐந்து பூஜ்யம் பூஜ்யம் ஆறு ஏழு நான்கு ஒன்பது இருந்தது .,telephone
மொத்தம் ௮௨ மாணவர்கள் உள்ளனர்.,மொத்தம் எண்பத்திரண்டு மாணவர்கள் உள்ளனர் .,cardinal
இதில் 56% குறிப்பிடப்பட்டுள்ளது.,இதில் ஐம்பத்தாறு சதவீதம் குறிப்பிடப்பட்டுள்ளது .,whitelist
1154வது,ஆயிரத்து நூற்றைம்பத்து நான்காவது,ordinal
8407501864,எட்டு நான்கு பூஜ்யம் ஏழு ஐந்து பூஜ்யம் ஒன்று எட்டு ஆறு நான்கு,telephone
இதில் ௫௨ ha குறிப்பிடப்பட்டுள்ளது.,இதில் ஐம்பத்திரண்டு ஹெக்டேர் குறிப்பிடப்பட்டுள்ளது .,measure
மொத்த மதிப்பெண் 79964.,மொத்த மதிப்பெண் எழுபத்தொன்பது ஆயிரம் தொள்ளாயிரத்து அறுபத்துநான்கு .,cardinal
25-02-1939 சரியானது.,இருபத்தைந்து பிப்ரவரி ஆயிரத்து தொள்ளாயிரத்து முப்பத்தொன்பது சரியானது .,date
61/30,முப்பதில் அறுபத்தொன்று,fraction
2023-06-13,இரண்டாயிரத்து இருபத்துமூன்று ஜூன் பதிமூன்று,date
கடிதத்தில் 9mm இருந்தது.,கடிதத்தில் ஒன்பது மில்லிமீட்டர் இருந்தது .,measure
08:30 மணிக்கு,எட்டு மணி முப்பது நிமிடம்,time
செய்தியில் 90077.0 என்று வந்தது.,செய்தியில் தொண்ணூறு ஆயிரம் எழுபத்தேழு புள்ளி பூஜ்யம் என்று வந்தது .,decimal
0.85,பூஜ்யம் புள்ளி எட்டு ஐந்து,decimal
14/11/1997 என்பதை நினைவில் கொள்ளுங்கள்.,பதினான்கு நவம்பர் ஆயிரத்து தொள்ளாயிரத்து தொண்ணூற்றேழு என்பதை நினைவில் கொள்ளுங்கள் .,date
14:59:00 மணிக்கு சரியானது.,பதினான்கு மணி ஐம்பத்தொன்பது நிமிடம் சரியானது .,time
9722952460,ஒன்பது ஏழு இரண்டு இரண்டு ஒன்பது ஐந்து இரண்டு நான்கு ஆறு பூஜ்யம்,telephone
இந்த நூலில் 1963 பக்கங்கள் உள்ளன.,இந்த நூலில் ஆயிரத்து தொள்ளாயிரத்து அறுபத்துமூன்று பக்கங்கள் உள்ளன .,cardinal
9969708866,ஒன்பது ஒன்பது ஆறு ஒன்பது ஏழு பூஜ்யம் எட்டு எட்டு ஆறு ஆறு,telephone
கடிதத்தில் $34441.63 இருந்தது.,கடிதத்தில் முப்பத்துநான்கு ஆயிரம் நானூற்று நாற்பத்தொன்று டாலர் அறுபத்துமூன்று சென்ட் இருந்தது .,money
21-10-2802 முதல் விற்பனை தொடங்கும்.,இருபத்தொன்று அக்டோபர் இரண்டாயிரத்து எண்ணூற்று இரண்டு முதல் விற்பனை தொடங்கும் .,date
"57,01,09,278",ஐம்பத்தேழு கோடி ஒன்று இலட்சம் ஒன்பதாயிரத்து இருநூற்று எழுபத்தெட்டு,cardinal
நிலத்தில் 12¾ பங்கு விற்றார்.,நிலத்தில் பன்னிரண்டு மற்றும் நான்கில் மூன்று பங்கு விற்றார் .,fraction
71வது,எழுபத்தொன்றாவது,ordinal
421.044,நானூற்று இருபத்தொன்று புள்ளி பூஜ்யம் நான்கு நான்கு,decimal
639.2,அறுநூற்று முப்பத்தொன்பது புள்ளி இரண்டு,decimal
3672.61mi,மூன்றாயிரத்து அறுநூற்று எழுபத்திரண்டு புள்ளி ஆறு ஒன்று மைல்,measure
5:00,ஐந்து மணி,time
"31,938",முப்பத்தொன்று ஆயிரம் தொள்ளாயிரத்து முப்பத்தெட்டு,cardinal
26-01-2078 பற்றி பேசினோம்.,இருபத்தாறு ஜனவரி இரண்டாயிரத்து எழுபத்தெட்டு பற்றி பேசினோம் .,date
"817,551",எட்டு இலட்சம் பதினேழு ஆயிரம் ஐந்நூற்று ஐம்பத்தொன்று,cardinal
அலுவலக எண் 08-879559.,அலுவலக எண் பூஜ்யம் எட்டு எட்டு ஏழு ஒன்பது ஐந்து ஐந்து ஒன்பது .,telephone
இந்த நூலில் 5726 பக்கங்கள் உள்ளன.,இந்த நூலில் ஐந்தாயிரத்து எழுநூற்று இருபத்தாறு பக்கங்கள் உள்ளன .,cardinal
நண்பர்கள் அனைவரும் வந்தனர்.,நண்பர்கள் அனைவரும் வந்தனர் .,word
₹40,நாற்பது ரூபாய்,money
செய்தியில் 21:19 மணிக்கு என்று வந்தது.,செய்தியில் இருபத்தொன்று மணி பத்தொன்பது நிமிடம் என்று வந்தது .,time
௧௯௩௭-௩௭௫௭,ஆயிரத்து தொள்ளாயிரத்து முப்பத்தேழு முதல் மூன்றாயிரத்து எழுநூற்று ஐம்பத்தேழு,range
16:18:34,பதினாறு மணி பதினெட்டு நிமிடம் முப்பத்துநான்கு வினாடி,time
-1.77,மைனஸ் ஒன்று புள்ளி ஏழு ஏழு,decimal
11×2=22 என்பதை நினைவில் கொள்ளுங்கள்.,பதினொன்று பெருக்கல் இரண்டு சமம் இருபத்திரண்டு என்பதை நினைவில் கொள்ளுங்கள் .,whitelist
அவன் 3917வது ஆண்டு படிக்கிறான்.,அவன் மூன்றாயிரத்து தொள்ளாயிரத்து பதினேழாவது ஆண்டு படிக்கிறான் .,ordinal
1.869 என்பதை நினைவில் கொள்ளுங்கள்.,ஒன்று புள்ளி எட்டு ஆறு ஒன்பது என்பதை நினைவில் கொள்ளுங்கள் .,decimal
இந்த சட்டை Rs. 80 ஆகும்.,இந்த சட்டை எண்பது ரூபாய் ஆகும் .,money
22-02-1909,இருபத்திரண்டு பிப்ரவரி ஆயிரத்து தொள்ளாயிரத்து ஒன்பது,date
கடிதத்தில் 3ஆவது இருந்தது.,கடிதத்தில் மூன்றாவது இருந்தது .,ordinal
௬.௦௨௮,ஆறு புள்ளி பூஜ்யம் இரண்டு எட்டு,decimal
தேர்வு 26/03/2044 தேதியில் தொடங்கும்.,தேர்வு இருபத்தாறு மார்ச் இரண்டாயிரத்து நாற்பத்துநான்கு தேதியில் தொடங்கும் .,date
கடிதத்தில் 528.55 இருந்தது.,கடிதத்தில் ஐந்நூற்று இருபத்தெட்டு புள்ளி ஐந்து ஐந்து இருந்தது .,decimal
19-01-2068,பத்தொன்பது ஜனவரி இரண்டாயிரத்து அறுபத்தெட்டு,date
"₹1,08,24,046.84",ஒரு கோடி எட்டு இலட்சம் இருபத்துநான்கு ஆயிரம் நாற்பத்தாறு ரூபாய் எண்பத்துநான்கு பைசா,money
"1,49,01,510.98 ரூ.",ஒரு கோடி நாற்பத்தொன்பது இலட்சம் ஒன்று ஆயிரம் ஐந்நூற்றுப்பத்து ரூபாய் தொண்ணூற்றெட்டு பைசா,money
3266 ரூ. என்பதை நினைவில் கொள்ளுங்கள்.,மூன்றாயிரத்து இருநூற்று அறுபத்தாறு ரூபாய் என்பதை நினைவில் கொள்ளுங்கள் .,money
-௯௨௬.௨௫,மைனஸ் தொள்ளாயிரத்து இருபத்தாறு புள்ளி இரண்டு ஐந்து,decimal
7978 கி.கி பற்றி பேசினோம்.,ஏழாயிரத்து தொள்ளாயிரத்து எழுபத்தெட்டு கிலோகிராம் பற்றி பேசினோம் .,measure
அவன் 82 km நடந்தான்.,அவன் எண்பத்திரண்டு கிலோமீட்டர் நடந்தான் .,measure
08-02-2019,எட்டு பிப்ரவரி இரண்டாயிரத்து பத்தொன்பது,date
6.58,ஆறு புள்ளி ஐந்து எட்டு,decimal
2258ஆவது கூட்டம் ௧௬-௦௬-௧௯௪௭ அன்று நடந்தது.,இரண்டாயிரத்து இருநூற்று ஐம்பத்தெட்டாவது கூட்டம் பதினாறு ஜூன் ஆயிரத்து தொள்ளாயிரத்து நாற்பத்தேழு அன்று நடந்தது .,mixed
5doz,ஐந்து டஜன்,measure
இதில் 1464-09-11 குறிப்பிடப்பட்டுள்ளது.,இதில் ஆயிரத்து நானூற்று அறுபத்துநான்கு செப்டம்பர் பதினொன்று குறிப்பிடப்பட்டுள்ளது .,date
96÷12=8,தொண்ணூற்றாறு வகுத்தல் பன்னிரண்டு சமம் எட்டு,whitelist
33-40 பேருக்கு ₹7866/- செலவு ஆகும்.,முப்பத்துமூன்று முதல் நாற்பது பேருக்கு ஏழாயிரத்து எண்ணூற்று அறுபத்தாறு ரூபாய் செலவு ஆகும் .,mixed
60.5%,அறுபது புள்ளி ஐந்து சதவீதம்,whitelist
அவள் 1616ல் புத்தகங்கள் வாங்கினாள்.,அவள் ஆயிரத்து அறுநூற்றுப்பதினாறில் புத்தகங்கள் வாங்கினாள் .,cardinal
7749353426,ஏழு ஏழு நான்கு ஒன்பது மூன்று ஐந்து மூன்று நான்கு இரண்டு ஆறு,telephone
செய்தியில் 9111440072 என்று வந்தது.,செய்தியில் ஒன்பது ஒன்று ஒன்று ஒன்று நான்கு நான்கு பூஜ்யம் பூஜ்யம் ஏழு இரண்டு என்று வந்தது .,telephone
அவரின் தொலைபேசி எண் 6643498139 ஆகும்.,அவரின் தொலைபேசி எண் ஆறு ஆறு நான்கு மூன்று நான்கு ஒன்பது எட்டு ஒன்று மூன்று ஒன்பது ஆகும் .,telephone
"அந்த ஊரில் ௬௭௯,௬௬௯ வீடுகள் உள்ளன.",அந்த ஊரில் ஆறு இலட்சம் எழுபத்தொன்பது ஆயிரம் அறுநூற்று அறுபத்தொன்பது வீடுகள் உள்ளன .,cardinal
அவள் ௪௦௨௯ புத்தகங்கள் வாங்கினாள்.,அவள் நான்காயிரத்து இருபத்தொன்பது புத்தகங்கள் வாங்கினாள் .,cardinal
917 என்பதை நினைவில் கொள்ளுங்கள்.,தொள்ளாயிரத்து பதினேழு என்பதை நினைவில் கொள்ளுங்கள் .,cardinal
வண்டி எண் 738608645 ஆகும்.,வண்டி எண் எழுபத்துமூன்று கோடி எண்பத்தாறு இலட்சம் எட்டாயிரத்து அறுநூற்று நாற்பத்தைந்து ஆகும் .,cardinal
"4,40,01,081 ₹",நான்கு கோடி நாற்பது இலட்சம் ஒன்று ஆயிரம் எண்பத்தொன்று ரூபாய்,money
$948246332,தொண்ணூற்றுநான்கு கோடி எண்பத்திரண்டு இலட்சம் நாற்பத்தாறு ஆயிரம் முந்நூற்று முப்பத்திரண்டு டாலர்,money
23:57:36,இருபத்துமூன்று மணி ஐம்பத்தேழு நிமிடம் முப்பத்தாறு வினாடி,time
2042-10-14,இரண்டாயிரத்து நாற்பத்திரண்டு அக்டோபர் பதினான்கு,date
வேகம் 9227.87 செ.மீ ஆக இருந்தது.,வேகம் ஒன்பதாயிரத்து இருநூற்று இருபத்தேழு புள்ளி எட்டு ஏழு சென்டிமீட்டர் ஆக இருந்தது .,measure
1/4/2024,ஒன்று ஏப்ரல் இரண்டாயிரத்து இருபத்துநான்கு,date
20-01-1918 அன்று 98ல் பேர் வந்தனர்.,இருபது ஜனவரி ஆயிரத்து தொள்ளாயிரத்து பதினெட்டு அன்று தொண்ணூற்றெட்டில் பேர் வந்தனர் .,mixed
இன்று ௬௯ பேர் வருகை தந்தனர்.,இன்று அறுபத்தொன்பது பேர் வருகை தந்தனர் .,cardinal
110.82,நூற்றுப்பத்து புள்ளி எட்டு இரண்டு,decimal
புகார் எண் +91 8497355309 ஆகும்.,புகார் எண் பிளஸ் ஒன்பது ஒன்று எட்டு நான்கு ஒன்பது ஏழு மூன்று ஐந்து ஐந்து மூன்று பூஜ்யம் ஒன்பது ஆகும் .,telephone
௬.௮௫௨,ஆறு புள்ளி எட்டு ஐந்து இரண்டு,decimal
53.89 m பால் வாங்கினேன்.,ஐம்பத்துமூன்று புள்ளி எட்டு ஒன்பது மீட்டர் பால் வாங்கினேன் .,measure
நேரம் 05:44 ஆகிவிட்டது.,நேரம் ஐந்து மணி நாற்பத்துநான்கு நிமிடம் ஆகிவிட்டது .,time
₹7729,ஏழாயிரத்து எழுநூற்று இருபத்தொன்பது ரூபாய்,money
23-05-1998,இருபத்துமூன்று மே ஆயிரத்து தொள்ளாயிரத்து தொண்ணூற்றெட்டு,date
21:44 மணிக்கு,இருபத்தொன்று மணி நாற்பத்துநான்கு நிமிடம்,time
5278ல்,ஐந்தாயிரத்து இருநூற்று எழுபத்தெட்டில்,cardinal
அவள் ௯௬௩௭௪௧௮ புத்தகங்கள் வாங்கினாள்.,அவள் தொண்ணூற்றாறு இலட்சம் முப்பத்தேழு ஆயிரம் நானூற்றுப்பதினெட்டு புத்தகங்கள் வாங்கினாள் .,cardinal
கூட்டத்தில் 975 பேர் வந்தனர்.,கூட்டத்தில் தொள்ளாயிரத்து எழுபத்தைந்து பேர் வந்தனர் .,cardinal
எண் 907 சரியானது.,எண் தொள்ளாயிரத்து ஏழு சரியானது .,cardinal
கடிதத்தில் 23:15:44 இருந்தது.,கடிதத்தில் இருபத்துமூன்று மணி பதினைந்து நிமிடம் நாற்பத்துநான்கு வினாடி இருந்தது .,time
அவர் ௨௦௮௪-௦௨-௨௫ என்றார்.,அவர் இரண்டாயிரத்து எண்பத்துநான்கு பிப்ரவரி இருபத்தைந்து என்றார் .,date
அலுவலக எண் 7112979962.,அலுவலக எண் ஏழு ஒன்று ஒன்று இரண்டு ஒன்பது ஏழு ஒன்பது ஒன்பது ஆறு இரண்டு .,telephone
அந்த ஊரில் 4163 வீடுகள் உள்ளன.,அந்த ஊரில் நான்காயிரத்து நூற்றறுபத்து மூன்று வீடுகள் உள்ளன .,cardinal
05-24-2018,மே இருபத்துநான்கு இரண்டாயிரத்து பதினெட்டு,date
திருமணம் 27-01-2041 அன்று நடைபெறும்.,திருமணம் இருபத்தேழு ஜனவரி இரண்டாயிரத்து நாற்பத்தொன்று அன்று நடைபெறும் .,date
709.78,எழுநூற்று ஒன்பது புள்ளி ஏழு எட்டு,decimal
அவள் 28இல் புத்தகங்கள் வாங்கினாள்.,அவள் இருபத்தெட்டில் புத்தகங்கள் வாங்கினாள் .,cardinal
11×11=121,பதினொன்று பெருக்கல் பதினொன்று சமம் நூற்று இருபத்தொன்று,whitelist
4733 கி.கி,நான்காயிரத்து எழுநூற்று முப்பத்துமூன்று கிலோகிராம்,measure
௧௦-௦௫-௧௯௦௯ என்று எழுதப்பட்டுள்ளது.,பத்து மே ஆயிரத்து தொள்ளாயிரத்து ஒன்பது என்று எழுதப்பட்டுள்ளது .,date
1964-02-18,ஆயிரத்து தொள்ளாயிரத்து அறுபத்துநான்கு பிப்ரவரி பதினெட்டு,date
வாழ்த்துக்கள்!,வாழ்த்துக்கள் !,word
வண்டி எண் 988705972 ஆகும்.,வண்டி எண் தொண்ணூற்றெட்டு கோடி எண்பத்தேழு இலட்சம் ஐந்தாயிரத்து தொள்ளாயிரத்து எழுபத்திரண்டு ஆகும் .,cardinal
புகார் எண் 7478238225 ஆகும்.,புகார் எண் ஏழு நான்கு ஏழு எட்டு இரண்டு மூன்று எட்டு இரண்டு இரண்டு ஐந்து ஆகும் .,telephone
2.299,இரண்டு புள்ளி இரண்டு ஒன்பது ஒன்பது,decimal
ரூ. 8028,எட்டாயிரத்து இருபத்தெட்டு ரூபாய்,money
11:07 மணிக்கு,பதினொன்று மணி ஏழு நிமிடம்,time
0426-8055257 இந்த எண்ணில் அழையுங்கள்.,பூஜ்யம் நான்கு இரண்டு ஆறு எட்டு பூஜ்யம் ஐந்து ஐந்து இரண்டு ஐந்து ஏழு இந்த எண்ணில் அழையுங்கள் .,telephone
என் எண் 8710410509.,என் எண் எட்டு ஏழு ஒன்று பூஜ்யம் நான்கு ஒன்று பூஜ்யம் ஐந்து பூஜ்யம் ஒன்பது .,telephone
நான் 17:36 எழுந்தேன்.,நான் பதினேழு மணி முப்பத்தாறு நிமிடம் எழுந்தேன் .,time
-789 என்று எழுதப்பட்டுள்ளது.,மைனஸ் எழுநூற்று எண்பத்தொன்பது என்று எழுதப்பட்டுள்ளது .,cardinal
அவள் ௬௨௧வது வகுப்பு படிக்கிறாள்.,அவள் அறுநூற்று இருபத்தொன்றாவது வகுப்பு படிக்கிறாள் .,ordinal
வாடகை ௧௮௦௯ரூ ஆக உயர்ந்தது.,வாடகை ஆயிரத்து எண்ணூற்று ஒன்பது ரூபாய் ஆக உயர்ந்தது .,money
"764,889 பற்றி பேசினோம்.",ஏழு இலட்சம் அறுபத்துநான்கு ஆயிரம் எண்ணூற்று எண்பத்தொன்பது பற்றி பேசினோம் .,cardinal
80.50 ac,எண்பது புள்ளி ஐந்து பூஜ்யம் ஏக்கர்,measure
7734624489 என்று எழுதப்பட்டுள்ளது.,ஏழு ஏழு மூன்று நான்கு ஆறு இரண்டு நான்கு நான்கு எட்டு ஒன்பது என்று எழுதப்பட்டுள்ளது .,telephone
270.13 சரியானது.,இருநூற்று எழுபது புள்ளி ஒன்று மூன்று சரியானது .~இருநூற்றெழுபது புள்ளி ஒன்று மூன்று சரியானது .,decimal
0795-56472107 இந்த எண்ணில் அழையுங்கள்.,பூஜ்யம் ஏழு ஒன்பது ஐந்து ஐந்து ஆறு நான்கு ஏழு இரண்டு ஒன்று பூஜ்யம் ஏழு இந்த எண்ணில் அழையுங்கள் .,telephone
இதில் 35.9 குறிப்பிடப்பட்டுள்ளது.,இதில் முப்பத்தைந்து புள்ளி ஒன்பது குறிப்பிடப்பட்டுள்ளது .,decimal
பரிசுத் தொகை $ 98.,பரிசுத் தொகை தொண்ணூற்றெட்டு டாலர் .,money
தூரம் 2 மி.மீ. ஆகும்.,தூரம் இரண்டு மில்லிமீட்டர் ஆகும் .,measure
"எண் 98,49,985 சரியானது.",எண் தொண்ணூற்றெட்டு இலட்சம் நாற்பத்தொன்பது ஆயிரம் தொள்ளாயிரத்து எண்பத்தைந்து சரியானது .,cardinal
இன்றைய விலை 3.24 ஆக உயர்ந்தது.,இன்றைய விலை மூன்று புள்ளி இரண்டு நான்கு ஆக உயர்ந்தது .,decimal
₹4765780 என்பதை நினைவில் கொள்ளுங்கள்.,நாற்பத்தேழு இலட்சம் அறுபத்தைந்து ஆயிரம் எழுநூற்று எண்பது ரூபாய் என்பதை நினைவில் கொள்ளுங்கள் .~நாற்பத்தேழு இலட்சம் அறுபத்தைந்து ஆயிரம் எழுநூற்றெண்பது ரூபாய் என்பதை நினைவில் கொள்ளுங்கள் .,money
எனக்கு 78ல் வயது.,எனக்கு எழுபத்தெட்டில் வயது .,cardinal
தொடர்புக்கு 7163594146.,தொடர்புக்கு ஏழு ஒன்று ஆறு மூன்று ஐந்து ஒன்பது நான்கு ஒன்று நான்கு ஆறு .,telephone
351,முந்நூற்று ஐம்பத்தொன்று,cardinal
56/60,அறுபதில் ஐம்பத்தாறு,fraction
00-8595506 என்று எழுதப்பட்டுள்ளது.,பூஜ்யம் பூஜ்யம் எட்டு ஐந்து ஒன்பது ஐந்து ஐந்து பூஜ்யம் ஆறு என்று எழுதப்பட்டுள்ளது .,telephone
வெப்பநிலை 7 ft ஆக இருந்தது.,வெப்பநிலை ஏழு அடி ஆக இருந்தது .,measure
இதில் 8840205939 குறிப்பிடப்பட்டுள்ளது.,இதில் எட்டு எட்டு நான்கு பூஜ்யம் இரண்டு பூஜ்யம் ஐந்து ஒன்பது மூன்று ஒன்பது குறிப்பிடப்பட்டுள்ளது .,telephone
புகார் எண் 9066924375 ஆகும்.,புகார் எண் ஒன்பது பூஜ்யம் ஆறு ஆறு ஒன்பது இரண்டு நான்கு மூன்று ஏழு ஐந்து ஆகும் .,telephone
"அவர் ¥ 4,30,14,041 செலுத்தினார்.",அவர் நான்கு கோடி முப்பது இலட்சம் பதினான்கு ஆயிரம் நாற்பத்தொன்று யென் செலுத்தினார் .,money
5996இல்,ஐந்தாயிரத்து தொள்ளாயிரத்து தொண்ணூற்றாறில்,cardinal
விலை ₹415587322 ஆனது 395.3 சதவீதம் உயர்வு.,விலை நாற்பத்தொன்று கோடி ஐம்பத்தைந்து இலட்சம் எண்பத்தேழு ஆயிரம் முந்நூற்று இருபத்திரண்டு ரூபாய் ஆனது முந்நூற்றுத்தொண்ணூற்றைந்து புள்ளி மூன்று சதவீதம் உயர்வு .,mixed
இந்த சட்டை 4951ரூ ஆகும்.,இந்த சட்டை நான்காயிரத்து தொள்ளாயிரத்து ஐம்பத்தொன்று ரூபாய் ஆகும் .,money
03:48,மூன்று மணி நாற்பத்தெட்டு நிமிடம்,time
"கடிதத்தில் 25,50,14,615 இருந்தது.",கடிதத்தில் இருபத்தைந்து கோடி ஐம்பது இலட்சம் பதினான்கு ஆயிரம் அறுநூற்றுப்பதினைந்து இருந்தது .,cardinal
3.88,மூன்று புள்ளி எட்டு எட்டு,decimal
8553709224,எட்டு ஐந்து ஐந்து மூன்று ஏழு பூஜ்யம் ஒன்பது இரண்டு இரண்டு நான்கு,telephone
1.53lb,ஒன்று புள்ளி ஐந்து மூன்று பவுண்டு,measure
"௩௮,௧௧,௦௭,௭௮௬",முப்பத்தெட்டு கோடி பதினொன்று இலட்சம் ஏழாயிரத்து எழுநூற்று எண்பத்தாறு,cardinal
சராசரி -60421.033 ஆகும்.,சராசரி மைனஸ் அறுபது ஆயிரம் நானூற்று இருபத்தொன்று புள்ளி பூஜ்யம் மூன்று மூன்று ஆகும் .,decimal
அவள் 3299055 புத்தகங்கள் வாங்கினாள்.,அவள் முப்பத்திரண்டு இலட்சம் தொண்ணூற்றொன்பது ஆயிரம் ஐம்பத்தைந்து புத்தகங்கள் வாங்கினாள் .,cardinal
௧௧௮௭,ஆயிரத்து நூற்றெண்பத்து ஏழு,cardinal
இதில் 24-11-1958 குறிப்பிடப்பட்டுள்ளது.,இதில் இருபத்துநான்கு நவம்பர் ஆயிரத்து தொள்ளாயிரத்து ஐம்பத்தெட்டு குறிப்பிடப்பட்டுள்ளது .,date
௯:௩௦,ஒன்பது மணி முப்பது நிமிடம்,time
756 மாணவர்கள் 3:32 மணிக்கு வந்தனர்.,எழுநூற்று ஐம்பத்தாறு மாணவர்கள் மூன்று மணி முப்பத்திரண்டு நிமிடம் வந்தனர் .,mixed
"€1,46,60,502",ஒரு கோடி நாற்பத்தாறு இலட்சம் அறுபது ஆயிரம் ஐந்நூற்று இரண்டு யூரோ,money
கடிதத்தில் 15:00 இருந்தது.,கடிதத்தில் பதினைந்து மணி இருந்தது .,time
₹ 976700185,தொண்ணூற்றேழு கோடி அறுபத்தேழு இலட்சம் நூற்றெண்பத்து ஐந்து ரூபாய்,money
6kg தண்ணீர் குடிக்க வேண்டும்.,ஆறு கிலோகிராம் தண்ணீர் குடிக்க வேண்டும் .,measure
79,எழுபத்தொன்பது,cardinal
46048168509,நான்கு ஆறு பூஜ்யம் நான்கு எட்டு ஒன்று ஆறு எட்டு ஐந்து பூஜ்யம் ஒன்பது,cardinal
செய்தியில் 6354408579 என்று வந்தது.,செய்தியில் ஆறு மூன்று ஐந்து நான்கு நான்கு பூஜ்யம் எட்டு ஐந்து ஏழு ஒன்பது என்று வந்தது .,telephone
64வது என்பதை நினைவில் கொள்ளுங்கள்.,அறுபத்துநான்காவது என்பதை நினைவில் கொள்ளுங்கள் .,ordinal
-39.6,மைனஸ் முப்பத்தொன்பது புள்ளி ஆறு,decimal
35இல்,முப்பத்தைந்தில்,cardinal
-713,மைனஸ் எழுநூற்றுப்பதிமூன்று,cardinal
கடிதத்தில் 41 இருந்தது.,கடிதத்தில் நாற்பத்தொன்று இருந்தது .,cardinal
45485 பற்றி பேசினோம்.,நாற்பத்தைந்து ஆயிரம் நானூற்று எண்பத்தைந்து பற்றி பேசினோம் .,cardinal
செய்தியில் 523.8 என்று வந்தது.,செய்தியில் ஐந்நூற்று இருபத்துமூன்று புள்ளி எட்டு என்று வந்தது .,decimal
கூட்டத்தில் 270 பேர் வந்தனர்.,கூட்டத்தில் இருநூற்று எழுபது பேர் வந்தனர் .~கூட்டத்தில் இருநூற்றெழுபது பேர் வந்தனர் .,cardinal
4821863 பேருக்கு Rs. 8947 கொடுத்தேன்.,நாற்பத்தெட்டு இலட்சம் இருபத்தொன்று ஆயிரம் எண்ணூற்று அறுபத்துமூன்று பேருக்கு எட்டாயிரத்து தொள்ளாயிரத்து நாற்பத்தேழு ரூபாய் கொடுத்தேன் .,mixed
7074ல் நாட்கள் ஆயிற்று.,ஏழாயிரத்து எழுபத்துநான்கில் நாட்கள் ஆயிற்று .,cardinal
2ஆம் என்பதை நினைவில் கொள்ளுங்கள்.,இரண்டாம் என்பதை நினைவில் கொள்ளுங்கள் .,ordinal
விலை Rs 7243 மட்டும்.,விலை ஏழாயிரத்து இருநூற்று நாற்பத்துமூன்று ரூபாய் மட்டும் .,money
இதில் ௮௦௫.௭௨ கி.கி குறிப்பிடப்பட்டுள்ளது.,இதில் எண்ணூற்று ஐந்து புள்ளி ஏழு இரண்டு கிலோகிராம் குறிப்பிடப்பட்டுள்ளது .,measure
சராசரி 662.6 என்பது 59 மாணவர்களின் கணக்கு.,சராசரி அறுநூற்று அறுபத்திரண்டு புள்ளி ஆறு என்பது ஐம்பத்தொன்பது மாணவர்களின் கணக்கு .,mixed
34இல்,முப்பத்துநான்கில்,cardinal
1863171,பதினெட்டு இலட்சம் அறுபத்துமூன்று ஆயிரம் நூற்றெழுபத்து ஒன்று,cardinal
விடை 13/17 ஆகும்.,விடை பதினேழில் பதிமூன்று ஆகும் .,fraction
"இதில் Rs.1,27,63,956 குறிப்பிடப்பட்டுள்ளது.",இதில் ஒரு கோடி இருபத்தேழு இலட்சம் அறுபத்துமூன்று ஆயிரம் தொள்ளாயிரத்து ஐம்பத்தாறு ரூபாய் குறிப்பிடப்பட்டுள்ளது .,money
அவர் ௮௬இல் ஓட்டங்கள் எடுத்தார்.,அவர் எண்பத்தாறில் ஓட்டங்கள் எடுத்தார் .,cardinal
"31-05-1944 அன்று ரூ௪,௬௪,௫௯,௪௮௫ செலுத்தினேன்.",முப்பத்தொன்று மே ஆயிரத்து தொள்ளாயிரத்து நாற்பத்துநான்கு அன்று நான்கு கோடி அறுபத்துநான்கு இலட்சம் ஐம்பத்தொன்பது ஆயிரம் நானூற்று எண்பத்தைந்து ரூபாய் செலுத்தினேன் .,mixed
06-283447 என்று எழுதப்பட்டுள்ளது.,பூஜ்யம் ஆறு இரண்டு எட்டு மூன்று நான்கு நான்கு ஏழு என்று எழுதப்பட்டுள்ளது .,telephone
மழை அளவு ௪௨௨௬.௭௬ என பதிவானது.,மழை அளவு நான்காயிரத்து இருநூற்று இருபத்தாறு புள்ளி ஏழு ஆறு என பதிவானது .,decimal
44-51 மணி நேரம் தேவை.,நாற்பத்துநான்கு முதல் ஐம்பத்தொன்று மணி நேரம் தேவை .,range
1467.04,ஆயிரத்து நானூற்று அறுபத்தேழு புள்ளி பூஜ்யம் நான்கு,decimal
-664379711 என்று எழுதப்பட்டுள்ளது.,மைனஸ் அறுபத்தாறு கோடி நாற்பத்துமூன்று இலட்சம் எழுபத்தொன்பது ஆயிரம் எழுநூற்றுப்பதினொன்று என்று எழுதப்பட்டுள்ளது .,cardinal
பெட்டியின் எடை 30 doz இருக்கும்.,பெட்டியின் எடை முப்பது டஜன் இருக்கும் .,measure
15:39,பதினைந்து மணி முப்பத்தொன்பது நிமிடம்,time
439.1 சரியானது.,நானூற்று முப்பத்தொன்பது புள்ளி ஒன்று சரியானது .,decimal
1004-1396,ஆயிரத்து நான்கு முதல் ஆயிரத்து முந்நூற்றுத்தொண்ணூற்றாறு,range
தேர்வு ௦௫-௧௬-௨௬௧௮ தேதியில் தொடங்கும்.,தேர்வு மே பதினாறு இரண்டாயிரத்து அறுநூற்றுப்பதினெட்டு தேதியில் தொடங்கும் .,date
இன்றைய விலை 2.4 ஆக உயர்ந்தது.,இன்றைய விலை இரண்டு புள்ளி நான்கு ஆக உயர்ந்தது .,decimal
இதில் 1 11/12 குறிப்பிடப்பட்டுள்ளது.,இதில் ஒன்று மற்றும் பன்னிரண்டில் பதினொன்று குறிப்பிடப்பட்டுள்ளது .,fraction
அலுவலக எண் 08-67588153.,அலுவலக எண் பூஜ்யம் எட்டு ஆறு ஏழு ஐந்து எட்டு எட்டு ஒன்று ஐந்து மூன்று .,telephone
அவன் 70/4 பங்கு சாப்பிட்டான்.,அவன் நான்கில் எழுபது பங்கு சாப்பிட்டான் .,fraction
Rs.995,தொள்ளாயிரத்து தொண்ணூற்றைந்து ரூபாய்,money
கூட்டம் 09-05-2030 அன்று நடந்தது.,கூட்டம் ஒன்பது மே இரண்டாயிரத்து முப்பது அன்று நடந்தது .,date
972.65,தொள்ளாயிரத்து எழுபத்திரண்டு புள்ளி ஆறு ஐந்து,decimal
152.61,நூற்றைம்பத்து இரண்டு புள்ளி ஆறு ஒன்று,decimal
8277844,எண்பத்திரண்டு இலட்சம் எழுபத்தேழு ஆயிரம் எண்ணூற்று நாற்பத்துநான்கு,cardinal
வளர்ச்சி விகிதம் 60287.792 ஆக இருந்தது.,வளர்ச்சி விகிதம் அறுபது ஆயிரம் இருநூற்று எண்பத்தேழு புள்ளி ஏழு ஒன்பது இரண்டு ஆக இருந்தது .,decimal
"84,91,18,927 என்று எழுதப்பட்டுள்ளது.",எண்பத்துநான்கு கோடி தொண்ணூற்றொன்று இலட்சம் பதினெட்டு ஆயிரம் தொள்ளாயிரத்து இருபத்தேழு என்று எழுதப்பட்டுள்ளது .,cardinal
Rs.8826 /-,எட்டாயிரத்து எண்ணூற்று இருபத்தாறு ரூபாய்,money
அந்த ஊரில் 48 வீடுகள் உள்ளன.,அந்த ஊரில் நாற்பத்தெட்டு வீடுகள் உள்ளன .,cardinal
71ல்,எழுபத்தொன்றில்,cardinal
வண்டி எண் 2052 ஆகும்.,வண்டி எண் இரண்டாயிரத்து ஐம்பத்திரண்டு ஆகும் .,cardinal
26-12-2001 அன்று மழை பெய்தது.,இருபத்தாறு டிசம்பர் இரண்டாயிரத்து ஒன்று அன்று மழை பெய்தது .,date
வட்டி 7 % ஆக உள்ளது.,வட்டி ஏழு சதவீதம் ஆக உள்ளது .,whitelist
266,இருநூற்று அறுபத்தாறு,cardinal
அவர் 3256 செ.மீ என்றார்.,அவர் மூன்றாயிரத்து இருநூற்று ஐம்பத்தாறு சென்டிமீட்டர் என்றார் .,measure
கூட்டம் 07/05/2368 அன்று 24:18:45 தொடங்கும்.,கூட்டம் ஏழு மே இரண்டாயிரத்து முந்நூற்று அறுபத்தெட்டு அன்று இருபத்துநான்கு மணி பதினெட்டு நிமிடம் நாற்பத்தைந்து வினாடி தொடங்கும் .,mixed
நான் 3வது நபராக வந்தேன்.,நான் மூன்றாவது நபராக வந்தேன் .,ordinal
7281290316,ஏழு இரண்டு எட்டு ஒன்று இரண்டு ஒன்பது பூஜ்யம் மூன்று ஒன்று ஆறு,telephone
அந்த ஊரில் 07 வீடுகள் உள்ளன.,அந்த ஊரில் பூஜ்யம் ஏழு வீடுகள் உள்ளன .,cardinal
05:52 பற்றி பேசினோம்.,ஐந்து மணி ஐம்பத்திரண்டு நிமிடம் பற்றி பேசினோம் .,time
மதிப்பீடு 4.91.,மதிப்பீடு நான்கு புள்ளி ஒன்பது ஒன்று .,decimal
₹ 3.86 பற்றி பேசினோம்.,மூன்று ரூபாய் எண்பத்தாறு பைசா பற்றி பேசினோம் .,money
மா. ரவி,மாஸ்டர் ரவி,whitelist
63÷9=7,அறுபத்துமூன்று வகுத்தல் ஒன்பது சமம் ஏழு,whitelist
27-37 மணி நேரம் தேவை.,இருபத்தேழு முதல் முப்பத்தேழு மணி நேரம் தேவை .,range
கூட்டத்தில் 0526447191 பேர் வந்தனர்.,கூட்டத்தில் பூஜ்யம் ஐந்து இரண்டு ஆறு நான்கு நான்கு ஏழு ஒன்று ஒன்பது ஒன்று பேர் வந்தனர் .,cardinal
14.02.1971,பதினான்கு பிப்ரவரி ஆயிரத்து தொள்ளாயிரத்து எழுபத்தொன்று,date
876-1257 மணி நேரம் தேவை.,எண்ணூற்று எழுபத்தாறு முதல் ஆயிரத்து இருநூற்று ஐம்பத்தேழு மணி நேரம் தேவை .,range
8193423 நாட்கள் ஆயிற்று.,எண்பத்தொன்று இலட்சம் தொண்ணூற்றுமூன்று ஆயிரம் நானூற்று இருபத்துமூன்று நாட்கள் ஆயிற்று .,cardinal
20:21 மணிக்கு,இருபது மணி இருபத்தொன்று நிமிடம்,time
+1 7003479697 பற்றி பேசினோம்.,பிளஸ் ஒன்று ஏழு பூஜ்யம் பூஜ்யம் மூன்று நான்கு ஏழு ஒன்பது ஆறு ஒன்பது ஏழு பற்றி பேசினோம் .,telephone
7699573410 என்பதை நினைவில் கொள்ளுங்கள்.,ஏழு ஆறு ஒன்பது ஒன்பது ஐந்து ஏழு மூன்று நான்கு ஒன்று பூஜ்யம் என்பதை நினைவில் கொள்ளுங்கள் .,telephone
03:37,மூன்று மணி முப்பத்தேழு நிமிடம்,time
அவர் 10 என்றார்.,அவர் பத்து என்றார் .,cardinal
18 12/12,பதினெட்டு மற்றும் பன்னிரண்டில் பன்னிரண்டு,fraction
இதில் 9.9% குறிப்பிடப்பட்டுள்ளது.,இதில் ஒன்பது புள்ளி ஒன்பது சதவீதம் குறிப்பிடப்பட்டுள்ளது .,whitelist
7823ல்,ஏழாயிரத்து எண்ணூற்று இருபத்துமூன்றில்,cardinal
€90 என்று எழுதப்பட்டுள்ளது.,தொண்ணூறு யூரோ என்று எழுதப்பட்டுள்ளது .,money
ரூ40 என்பதை நினைவில் கொள்ளுங்கள்.,நாற்பது ரூபாய் என்பதை நினைவில் கொள்ளுங்கள் .,money
"¥ 9,60,57,772",ஒன்பது கோடி அறுபது இலட்சம் ஐம்பத்தேழு ஆயிரம் எழுநூற்று எழுபத்திரண்டு யென்,money
1064-2040,ஆயிரத்து அறுபத்துநான்கு முதல் இரண்டாயிரத்து நாற்பது,range
9597km பற்றி பேசினோம்.,ஒன்பதாயிரத்து ஐந்நூற்றுத்தொண்ணூற்றேழு கிலோமீட்டர் பற்றி பேசினோம் .,measure
245ஆம்,இருநூற்று நாற்பத்தைந்தாம்,ordinal
20:59,இருபது மணி ஐம்பத்தொன்பது நிமிடம்,time
"செய்தியில் $ 87,22,493 என்று வந்தது.",செய்தியில் எண்பத்தேழு இலட்சம் இருபத்திரண்டு ஆயிரம் நானூற்றுத்தொண்ணூற்றுமூன்று டாலர் என்று வந்தது .,money
1.9,ஒன்று புள்ளி ஒன்பது,decimal
இதில் 4335.78 ரூ. குறிப்பிடப்பட்டுள்ளது.,இதில் நான்காயிரத்து முந்நூற்று முப்பத்தைந்து ரூபாய் எழுபத்தெட்டு பைசா குறிப்பிடப்பட்டுள்ளது .,money
கூட்டத்தில் -70 பேர் வந்தனர்.,கூட்டத்தில் மைனஸ் எழுபது பேர் வந்தனர் .,cardinal
730,எழுநூற்று முப்பது,cardinal
மதிப்பீடு 662.44.,மதிப்பீடு அறுநூற்று அறுபத்திரண்டு புள்ளி நான்கு நான்கு .,decimal
பெட்டியின் எடை 2.27 மி.லி. இருக்கும்.,பெட்டியின் எடை இரண்டு புள்ளி இரண்டு ஏழு மில்லிலிட்டர் இருக்கும் .,measure
09:22,ஒன்பது மணி இருபத்திரண்டு நிமிடம்,time
நான் 7662வது நபராக வந்தேன்.,நான் ஏழாயிரத்து அறுநூற்று அறுபத்திரண்டாவது நபராக வந்தேன் .,ordinal
9750979064 இந்த எண்ணில் அழையுங்கள்.,ஒன்பது ஏழு ஐந்து பூஜ்யம் ஒன்பது ஏழு ஒன்பது பூஜ்யம் ஆறு நான்கு இந்த எண்ணில் அழையுங்கள் .,telephone
மொத்த செலவு Rs.7459.,மொத்த செலவு ஏழாயிரத்து நானூற்று ஐம்பத்தொன்பது ரூபாய் .,money
05:49 மணிக்கு,ஐந்து மணி நாற்பத்தொன்பது நிமிடம்,time
௨ செ.மீ. பால் வாங்கினேன்.,இரண்டு சென்டிமீட்டர் பால் வாங்கினேன் .,measure
9.23 மி.மீ.,ஒன்பது புள்ளி இரண்டு மூன்று மில்லிமீட்டர்,measure
+44 6632003390,பிளஸ் நான்கு நான்கு ஆறு ஆறு மூன்று இரண்டு பூஜ்யம் பூஜ்யம் மூன்று மூன்று ஒன்பது பூஜ்யம்,telephone
Rs8.16 கடன் வாங்கினேன்.,எட்டு ரூபாய் பதினாறு பைசா கடன் வாங்கினேன் .,money
6.61 mg,ஆறு புள்ளி ஆறு ஒன்று மில்லிகிராம்,measure
4721789 என்று எழுதப்பட்டுள்ளது.,நாற்பத்தேழு இலட்சம் இருபத்தொன்று ஆயிரம் எழுநூற்று எண்பத்தொன்பது என்று எழுதப்பட்டுள்ளது .,cardinal
விலை ரூ ௯௦ மட்டும்.,விலை தொண்ணூறு ரூபாய் மட்டும் .,money
என் எண் 0510-51680032.,என் எண் பூஜ்யம் ஐந்து ஒன்று பூஜ்யம் ஐந்து ஒன்று ஆறு எட்டு பூஜ்யம் பூஜ்யம் மூன்று இரண்டு .,telephone
பதிவு தேதி 09-08-2075 ஆகும்.,பதிவு தேதி ஒன்பது ஆகஸ்ட் இரண்டாயிரத்து எழுபத்தைந்து ஆகும் .,date
19:39 என்பதை நினைவில் கொள்ளுங்கள்.,பத்தொன்பது மணி முப்பத்தொன்பது நிமிடம் என்பதை நினைவில் கொள்ளுங்கள் .,time
-65,மைனஸ் அறுபத்தைந்து,cardinal
9782,ஒன்பதாயிரத்து எழுநூற்று எண்பத்திரண்டு,cardinal
828960661,எண்பத்திரண்டு கோடி எண்பத்தொன்பது இலட்சம் அறுபது ஆயிரம் அறுநூற்று அறுபத்தொன்று,cardinal
8079355329 என்ற எண்ணை அழைக்கவும்.,எட்டு பூஜ்யம் ஏழு ஒன்பது மூன்று ஐந்து ஐந்து மூன்று இரண்டு ஒன்பது என்ற எண்ணை அழைக்கவும் .,telephone
"¥ 1,21,91,490 என்பதை நினைவில் கொள்ளுங்கள்.",ஒரு கோடி இருபத்தொன்று இலட்சம் தொண்ணூற்றொன்று ஆயிரம் நானூற்றுத்தொண்ணூறு யென் என்பதை நினைவில் கொள்ளுங்கள் .,money
அவர் 5208இல் ஓட்டங்கள் எடுத்தார்.,அவர் ஐந்தாயிரத்து இருநூற்று எட்டில் ஓட்டங்கள் எடுத்தார் .,cardinal
வெப்பநிலை 54 மி.மீ. ஆக இருந்தது.,வெப்பநிலை ஐம்பத்துநான்கு மில்லிமீட்டர் ஆக இருந்தது .,measure
அவர் 57.76 ரூ செலுத்தினார்.,அவர் ஐம்பத்தேழு ரூபாய் எழுபத்தாறு பைசா செலுத்தினார் .,money
8622 மி.லி,எட்டாயிரத்து அறுநூற்று இருபத்திரண்டு மில்லிலிட்டர்,measure
30009,முப்பது ஆயிரம் ஒன்பது,cardinal
௨௭-௦௭-௨௦௦௩,இருபத்தேழு ஜூலை இரண்டாயிரத்து மூன்று,date
மதிப்பீடு 690.364.,மதிப்பீடு அறுநூற்றுத்தொண்ணூறு புள்ளி மூன்று ஆறு நான்கு .,decimal
02-10-1808,இரண்டு அக்டோபர் ஆயிரத்து எண்ணூற்று எட்டு,date
14 86/6 பற்றி பேசினோம்.,பதினான்கு மற்றும் ஆறில் எண்பத்தாறு பற்றி பேசினோம் .,fraction
அவன் 536.2 மதிப்பெண் பெற்றான்.,அவன் ஐந்நூற்று முப்பத்தாறு புள்ளி இரண்டு மதிப்பெண் பெற்றான் .,decimal
"இந்த நூலில் 388,004 பக்கங்கள் உள்ளன.",இந்த நூலில் மூன்று இலட்சம் எண்பத்தெட்டு ஆயிரம் நான்கு பக்கங்கள் உள்ளன .,cardinal
செய்தியில் 9400882669 என்று வந்தது.,செய்தியில் ஒன்பது நான்கு பூஜ்யம் பூஜ்யம் எட்டு எட்டு இரண்டு ஆறு ஆறு ஒன்பது என்று வந்தது .,telephone
கூட்டத்தில் 601 பேர் வந்தனர்.,கூட்டத்தில் அறுநூற்று ஒன்று பேர் வந்தனர் .,cardinal
நிலத்தில் 21/100 பங்கு விற்றார்.,நிலத்தில் நூறில் இருபத்தொன்று பங்கு விற்றார் .,fraction
"₹9,04,02,736",ஒன்பது கோடி நான்கு இலட்சம் இரண்டாயிரத்து எழுநூற்று முப்பத்தாறு ரூபாய்,money
6996769549 சரியானது.,ஆறு ஒன்பது ஒன்பது ஆறு ஏழு ஆறு ஒன்பது ஐந்து நான்கு ஒன்பது சரியானது .,telephone
49ல்,நாற்பத்தொன்பதில்,cardinal
1640-2310 பேருக்கு ₹3702 செலவு ஆகும்.,ஆயிரத்து அறுநூற்று நாற்பது முதல் இரண்டாயிரத்து முந்நூற்றுப்பத்து பேருக்கு மூன்றாயிரத்து எழுநூற்று இரண்டு ரூபாய் செலவு ஆகும் .,mixed
செய்தியில் -397820174 என்று வந்தது.,செய்தியில் மைனஸ் முப்பத்தொன்பது கோடி எழுபத்தெட்டு இலட்சம் இருபது ஆயிரம் நூற்றெழுபத்து நான்கு என்று வந்தது .,cardinal
எண் 9804 சரியானது.,எண் ஒன்பதாயிரத்து எண்ணூற்று நான்கு சரியானது .,cardinal
கடைசி தேதி 28-01-2069.,கடைசி தேதி இருபத்தெட்டு ஜனவரி இரண்டாயிரத்து அறுபத்தொன்பது .,date
-61365,மைனஸ் அறுபத்தொன்று ஆயிரம் முந்நூற்று அறுபத்தைந்து,cardinal
12:51 பற்றி பேசினோம்.,பன்னிரண்டு மணி ஐம்பத்தொன்று நிமிடம் பற்றி பேசினோம் .,time
பெட்டியின் எடை 41yr இருக்கும்.,பெட்டியின் எடை நாற்பத்தொன்று ஆண்டு இருக்கும் .,measure
808635096,எண்பது கோடி எண்பத்தாறு இலட்சம் முப்பத்தைந்து ஆயிரம் தொண்ணூற்றாறு,cardinal
683-1293,அறுநூற்று எண்பத்துமூன்று முதல் ஆயிரத்து இருநூற்றுத்தொண்ணூற்றுமூன்று,range
செய்தியில் 45 ml என்று வந்தது.,செய்தியில் நாற்பத்தைந்து மில்லிலிட்டர் என்று வந்தது .,measure
0399-8855792 என்று எழுதப்பட்டுள்ளது.,பூஜ்யம் மூன்று ஒன்பது ஒன்பது எட்டு எட்டு ஐந்து ஐந்து ஏழு ஒன்பது இரண்டு என்று எழுதப்பட்டுள்ளது .,telephone
"£3,23,88,241 அபராதம் விதிக்கப்பட்டது.",மூன்று கோடி இருபத்துமூன்று இலட்சம் எண்பத்தெட்டு ஆயிரம் இருநூற்று நாற்பத்தொன்று பவுண்ட் அபராதம் விதிக்கப்பட்டது .,money
கடிதத்தில் 7195706736 இருந்தது.,கடிதத்தில் ஏழு ஒன்று ஒன்பது ஐந்து ஏழு பூஜ்யம் ஆறு ஏழு மூன்று ஆறு இருந்தது .,telephone
675-997 நாட்கள் ஆகும்.,அறுநூற்று எழுபத்தைந்து முதல் தொள்ளாயிரத்து தொண்ணூற்றேழு நாட்கள் ஆகும் .,range
620.304,அறுநூற்று இருபது புள்ளி மூன்று பூஜ்யம் நான்கு,decimal
அவர் -865 என்றார்.,அவர் மைனஸ் எண்ணூற்று அறுபத்தைந்து என்றார் .,cardinal
14:48 என்று எழுதப்பட்டுள்ளது.,பதினான்கு மணி நாற்பத்தெட்டு நிமிடம் என்று எழுதப்பட்டுள்ளது .,time
நான் 76வது நபராக வந்தேன்.,நான் எழுபத்தாறாவது நபராக வந்தேன் .,ordinal
அவன் 3 7/13 பங்கு சாப்பிட்டான்.,அவன் மூன்று மற்றும் பதிமூன்றில் ஏழு பங்கு சாப்பிட்டான் .,fraction
கூட்டம் 23-10-2097 அன்று 19:38 தொடங்கும்.,கூட்டம் இருபத்துமூன்று அக்டோபர் இரண்டாயிரத்து தொண்ணூற்றேழு அன்று பத்தொன்பது மணி முப்பத்தெட்டு நிமிடம் தொடங்கும் .,mixed
கடிதத்தில் 8 3/5 இருந்தது.,கடிதத்தில் எட்டு மற்றும் ஐந்தில் மூன்று இருந்தது .,fraction
9529ஆம்,ஒன்பதாயிரத்து ஐந்நூற்று இருபத்தொன்பதாம்,ordinal
செய்தியில் ¥69264 என்று வந்தது.,செய்தியில் அறுபத்தொன்பது ஆயிரம் இருநூற்று அறுபத்துநான்கு யென் என்று வந்தது .,money
+971 8887038449,பிளஸ் ஒன்பது ஏழு ஒன்று எட்டு எட்டு எட்டு ஏழு பூஜ்யம் மூன்று எட்டு நான்கு நான்கு ஒன்பது,telephone
கடிதத்தில் 09:43 மணிக்கு இருந்தது.,கடிதத்தில் ஒன்பது மணி நாற்பத்துமூன்று நிமிடம் இருந்தது .,time
2 செ.மீ.,இரண்டு சென்டிமீட்டர்,measure
தினமும் 31.29 ha ஓடுகிறேன்.,தினமும் முப்பத்தொன்று புள்ளி இரண்டு ஒன்பது ஹெக்டேர் ஓடுகிறேன் .,measure
அளவு 141.636 ஆக உள்ளது.,அளவு நூற்று நாற்பத்தொன்று புள்ளி ஆறு மூன்று ஆறு ஆக உள்ளது .,decimal
2020-02-10,இரண்டாயிரத்து இருபது பிப்ரவரி பத்து,date
பரிசுத் தொகை ₹11/-.,பரிசுத் தொகை பதினொன்று ரூபாய் .,money
+447946821052,பிளஸ் நான்கு நான்கு ஏழு ஒன்பது நான்கு ஆறு எட்டு இரண்டு ஒன்று பூஜ்யம் ஐந்து இரண்டு,telephone
8889,எட்டாயிரத்து எண்ணூற்று எண்பத்தொன்பது,cardinal
வகுப்பு 06:56:18 முடியும்.,வகுப்பு ஆறு மணி ஐம்பத்தாறு நிமிடம் பதினெட்டு வினாடி முடியும் .,time
21-03-2088,இருபத்தொன்று மார்ச் இரண்டாயிரத்து எண்பத்தெட்டு,date
5/11 சரியானது.,பதினொன்றில் ஐந்து சரியானது .,fraction
நிலப்பரப்பு 3154 sec ஆகும்.,நிலப்பரப்பு மூன்றாயிரத்து நூற்றைம்பத்து நான்கு வினாடி ஆகும் .,measure
கடைசி தேதி 14-12-2074.,கடைசி தேதி பதினான்கு டிசம்பர் இரண்டாயிரத்து எழுபத்துநான்கு .,date
"இன்று 95,92,04,811 பேர் வருகை தந்தனர்.",இன்று தொண்ணூற்றைந்து கோடி தொண்ணூற்றிரண்டு இலட்சம் நான்காயிரத்து எண்ணூற்றுப்பதினொன்று பேர் வருகை தந்தனர் .,cardinal
54873.5 பற்றி பேசினோம்.,ஐம்பத்துநான்கு ஆயிரம் எண்ணூற்று எழுபத்துமூன்று புள்ளி ஐந்து பற்றி பேசினோம் .,decimal
"அந்த நிலம் € 4,99,17,090.69 விலை போனது.",அந்த நிலம் நான்கு கோடி தொண்ணூற்றொன்பது இலட்சம் பதினேழு ஆயிரம் தொண்ணூறு யூரோ அறுபத்தொன்பது சென்ட் விலை போனது .,money
"35,03,33,910 நாட்கள் ஆயிற்று.",முப்பத்தைந்து கோடி மூன்று இலட்சம் முப்பத்துமூன்று ஆயிரம் தொள்ளாயிரத்து பத்து நாட்கள் ஆயிற்று .,cardinal
04/08/2048 என்று எழுதப்பட்டுள்ளது.,நான்கு ஆகஸ்ட் இரண்டாயிரத்து நாற்பத்தெட்டு என்று எழுதப்பட்டுள்ளது .,date
இதில் 01:32 குறிப்பிடப்பட்டுள்ளது.,இதில் ஒரு மணி முப்பத்திரண்டு நிமிடம் குறிப்பிடப்பட்டுள்ளது .,time
செய்தியில் 8.935 என்று வந்தது.,செய்தியில் எட்டு புள்ளி ஒன்பது மூன்று ஐந்து என்று வந்தது .,decimal
"¥ 5,32,22,946",ஐந்து கோடி முப்பத்திரண்டு இலட்சம் இருபத்திரண்டு ஆயிரம் தொள்ளாயிரத்து நாற்பத்தாறு யென்,money
செய்தியில் 22/70 என்று வந்தது.,செய்தியில் எழுபதில் இருபத்திரண்டு என்று வந்தது .,fraction
"அவர் ரூ.1,06,48,780 செலுத்தினார்.",அவர் ஒரு கோடி ஆறு இலட்சம் நாற்பத்தெட்டு ஆயிரம் எழுநூற்று எண்பது ரூபாய் செலுத்தினார் .~அவர் ஒரு கோடி ஆறு இலட்சம் நாற்பத்தெட்டு ஆயிரம் எழுநூற்றெண்பது ரூபாய் செலுத்தினார் .,money
1452 mi,ஆயிரத்து நானூற்று ஐம்பத்திரண்டு மைல்,measure
கடிதத்தில் 527₹ இருந்தது.,கடிதத்தில் ஐந்நூற்று இருபத்தேழு ரூபாய் இருந்தது .,money
₹50.2 சரியானது.,ஐம்பது ரூபாய் இருபது பைசா சரியானது .,money
4/19,பத்தொன்பதில் நான்கு,fraction
உதவி எண் 7907692510 என அறிவித்தனர்.,உதவி எண் ஏழு ஒன்பது பூஜ்யம் ஏழு ஆறு ஒன்பது இரண்டு ஐந்து ஒன்று பூஜ்யம் என அறிவித்தனர் .,telephone
Rs 83,எண்பத்துமூன்று ரூபாய்,money
அலுவலகம் 12:00 மணிக்கு திறக்கும்.,அலுவலகம் பன்னிரண்டு மணி திறக்கும் .,time
5.999 சரியானது.,ஐந்து புள்ளி ஒன்பது ஒன்பது ஒன்பது சரியானது .,decimal
"பள்ளியில் ௫௩,௭௯,௧௯,௮௨௮ ஆசிரியர்கள் உள்ளனர்.",பள்ளியில் ஐம்பத்துமூன்று கோடி எழுபத்தொன்பது இலட்சம் பத்தொன்பது ஆயிரம் எண்ணூற்று இருபத்தெட்டு ஆசிரியர்கள் உள்ளனர் .,cardinal
நிகழ்ச்சி 8:04 மணிக்கு ஒளிபரப்பாகும்.,நிகழ்ச்சி எட்டு மணி நான்கு நிமிடம் ஒளிபரப்பாகும் .,time
செய்தியில் 07-08-2089 என்று வந்தது.,செய்தியில் ஏழு ஆகஸ்ட் இரண்டாயிரத்து எண்பத்தொன்பது என்று வந்தது .,date
519.711,ஐந்நூற்றுப்பத்தொன்பது புள்ளி ஏழு ஒன்று ஒன்று,decimal
சராசரி 83.009 ஆகும்.,சராசரி எண்பத்துமூன்று புள்ளி பூஜ்யம் பூஜ்யம் ஒன்பது ஆகும் .,decimal
813வது என்று எழுதப்பட்டுள்ளது.,எண்ணூற்றுப்பதிமூன்றாவது என்று எழுதப்பட்டுள்ளது .,ordinal
பள்ளியில் 4 ஆசிரியர்கள் உள்ளனர்.,பள்ளியில் நான்கு ஆசிரியர்கள் உள்ளனர் .,cardinal
16-12-1910 சரியானது.,பதினாறு டிசம்பர் ஆயிரத்து தொள்ளாயிரத்து பத்து சரியானது .,date
இன்றைய விலை 5.492 ஆக உயர்ந்தது.,இன்றைய விலை ஐந்து புள்ளி நான்கு ஒன்பது இரண்டு ஆக உயர்ந்தது .,decimal
"Rs.8,85,80,168 கடன் வாங்கினேன்.",எட்டு கோடி எண்பத்தைந்து இலட்சம் எண்பது ஆயிரம் நூற்றறுபத்து எட்டு ரூபாய் கடன் வாங்கினேன் .,money
24ஆவது,இருபத்துநான்காவது,ordinal
இதில் 111 குறிப்பிடப்பட்டுள்ளது.,இதில் நூற்றுப்பதினொன்று குறிப்பிடப்பட்டுள்ளது .,cardinal
எனக்கு 2506659 வயது.,எனக்கு இருபத்தைந்து இலட்சம் ஆறாயிரத்து அறுநூற்று ஐம்பத்தொன்பது வயது .,cardinal
14/09/1914,பதினான்கு செப்டம்பர் ஆயிரத்து தொள்ளாயிரத்து பதினான்கு,date
இதன் மதிப்பு 1.491 தான்.,இதன் மதிப்பு ஒன்று புள்ளி நான்கு ஒன்பது ஒன்று தான் .,decimal
கடிதத்தில் 831.219 இருந்தது.,கடிதத்தில் எண்ணூற்று முப்பத்தொன்று புள்ளி இரண்டு ஒன்று ஒன்பது இருந்தது .,decimal
691-759 பக்கங்கள் படிக்கவும்.,அறுநூற்றுத்தொண்ணூற்றொன்று முதல் எழுநூற்று ஐம்பத்தொன்பது பக்கங்கள் படிக்கவும் .,range
41.97 மி.மீ. என்று எழுதப்பட்டுள்ளது.,நாற்பத்தொன்று புள்ளி ஒன்பது ஏழு மில்லிமீட்டர் என்று எழுதப்பட்டுள்ளது .,measure
தேர்வு 29-09-2166 தேதியில் தொடங்கும்.,தேர்வு இருபத்தொன்பது செப்டம்பர் இரண்டாயிரத்து நூற்றறுபத்து ஆறு தேதியில் தொடங்கும் .,date
"ரூ7,73,24,403 என்பதை நினைவில் கொள்ளுங்கள்.",ஏழு கோடி எழுபத்துமூன்று இலட்சம் இருபத்துநான்கு ஆயிரம் நானூற்று மூன்று ரூபாய் என்பதை நினைவில் கொள்ளுங்கள் .,money
அவர் 9126 என்றார்.,அவர் ஒன்பதாயிரத்து நூற்று இருபத்தாறு என்றார் .,cardinal
92%,தொண்ணூற்றிரண்டு சதவீதம்,whitelist
23-06-1968,இருபத்துமூன்று ஜூன் ஆயிரத்து தொள்ளாயிரத்து அறுபத்தெட்டு,date
2021-12-21,இரண்டாயிரத்து இருபத்தொன்று டிசம்பர் இருபத்தொன்று,date
9ஆம் நூற்றாண்டு இலக்கியம்.,ஒன்பதாம் நூற்றாண்டு இலக்கியம் .,ordinal
6142இல் நாட்கள் ஆயிற்று.,ஆறாயிரத்து நூற்று நாற்பத்திரண்டில் நாட்கள் ஆயிற்று .,cardinal
£ 2058.95,இரண்டாயிரத்து ஐம்பத்தெட்டு பவுண்ட் தொண்ணூற்றைந்து பென்ஸ்,money
4ஆம் என்று எழுதப்பட்டுள்ளது.,நான்காம் என்று எழுதப்பட்டுள்ளது .,ordinal
10:30:00,பத்து மணி முப்பது நிமிடம்,time
3428,மூன்றாயிரத்து நானூற்று இருபத்தெட்டு,cardinal
பிறந்த நாள் 20-03-1965.,பிறந்த நாள் இருபது மார்ச் ஆயிரத்து தொள்ளாயிரத்து அறுபத்தைந்து .,date
13-04-1968,பதிமூன்று ஏப்ரல் ஆயிரத்து தொள்ளாயிரத்து அறுபத்தெட்டு,date
12/20 சரியானது.,இருபதில் பன்னிரண்டு சரியானது .,fraction
5303.2ரூ சரியானது.,ஐந்தாயிரத்து முந்நூற்று மூன்று ரூபாய் இருபது பைசா சரியானது .,money
02-24-1970,பிப்ரவரி இருபத்துநான்கு ஆயிரத்து தொள்ளாயிரத்து எழுபது,date
751094,ஏழு இலட்சம் ஐம்பத்தொன்று ஆயிரம் தொண்ணூற்றுநான்கு,cardinal
8 4/7 பங்கு அதாவது 32km மட்டும் மீதம்.,எட்டு மற்றும் ஏழில் நான்கு பங்கு அதாவது முப்பத்திரண்டு கிலோமீட்டர் மட்டும் மீதம் .,mixed
8422564051,எட்டு நான்கு இரண்டு இரண்டு ஐந்து ஆறு நான்கு பூஜ்யம் ஐந்து ஒன்று,cardinal
1581-2119 வயது குழந்தைகள் வரலாம்.,ஆயிரத்து ஐந்நூற்று எண்பத்தொன்று முதல் இரண்டாயிரத்து நூற்றுப்பத்தொன்பது வயது குழந்தைகள் வரலாம் .,range
௩௦௪௨ல்,மூன்றாயிரத்து நாற்பத்திரண்டில்,cardinal
2:24,இரண்டு மணி இருபத்துநான்கு நிமிடம்,time
4.4,நான்கு புள்ளி நான்கு,decimal
25/40 பற்றி பேசினோம்.,நாற்பதில் இருபத்தைந்து பற்றி பேசினோம் .,fraction
44,நாற்பத்துநான்கு,cardinal
கடிதத்தில் 1/80 இருந்தது.,கடிதத்தில் எண்பதில் ஒன்று இருந்தது .,fraction
12:22,பன்னிரண்டு மணி இருபத்திரண்டு நிமிடம்,time
£ 0.59,ஐம்பத்தொன்பது பென்ஸ்,money
"மொத்த மதிப்பெண் 841,007.",மொத்த மதிப்பெண் எட்டு இலட்சம் நாற்பத்தொன்று ஆயிரம் ஏழு .,cardinal
7976797445,ஏழு ஒன்பது ஏழு ஆறு ஏழு ஒன்பது ஏழு நான்கு நான்கு ஐந்து,telephone
2kW,இரண்டு கிலோவாட்,measure
23:11,இருபத்துமூன்று மணி பதினொன்று நிமிடம்,time
நேரம் 13:00 மணிக்கு ஆகிவிட்டது.,நேரம் பதிமூன்று மணி ஆகிவிட்டது .,time
2819-01-24,இரண்டாயிரத்து எண்ணூற்றுப்பத்தொன்பது ஜனவரி இருபத்துநான்கு,date
நேற்று நண்பரை சந்தித்தேன்.,நேற்று நண்பரை சந்தித்தேன் .,word
செய்தியில் ₹0.83 என்று வந்தது.,செய்தியில் எண்பத்துமூன்று பைசா என்று வந்தது .,money
9605ஆம் பரிசு ₹236.37 ஆகும்.,ஒன்பதாயிரத்து அறுநூற்று ஐந்தாம் பரிசு இருநூற்று முப்பத்தாறு ரூபாய் முப்பத்தேழு பைசா ஆகும் .,mixed
$2762,இரண்டாயிரத்து எழுநூற்று அறுபத்திரண்டு டாலர்,money
8534859946 என்ற எண்ணை 12:18:50 அழைக்கவும்.,எட்டு ஐந்து மூன்று நான்கு எட்டு ஐந்து ஒன்பது ஒன்பது நான்கு ஆறு என்ற எண்ணை பன்னிரண்டு மணி பதினெட்டு நிமிடம் ஐம்பது வினாடி அழைக்கவும் .,mixed
11-16-1922 சரியானது.,நவம்பர் பதினாறு ஆயிரத்து தொள்ளாயிரத்து இருபத்திரண்டு சரியானது .,date
21780.84,இருபத்தொன்று ஆயிரம் எழுநூற்று எண்பது புள்ளி எட்டு நான்கு~இருபத்தொன்று ஆயிரம் எழுநூற்றெண்பது புள்ளி எட்டு நான்கு,decimal
503.27,ஐந்நூற்று மூன்று புள்ளி இரண்டு ஏழு,decimal
702வது அத்தியாயம் படிக்கவும்.,எழுநூற்று இரண்டாவது அத்தியாயம் படிக்கவும் .,ordinal
571,ஐந்நூற்று எழுபத்தொன்று,cardinal
43இல்,நாற்பத்துமூன்றில்,cardinal
இது அவரது 5வது புத்தகம்.,இது அவரது ஐந்தாவது புத்தகம் .,ordinal
கடிதத்தில் 10-11-1998 இருந்தது.,கடிதத்தில் பத்து நவம்பர் ஆயிரத்து தொள்ளாயிரத்து தொண்ணூற்றெட்டு இருந்தது .,date
சராசரி 4.229 என்பது -16 மாணவர்களின் கணக்கு.,சராசரி நான்கு புள்ளி இரண்டு இரண்டு ஒன்பது என்பது மைனஸ் பதினாறு மாணவர்களின் கணக்கு .,mixed
463-469 சரியானது.,நானூற்று அறுபத்துமூன்று முதல் நானூற்று அறுபத்தொன்பது சரியானது .,range
"98,93,33,143 என்று எழுதப்பட்டுள்ளது.",தொண்ணூற்றெட்டு கோடி தொண்ணூற்றுமூன்று இலட்சம் முப்பத்துமூன்று ஆயிரம் நூற்று நாற்பத்துமூன்று என்று எழுதப்பட்டுள்ளது .,cardinal
41679 என்பதை நினைவில் கொள்ளுங்கள்.,நாற்பத்தொன்று ஆயிரம் அறுநூற்று எழுபத்தொன்பது என்பதை நினைவில் கொள்ளுங்கள் .,cardinal
823607255,எண்பத்திரண்டு கோடி முப்பத்தாறு இலட்சம் ஏழாயிரத்து இருநூற்று ஐம்பத்தைந்து,cardinal
இதன் மதிப்பு -45089.956 தான்.,இதன் மதிப்பு மைனஸ் நாற்பத்தைந்து ஆயிரம் எண்பத்தொன்பது புள்ளி ஒன்பது ஐந்து ஆறு தான் .,decimal
பதிவு தேதி 12-03-1926 ஆகும்.,பதிவு தேதி பன்னிரண்டு மார்ச் ஆயிரத்து தொள்ளாயிரத்து இருபத்தாறு ஆகும் .,date
81 km,எண்பத்தொன்று கிலோமீட்டர்,measure
"அவர் 52,77,32,435 என்றார்.",அவர் ஐம்பத்திரண்டு கோடி எழுபத்தேழு இலட்சம் முப்பத்திரண்டு ஆயிரம் நானூற்று முப்பத்தைந்து என்றார் .,cardinal
1949-02-19,ஆயிரத்து தொள்ளாயிரத்து நாற்பத்தொன்பது பிப்ரவரி பத்தொன்பது,date
1ஆவது,முதலாவது,ordinal
தூரம் 4lb ஆகும்.,தூரம் நான்கு பவுண்டு ஆகும் .,measure
88 % என்பதை நினைவில் கொள்ளுங்கள்.,எண்பத்தெட்டு சதவீதம் என்பதை நினைவில் கொள்ளுங்கள் .,whitelist
அவர் 2063-06-21 அன்று பிறந்தார்.,அவர் இரண்டாயிரத்து அறுபத்துமூன்று ஜூன் இருபத்தொன்று அன்று பிறந்தார் .,date
789 பற்றி பேசினோம்.,எழுநூற்று எண்பத்தொன்பது பற்றி பேசினோம் .,cardinal
6775754935 சரியானது.,ஆறு ஏழு ஏழு ஐந்து ஏழு ஐந்து நான்கு ஒன்பது மூன்று ஐந்து சரியானது .,telephone
தயவுசெய்து அமைதியாக இருங்கள்.,தயவுசெய்து அமைதியாக இருங்கள் .,word
$9191.15,ஒன்பதாயிரத்து நூற்றுத்தொண்ணூற்றொன்று டாலர் பதினைந்து சென்ட்,money
"34,71,380 ரூ சரியானது.",முப்பத்துநான்கு இலட்சம் எழுபத்தொன்று ஆயிரம் முந்நூற்று எண்பது ரூபாய் சரியானது .~முப்பத்துநான்கு இலட்சம் எழுபத்தொன்று ஆயிரம் முந்நூற்றெண்பது ரூபாய் சரியானது .,money
அந்த நிறுவனத்தில் 290823467933 ஊழியர்கள் பணிபுரிகின்றனர்.,அந்த நிறுவனத்தில் இரண்டு ஒன்பது பூஜ்யம் எட்டு இரண்டு மூன்று நான்கு ஆறு ஏழு ஒன்பது மூன்று மூன்று ஊழியர்கள் பணிபுரிகின்றனர் .,cardinal
"மொத்தம் 64,56,88,253 மாணவர்கள் உள்ளனர்.",மொத்தம் அறுபத்துநான்கு கோடி ஐம்பத்தாறு இலட்சம் எண்பத்தெட்டு ஆயிரம் இருநூற்று ஐம்பத்துமூன்று மாணவர்கள் உள்ளனர் .,cardinal
38196120,மூன்று கோடி எண்பத்தொன்று இலட்சம் தொண்ணூற்றாறு ஆயிரம் நூற்று இருபது,cardinal
எனக்கு 7283 வயது.,எனக்கு ஏழாயிரத்து இருநூற்று எண்பத்துமூன்று வயது .,cardinal
அவர் 98301.33 என்றார்.,அவர் தொண்ணூற்றெட்டு ஆயிரம் முந்நூற்று ஒன்று புள்ளி மூன்று மூன்று என்றார் .,decimal
வண்டி எண் ௯௬௧ ஆகும்.,வண்டி எண் தொள்ளாயிரத்து அறுபத்தொன்று ஆகும் .,cardinal
47876.1,நாற்பத்தேழு ஆயிரம் எண்ணூற்று எழுபத்தாறு புள்ளி ஒன்று,decimal
4/9,ஒன்பதில் நான்கு,fraction
இதில் 4090951 குறிப்பிடப்பட்டுள்ளது.,இதில் நாற்பது இலட்சம் தொண்ணூறு ஆயிரம் தொள்ளாயிரத்து ஐம்பத்தொன்று குறிப்பிடப்பட்டுள்ளது .,cardinal
+91 7958227240 என்ற எண்ணை 12:00 அழைக்கவும்.,பிளஸ் ஒன்பது ஒன்று ஏழு ஒன்பது ஐந்து எட்டு இரண்டு இரண்டு ஏழு இரண்டு நான்கு பூஜ்யம் என்ற எண்ணை பன்னிரண்டு மணி அழைக்கவும் .,mixed
-24915 நாட்கள் ஆயிற்று.,மைனஸ் இருபத்துநான்கு ஆயிரம் தொள்ளாயிரத்து பதினைந்து நாட்கள் ஆயிற்று .,cardinal
"மொத்த மதிப்பெண் 76,32,22,579.",மொத்த மதிப்பெண் எழுபத்தாறு கோடி முப்பத்திரண்டு இலட்சம் இருபத்திரண்டு ஆயிரம் ஐந்நூற்று எழுபத்தொன்பது .,cardinal
87 கி.மீ,எண்பத்தேழு கிலோமீட்டர்,measure
௩௦,முப்பது,cardinal
54 km,ஐம்பத்துநான்கு கிலோமீட்டர்,measure
இதில் 9840 குறிப்பிடப்பட்டுள்ளது.,இதில் ஒன்பதாயிரத்து எண்ணூற்று நாற்பது குறிப்பிடப்பட்டுள்ளது .,cardinal
1598-2026 கிலோ எடை வேண்டும்.,ஆயிரத்து ஐந்நூற்றுத்தொண்ணூற்றெட்டு முதல் இரண்டாயிரத்து இருபத்தாறு கிலோ எடை வேண்டும் .,range
பேருந்து கட்டணம் £ 8375 ஆகும்.,பேருந்து கட்டணம் எட்டாயிரத்து முந்நூற்று எழுபத்தைந்து பவுண்ட் ஆகும் .,money
₹4962.1,நான்காயிரத்து தொள்ளாயிரத்து அறுபத்திரண்டு ரூபாய் பத்து பைசா,money
புகார் எண் 0046-230632 ஆகும்.,புகார் எண் பூஜ்யம் பூஜ்யம் நான்கு ஆறு இரண்டு மூன்று பூஜ்யம் ஆறு மூன்று இரண்டு ஆகும் .,telephone
மா. ராமன் என்று எழுதப்பட்டுள்ளது.,மாஸ்டர் ராமன் என்று எழுதப்பட்டுள்ளது .,whitelist
புகார் எண் 06-79277875 ஆகும்.,புகார் எண் பூஜ்யம் ஆறு ஏழு ஒன்பது இரண்டு ஏழு ஏழு எட்டு ஏழு ஐந்து ஆகும் .,telephone
இதன் மதிப்பு 701.0 தான்.,இதன் மதிப்பு எழுநூற்று ஒன்று புள்ளி பூஜ்யம் தான் .,decimal
90ல்,தொண்ணூறில்,cardinal
92,தொண்ணூற்றிரண்டு,cardinal
1654-2963 பேருக்கு Rs.43 /- செலவு ஆகும்.,ஆயிரத்து அறுநூற்று ஐம்பத்துநான்கு முதல் இரண்டாயிரத்து தொள்ளாயிரத்து அறுபத்துமூன்று பேருக்கு நாற்பத்துமூன்று ரூபாய் செலவு ஆகும் .,mixed
4.50 oz,நான்கு புள்ளி ஐந்து பூஜ்யம் அவுன்ஸ்,measure
அவள் உயரம் 4.48 லி. ஆகும்.,அவள் உயரம் நான்கு புள்ளி நான்கு எட்டு லிட்டர் ஆகும் .,measure
செய்தியில் ௫௯௮௩MW என்று வந்தது.,செய்தியில் ஐந்தாயிரத்து தொள்ளாயிரத்து எண்பத்துமூன்று மெகாவாட் என்று வந்தது .,measure
₹20,இருபது ரூபாய்,money
அளவு 81195.27 ஆக உள்ளது.,அளவு எண்பத்தொன்று ஆயிரம் நூற்றுத்தொண்ணூற்றைந்து புள்ளி இரண்டு ஏழு ஆக உள்ளது .,decimal
16:00:12,பதினாறு மணி பன்னிரண்டு வினாடி,time
அந்த நிறுவனத்தில் 978771202480 ஊழியர்கள் பணிபுரிகின்றனர்.,அந்த நிறுவனத்தில் ஒன்பது ஏழு எட்டு ஏழு ஏழு ஒன்று இரண்டு பூஜ்யம் இரண்டு நான்கு எட்டு பூஜ்யம் ஊழியர்கள் பணிபுரிகின்றனர் .,cardinal
இந்த சட்டை £22.95 ஆகும்.,இந்த சட்டை இருபத்திரண்டு பவுண்ட் தொண்ணூற்றைந்து பென்ஸ் ஆகும் .,money
8 yr பால் வாங்கினேன்.,எட்டு ஆண்டு பால் வாங்கினேன் .,measure
இதில் 1926 குறிப்பிடப்பட்டுள்ளது.,இதில் ஆயிரத்து தொள்ளாயிரத்து இருபத்தாறு குறிப்பிடப்பட்டுள்ளது .,cardinal
இதில் 3 min குறிப்பிடப்பட்டுள்ளது.,இதில் மூன்று நிமிடம் குறிப்பிடப்பட்டுள்ளது .,measure
94485324499,ஒன்பது நான்கு நான்கு எட்டு ஐந்து மூன்று இரண்டு நான்கு நான்கு ஒன்பது ஒன்பது,cardinal
ரூ1610,ஆயிரத்து அறுநூற்றுப்பத்து ரூபாய்,money
4996,நான்காயிரத்து தொள்ளாயிரத்து தொண்ணூற்றாறு,cardinal
"23,17,88,467 என்பதை நினைவில் கொள்ளுங்கள்.",இருபத்துமூன்று கோடி பதினேழு இலட்சம் எண்பத்தெட்டு ஆயிரம் நானூற்று அறுபத்தேழு என்பதை நினைவில் கொள்ளுங்கள் .,cardinal
68ல்,அறுபத்தெட்டில்,cardinal
அந்த ஊரில் 1607648709 வீடுகள் உள்ளன.,அந்த ஊரில் ஒன்று ஆறு பூஜ்யம் ஏழு ஆறு நான்கு எட்டு ஏழு பூஜ்யம் ஒன்பது வீடுகள் உள்ளன .,cardinal
1000ல் என்று எழுதப்பட்டுள்ளது.,ஆயிரத்தில் என்று எழுதப்பட்டுள்ளது .,cardinal
மொத்த மதிப்பெண் 93630.,மொத்த மதிப்பெண் தொண்ணூற்றுமூன்று ஆயிரம் அறுநூற்று முப்பது .,cardinal
15:05:38,பதினைந்து மணி ஐந்து நிமிடம் முப்பத்தெட்டு வினாடி,time
3842436 கிலோ அரிசி வாங்கினேன்.,முப்பத்தெட்டு இலட்சம் நாற்பத்திரண்டு ஆயிரம் நானூற்று முப்பத்தாறு கிலோ அரிசி வாங்கினேன் .,cardinal
௧௨:௫௩,பன்னிரண்டு மணி ஐம்பத்துமூன்று நிமிடம்,time
06-08-1986,ஆறு ஆகஸ்ட் ஆயிரத்து தொள்ளாயிரத்து எண்பத்தாறு,date
77.5 %,எழுபத்தேழு புள்ளி ஐந்து சதவீதம்,whitelist
07-05-2079,ஏழு மே இரண்டாயிரத்து எழுபத்தொன்பது,date
அவர் 4333 ஓட்டங்கள் எடுத்தார்.,அவர் நான்காயிரத்து முந்நூற்று முப்பத்துமூன்று ஓட்டங்கள் எடுத்தார் .,cardinal
16:42:00 சரியானது.,பதினாறு மணி நாற்பத்திரண்டு நிமிடம் சரியானது .,time
கடிதத்தில் 10-07-2093 இருந்தது.,கடிதத்தில் பத்து ஜூலை இரண்டாயிரத்து தொண்ணூற்றுமூன்று இருந்தது .,date
3.61ft,மூன்று புள்ளி ஆறு ஒன்று அடி,measure
2107 ac,இரண்டாயிரத்து நூற்று ஏழு ஏக்கர்,measure
"87,28,629.79 ₹ அபராதம் விதிக்கப்பட்டது.",எண்பத்தேழு இலட்சம் இருபத்தெட்டு ஆயிரம் அறுநூற்று இருபத்தொன்பது ரூபாய் எழுபத்தொன்பது பைசா அபராதம் விதிக்கப்பட்டது .,money
06-13-1679,ஜூன் பதிமூன்று ஆயிரத்து அறுநூற்று எழுபத்தொன்பது,date
9785852307,ஒன்பது ஏழு எட்டு ஐந்து எட்டு ஐந்து இரண்டு மூன்று பூஜ்யம் ஏழு,telephone
28859.94,இருபத்தெட்டு ஆயிரம் எண்ணூற்று ஐம்பத்தொன்பது புள்ளி ஒன்பது நான்கு,decimal
கூட்டத்தில் 1380837 பேர் வந்தனர்.,கூட்டத்தில் பதிமூன்று இலட்சம் எண்பது ஆயிரம் எண்ணூற்று முப்பத்தேழு பேர் வந்தனர் .,cardinal
8261002568,எட்டு இரண்டு ஆறு ஒன்று பூஜ்யம் பூஜ்யம் இரண்டு ஐந்து ஆறு எட்டு,telephone
12 mi,பன்னிரண்டு மைல்,measure
311.216,முந்நூற்றுப்பதினொன்று புள்ளி இரண்டு ஒன்று ஆறு,decimal
6இல்,ஆறில்,cardinal
பள்ளியில் 5183 ஆசிரியர்கள் உள்ளனர்.,பள்ளியில் ஐந்தாயிரத்து நூற்றெண்பத்து மூன்று ஆசிரியர்கள் உள்ளனர் .,cardinal
பிறந்த நாள் 09-10-1253.,பிறந்த நாள் ஒன்பது அக்டோபர் ஆயிரத்து இருநூற்று ஐம்பத்துமூன்று .,date
நிலப்பரப்பு ௩௯௨௮GB ஆகும்.,நிலப்பரப்பு மூன்றாயிரத்து தொள்ளாயிரத்து இருபத்தெட்டு கிகாபைட் ஆகும் .,measure
இப்போது மணி 15:51.,இப்போது மணி பதினைந்து மணி ஐம்பத்தொன்று நிமிடம் .,time
13:34:32,பதிமூன்று மணி முப்பத்துநான்கு நிமிடம் முப்பத்திரண்டு வினாடி,time
தேர்வு ௦௨-௨௭-௧௯௮௬ தேதியில் தொடங்கும்.,தேர்வு பிப்ரவரி இருபத்தேழு ஆயிரத்து தொள்ளாயிரத்து எண்பத்தாறு தேதியில் தொடங்கும் .,date
அவன் 5/18 பங்கு சாப்பிட்டான்.,அவன் பதினெட்டில் ஐந்து பங்கு சாப்பிட்டான் .,fraction
29,இருபத்தொன்பது,cardinal
70/90,தொண்ணூறில் எழுபது,fraction
"௬௮,௮௭,௯௧,௭௮௩",அறுபத்தெட்டு கோடி எண்பத்தேழு இலட்சம் தொண்ணூற்றொன்று ஆயிரம் எழுநூற்று எண்பத்துமூன்று,cardinal
இன்று 416500231 பேர் வருகை தந்தனர்.,இன்று நாற்பத்தொன்று கோடி அறுபத்தைந்து இலட்சம் இருநூற்று முப்பத்தொன்று பேர் வருகை தந்தனர் .,cardinal
அவர் 6241401483 என்றார்.,அவர் ஆறு இரண்டு நான்கு ஒன்று நான்கு பூஜ்யம் ஒன்று நான்கு எட்டு மூன்று என்றார் .,telephone
2989,இரண்டாயிரத்து தொள்ளாயிரத்து எண்பத்தொன்பது,cardinal
62-98,அறுபத்திரண்டு முதல் தொண்ணூற்றெட்டு,range
கடைசி தேதி 01-05-2041.,கடைசி தேதி ஒன்று மே இரண்டாயிரத்து நாற்பத்தொன்று .,date
9.634,ஒன்பது புள்ளி ஆறு மூன்று நான்கு,decimal
நாள் 07-16-1923 என்று குறிக்கப்பட்டுள்ளது.,நாள் ஜூலை பதினாறு ஆயிரத்து தொள்ளாயிரத்து இருபத்துமூன்று என்று குறிக்கப்பட்டுள்ளது .,date
910ஆம்,தொள்ளாயிரத்து பத்தாம்,ordinal
€526,ஐந்நூற்று இருபத்தாறு யூரோ,money
இன்று 457877832 பேர் வருகை தந்தனர்.,இன்று நாற்பத்தைந்து கோடி எழுபத்தெட்டு இலட்சம் எழுபத்தேழு ஆயிரம் எண்ணூற்று முப்பத்திரண்டு பேர் வருகை தந்தனர் .,cardinal
செய்தியில் 79 என்று வந்தது.,செய்தியில் எழுபத்தொன்பது என்று வந்தது .,cardinal
2/11,பதினொன்றில் இரண்டு,fraction
செய்தியில் ௬.௩௧௩ கோடி என்று வந்தது.,செய்தியில் ஆறு புள்ளி மூன்று ஒன்று மூன்று கோடி என்று வந்தது .,decimal
ரயில் 20:05 மணிக்கு புறப்படும்.,ரயில் இருபது மணி ஐந்து நிமிடம் புறப்படும் .,time
2394,இரண்டாயிரத்து முந்நூற்றுத்தொண்ணூற்றுநான்கு,cardinal
22:39:57 மணிக்கு,இருபத்திரண்டு மணி முப்பத்தொன்பது நிமிடம் ஐம்பத்தேழு வினாடி,time
3728இல் மாணவர்கள் 04:44 வந்தனர்.,மூன்றாயிரத்து எழுநூற்று இருபத்தெட்டில் மாணவர்கள் நான்கு மணி நாற்பத்துநான்கு நிமிடம் வந்தனர் .,mixed
"67வது பரிசு 8,65,20,147.18ரூ. ஆகும்.",அறுபத்தேழாவது பரிசு எட்டு கோடி அறுபத்தைந்து இலட்சம் இருபது ஆயிரம் நூற்று நாற்பத்தேழு ரூபாய் பதினெட்டு பைசா ஆகும் .,mixed
அவர் 52/60 என்றார்.,அவர் அறுபதில் ஐம்பத்திரண்டு என்றார் .,fraction
இந்த மூட்டை 2086.85 GB எடை உள்ளது.,இந்த மூட்டை இரண்டாயிரத்து எண்பத்தாறு புள்ளி எட்டு ஐந்து கிகாபைட் எடை உள்ளது .,measure
+91 9815952956,பிளஸ் ஒன்பது ஒன்று ஒன்பது எட்டு ஒன்று ஐந்து ஒன்பது ஐந்து இரண்டு ஒன்பது ஐந்து ஆறு,telephone
6 சரியானது.,ஆறு சரியானது .,cardinal
3 g,மூன்று கிராம்,measure
"௨௮,௪௫,௫௭,௫௪௨",இருபத்தெட்டு கோடி நாற்பத்தைந்து இலட்சம் ஐம்பத்தேழு ஆயிரம் ஐந்நூற்று நாற்பத்திரண்டு,cardinal
2796,இரண்டாயிரத்து எழுநூற்றுத்தொண்ணூற்றாறு,cardinal
"மொத்தம் 611,378 மாணவர்கள் உள்ளனர்.",மொத்தம் ஆறு இலட்சம் பதினொன்று ஆயிரம் முந்நூற்று எழுபத்தெட்டு மாணவர்கள் உள்ளனர் .,cardinal
வளர்ச்சி விகிதம் 241.86 ஆக இருந்தது.,வளர்ச்சி விகிதம் இருநூற்று நாற்பத்தொன்று புள்ளி எட்டு ஆறு ஆக இருந்தது .,decimal
76 என்பதை நினைவில் கொள்ளுங்கள்.,எழுபத்தாறு என்பதை நினைவில் கொள்ளுங்கள் .,cardinal
கடிதத்தில் 4866.31 oz இருந்தது.,கடிதத்தில் நான்காயிரத்து எண்ணூற்று அறுபத்தாறு புள்ளி மூன்று ஒன்று அவுன்ஸ் இருந்தது .,measure
௧௬:௩௮,பதினாறு மணி முப்பத்தெட்டு நிமிடம்,time
781,எழுநூற்று எண்பத்தொன்று,cardinal
"பள்ளியில் 79,65,32,387 ஆசிரியர்கள் உள்ளனர்.",பள்ளியில் எழுபத்தொன்பது கோடி அறுபத்தைந்து இலட்சம் முப்பத்திரண்டு ஆயிரம் முந்நூற்று எண்பத்தேழு ஆசிரியர்கள் உள்ளனர் .,cardinal
5467வது சரியானது.,ஐந்தாயிரத்து நானூற்று அறுபத்தேழாவது சரியானது .,ordinal
975 கிலோ அரிசி வாங்கினேன்.,தொள்ளாயிரத்து எழுபத்தைந்து கிலோ அரிசி வாங்கினேன் .,cardinal
இதில் 9.909 குறிப்பிடப்பட்டுள்ளது.,இதில் ஒன்பது புள்ளி ஒன்பது பூஜ்யம் ஒன்பது குறிப்பிடப்பட்டுள்ளது .,decimal
"3,46,64,593",மூன்று கோடி நாற்பத்தாறு இலட்சம் அறுபத்துநான்கு ஆயிரம் ஐந்நூற்றுத்தொண்ணூற்றுமூன்று,cardinal
௪௪௫௩ரூ,நான்காயிரத்து நானூற்று ஐம்பத்துமூன்று ரூபாய்,money
79 மி.லி,எழுபத்தொன்பது மில்லிலிட்டர்,measure
எனக்கு 78020195702 வயது.,எனக்கு ஏழு எட்டு பூஜ்யம் இரண்டு பூஜ்யம் ஒன்று ஒன்பது ஐந்து ஏழு பூஜ்யம் இரண்டு வயது .,cardinal
79446.1,எழுபத்தொன்பது ஆயிரம் நானூற்று நாற்பத்தாறு புள்ளி ஒன்று,decimal
நேரம் 18:00 ஆகிவிட்டது.,நேரம் பதினெட்டு மணி ஆகிவிட்டது .,time
7×6=42,ஏழு பெருக்கல் ஆறு சமம் நாற்பத்திரண்டு,whitelist
இந்த நூலில் 2 பக்கங்கள் உள்ளன.,இந்த நூலில் இரண்டு பக்கங்கள் உள்ளன .,cardinal
லெ. பிரியா,லெப்டினன்ட் பிரியா,whitelist
விண்ணப்பம் 01-13-1892 அன்று அனுப்பப்பட்டது.,விண்ணப்பம் ஜனவரி பதிமூன்று ஆயிரத்து எண்ணூற்றுத்தொண்ணூற்றிரண்டு அன்று அனுப்பப்பட்டது .,date
85006.92,எண்பத்தைந்து ஆயிரம் ஆறு புள்ளி ஒன்பது இரண்டு,decimal
12:39:49,பன்னிரண்டு மணி முப்பத்தொன்பது நிமிடம் நாற்பத்தொன்பது வினாடி,time
1512-2119 பக்கங்கள் படிக்கவும்.,ஆயிரத்து ஐந்நூற்றுப்பன்னிரண்டு முதல் இரண்டாயிரத்து நூற்றுப்பத்தொன்பது பக்கங்கள் படிக்கவும் .,range
மொத்த மதிப்பெண் 65இல்.,மொத்த மதிப்பெண் அறுபத்தைந்தில் .,cardinal
13:00 சரியானது.,பதிமூன்று மணி சரியானது .,time
6065ரூ.,ஆறாயிரத்து அறுபத்தைந்து ரூபாய்,money
மொத்தம் 4324 மாணவர்கள் உள்ளனர்.,மொத்தம் நான்காயிரத்து முந்நூற்று இருபத்துநான்கு மாணவர்கள் உள்ளனர் .,cardinal
பெட்டியின் எடை 97 கி.மீ இருக்கும்.,பெட்டியின் எடை தொண்ணூற்றேழு கிலோமீட்டர் இருக்கும் .,measure
மாத சம்பளம் €22.17 தான்.,மாத சம்பளம் இருபத்திரண்டு யூரோ பதினேழு சென்ட் தான் .,money
அவர் ௦௭-௦௪-௨௬௩௨ என்றார்.,அவர் ஏழு ஏப்ரல் இரண்டாயிரத்து அறுநூற்று முப்பத்திரண்டு என்றார் .,date
19:00 மணிக்கு,பத்தொன்பது மணி,time
2605,இரண்டாயிரத்து அறுநூற்று ஐந்து,cardinal
விண்ணப்பம் 10-06-1928 அன்று அனுப்பப்பட்டது.,விண்ணப்பம் பத்து ஜூன் ஆயிரத்து தொள்ளாயிரத்து இருபத்தெட்டு அன்று அனுப்பப்பட்டது .,date
அந்த நிலம் 4066 ரூ விலை போனது.,அந்த நிலம் நான்காயிரத்து அறுபத்தாறு ரூபாய் விலை போனது .,money
செய்தியில் 1/3 என்று வந்தது.,செய்தியில் மூன்றில் ஒன்று என்று வந்தது .,fraction
29வது,இருபத்தொன்பதாவது,ordinal
2329987,இருபத்துமூன்று இலட்சம் இருபத்தொன்பது ஆயிரம் தொள்ளாயிரத்து எண்பத்தேழு,cardinal
வளர்ச்சி விகிதம் 814.4 ஆக இருந்தது.,வளர்ச்சி விகிதம் எண்ணூற்றுப்பதினான்கு புள்ளி நான்கு ஆக இருந்தது .,decimal
அளவு 2.39 ஆக உள்ளது.,அளவு இரண்டு புள்ளி மூன்று ஒன்பது ஆக உள்ளது .,decimal
௨௫ஆம்,இருபத்தைந்தாம்,ordinal
635-840 பேருக்கு ₹8430 செலவு ஆகும்.,அறுநூற்று முப்பத்தைந்து முதல் எண்ணூற்று நாற்பது பேருக்கு எட்டாயிரத்து நானூற்று முப்பது ரூபாய் செலவு ஆகும் .,mixed
அவர் 243-461 என்றார்.,அவர் இருநூற்று நாற்பத்துமூன்று முதல் நானூற்று அறுபத்தொன்று என்றார் .,range
அவர் ௮௨௬.௮ என்றார்.,அவர் எண்ணூற்று இருபத்தாறு புள்ளி எட்டு என்றார் .,decimal
3Hz,மூன்று ஹெர்ட்ஸ்,measure
29-06-2066,இருபத்தொன்பது ஜூன் இரண்டாயிரத்து அறுபத்தாறு,date
879842145₹ பற்றி பேசினோம்.,எண்பத்தேழு கோடி தொண்ணூற்றெட்டு இலட்சம் நாற்பத்திரண்டு ஆயிரம் நூற்று நாற்பத்தைந்து ரூபாய் பற்றி பேசினோம் .,money
€4290,நான்காயிரத்து இருநூற்றுத்தொண்ணூறு யூரோ,money
அவர் 367-546 என்றார்.,அவர் முந்நூற்று அறுபத்தேழு முதல் ஐந்நூற்று நாற்பத்தாறு என்றார் .,range
1430ஆவது அத்தியாயம் படிக்கவும்.,ஆயிரத்து நானூற்று முப்பதாவது அத்தியாயம் படிக்கவும் .,ordinal
நாளை மழை பெய்யும் என்று சொன்னார்கள்.,நாளை மழை பெய்யும் என்று சொன்னார்கள் .,word
22-05-1902 அன்று விடுமுறை.,இருபத்திரண்டு மே ஆயிரத்து தொள்ளாயிரத்து இரண்டு அன்று விடுமுறை .,date
இந்த சட்டை Rs 51 ஆகும்.,இந்த சட்டை ஐம்பத்தொன்று ரூபாய் ஆகும் .,money
கடைசி தேதி 06-22-1695.,கடைசி தேதி ஜூன் இருபத்திரண்டு ஆயிரத்து அறுநூற்றுத்தொண்ணூற்றைந்து .,date
இதில் ௪௨௮.௨௧ குறிப்பிடப்பட்டுள்ளது.,இதில் நானூற்று இருபத்தெட்டு புள்ளி இரண்டு ஒன்று குறிப்பிடப்பட்டுள்ளது .,decimal
Rs 24,இருபத்துநான்கு ரூபாய்,money
பேருந்து கட்டணம் ¥ 9117 ஆகும்.,பேருந்து கட்டணம் ஒன்பதாயிரத்து நூற்றுப்பதினேழு யென் ஆகும் .,money
"₹ 4,89,89,368.8",நான்கு கோடி எண்பத்தொன்பது இலட்சம் எண்பத்தொன்பது ஆயிரம் முந்நூற்று அறுபத்தெட்டு ரூபாய் எண்பது பைசா,money
05-03-2077,ஐந்து மார்ச் இரண்டாயிரத்து எழுபத்தேழு,date
€175,நூற்றெழுபத்து ஐந்து யூரோ,money
55/15,பதினைந்தில் ஐம்பத்தைந்து,fraction
பரிசுத் தொகை ₹524.,பரிசுத் தொகை ஐந்நூற்று இருபத்துநான்கு ரூபாய் .,money
கு. மீனா என்பதை நினைவில் கொள்ளுங்கள்.,குமாரி மீனா என்பதை நினைவில் கொள்ளுங்கள் .,whitelist
8355 என்று எழுதப்பட்டுள்ளது.,எட்டாயிரத்து முந்நூற்று ஐம்பத்தைந்து என்று எழுதப்பட்டுள்ளது .,cardinal
செய்தியில் Rs285713942 என்று வந்தது.,செய்தியில் இருபத்தெட்டு கோடி ஐம்பத்தேழு இலட்சம் பதிமூன்று ஆயிரம் தொள்ளாயிரத்து நாற்பத்திரண்டு ரூபாய் என்று வந்தது .,money
118வது,நூற்றுப்பதினெட்டாவது,ordinal
7691153098,ஏழு ஆறு ஒன்பது ஒன்று ஒன்று ஐந்து மூன்று பூஜ்யம் ஒன்பது எட்டு,telephone
-888,மைனஸ் எண்ணூற்று எண்பத்தெட்டு,cardinal
357 நாட்கள் ஆயிற்று.,முந்நூற்று ஐம்பத்தேழு நாட்கள் ஆயிற்று .,cardinal
62,அறுபத்திரண்டு,cardinal
₹88 என்று எழுதப்பட்டுள்ளது.,எண்பத்தெட்டு ரூபாய் என்று எழுதப்பட்டுள்ளது .,money
7312,ஏழாயிரத்து முந்நூற்றுப்பன்னிரண்டு,cardinal
7535 என்பதை நினைவில் கொள்ளுங்கள்.,ஏழாயிரத்து ஐந்நூற்று முப்பத்தைந்து என்பதை நினைவில் கொள்ளுங்கள் .,cardinal
12-06-1351 அன்று மழை பெய்தது.,பன்னிரண்டு ஜூன் ஆயிரத்து முந்நூற்று ஐம்பத்தொன்று அன்று மழை பெய்தது .,date
8.601 என்பதை நினைவில் கொள்ளுங்கள்.,எட்டு புள்ளி ஆறு பூஜ்யம் ஒன்று என்பதை நினைவில் கொள்ளுங்கள் .,decimal
பை மதிப்பு 90327.1 ஆகும்.,பை மதிப்பு தொண்ணூறு ஆயிரம் முந்நூற்று இருபத்தேழு புள்ளி ஒன்று ஆகும் .,decimal
+18720629077,பிளஸ் ஒன்று எட்டு ஏழு இரண்டு பூஜ்யம் ஆறு இரண்டு ஒன்பது பூஜ்யம் ஏழு ஏழு,telephone
5967820,ஐம்பத்தொன்பது இலட்சம் அறுபத்தேழு ஆயிரம் எண்ணூற்று இருபது,cardinal
கூட்டம் 01:38 தொடங்கும்.,கூட்டம் ஒரு மணி முப்பத்தெட்டு நிமிடம் தொடங்கும் .,time
173ஆவது பக்கத்தில் பதில் உள்ளது.,நூற்றெழுபத்து மூன்றாவது பக்கத்தில் பதில் உள்ளது .,ordinal
1/12 பற்றி பேசினோம்.,பன்னிரண்டில் ஒன்று பற்றி பேசினோம் .,fraction
இதில் 65/90 குறிப்பிடப்பட்டுள்ளது.,இதில் தொண்ணூறில் அறுபத்தைந்து குறிப்பிடப்பட்டுள்ளது .,fraction
தூரம் 6.27 கி.மீ. ஆகும்.,தூரம் ஆறு புள்ளி இரண்டு ஏழு கிலோமீட்டர் ஆகும் .,measure
"கடிதத்தில் 1,66,06,736ரூ. இருந்தது.",கடிதத்தில் ஒரு கோடி அறுபத்தாறு இலட்சம் ஆறாயிரத்து எழுநூற்று முப்பத்தாறு ரூபாய் இருந்தது .,money
7.3,ஏழு புள்ளி மூன்று,decimal
13:53,பதிமூன்று மணி ஐம்பத்துமூன்று நிமிடம்,time
12ஆம் என்று எழுதப்பட்டுள்ளது.,பன்னிரண்டாம் என்று எழுதப்பட்டுள்ளது .,ordinal
30-05-2034,முப்பது மே இரண்டாயிரத்து முப்பத்துநான்கு,date
௬௭வது,அறுபத்தேழாவது,ordinal
"மொத்த மதிப்பெண் 372,568.",மொத்த மதிப்பெண் மூன்று இலட்சம் எழுபத்திரண்டு ஆயிரம் ஐந்நூற்று அறுபத்தெட்டு .,cardinal
6,ஆறு,cardinal
அவர் 9733ல் என்றார்.,அவர் ஒன்பதாயிரத்து எழுநூற்று முப்பத்துமூன்றில் என்றார் .,cardinal
செய்தியில் 48713 என்று வந்தது.,செய்தியில் நாற்பத்தெட்டு ஆயிரம் எழுநூற்றுப்பதிமூன்று என்று வந்தது .,cardinal
353 நாட்கள் ஆயிற்று.,முந்நூற்று ஐம்பத்துமூன்று நாட்கள் ஆயிற்று .,cardinal
8093°F,எட்டாயிரத்து தொண்ணூற்றுமூன்று டிகிரி பாரன்ஹீட்,measure
1760இல்,ஆயிரத்து எழுநூற்று அறுபதில்,cardinal
கடிதத்தில் 55/50 இருந்தது.,கடிதத்தில் ஐம்பதில் ஐம்பத்தைந்து இருந்தது .,fraction
அவர் ₹5847.61 என்றார்.,அவர் ஐந்தாயிரத்து எண்ணூற்று நாற்பத்தேழு ரூபாய் அறுபத்தொன்று பைசா என்றார் .,money
815-1011 என்று எழுதப்பட்டுள்ளது.,எண்ணூற்றுப்பதினைந்து முதல் ஆயிரத்து பதினொன்று என்று எழுதப்பட்டுள்ளது .,range
"அந்த நிலம் ₹7,18,74,149.99 விலை போனது.",அந்த நிலம் ஏழு கோடி பதினெட்டு இலட்சம் எழுபத்துநான்கு ஆயிரம் நூற்று நாற்பத்தொன்பது ரூபாய் தொண்ணூற்றொன்பது பைசா விலை போனது .,money
அவள் உயரம் 8 மீ. ஆகும்.,அவள் உயரம் எட்டு மீட்டர் ஆகும் .,measure
கு. லதா,குமாரி லதா,whitelist
¼ என்பதை நினைவில் கொள்ளுங்கள்.,நான்கில் ஒன்று என்பதை நினைவில் கொள்ளுங்கள் .,fraction
4912646,நாற்பத்தொன்பது இலட்சம் பன்னிரண்டு ஆயிரம் அறுநூற்று நாற்பத்தாறு,cardinal
இந்த நூலில் 575 பக்கங்கள் உள்ளன.,இந்த நூலில் ஐந்நூற்று எழுபத்தைந்து பக்கங்கள் உள்ளன .,cardinal
இந்த நூலில் ௬௭௮௬ பக்கங்கள் உள்ளன.,இந்த நூலில் ஆறாயிரத்து எழுநூற்று எண்பத்தாறு பக்கங்கள் உள்ளன .,cardinal
6 km/h,ஆறு கிலோமீட்டர் ஒரு மணி நேரத்திற்கு,measure
20:18,இருபது மணி பதினெட்டு நிமிடம்,time
இன்று 7200 பேர் வருகை தந்தனர்.,இன்று ஏழாயிரத்து இருநூறு பேர் வருகை தந்தனர் .,cardinal
3624139,முப்பத்தாறு இலட்சம் இருபத்துநான்கு ஆயிரம் நூற்று முப்பத்தொன்பது,cardinal
அவர் -725.1 என்றார்.,அவர் மைனஸ் எழுநூற்று இருபத்தைந்து புள்ளி ஒன்று என்றார் .,decimal
அவள் 3ஆம் வகுப்பு படிக்கிறாள்.,அவள் மூன்றாம் வகுப்பு படிக்கிறாள் .,ordinal
08-07-1960,எட்டு ஜூலை ஆயிரத்து தொள்ளாயிரத்து அறுபது,date
6297168522 இந்த எண்ணில் அழையுங்கள்.,ஆறு இரண்டு ஒன்பது ஏழு ஒன்று ஆறு எட்டு ஐந்து இரண்டு இரண்டு இந்த எண்ணில் அழையுங்கள் .,telephone
௨௪:௧௫ கிளம்பி 90.43mg நடந்தோம்.,இருபத்துநான்கு மணி பதினைந்து நிமிடம் கிளம்பி தொண்ணூறு புள்ளி நான்கு மூன்று மில்லிகிராம் நடந்தோம் .,mixed
22-09-1924 சரியானது.,இருபத்திரண்டு செப்டம்பர் ஆயிரத்து தொள்ளாயிரத்து இருபத்துநான்கு சரியானது .,date
பள்ளியில் 158 ஆசிரியர்கள் உள்ளனர்.,பள்ளியில் நூற்றைம்பத்து எட்டு ஆசிரியர்கள் உள்ளனர் .,cardinal
354-659,முந்நூற்று ஐம்பத்துநான்கு முதல் அறுநூற்று ஐம்பத்தொன்பது,range
பிறந்த நாள் 07-14-2094.,பிறந்த நாள் ஜூலை பதினான்கு இரண்டாயிரத்து தொண்ணூற்றுநான்கு .,date
பள்ளியில் 69337 ஆசிரியர்கள் உள்ளனர்.,பள்ளியில் அறுபத்தொன்பது ஆயிரம் முந்நூற்று முப்பத்தேழு ஆசிரியர்கள் உள்ளனர் .,cardinal
விண்ணப்பம் 2039-03-17 அன்று அனுப்பப்பட்டது.,விண்ணப்பம் இரண்டாயிரத்து முப்பத்தொன்பது மார்ச் பதினேழு அன்று அனுப்பப்பட்டது .,date
2085-08-03,இரண்டாயிரத்து எண்பத்தைந்து ஆகஸ்ட் மூன்று,date
அவர் 5/10 என்றார்.,அவர் பத்தில் ஐந்து என்றார் .,fraction
இதில் -34 குறிப்பிடப்பட்டுள்ளது.,இதில் மைனஸ் முப்பத்துநான்கு குறிப்பிடப்பட்டுள்ளது .,cardinal
884775061 நாட்கள் ஆயிற்று.,எண்பத்தெட்டு கோடி நாற்பத்தேழு இலட்சம் எழுபத்தைந்து ஆயிரம் அறுபத்தொன்று நாட்கள் ஆயிற்று .,cardinal
½ சரியானது.,இரண்டில் ஒன்று சரியானது .,fraction
03-01-2881,மூன்று ஜனவரி இரண்டாயிரத்து எண்ணூற்று எண்பத்தொன்று,date
850,எண்ணூற்று ஐம்பது,cardinal
7 ml பற்றி பேசினோம்.,ஏழு மில்லிலிட்டர் பற்றி பேசினோம் .,measure
₹ 7950.1,ஏழாயிரத்து தொள்ளாயிரத்து ஐம்பது ரூபாய் பத்து பைசா,money
578வது அத்தியாயம் படிக்கவும்.,ஐந்நூற்று எழுபத்தெட்டாவது அத்தியாயம் படிக்கவும் .,ordinal
விண்ணப்பம் 10-03-2004 அன்று அனுப்பப்பட்டது.,விண்ணப்பம் பத்து மார்ச் இரண்டாயிரத்து நான்கு அன்று அனுப்பப்பட்டது .,date
"இன்று 10,94,81,035 பேர் வருகை தந்தனர்.",இன்று பத்து கோடி தொண்ணூற்றுநான்கு இலட்சம் எண்பத்தொன்று ஆயிரம் முப்பத்தைந்து பேர் வருகை தந்தனர் .,cardinal
26-02-1654,இருபத்தாறு பிப்ரவரி ஆயிரத்து அறுநூற்று ஐம்பத்துநான்கு,date
02-02-1970 என்பதை நினைவில் கொள்ளுங்கள்.,இரண்டு பிப்ரவரி ஆயிரத்து தொள்ளாயிரத்து எழுபது என்பதை நினைவில் கொள்ளுங்கள் .,date
௦௩-௦௬-௨௦௪௬,மூன்று ஜூன் இரண்டாயிரத்து நாற்பத்தாறு,date
இன்று 311908 பேர் வருகை தந்தனர்.,இன்று மூன்று இலட்சம் பதினொன்று ஆயிரம் தொள்ளாயிரத்து எட்டு பேர் வருகை தந்தனர் .,cardinal
இந்த நூலில் 358 பக்கங்கள் உள்ளன.,இந்த நூலில் முந்நூற்று ஐம்பத்தெட்டு பக்கங்கள் உள்ளன .,cardinal
10 3/7 சரியானது.,பத்து மற்றும் ஏழில் மூன்று சரியானது .,fraction
81-108,எண்பத்தொன்று முதல் நூற்று எட்டு,range
08-01-1930,எட்டு ஜனவரி ஆயிரத்து தொள்ளாயிரத்து முப்பது,date
-86,மைனஸ் எண்பத்தாறு,cardinal
6447005285 என்ற எண்ணை அழைக்கவும்.,ஆறு நான்கு நான்கு ஏழு பூஜ்யம் பூஜ்யம் ஐந்து இரண்டு எட்டு ஐந்து என்ற எண்ணை அழைக்கவும் .,telephone
13:05:55 சரியானது.,பதிமூன்று மணி ஐந்து நிமிடம் ஐம்பத்தைந்து வினாடி சரியானது .,time
29-03-2089,இருபத்தொன்பது மார்ச் இரண்டாயிரத்து எண்பத்தொன்பது,date
7.4,ஏழு புள்ளி நான்கு,decimal
அவர் ₹167740865 செலுத்தினார்.,அவர் பதினாறு கோடி எழுபத்தேழு இலட்சம் நாற்பது ஆயிரம் எண்ணூற்று அறுபத்தைந்து ரூபாய் செலுத்தினார் .,money
இது அவரது 7ஆம் புத்தகம்.,இது அவரது ஏழாம் புத்தகம் .,ordinal
156-287 என்பதை நினைவில் கொள்ளுங்கள்.,நூற்றைம்பத்து ஆறு முதல் இருநூற்று எண்பத்தேழு என்பதை நினைவில் கொள்ளுங்கள் .,range
77881.068,எழுபத்தேழு ஆயிரம் எண்ணூற்று எண்பத்தொன்று புள்ளி பூஜ்யம் ஆறு எட்டு,decimal
0611-041010,பூஜ்யம் ஆறு ஒன்று ஒன்று பூஜ்யம் நான்கு ஒன்று பூஜ்யம் ஒன்று பூஜ்யம்,telephone
நான் 645வது நபராக வந்தேன்.,நான் அறுநூற்று நாற்பத்தைந்தாவது நபராக வந்தேன் .,ordinal
₹6474 என்பதை நினைவில் கொள்ளுங்கள்.,ஆறாயிரத்து நானூற்று எழுபத்துநான்கு ரூபாய் என்பதை நினைவில் கொள்ளுங்கள் .,money
அவர் 2000இல் ஓட்டங்கள் எடுத்தார்.,அவர் இரண்டாயிரத்தில் ஓட்டங்கள் எடுத்தார் .,cardinal
9906,ஒன்பதாயிரத்து தொள்ளாயிரத்து ஆறு,cardinal
7:34:26,ஏழு மணி முப்பத்துநான்கு நிமிடம் இருபத்தாறு வினாடி,time
கடிதத்தில் ௪௫ஆவது இருந்தது.,கடிதத்தில் நாற்பத்தைந்தாவது இருந்தது .,ordinal
6617.4 ₹,ஆறாயிரத்து அறுநூற்றுப்பதினேழு ரூபாய் நாற்பது பைசா,money
Rs.70 பற்றி பேசினோம்.,எழுபது ரூபாய் பற்றி பேசினோம் .,money
வகுப்பு 14:00 முடியும்.,வகுப்பு பதினான்கு மணி முடியும் .,time
€47 அபராதம் விதிக்கப்பட்டது.,நாற்பத்தேழு யூரோ அபராதம் விதிக்கப்பட்டது .,money
இந்த பாடல் மிகவும் பிடித்திருக்கிறது.,இந்த பாடல் மிகவும் பிடித்திருக்கிறது .,word
அவர் 07-25-2026 என்றார்.,அவர் ஜூலை இருபத்தைந்து இரண்டாயிரத்து இருபத்தாறு என்றார் .,date
அவர் 89/11 என்றார்.,அவர் பதினொன்றில் எண்பத்தொன்பது என்றார் .,fraction
இன்றைய விலை -78621.693 ஆக உயர்ந்தது.,இன்றைய விலை மைனஸ் எழுபத்தெட்டு ஆயிரம் அறுநூற்று இருபத்தொன்று புள்ளி ஆறு ஒன்பது மூன்று ஆக உயர்ந்தது .,decimal
"விலை ₹5,04,24,816.80 மட்டும்.",விலை ஐந்து கோடி நான்கு இலட்சம் இருபத்துநான்கு ஆயிரம் எண்ணூற்றுப்பதினாறு ரூபாய் எண்பது பைசா மட்டும் .,money
"₹ 5,05,99,616 /- கடன் வாங்கினேன்.",ஐந்து கோடி ஐந்து இலட்சம் தொண்ணூற்றொன்பது ஆயிரம் அறுநூற்றுப்பதினாறு ரூபாய் கடன் வாங்கினேன் .,money
அவள் உயரம் 90 மீ. ஆகும்.,அவள் உயரம் தொண்ணூறு மீட்டர் ஆகும் .,measure
மொத்த மதிப்பெண் 9163387.,மொத்த மதிப்பெண் தொண்ணூற்றொன்று இலட்சம் அறுபத்துமூன்று ஆயிரம் முந்நூற்று எண்பத்தேழு .,cardinal
-59,மைனஸ் ஐம்பத்தொன்பது,cardinal
$௭௯.௨௬ என்பதை நினைவில் கொள்ளுங்கள்.,எழுபத்தொன்பது டாலர் இருபத்தாறு சென்ட் என்பதை நினைவில் கொள்ளுங்கள் .,money
₹164667988 கடன் வாங்கினேன்.,பதினாறு கோடி நாற்பத்தாறு இலட்சம் அறுபத்தேழு ஆயிரம் தொள்ளாயிரத்து எண்பத்தெட்டு ரூபாய் கடன் வாங்கினேன் .,money
வாடகை ₹௧௨௬௧௪௭௩௬௪ ஆக உயர்ந்தது.,வாடகை பன்னிரண்டு கோடி அறுபத்தொன்று இலட்சம் நாற்பத்தேழு ஆயிரம் முந்நூற்று அறுபத்துநான்கு ரூபாய் ஆக உயர்ந்தது .,money
24-06-2279,இருபத்துநான்கு ஜூன் இரண்டாயிரத்து இருநூற்று எழுபத்தொன்பது,date
அவன் 17/30 பங்கு சாப்பிட்டான்.,அவன் முப்பதில் பதினேழு பங்கு சாப்பிட்டான் .,fraction
4588493147,நான்கு ஐந்து எட்டு எட்டு நான்கு ஒன்பது மூன்று ஒன்று நான்கு ஏழு,cardinal
செய்தியில் 2237 என்று வந்தது.,செய்தியில் இரண்டாயிரத்து இருநூற்று முப்பத்தேழு என்று வந்தது .,cardinal
நீளம் 40209.74 ஆக இருந்தது.,நீளம் நாற்பது ஆயிரம் இருநூற்று ஒன்பது புள்ளி ஏழு நான்கு ஆக இருந்தது .,decimal
"அவர் $ 8,11,35,560 செலுத்தினார்.",அவர் எட்டு கோடி பதினொன்று இலட்சம் முப்பத்தைந்து ஆயிரம் ஐந்நூற்று அறுபது டாலர் செலுத்தினார் .~அவர் எட்டு கோடி பதினொன்று இலட்சம் முப்பத்தைந்து ஆயிரம் ஐந்நூற்றறுபது டாலர் செலுத்தினார் .,money
1885-2368,ஆயிரத்து எண்ணூற்று எண்பத்தைந்து முதல் இரண்டாயிரத்து முந்நூற்று அறுபத்தெட்டு,range
3% என்பது சரி.,மூன்று சதவீதம் என்பது சரி .,whitelist
அவர் 14:30:06 என்றார்.,அவர் பதினான்கு மணி முப்பது நிமிடம் ஆறு வினாடி என்றார் .,time
2866 பேருக்கு ரூ.79 கொடுத்தேன்.,இரண்டாயிரத்து எண்ணூற்று அறுபத்தாறு பேருக்கு எழுபத்தொன்பது ரூபாய் கொடுத்தேன் .,mixed
19:44 மணிக்கு,பத்தொன்பது மணி நாற்பத்துநான்கு நிமிடம்,time
2084-2183 என்பதை நினைவில் கொள்ளுங்கள்.,இரண்டாயிரத்து எண்பத்துநான்கு முதல் இரண்டாயிரத்து நூற்றெண்பத்து மூன்று என்பதை நினைவில் கொள்ளுங்கள் .,range
09-10-1926,ஒன்பது அக்டோபர் ஆயிரத்து தொள்ளாயிரத்து இருபத்தாறு,date
அவர் ௯௭௯௦ ஓட்டங்கள் எடுத்தார்.,அவர் ஒன்பதாயிரத்து எழுநூற்றுத்தொண்ணூறு ஓட்டங்கள் எடுத்தார் .,cardinal
கடைசி தேதி 31/05/2043.,கடைசி தேதி முப்பத்தொன்று மே இரண்டாயிரத்து நாற்பத்துமூன்று .,date
7/10,பத்தில் ஏழு,fraction
12:56,பன்னிரண்டு மணி ஐம்பத்தாறு நிமிடம்,time
76ஆம்,எழுபத்தாறாம்,ordinal
வண்டி எண் 374 ஆகும்.,வண்டி எண் முந்நூற்று எழுபத்துநான்கு ஆகும் .,cardinal
12-07-1975 அன்று விடுமுறை.,பன்னிரண்டு ஜூலை ஆயிரத்து தொள்ளாயிரத்து எழுபத்தைந்து அன்று விடுமுறை .,date
515.7,ஐந்நூற்றுப்பதினைந்து புள்ளி ஏழு,decimal
இதில் 42/70 பங்கு எனக்கு.,இதில் எழுபதில் நாற்பத்திரண்டு பங்கு எனக்கு .,fraction
180-258,நூற்று எண்பது முதல் இருநூற்று ஐம்பத்தெட்டு~நூற்றெண்பது முதல் இருநூற்று ஐம்பத்தெட்டு,range
௧௫௮வது என்பதை நினைவில் கொள்ளுங்கள்.,நூற்றைம்பத்து எட்டாவது என்பதை நினைவில் கொள்ளுங்கள் .,ordinal
இந்த சட்டை ₹ 0.42 ஆகும்.,இந்த சட்டை நாற்பத்திரண்டு பைசா ஆகும் .,money
8.05,எட்டு புள்ளி பூஜ்யம் ஐந்து,decimal
அவர் 8971kg என்றார்.,அவர் எட்டாயிரத்து தொள்ளாயிரத்து எழுபத்தொன்று கிலோகிராம் என்றார் .,measure
அவர் 002-229122 என்றார்.,அவர் பூஜ்யம் பூஜ்யம் இரண்டு இரண்டு இரண்டு ஒன்பது ஒன்று இரண்டு இரண்டு என்றார் .,telephone
பதிவு தேதி 23-04-2093 ஆகும்.,பதிவு தேதி இருபத்துமூன்று ஏப்ரல் இரண்டாயிரத்து தொண்ணூற்றுமூன்று ஆகும் .,date
௨.௨௩,இரண்டு புள்ளி இரண்டு மூன்று,decimal
182வது,நூற்றெண்பத்து இரண்டாவது,ordinal
7.46 கி.மீ,ஏழு புள்ளி நான்கு ஆறு கிலோமீட்டர்,measure
0.61 ரூ.,அறுபத்தொன்று பைசா,money
₹ 8164.84,எட்டாயிரத்து நூற்றறுபத்து நான்கு ரூபாய் எண்பத்துநான்கு பைசா,money
-௫௧௩௬௭.௫ என்பதை நினைவில் கொள்ளுங்கள்.,மைனஸ் ஐம்பத்தொன்று ஆயிரம் முந்நூற்று அறுபத்தேழு புள்ளி ஐந்து என்பதை நினைவில் கொள்ளுங்கள் .,decimal
509 என்று எழுதப்பட்டுள்ளது.,ஐந்நூற்று ஒன்பது என்று எழுதப்பட்டுள்ளது .,cardinal
58வது,ஐம்பத்தெட்டாவது,ordinal
வெப்பநிலை 6484ac ஆக இருந்தது.,வெப்பநிலை ஆறாயிரத்து நானூற்று எண்பத்துநான்கு ஏக்கர் ஆக இருந்தது .,measure
விலை Rs 187274493.66 ஆனது 81.913 சதவீதம் உயர்வு.,விலை பதினெட்டு கோடி எழுபத்திரண்டு இலட்சம் எழுபத்துநான்கு ஆயிரம் நானூற்றுத்தொண்ணூற்றுமூன்று ரூபாய் அறுபத்தாறு பைசா ஆனது எண்பத்தொன்று புள்ளி ஒன்பது ஒன்று மூன்று சதவீதம் உயர்வு .,mixed
அந்த நிறுவனத்தில் 6660136 ஊழியர்கள் பணிபுரிகின்றனர்.,அந்த நிறுவனத்தில் அறுபத்தாறு இலட்சம் அறுபது ஆயிரம் நூற்று முப்பத்தாறு ஊழியர்கள் பணிபுரிகின்றனர் .,cardinal
14:06:02 மணிக்கு,பதினான்கு மணி ஆறு நிமிடம் இரண்டு வினாடி,time
பெட்டியின் எடை 46.24kW இருக்கும்.,பெட்டியின் எடை நாற்பத்தாறு புள்ளி இரண்டு நான்கு கிலோவாட் இருக்கும் .,measure
௯௧௪௭வது,ஒன்பதாயிரத்து நூற்று நாற்பத்தேழாவது,ordinal
06-06-2009,ஆறு ஜூன் இரண்டாயிரத்து ஒன்பது,date
பதிவு தேதி ௦௨/௧௧/௧௯௦௫ ஆகும்.,பதிவு தேதி இரண்டு நவம்பர் ஆயிரத்து தொள்ளாயிரத்து ஐந்து ஆகும் .,date
535 மாணவர்கள் 6:49:22 வந்தனர்.,ஐந்நூற்று முப்பத்தைந்து மாணவர்கள் ஆறு மணி நாற்பத்தொன்பது நிமிடம் இருபத்திரண்டு வினாடி வந்தனர் .,mixed
அவர் 92ல் ஓட்டங்கள் எடுத்தார்.,அவர் தொண்ணூற்றிரண்டில் ஓட்டங்கள் எடுத்தார் .,cardinal
அவர் 57010 என்றார்.,அவர் ஐம்பத்தேழு ஆயிரம் பத்து என்றார் .,cardinal
தொடர்புக்கு 6508357125.,தொடர்புக்கு ஆறு ஐந்து பூஜ்யம் எட்டு மூன்று ஐந்து ஏழு ஒன்று இரண்டு ஐந்து .,telephone
16-05-1965,பதினாறு மே ஆயிரத்து தொள்ளாயிரத்து அறுபத்தைந்து,date
"ரூ 4,92,19,430",நான்கு கோடி தொண்ணூற்றிரண்டு இலட்சம் பத்தொன்பது ஆயிரம் நானூற்று முப்பது ரூபாய்,money
7 மாணவர்கள் 08:00 வந்தனர்.,ஏழு மாணவர்கள் எட்டு மணி வந்தனர் .,mixed
கணக்கு 66% என்று வரும்.,கணக்கு அறுபத்தாறு சதவீதம் என்று வரும் .,whitelist
கடிதத்தில் 6.0 இருந்தது.,கடிதத்தில் ஆறு புள்ளி பூஜ்யம் இருந்தது .,decimal
இந்த நூலில் 893 பக்கங்கள் உள்ளன.,இந்த நூலில் எண்ணூற்றுத்தொண்ணூற்றுமூன்று பக்கங்கள் உள்ளன .,cardinal
"அவன் 32,50,27,944 முறை முயன்றான்.",அவன் முப்பத்திரண்டு கோடி ஐம்பது இலட்சம் இருபத்தேழு ஆயிரம் தொள்ளாயிரத்து நாற்பத்துநான்கு முறை முயன்றான் .,cardinal
1927-12-15 அன்று விடுமுறை.,ஆயிரத்து தொள்ளாயிரத்து இருபத்தேழு டிசம்பர் பதினைந்து அன்று விடுமுறை .,date
அவர் 23% என்றார்.,அவர் இருபத்துமூன்று சதவீதம் என்றார் .,whitelist
£8530.5 என்பதை நினைவில் கொள்ளுங்கள்.,எட்டாயிரத்து ஐந்நூற்று முப்பது பவுண்ட் ஐம்பது பென்ஸ் என்பதை நினைவில் கொள்ளுங்கள் .,money
"இந்த சட்டை Rs௬,௯௭,௮௦,௨௮௫ ஆகும்.",இந்த சட்டை ஆறு கோடி தொண்ணூற்றேழு இலட்சம் எண்பது ஆயிரம் இருநூற்று எண்பத்தைந்து ரூபாய் ஆகும் .,money
அளவு 2551.1 ஆக உள்ளது.,அளவு இரண்டாயிரத்து ஐந்நூற்று ஐம்பத்தொன்று புள்ளி ஒன்று ஆக உள்ளது .,decimal
பேருந்து கட்டணம் 0.42 ரூ ஆகும்.,பேருந்து கட்டணம் நாற்பத்திரண்டு பைசா ஆகும் .,money
௨.௨௫ பற்றி பேசினோம்.,இரண்டு புள்ளி இரண்டு ஐந்து பற்றி பேசினோம் .,decimal
கடிதத்தில் 150 இருந்தது.,கடிதத்தில் நூற்று ஐம்பது இருந்தது .~கடிதத்தில் நூற்றைம்பது இருந்தது .,cardinal
கடிதத்தில் 4.38 இருந்தது.,கடிதத்தில் நான்கு புள்ளி மூன்று எட்டு இருந்தது .,decimal
அலுவலகம் 04:44 திறக்கும்.,அலுவலகம் நான்கு மணி நாற்பத்துநான்கு நிமிடம் திறக்கும் .,time
6565ஆம் கூட்டம் 03-04-1381 அன்று நடந்தது.,ஆறாயிரத்து ஐந்நூற்று அறுபத்தைந்தாம் கூட்டம் மூன்று ஏப்ரல் ஆயிரத்து முந்நூற்று எண்பத்தொன்று அன்று நடந்தது .,mixed
"௭௩,௦௭,௯௬,௫௮௬ நாட்கள் ஆயிற்று.",எழுபத்துமூன்று கோடி ஏழு இலட்சம் தொண்ணூற்றாறு ஆயிரம் ஐந்நூற்று எண்பத்தாறு நாட்கள் ஆயிற்று .,cardinal
பதிவு தேதி 12-23-2078 ஆகும்.,பதிவு தேதி டிசம்பர் இருபத்துமூன்று இரண்டாயிரத்து எழுபத்தெட்டு ஆகும் .,date
இதில் 13:01 குறிப்பிடப்பட்டுள்ளது.,இதில் பதிமூன்று மணி ஒன்று நிமிடம் குறிப்பிடப்பட்டுள்ளது .,time
31-12-1947,முப்பத்தொன்று டிசம்பர் ஆயிரத்து தொள்ளாயிரத்து நாற்பத்தேழு,date
கூட்டம் 18-08-1981 அன்று ௨௨:௧௮ தொடங்கும்.,கூட்டம் பதினெட்டு ஆகஸ்ட் ஆயிரத்து தொள்ளாயிரத்து எண்பத்தொன்று அன்று இருபத்திரண்டு மணி பதினெட்டு நிமிடம் தொடங்கும் .,mixed
185,நூற்றெண்பத்து ஐந்து,cardinal
27.02.1989 அன்று மழை பெய்தது.,இருபத்தேழு பிப்ரவரி ஆயிரத்து தொள்ளாயிரத்து எண்பத்தொன்பது அன்று மழை பெய்தது .,date
1.451,ஒன்று புள்ளி நான்கு ஐந்து ஒன்று,decimal
அவள் 954073864 புத்தகங்கள் வாங்கினாள்.,அவள் தொண்ணூற்றைந்து கோடி நாற்பது இலட்சம் எழுபத்துமூன்று ஆயிரம் எண்ணூற்று அறுபத்துநான்கு புத்தகங்கள் வாங்கினாள் .,cardinal
இதில் 16:57 குறிப்பிடப்பட்டுள்ளது.,இதில் பதினாறு மணி ஐம்பத்தேழு நிமிடம் குறிப்பிடப்பட்டுள்ளது .,time
20:48,இருபது மணி நாற்பத்தெட்டு நிமிடம்,time
இதில் 6631283703 குறிப்பிடப்பட்டுள்ளது.,இதில் ஆறு ஆறு மூன்று ஒன்று இரண்டு எட்டு மூன்று ஏழு பூஜ்யம் மூன்று குறிப்பிடப்பட்டுள்ளது .,telephone
10வது,பத்தாவது,ordinal
96201.8 என்பதை நினைவில் கொள்ளுங்கள்.,தொண்ணூற்றாறு ஆயிரம் இருநூற்று ஒன்று புள்ளி எட்டு என்பதை நினைவில் கொள்ளுங்கள் .,decimal
-53974,மைனஸ் ஐம்பத்துமூன்று ஆயிரம் தொள்ளாயிரத்து எழுபத்துநான்கு,cardinal
அலுவலக எண் +65 9725088813.,அலுவலக எண் பிளஸ் ஆறு ஐந்து ஒன்பது ஏழு இரண்டு ஐந்து பூஜ்யம் எட்டு எட்டு எட்டு ஒன்று மூன்று .,telephone
00-93780261,பூஜ்யம் பூஜ்யம் ஒன்பது மூன்று ஏழு எட்டு பூஜ்யம் இரண்டு ஆறு ஒன்று,telephone
2.9,இரண்டு புள்ளி ஒன்பது,decimal
24-08-1155 பற்றி பேசினோம்.,இருபத்துநான்கு ஆகஸ்ட் ஆயிரத்து நூற்றைம்பத்து ஐந்து பற்றி பேசினோம் .,date
பேருந்து 2:51 கிளம்பும்.,பேருந்து இரண்டு மணி ஐம்பத்தொன்று நிமிடம் கிளம்பும் .,time
கடிதத்தில் 75.46 MB இருந்தது.,கடிதத்தில் எழுபத்தைந்து புள்ளி நான்கு ஆறு மெகாபைட் இருந்தது .,measure
"ரூ.2,40,11,828/-",இரண்டு கோடி நாற்பது இலட்சம் பதினொன்று ஆயிரம் எண்ணூற்று இருபத்தெட்டு ரூபாய்,money
₹1011 கடன் வாங்கினேன்.,ஆயிரத்து பதினொன்று ரூபாய் கடன் வாங்கினேன் .,money
42 % பேசினார்.,நாற்பத்திரண்டு சதவீதம் பேசினார் .,whitelist
இப்போது மணி ௫:௨௮.,இப்போது மணி ஐந்து மணி இருபத்தெட்டு நிமிடம் .,time
6766772809,ஆறு ஏழு ஆறு ஆறு ஏழு ஏழு இரண்டு எட்டு பூஜ்யம் ஒன்பது,telephone
12:00:28,பன்னிரண்டு மணி இருபத்தெட்டு வினாடி,time
நிகழ்ச்சி 10:49 ஒளிபரப்பாகும்.,நிகழ்ச்சி பத்து மணி நாற்பத்தொன்பது நிமிடம் ஒளிபரப்பாகும் .,time
இதன் மதிப்பு 67933.96 தான்.,இதன் மதிப்பு அறுபத்தேழு ஆயிரம் தொள்ளாயிரத்து முப்பத்துமூன்று புள்ளி ஒன்பது ஆறு தான் .,decimal
+44 7697113663 என்று எழுதப்பட்டுள்ளது.,பிளஸ் நான்கு நான்கு ஏழு ஆறு ஒன்பது ஏழு ஒன்று ஒன்று மூன்று ஆறு ஆறு மூன்று என்று எழுதப்பட்டுள்ளது .,telephone
செய்தியில் ௨௦.௦௨.௧௧௧௦ என்று வந்தது.,செய்தியில் இருபது பிப்ரவரி ஆயிரத்து நூற்றுப்பத்து என்று வந்தது .,date
22.04.1168 என்று எழுதப்பட்டுள்ளது.,இருபத்திரண்டு ஏப்ரல் ஆயிரத்து நூற்றறுபத்து எட்டு என்று எழுதப்பட்டுள்ளது .,date
₹6366.37,ஆறாயிரத்து முந்நூற்று அறுபத்தாறு ரூபாய் முப்பத்தேழு பைசா,money
156 பற்றி பேசினோம்.,நூற்றைம்பத்து ஆறு பற்றி பேசினோம் .,cardinal
வெப்பநிலை 1783-3196 டிகிரி இருக்கும்.,வெப்பநிலை ஆயிரத்து எழுநூற்று எண்பத்துமூன்று முதல் மூன்றாயிரத்து நூற்றுத்தொண்ணூற்றாறு டிகிரி இருக்கும் .,range
273,இருநூற்று எழுபத்துமூன்று,cardinal
மொத்தம் 5811 மாணவர்கள் உள்ளனர்.,மொத்தம் ஐந்தாயிரத்து எண்ணூற்றுப்பதினொன்று மாணவர்கள் உள்ளனர் .,cardinal
3.815 சரியானது.,மூன்று புள்ளி எட்டு ஒன்று ஐந்து சரியானது .,decimal
மொத்த செலவு Rs 72.,மொத்த செலவு எழுபத்திரண்டு ரூபாய் .,money
௧௫-௦௩-௨௦௯௨,பதினைந்து மார்ச் இரண்டாயிரத்து தொண்ணூற்றிரண்டு,date
அவர் 710926879 என்றார்.,அவர் எழுபத்தொன்று கோடி ஒன்பது இலட்சம் இருபத்தாறு ஆயிரம் எண்ணூற்று எழுபத்தொன்பது என்றார் .,cardinal
10.06.1902 முதல் விற்பனை தொடங்கும்.,பத்து ஜூன் ஆயிரத்து தொள்ளாயிரத்து இரண்டு முதல் விற்பனை தொடங்கும் .,date
3386 MW,மூன்றாயிரத்து முந்நூற்று எண்பத்தாறு மெகாவாட்,measure
"£௧,௪௬,௨௩,௫௦௨",ஒரு கோடி நாற்பத்தாறு இலட்சம் இருபத்துமூன்று ஆயிரம் ஐந்நூற்று இரண்டு பவுண்ட்,money
701.392,எழுநூற்று ஒன்று புள்ளி மூன்று ஒன்பது இரண்டு,decimal
₹ 2029 என்பதை நினைவில் கொள்ளுங்கள்.,இரண்டாயிரத்து இருபத்தொன்பது ரூபாய் என்பதை நினைவில் கொள்ளுங்கள் .,money
இதில் ௬௫௮ குறிப்பிடப்பட்டுள்ளது.,இதில் அறுநூற்று ஐம்பத்தெட்டு குறிப்பிடப்பட்டுள்ளது .,cardinal
8982418 என்பதை நினைவில் கொள்ளுங்கள்.,எண்பத்தொன்பது இலட்சம் எண்பத்திரண்டு ஆயிரம் நானூற்றுப்பதினெட்டு என்பதை நினைவில் கொள்ளுங்கள் .,cardinal
"Rs.6,24,33,499.70",ஆறு கோடி இருபத்துநான்கு இலட்சம் முப்பத்துமூன்று ஆயிரம் நானூற்றுத்தொண்ணூற்றொன்பது ரூபாய் எழுபது பைசா,money
எனக்கு 5007546925690 வயது.,எனக்கு ஐந்து பூஜ்யம் பூஜ்யம் ஏழு ஐந்து நான்கு ஆறு ஒன்பது இரண்டு ஐந்து ஆறு ஒன்பது பூஜ்யம் வயது .,cardinal
41575,நாற்பத்தொன்று ஆயிரம் ஐந்நூற்று எழுபத்தைந்து,cardinal
17kW,பதினேழு கிலோவாட்,measure
23:36,இருபத்துமூன்று மணி முப்பத்தாறு நிமிடம்,time
அலுவலகம் 21:00 திறக்கும்.,அலுவலகம் இருபத்தொன்று மணி திறக்கும் .,time
2014-07-24 அன்று 9309171 பேர் வந்தனர்.,இரண்டாயிரத்து பதினான்கு ஜூலை இருபத்துநான்கு அன்று தொண்ணூற்றுமூன்று இலட்சம் ஒன்பதாயிரத்து நூற்றெழுபத்து ஒன்று பேர் வந்தனர் .,mixed
3½ பங்கு அதாவது 8304.7 லி. மட்டும் மீதம்.,மூன்று மற்றும் இரண்டில் ஒன்று பங்கு அதாவது எட்டாயிரத்து முந்நூற்று நான்கு புள்ளி ஏழு லிட்டர் மட்டும் மீதம் .,mixed
அவர் 22:00 என்றார்.,அவர் இருபத்திரண்டு மணி என்றார் .,time
"மொத்தம் 51,28,83,472 மாணவர்கள் உள்ளனர்.",மொத்தம் ஐம்பத்தொன்று கோடி இருபத்தெட்டு இலட்சம் எண்பத்துமூன்று ஆயிரம் நானூற்று எழுபத்திரண்டு மாணவர்கள் உள்ளனர் .,cardinal
37592,முப்பத்தேழு ஆயிரம் ஐந்நூற்றுத்தொண்ணூற்றிரண்டு,cardinal
கடைசி தேதி 29-03-2085.,கடைசி தேதி இருபத்தொன்பது மார்ச் இரண்டாயிரத்து எண்பத்தைந்து .,date
02:50,இரண்டு மணி ஐம்பது நிமிடம்,time
9வது என்பதை நினைவில் கொள்ளுங்கள்.,ஒன்பதாவது என்பதை நினைவில் கொள்ளுங்கள் .,ordinal
இந்த நூலில் ௧௫௫௭ பக்கங்கள் உள்ளன.,இந்த நூலில் ஆயிரத்து ஐந்நூற்று ஐம்பத்தேழு பக்கங்கள் உள்ளன .,cardinal
தேர்வு ௦௪/௦௫/௧௯௪௪ தேதியில் தொடங்கும்.,தேர்வு நான்கு மே ஆயிரத்து தொள்ளாயிரத்து நாற்பத்துநான்கு தேதியில் தொடங்கும் .,date
12-24-1920,டிசம்பர் இருபத்துநான்கு ஆயிரத்து தொள்ளாயிரத்து இருபது,date
Rs 96,தொண்ணூற்றாறு ரூபாய்,money
"78,50,70,173",எழுபத்தெட்டு கோடி ஐம்பது இலட்சம் எழுபது ஆயிரம் நூற்றெழுபத்து மூன்று,cardinal
கடிதத்தில் 1985-08-27 இருந்தது.,கடிதத்தில் ஆயிரத்து தொள்ளாயிரத்து எண்பத்தைந்து ஆகஸ்ட் இருபத்தேழு இருந்தது .,date
அவர் 19/03/2677 அன்று பிறந்தார்.,அவர் பத்தொன்பது மார்ச் இரண்டாயிரத்து அறுநூற்று எழுபத்தேழு அன்று பிறந்தார் .,date
2740.29 மி.லி சரியானது.,இரண்டாயிரத்து எழுநூற்று நாற்பது புள்ளி இரண்டு ஒன்பது மில்லிலிட்டர் சரியானது .,measure
"மொத்த செலவு ₹ 1,27,55,575.",மொத்த செலவு ஒரு கோடி இருபத்தேழு இலட்சம் ஐம்பத்தைந்து ஆயிரம் ஐந்நூற்று எழுபத்தைந்து ரூபாய் .,money
03-05-2092 அன்று 576.94lb மழை பெய்தது.,மூன்று மே இரண்டாயிரத்து தொண்ணூற்றிரண்டு அன்று ஐந்நூற்று எழுபத்தாறு புள்ளி ஒன்பது நான்கு பவுண்டு மழை பெய்தது .,mixed
09-02-2062 என்று எழுதப்பட்டுள்ளது.,ஒன்பது பிப்ரவரி இரண்டாயிரத்து அறுபத்திரண்டு என்று எழுதப்பட்டுள்ளது .,date
17/02/1169 சரியானது.,பதினேழு பிப்ரவரி ஆயிரத்து நூற்றறுபத்து ஒன்பது சரியானது .,date
17:05,பதினேழு மணி ஐந்து நிமிடம்,time
மொத்த மதிப்பெண் ௪௯௭௫ல்.,மொத்த மதிப்பெண் நான்காயிரத்து தொள்ளாயிரத்து எழுபத்தைந்தில் .,cardinal
52 ml சரியானது.,ஐம்பத்திரண்டு மில்லிலிட்டர் சரியானது .,measure
மொத்த மதிப்பெண் -66731.,மொத்த மதிப்பெண் மைனஸ் அறுபத்தாறு ஆயிரம் எழுநூற்று முப்பத்தொன்று .,cardinal
௨௦௯௩-௦௧-௩௧ என்பதை நினைவில் கொள்ளுங்கள்.,இரண்டாயிரத்து தொண்ணூற்றுமூன்று ஜனவரி முப்பத்தொன்று என்பதை நினைவில் கொள்ளுங்கள் .,date
"2,43,24,168 ₹",இரண்டு கோடி நாற்பத்துமூன்று இலட்சம் இருபத்துநான்கு ஆயிரம் நூற்றறுபத்து எட்டு ரூபாய்,money
"8,74,94,873.3₹ சரியானது.",எட்டு கோடி எழுபத்துநான்கு இலட்சம் தொண்ணூற்றுநான்கு ஆயிரம் எண்ணூற்று எழுபத்துமூன்று ரூபாய் முப்பது பைசா சரியானது .,money
இதில் 5×9=45 குறிப்பிடப்பட்டுள்ளது.,இதில் ஐந்து பெருக்கல் ஒன்பது சமம் நாற்பத்தைந்து குறிப்பிடப்பட்டுள்ளது .,whitelist
13998.608,பதிமூன்று ஆயிரம் தொள்ளாயிரத்து தொண்ணூற்றெட்டு புள்ளி ஆறு பூஜ்யம் எட்டு,decimal
பதிவு தேதி 1535-03-01 ஆகும்.,பதிவு தேதி ஆயிரத்து ஐந்நூற்று முப்பத்தைந்து மார்ச் ஒன்று ஆகும் .,date
"119,866",ஒரு இலட்சம் பத்தொன்பது ஆயிரம் எண்ணூற்று அறுபத்தாறு,cardinal
0.04,பூஜ்யம் புள்ளி பூஜ்யம் நான்கு,decimal
"அவர் 30,95,940ரூ. என்றார்.",அவர் முப்பது இலட்சம் தொண்ணூற்றைந்து ஆயிரம் தொள்ளாயிரத்து நாற்பது ரூபாய் என்றார் .,money
05-03-1966,ஐந்து மார்ச் ஆயிரத்து தொள்ளாயிரத்து அறுபத்தாறு,date
19-02-2071 அன்று விடுமுறை.,பத்தொன்பது பிப்ரவரி இரண்டாயிரத்து எழுபத்தொன்று அன்று விடுமுறை .,date
வண்டி எண் 8662390072 ஆகும்.,வண்டி எண் எட்டு ஆறு ஆறு இரண்டு மூன்று ஒன்பது பூஜ்யம் பூஜ்யம் ஏழு இரண்டு ஆகும் .,cardinal
கடிதத்தில் 03-04-2092 இருந்தது.,கடிதத்தில் மூன்று ஏப்ரல் இரண்டாயிரத்து தொண்ணூற்றிரண்டு இருந்தது .,date
3.92 மி.மீ.,மூன்று புள்ளி ஒன்பது இரண்டு மில்லிமீட்டர்,measure
€ 0.58,ஐம்பத்தெட்டு சென்ட்,money
இதில் 7¼ குறிப்பிடப்பட்டுள்ளது.,இதில் ஏழு மற்றும் நான்கில் ஒன்று குறிப்பிடப்பட்டுள்ளது .,fraction
செய்தியில் 717.1 என்று வந்தது.,செய்தியில் எழுநூற்றுப்பதினேழு புள்ளி ஒன்று என்று வந்தது .,decimal
41824,நாற்பத்தொன்று ஆயிரம் எண்ணூற்று இருபத்துநான்கு,cardinal
செய்தியில் 6293475 என்று வந்தது.,செய்தியில் அறுபத்திரண்டு இலட்சம் தொண்ணூற்றுமூன்று ஆயிரம் நானூற்று எழுபத்தைந்து என்று வந்தது .,cardinal
"௨,௨௦,௧௦,௧௨௮ ரூ சரியானது.",இரண்டு கோடி இருபது இலட்சம் பத்து ஆயிரம் நூற்று இருபத்தெட்டு ரூபாய் சரியானது .,money
0.8 என்பதை நினைவில் கொள்ளுங்கள்.,பூஜ்யம் புள்ளி எட்டு என்பதை நினைவில் கொள்ளுங்கள் .,decimal
இதில் 92855.82 குறிப்பிடப்பட்டுள்ளது.,இதில் தொண்ணூற்றிரண்டு ஆயிரம் எண்ணூற்று ஐம்பத்தைந்து புள்ளி எட்டு இரண்டு குறிப்பிடப்பட்டுள்ளது .,decimal
அவர் 19-11-2038 என்றார்.,அவர் பத்தொன்பது நவம்பர் இரண்டாயிரத்து முப்பத்தெட்டு என்றார் .,date
௭௫௪௭௨௨௯௨௯,எழுபத்தைந்து கோடி நாற்பத்தேழு இலட்சம் இருபத்திரண்டு ஆயிரம் தொள்ளாயிரத்து இருபத்தொன்பது,cardinal
௨௦:௦௪:௩௧ மணிக்கு என்பதை நினைவில் கொள்ளுங்கள்.,இருபது மணி நான்கு நிமிடம் முப்பத்தொன்று வினாடி என்பதை நினைவில் கொள்ளுங்கள் .,time
₹ 676165929,அறுபத்தேழு கோடி அறுபத்தொன்று இலட்சம் அறுபத்தைந்து ஆயிரம் தொள்ளாயிரத்து இருபத்தொன்பது ரூபாய்,money
இதில் +9718106246038 குறிப்பிடப்பட்டுள்ளது.,இதில் பிளஸ் ஒன்பது ஏழு ஒன்று எட்டு ஒன்று பூஜ்யம் ஆறு இரண்டு நான்கு ஆறு பூஜ்யம் மூன்று எட்டு குறிப்பிடப்பட்டுள்ளது .,telephone
"௬௧,௦௧,௨௩,௭௬௪",அறுபத்தொன்று கோடி ஒன்று இலட்சம் இருபத்துமூன்று ஆயிரம் எழுநூற்று அறுபத்துநான்கு,cardinal
£59.64,ஐம்பத்தொன்பது பவுண்ட் அறுபத்துநான்கு பென்ஸ்,money
"அவர் 4,90,47,632.5ரூ. செலுத்தினார்.",அவர் நான்கு கோடி தொண்ணூறு இலட்சம் நாற்பத்தேழு ஆயிரம் அறுநூற்று முப்பத்திரண்டு ரூபாய் ஐம்பது பைசா செலுத்தினார் .,money
தூரம் 13 மி.லி. ஆகும்.,தூரம் பதிமூன்று மில்லிலிட்டர் ஆகும் .,measure
அவர் ரூ. 5796 செலுத்தினார்.,அவர் ஐந்தாயிரத்து எழுநூற்றுத்தொண்ணூற்றாறு ரூபாய் செலுத்தினார் .,money
922,தொள்ளாயிரத்து இருபத்திரண்டு,cardinal
£ ௪௩.௫௭,நாற்பத்துமூன்று பவுண்ட் ஐம்பத்தேழு பென்ஸ்,money
70571.1 என்று எழுதப்பட்டுள்ளது.,எழுபது ஆயிரம் ஐந்நூற்று எழுபத்தொன்று புள்ளி ஒன்று என்று எழுதப்பட்டுள்ளது .,decimal
செய்தியில் 12:01:21 என்று வந்தது.,செய்தியில் பன்னிரண்டு மணி ஒன்று நிமிடம் இருபத்தொன்று வினாடி என்று வந்தது .,time
002-040758,பூஜ்யம் பூஜ்யம் இரண்டு பூஜ்யம் நான்கு பூஜ்யம் ஏழு ஐந்து எட்டு,telephone
0.88 என்று எழுதப்பட்டுள்ளது.,பூஜ்யம் புள்ளி எட்டு எட்டு என்று எழுதப்பட்டுள்ளது .,decimal
2018-08-01 அன்று €61.23 செலுத்தினேன்.,இரண்டாயிரத்து பதினெட்டு ஆகஸ்ட் ஒன்று அன்று அறுபத்தொன்று யூரோ இருபத்துமூன்று சென்ட் செலுத்தினேன் .,mixed
1421-2807 நாட்கள் ஆகும்.,ஆயிரத்து நானூற்று இருபத்தொன்று முதல் இரண்டாயிரத்து எண்ணூற்று ஏழு நாட்கள் ஆகும் .,range
மொத்தத்தில் ௪௨/௧௮ பங்கு.,மொத்தத்தில் பதினெட்டில் நாற்பத்திரண்டு பங்கு .,fraction
24:18 மணிக்கு,இருபத்துநான்கு மணி பதினெட்டு நிமிடம்,time
இது 67ஆவது முறை.,இது அறுபத்தேழாவது முறை .,ordinal
3:59,மூன்று மணி ஐம்பத்தொன்பது நிமிடம்,time
௨௪௬௪௧௮௩,இருபத்துநான்கு இலட்சம் அறுபத்துநான்கு ஆயிரம் நூற்றெண்பத்து மூன்று,cardinal
572.04 சரியானது.,ஐந்நூற்று எழுபத்திரண்டு புள்ளி பூஜ்யம் நான்கு சரியானது .,decimal
௬௫-௧௦௪,அறுபத்தைந்து முதல் நூற்று நான்கு,range
9.13,ஒன்பது புள்ளி ஒன்று மூன்று,decimal
நிலப்பரப்பு 14.9 செ.மீ. ஆகும்.,நிலப்பரப்பு பதினான்கு புள்ளி ஒன்பது சென்டிமீட்டர் ஆகும் .,measure
5.4,ஐந்து புள்ளி நான்கு,decimal
1952-02-02,ஆயிரத்து தொள்ளாயிரத்து ஐம்பத்திரண்டு பிப்ரவரி இரண்டு,date
3922920,முப்பத்தொன்பது இலட்சம் இருபத்திரண்டு ஆயிரம் தொள்ளாயிரத்து இருபது,cardinal
௮௭௨வது கூட்டம் 01-01-1912 அன்று நடந்தது.,எண்ணூற்று எழுபத்திரண்டாவது கூட்டம் ஒன்று ஜனவரி ஆயிரத்து தொள்ளாயிரத்து பன்னிரண்டு அன்று நடந்தது .,mixed
07-09-2004 என்று எழுதப்பட்டுள்ளது.,ஏழு செப்டம்பர் இரண்டாயிரத்து நான்கு என்று எழுதப்பட்டுள்ளது .,date
Rs3.22,மூன்று ரூபாய் இருபத்திரண்டு பைசா,money
"ரூ8,38,74,113.3",எட்டு கோடி முப்பத்தெட்டு இலட்சம் எழுபத்துநான்கு ஆயிரம் நூற்றுப்பதிமூன்று ரூபாய் முப்பது பைசா,money
6192284ரூ,அறுபத்தொன்று இலட்சம் தொண்ணூற்றிரண்டு ஆயிரம் இருநூற்று எண்பத்துநான்கு ரூபாய்,money
௨௮-௧௨-௧௯௩௧,இருபத்தெட்டு டிசம்பர் ஆயிரத்து தொள்ளாயிரத்து முப்பத்தொன்று,date
நிகழ்ச்சி ௧௭:௧௦ ஒளிபரப்பாகும்.,நிகழ்ச்சி பதினேழு மணி பத்து நிமிடம் ஒளிபரப்பாகும் .,time
கடிதத்தில் ௧௧௧௧௦௦௧௧௨௩௭௧௬ இருந்தது.,கடிதத்தில் ஒன்று ஒன்று ஒன்று ஒன்று பூஜ்யம் பூஜ்யம் ஒன்று ஒன்று இரண்டு மூன்று ஏழு ஒன்று ஆறு இருந்தது .,cardinal
1757-2809,ஆயிரத்து எழுநூற்று ஐம்பத்தேழு முதல் இரண்டாயிரத்து எண்ணூற்று ஒன்பது,range
௫௪௪௧௯௭௭,ஐம்பத்துநான்கு இலட்சம் நாற்பத்தொன்று ஆயிரம் தொள்ளாயிரத்து எழுபத்தேழு,cardinal
16-07-2031 என்பதை நினைவில் கொள்ளுங்கள்.,பதினாறு ஜூலை இரண்டாயிரத்து முப்பத்தொன்று என்பதை நினைவில் கொள்ளுங்கள் .,date
198-336,நூற்றுத்தொண்ணூற்றெட்டு முதல் முந்நூற்று முப்பத்தாறு,range
600,அறுநூறு,cardinal
கூட்டம் 08.08.1925 அன்று நடந்தது.,கூட்டம் எட்டு ஆகஸ்ட் ஆயிரத்து தொள்ளாயிரத்து இருபத்தைந்து அன்று நடந்தது .,date
நேரம் 09:57 ஆகிவிட்டது.,நேரம் ஒன்பது மணி ஐம்பத்தேழு நிமிடம் ஆகிவிட்டது .,time
Rs7400 சரியானது.,ஏழாயிரத்து நானூறு ரூபாய் சரியானது .,money
அவர் 28 hr என்றார்.,அவர் இருபத்தெட்டு மணி என்றார் .,measure
நீளம் 94674.347 ஆக இருந்தது.,நீளம் தொண்ணூற்றுநான்கு ஆயிரம் அறுநூற்று எழுபத்துநான்கு புள்ளி மூன்று நான்கு ஏழு ஆக இருந்தது .,decimal
மொத்தம் 5467 மாணவர்கள் உள்ளனர்.,மொத்தம் ஐந்தாயிரத்து நானூற்று அறுபத்தேழு மாணவர்கள் உள்ளனர் .,cardinal
வெப்பநிலை 258-287 டிகிரி இருக்கும்.,வெப்பநிலை இருநூற்று ஐம்பத்தெட்டு முதல் இருநூற்று எண்பத்தேழு டிகிரி இருக்கும் .,range
2026-01-01,இரண்டாயிரத்து இருபத்தாறு ஜனவரி ஒன்று,date
அவர் ௨௦௦௦ல் ஓட்டங்கள் எடுத்தார்.,அவர் இரண்டாயிரத்தில் ஓட்டங்கள் எடுத்தார் .,cardinal
௫௯௨,ஐந்நூற்றுத்தொண்ணூற்றிரண்டு,cardinal
கடிதத்தில் 4766ரூ. இருந்தது.,கடிதத்தில் நான்காயிரத்து எழுநூற்று அறுபத்தாறு ரூபாய் இருந்தது .,money
சராசரி 49476.398 ஆகும்.,சராசரி நாற்பத்தொன்பது ஆயிரம் நானூற்று எழுபத்தாறு புள்ளி மூன்று ஒன்பது எட்டு ஆகும் .,decimal
78% என்று எழுதப்பட்டுள்ளது.,எழுபத்தெட்டு சதவீதம் என்று எழுதப்பட்டுள்ளது .,whitelist
25TB,இருபத்தைந்து டெராபைட்,measure
கூட்டம் 10-12-1974 அன்று நடந்தது.,கூட்டம் பத்து டிசம்பர் ஆயிரத்து தொள்ளாயிரத்து எழுபத்துநான்கு அன்று நடந்தது .,date
07-24492956,பூஜ்யம் ஏழு இரண்டு நான்கு நான்கு ஒன்பது இரண்டு ஒன்பது ஐந்து ஆறு,telephone
13:54,பதிமூன்று மணி ஐம்பத்துநான்கு நிமிடம்,time
5959,ஐந்தாயிரத்து தொள்ளாயிரத்து ஐம்பத்தொன்பது,cardinal
8:11,எட்டு மணி பதினொன்று நிமிடம்,time
37 %,முப்பத்தேழு சதவீதம்,whitelist
₹6,ஆறு ரூபாய்,money
6 2/7,ஆறு மற்றும் ஏழில் இரண்டு,fraction
அவர் 12½ என்றார்.,அவர் பன்னிரண்டு மற்றும் இரண்டில் ஒன்று என்றார் .,fraction
அளவு 3.687 ஆக உள்ளது.,அளவு மூன்று புள்ளி ஆறு எட்டு ஏழு ஆக உள்ளது .,decimal
நாள் 09/12/2056 என்று குறிக்கப்பட்டுள்ளது.,நாள் ஒன்பது டிசம்பர் இரண்டாயிரத்து ஐம்பத்தாறு என்று குறிக்கப்பட்டுள்ளது .,date
7650095 பற்றி பேசினோம்.,எழுபத்தாறு இலட்சம் ஐம்பது ஆயிரம் தொண்ணூற்றைந்து பற்றி பேசினோம் .,cardinal
7162785328 என்ற எண்ணை அழைக்கவும்.,ஏழு ஒன்று ஆறு இரண்டு ஏழு எட்டு ஐந்து மூன்று இரண்டு எட்டு என்ற எண்ணை அழைக்கவும் .,telephone
59,ஐம்பத்தொன்பது,cardinal
அவள் உயரம் 6.3 ft ஆகும்.,அவள் உயரம் ஆறு புள்ளி மூன்று அடி ஆகும் .,measure
656-1148 பேர் வரலாம்.,அறுநூற்று ஐம்பத்தாறு முதல் ஆயிரத்து நூற்று நாற்பத்தெட்டு பேர் வரலாம் .,range
அவர் 2:57:43 மணிக்கு என்றார்.,அவர் இரண்டு மணி ஐம்பத்தேழு நிமிடம் நாற்பத்துமூன்று வினாடி என்றார் .,time
9896397704028 நாட்கள் ஆயிற்று.,ஒன்பது எட்டு ஒன்பது ஆறு மூன்று ஒன்பது ஏழு ஏழு பூஜ்யம் நான்கு பூஜ்யம் இரண்டு எட்டு நாட்கள் ஆயிற்று .,cardinal
464365558,நாற்பத்தாறு கோடி நாற்பத்துமூன்று இலட்சம் அறுபத்தைந்து ஆயிரம் ஐந்நூற்று ஐம்பத்தெட்டு,cardinal
"₹4,18,98,000 என்று எழுதப்பட்டுள்ளது.",நான்கு கோடி பதினெட்டு இலட்சம் தொண்ணூற்றெட்டு ஆயிரம் ரூபாய் என்று எழுதப்பட்டுள்ளது .,money
9154573 பற்றி பேசினோம்.,தொண்ணூற்றொன்று இலட்சம் ஐம்பத்துநான்கு ஆயிரம் ஐந்நூற்று எழுபத்துமூன்று பற்றி பேசினோம் .,cardinal
5GB பற்றி பேசினோம்.,ஐந்து கிகாபைட் பற்றி பேசினோம் .,measure
பெட்டியின் எடை 609min இருக்கும்.,பெட்டியின் எடை அறுநூற்று ஒன்பது நிமிடம் இருக்கும் .,measure
₹ 9383 என்பதை நினைவில் கொள்ளுங்கள்.,ஒன்பதாயிரத்து முந்நூற்று எண்பத்துமூன்று ரூபாய் என்பதை நினைவில் கொள்ளுங்கள் .,money
88014,எண்பத்தெட்டு ஆயிரம் பதினான்கு,cardinal
2455வது,இரண்டாயிரத்து நானூற்று ஐம்பத்தைந்தாவது,ordinal
-279 என்று எழுதப்பட்டுள்ளது.,மைனஸ் இருநூற்று எழுபத்தொன்பது என்று எழுதப்பட்டுள்ளது .,cardinal
இதில் 11/60 குறிப்பிடப்பட்டுள்ளது.,இதில் அறுபதில் பதினொன்று குறிப்பிடப்பட்டுள்ளது .,fraction
புகார் எண் 6184322100 ஆகும்.,புகார் எண் ஆறு ஒன்று எட்டு நான்கு மூன்று இரண்டு இரண்டு ஒன்று பூஜ்யம் பூஜ்யம் ஆகும் .,telephone
42,நாற்பத்திரண்டு,cardinal
242-276 வயது குழந்தைகள் வரலாம்.,இருநூற்று நாற்பத்திரண்டு முதல் இருநூற்று எழுபத்தாறு வயது குழந்தைகள் வரலாம் .,range
இதில் 08:46 குறிப்பிடப்பட்டுள்ளது.,இதில் எட்டு மணி நாற்பத்தாறு நிமிடம் குறிப்பிடப்பட்டுள்ளது .,time
16-04-1995 என்று எழுதப்பட்டுள்ளது.,பதினாறு ஏப்ரல் ஆயிரத்து தொள்ளாயிரத்து தொண்ணூற்றைந்து என்று எழுதப்பட்டுள்ளது .,date
கடைசி தேதி 11-23-2036.,கடைசி தேதி நவம்பர் இருபத்துமூன்று இரண்டாயிரத்து முப்பத்தாறு .,date
3×10=30 பேசினார்.,மூன்று பெருக்கல் பத்து சமம் முப்பது பேசினார் .,whitelist
7÷1,ஏழு வகுத்தல் ஒன்று,whitelist
மதிப்பீடு 7.54.,மதிப்பீடு ஏழு புள்ளி ஐந்து நான்கு .,decimal
7960990886,ஏழு ஒன்பது ஆறு பூஜ்யம் ஒன்பது ஒன்பது பூஜ்யம் எட்டு எட்டு ஆறு,telephone
உதவி எண் 06-267691 என அறிவித்தனர்.,உதவி எண் பூஜ்யம் ஆறு இரண்டு ஆறு ஏழு ஆறு ஒன்பது ஒன்று என அறிவித்தனர் .,telephone
அலுவலகம் ௦௧:௪௪ திறக்கும்.,அலுவலகம் ஒரு மணி நாற்பத்துநான்கு நிமிடம் திறக்கும் .,time
இதில் 01-12-2081 குறிப்பிடப்பட்டுள்ளது.,இதில் ஒன்று டிசம்பர் இரண்டாயிரத்து எண்பத்தொன்று குறிப்பிடப்பட்டுள்ளது .,date
"கடிதத்தில் ¥5,91,730.99 இருந்தது.",கடிதத்தில் ஐந்து இலட்சம் தொண்ணூற்றொன்று ஆயிரம் எழுநூற்று முப்பது யென் தொண்ணூற்றொன்பது சென் இருந்தது .,money
௧௧௫௫ பற்றி பேசினோம்.,ஆயிரத்து நூற்றைம்பத்து ஐந்து பற்றி பேசினோம் .,cardinal
237 பற்றி பேசினோம்.,இருநூற்று முப்பத்தேழு பற்றி பேசினோம் .,cardinal
₹ 227425306,இருபத்திரண்டு கோடி எழுபத்துநான்கு இலட்சம் இருபத்தைந்து ஆயிரம் முந்நூற்று ஆறு ரூபாய்,money
"$ 4,32,26,217",நான்கு கோடி முப்பத்திரண்டு இலட்சம் இருபத்தாறு ஆயிரம் இருநூற்றுப்பதினேழு டாலர்,money
667-930 நாட்கள் ஆகும்.,அறுநூற்று அறுபத்தேழு முதல் தொள்ளாயிரத்து முப்பது நாட்கள் ஆகும் .,range
௨௦௨௫-௦௨-௧௪ முதல் விற்பனை தொடங்கும்.,இரண்டாயிரத்து இருபத்தைந்து பிப்ரவரி பதினான்கு முதல் விற்பனை தொடங்கும் .,date
வேகம் ௯.௯௩ GB ஆக இருந்தது.,வேகம் ஒன்பது புள்ளி ஒன்பது மூன்று கிகாபைட் ஆக இருந்தது .,measure
"அவர் Rs 1,55,30,670 என்றார்.",அவர் ஒரு கோடி ஐம்பத்தைந்து இலட்சம் முப்பது ஆயிரம் அறுநூற்று எழுபது ரூபாய் என்றார் .~அவர் ஒரு கோடி ஐம்பத்தைந்து இலட்சம் முப்பது ஆயிரம் அறுநூற்றெழுபது ரூபாய் என்றார் .,money
15-02-1943 என்று எழுதப்பட்டுள்ளது.,பதினைந்து பிப்ரவரி ஆயிரத்து தொள்ளாயிரத்து நாற்பத்துமூன்று என்று எழுதப்பட்டுள்ளது .,date
அந்த நிறுவனத்தில் 193 ஊழியர்கள் பணிபுரிகின்றனர்.,அந்த நிறுவனத்தில் நூற்றுத்தொண்ணூற்றுமூன்று ஊழியர்கள் பணிபுரிகின்றனர் .,cardinal
8817786516 என்பதை நினைவில் கொள்ளுங்கள்.,எட்டு எட்டு ஒன்று ஏழு ஏழு எட்டு ஆறு ஐந்து ஒன்று ஆறு என்பதை நினைவில் கொள்ளுங்கள் .,telephone
14:41,பதினான்கு மணி நாற்பத்தொன்று நிமிடம்,time
8098815181,எட்டு பூஜ்யம் ஒன்பது எட்டு எட்டு ஒன்று ஐந்து ஒன்று எட்டு ஒன்று,telephone
9.5%,ஒன்பது புள்ளி ஐந்து சதவீதம்,whitelist
9123,ஒன்பதாயிரத்து நூற்று இருபத்துமூன்று,cardinal
+91 6314109660 இந்த எண்ணில் அழையுங்கள்.,பிளஸ் ஒன்பது ஒன்று ஆறு மூன்று ஒன்று நான்கு ஒன்று பூஜ்யம் ஒன்பது ஆறு ஆறு பூஜ்யம் இந்த எண்ணில் அழையுங்கள் .,telephone
வகுப்பு ௧௬:௨௬ முடியும்.,வகுப்பு பதினாறு மணி இருபத்தாறு நிமிடம் முடியும் .,time
கடிதத்தில் 403.57 இருந்தது.,கடிதத்தில் நானூற்று மூன்று புள்ளி ஐந்து ஏழு இருந்தது .,decimal
2/4 பங்கு அதாவது 9255 °F மட்டும் மீதம்.,நான்கில் இரண்டு பங்கு அதாவது ஒன்பதாயிரத்து இருநூற்று ஐம்பத்தைந்து டிகிரி பாரன்ஹீட் மட்டும் மீதம் .,mixed
-7 °C,மைனஸ் ஏழு டிகிரி செல்சியஸ்,measure
கூட்டத்தில் 8 பேர் வந்தனர்.,கூட்டத்தில் எட்டு பேர் வந்தனர் .,cardinal
கடிதத்தில் 14:36 இருந்தது.,கடிதத்தில் பதினான்கு மணி முப்பத்தாறு நிமிடம் இருந்தது .,time
மொத்த மதிப்பெண் -76.,மொத்த மதிப்பெண் மைனஸ் எழுபத்தாறு .,cardinal
கடிதத்தில் ௩௫௪ இருந்தது.,கடிதத்தில் முந்நூற்று ஐம்பத்துநான்கு இருந்தது .,cardinal
கூட்டம் 03:44 தொடங்கும்.,கூட்டம் மூன்று மணி நாற்பத்துநான்கு நிமிடம் தொடங்கும் .,time
பள்ளியில் 2142 ஆசிரியர்கள் உள்ளனர்.,பள்ளியில் இரண்டாயிரத்து நூற்று நாற்பத்திரண்டு ஆசிரியர்கள் உள்ளனர் .,cardinal
"6,62,57,788.6₹ என்று எழுதப்பட்டுள்ளது.",ஆறு கோடி அறுபத்திரண்டு இலட்சம் ஐம்பத்தேழு ஆயிரம் எழுநூற்று எண்பத்தெட்டு ரூபாய் அறுபது பைசா என்று எழுதப்பட்டுள்ளது .,money
27ஆம்,இருபத்தேழாம்,ordinal
செய்தியில் ௦௩ என்று வந்தது.,செய்தியில் பூஜ்யம் மூன்று என்று வந்தது .,cardinal
02:00,இரண்டு மணி,time
மொத்தம் 70 மாணவர்கள் உள்ளனர்.,மொத்தம் எழுபது மாணவர்கள் உள்ளனர் .,cardinal
நிலப்பரப்பு 5631 yr ஆகும்.,நிலப்பரப்பு ஐந்தாயிரத்து அறுநூற்று முப்பத்தொன்று ஆண்டு ஆகும் .,measure
மாத சம்பளம் $496 தான்.,மாத சம்பளம் நானூற்றுத்தொண்ணூற்றாறு டாலர் தான் .,money
சராசரி 937.18 ஆகும்.,சராசரி தொள்ளாயிரத்து முப்பத்தேழு புள்ளி ஒன்று எட்டு ஆகும் .,decimal
அந்த நிலம் Rs4610 விலை போனது.,அந்த நிலம் நான்காயிரத்து அறுநூற்றுப்பத்து ரூபாய் விலை போனது .,money
15:29 கிளம்பி ௫௬.௪௪ கி.மீ. நடந்தோம்.,பதினைந்து மணி இருபத்தொன்பது நிமிடம் கிளம்பி ஐம்பத்தாறு புள்ளி நான்கு நான்கு கிலோமீட்டர் நடந்தோம் .,mixed
வாடகை €6167.93 ஆக உயர்ந்தது.,வாடகை ஆறாயிரத்து நூற்றறுபத்து ஏழு யூரோ தொண்ணூற்றுமூன்று சென்ட் ஆக உயர்ந்தது .,money
01-3212317,பூஜ்யம் ஒன்று மூன்று இரண்டு ஒன்று இரண்டு மூன்று ஒன்று ஏழு,telephone
உதவி எண் 03-857143 என அறிவித்தனர்.,உதவி எண் பூஜ்யம் மூன்று எட்டு ஐந்து ஏழு ஒன்று நான்கு மூன்று என அறிவித்தனர் .,telephone
11:03 மணிக்கு,பதினொன்று மணி மூன்று நிமிடம்,time
அவன் 15748.098 மதிப்பெண் பெற்றான்.,அவன் பதினைந்து ஆயிரம் எழுநூற்று நாற்பத்தெட்டு புள்ளி பூஜ்யம் ஒன்பது எட்டு மதிப்பெண் பெற்றான் .,decimal
$ 71.95 சரியானது.,எழுபத்தொன்று டாலர் தொண்ணூற்றைந்து சென்ட் சரியானது .,money
இதில் 2வது குறிப்பிடப்பட்டுள்ளது.,இதில் இரண்டாவது குறிப்பிடப்பட்டுள்ளது .,ordinal
34வது பரிசு £38 ஆகும்.,முப்பத்துநான்காவது பரிசு முப்பத்தெட்டு பவுண்ட் ஆகும் .,mixed
அவர் ₹5428 செலுத்தினார்.,அவர் ஐந்தாயிரத்து நானூற்று இருபத்தெட்டு ரூபாய் செலுத்தினார் .,money
அவர் 9377வது இடம் பிடித்தார்.,அவர் ஒன்பதாயிரத்து முந்நூற்று எழுபத்தேழாவது இடம் பிடித்தார் .,ordinal
100 %,நூறு சதவீதம்,whitelist
"¥ 6,78,43,807",ஆறு கோடி எழுபத்தெட்டு இலட்சம் நாற்பத்துமூன்று ஆயிரம் எண்ணூற்று ஏழு யென்,money
கடிதத்தில் Rs362506552.3 இருந்தது.,கடிதத்தில் முப்பத்தாறு கோடி இருபத்தைந்து இலட்சம் ஆறாயிரத்து ஐந்நூற்று ஐம்பத்திரண்டு ரூபாய் முப்பது பைசா இருந்தது .,money
இது அவரது 7846ஆம் புத்தகம்.,இது அவரது ஏழாயிரத்து எண்ணூற்று நாற்பத்தாறாம் புத்தகம் .,ordinal
"மொத்தம் 26,07,29,217 மாணவர்கள் உள்ளனர்.",மொத்தம் இருபத்தாறு கோடி ஏழு இலட்சம் இருபத்தொன்பது ஆயிரம் இருநூற்றுப்பதினேழு மாணவர்கள் உள்ளனர் .,cardinal
அவர் $5037414 செலுத்தினார்.,அவர் ஐம்பது இலட்சம் முப்பத்தேழு ஆயிரம் நானூற்றுப்பதினான்கு டாலர் செலுத்தினார் .,money
73%,எழுபத்துமூன்று சதவீதம்,whitelist
9642 கி.கி,ஒன்பதாயிரத்து அறுநூற்று நாற்பத்திரண்டு கிலோகிராம்,measure
திருமணம் 30/04/1933 அன்று நடைபெறும்.,திருமணம் முப்பது ஏப்ரல் ஆயிரத்து தொள்ளாயிரத்து முப்பத்துமூன்று அன்று நடைபெறும் .,date
அளவு ௬.௩ ஆக உள்ளது.,அளவு ஆறு புள்ளி மூன்று ஆக உள்ளது .,decimal
விண்ணப்பம் 22/03/2023 அன்று அனுப்பப்பட்டது.,விண்ணப்பம் இருபத்திரண்டு மார்ச் இரண்டாயிரத்து இருபத்துமூன்று அன்று அனுப்பப்பட்டது .,date
அவர் 54 ரூ என்றார்.,அவர் ஐம்பத்துநான்கு ரூபாய் என்றார் .,money
-979.248,மைனஸ் தொள்ளாயிரத்து எழுபத்தொன்பது புள்ளி இரண்டு நான்கு எட்டு,decimal
௬௩௫௩௬௨௩௭௨,அறுபத்துமூன்று கோடி ஐம்பத்துமூன்று இலட்சம் அறுபத்திரண்டு ஆயிரம் முந்நூற்று எழுபத்திரண்டு,cardinal
இப்போது மணி 23:02.,இப்போது மணி இருபத்துமூன்று மணி இரண்டு நிமிடம் .,time
சராசரி 0.6 ஆகும்.,சராசரி பூஜ்யம் புள்ளி ஆறு ஆகும் .,decimal
அவர் Rs73.26 என்றார்.,அவர் எழுபத்துமூன்று ரூபாய் இருபத்தாறு பைசா என்றார் .,money
வளர்ச்சி விகிதம் 1.4 ஆக இருந்தது.,வளர்ச்சி விகிதம் ஒன்று புள்ளி நான்கு ஆக இருந்தது .,decimal
56,ஐம்பத்தாறு,cardinal
அலுவலகம் 17:58 திறக்கும்.,அலுவலகம் பதினேழு மணி ஐம்பத்தெட்டு நிமிடம் திறக்கும் .,time
7926 ரூ என்பதை நினைவில் கொள்ளுங்கள்.,ஏழாயிரத்து தொள்ளாயிரத்து இருபத்தாறு ரூபாய் என்பதை நினைவில் கொள்ளுங்கள் .,money
கடிதத்தில் 4/6 இருந்தது.,கடிதத்தில் ஆறில் நான்கு இருந்தது .,fraction
936 பற்றி பேசினோம்.,தொள்ளாயிரத்து முப்பத்தாறு பற்றி பேசினோம் .,cardinal
30-58 என்பதை நினைவில் கொள்ளுங்கள்.,முப்பது முதல் ஐம்பத்தெட்டு என்பதை நினைவில் கொள்ளுங்கள் .,range
20:23:04 மணிக்கு,இருபது மணி இருபத்துமூன்று நிமிடம் நான்கு வினாடி,time
எல்லாம் நலம்.,எல்லாம் நலம் .,word
இதில் ₹௬௭௫௫ குறிப்பிடப்பட்டுள்ளது.,இதில் ஆறாயிரத்து எழுநூற்று ஐம்பத்தைந்து ரூபாய் குறிப்பிடப்பட்டுள்ளது .,money
Rs553925561,ஐம்பத்தைந்து கோடி முப்பத்தொன்பது இலட்சம் இருபத்தைந்து ஆயிரம் ஐந்நூற்று அறுபத்தொன்று ரூபாய்,money
இது 3378வது முறை.,இது மூன்றாயிரத்து முந்நூற்று எழுபத்தெட்டாவது முறை .,ordinal
327வது அத்தியாயம் படிக்கவும்.,முந்நூற்று இருபத்தேழாவது அத்தியாயம் படிக்கவும் .,ordinal
அந்த நிலம் 542 ரூ/- விலை போனது.,அந்த நிலம் ஐந்நூற்று நாற்பத்திரண்டு ரூபாய் விலை போனது .,money
திருமணம் 04-12-1913 அன்று நடைபெறும்.,திருமணம் நான்கு டிசம்பர் ஆயிரத்து தொள்ளாயிரத்து பதிமூன்று அன்று நடைபெறும் .,date
"₹3,16,44,183 பற்றி பேசினோம்.",மூன்று கோடி பதினாறு இலட்சம் நாற்பத்துநான்கு ஆயிரம் நூற்றெண்பத்து மூன்று ரூபாய் பற்றி பேசினோம் .,money
21-04-2051,இருபத்தொன்று ஏப்ரல் இரண்டாயிரத்து ஐம்பத்தொன்று,date
"கடிதத்தில் Rs8,10,19,782 இருந்தது.",கடிதத்தில் எட்டு கோடி பத்து இலட்சம் பத்தொன்பது ஆயிரம் எழுநூற்று எண்பத்திரண்டு ரூபாய் இருந்தது .,money
நீளம் -9.964 ஆக இருந்தது.,நீளம் மைனஸ் ஒன்பது புள்ளி ஒன்பது ஆறு நான்கு ஆக இருந்தது .,decimal
027-25811283 இந்த எண்ணில் அழையுங்கள்.,பூஜ்யம் இரண்டு ஏழு இரண்டு ஐந்து எட்டு ஒன்று ஒன்று இரண்டு எட்டு மூன்று இந்த எண்ணில் அழையுங்கள் .,telephone
மா. குமார் சரியானது.,மாஸ்டர் குமார் சரியானது .,whitelist
4195 லி.,நான்காயிரத்து நூற்றுத்தொண்ணூற்றைந்து லிட்டர்,measure
159-166,நூற்றைம்பத்து ஒன்பது முதல் நூற்றறுபத்து ஆறு,range
"871,478 என்று எழுதப்பட்டுள்ளது.",எட்டு இலட்சம் எழுபத்தொன்று ஆயிரம் நானூற்று எழுபத்தெட்டு என்று எழுதப்பட்டுள்ளது .,cardinal
09:03 மணிக்கு,ஒன்பது மணி மூன்று நிமிடம்,time
68வது,அறுபத்தெட்டாவது,ordinal
அளவு 78352.77 ஆக உள்ளது.,அளவு எழுபத்தெட்டு ஆயிரம் முந்நூற்று ஐம்பத்திரண்டு புள்ளி ஏழு ஏழு ஆக உள்ளது .,decimal
£9232,ஒன்பதாயிரத்து இருநூற்று முப்பத்திரண்டு பவுண்ட்,money
நான் சென்னையில் வசிக்கிறேன்.,நான் சென்னையில் வசிக்கிறேன் .,word
௭௪வது,எழுபத்துநான்காவது,ordinal
580.67,ஐந்நூற்று எண்பது புள்ளி ஆறு ஏழு~ஐந்நூற்றெண்பது புள்ளி ஆறு ஏழு,decimal
"£3,13,71,736",மூன்று கோடி பதிமூன்று இலட்சம் எழுபத்தொன்று ஆயிரம் எழுநூற்று முப்பத்தாறு பவுண்ட்,money
+44 8598791254,பிளஸ் நான்கு நான்கு எட்டு ஐந்து ஒன்பது எட்டு ஏழு ஒன்பது ஒன்று இரண்டு ஐந்து நான்கு,telephone
ரயில் 05:19 புறப்படும்.,ரயில் ஐந்து மணி பத்தொன்பது நிமிடம் புறப்படும் .,time
50%,ஐம்பது சதவீதம்,whitelist
10-09-2759,பத்து செப்டம்பர் இரண்டாயிரத்து எழுநூற்று ஐம்பத்தொன்பது,date
9வது சரியானது.,ஒன்பதாவது சரியானது .,ordinal
3284ல்,மூன்றாயிரத்து இருநூற்று எண்பத்துநான்கில்,cardinal
07-13-2099,ஜூலை பதிமூன்று இரண்டாயிரத்து தொண்ணூற்றொன்பது,date
8662710110,எட்டு ஆறு ஆறு இரண்டு ஏழு ஒன்று பூஜ்யம் ஒன்று ஒன்று பூஜ்யம்,telephone
இதில் 59474 குறிப்பிடப்பட்டுள்ளது.,இதில் ஐம்பத்தொன்பது ஆயிரம் நானூற்று எழுபத்துநான்கு குறிப்பிடப்பட்டுள்ளது .,cardinal
Rs519,ஐந்நூற்றுப்பத்தொன்பது ரூபாய்,money
௩௯௬வது,முந்நூற்றுத்தொண்ணூற்றாறாவது,ordinal
16:58,பதினாறு மணி ஐம்பத்தெட்டு நிமிடம்,time
11.6% தள்ளுபடி உள்ளது.,பதினொன்று புள்ளி ஆறு சதவீதம் தள்ளுபடி உள்ளது .,whitelist
கணக்கு 27 % என்று வரும்.,கணக்கு இருபத்தேழு சதவீதம் என்று வரும் .,whitelist
6896,ஆறாயிரத்து எண்ணூற்றுத்தொண்ணூற்றாறு,cardinal
செய்தியில் 962.4 என்று வந்தது.,செய்தியில் தொள்ளாயிரத்து அறுபத்திரண்டு புள்ளி நான்கு என்று வந்தது .,decimal
42827,நாற்பத்திரண்டு ஆயிரம் எண்ணூற்று இருபத்தேழு,cardinal
38/50 பற்றி பேசினோம்.,ஐம்பதில் முப்பத்தெட்டு பற்றி பேசினோம் .,fraction
"எனக்கு 219,320 வயது.",எனக்கு இரண்டு இலட்சம் பத்தொன்பது ஆயிரம் முந்நூற்று இருபது வயது .,cardinal
பேருந்து கட்டணம் €10 ஆகும்.,பேருந்து கட்டணம் பத்து யூரோ ஆகும் .,money
"£6,01,90,913.82",ஆறு கோடி ஒன்று இலட்சம் தொண்ணூறு ஆயிரம் தொள்ளாயிரத்து பதிமூன்று பவுண்ட் எண்பத்திரண்டு பென்ஸ்,money
வகுப்பு 15:01 மணிக்கு முடியும்.,வகுப்பு பதினைந்து மணி ஒன்று நிமிடம் முடியும் .,time
அவன் 1250491 முறை முயன்றான்.,அவன் பன்னிரண்டு இலட்சம் ஐம்பது ஆயிரம் நானூற்றுத்தொண்ணூற்றொன்று முறை முயன்றான் .,cardinal
என் எண் 6431445160.,என் எண் ஆறு நான்கு மூன்று ஒன்று நான்கு நான்கு ஐந்து ஒன்று ஆறு பூஜ்யம் .,telephone
7467447055,ஏழு நான்கு ஆறு ஏழு நான்கு நான்கு ஏழு பூஜ்யம் ஐந்து ஐந்து,telephone
₹ 0.69 கடன் வாங்கினேன்.,அறுபத்தொன்பது பைசா கடன் வாங்கினேன் .,money
95,தொண்ணூற்றைந்து,cardinal
அவர் 7வது என்றார்.,அவர் ஏழாவது என்றார் .,ordinal
செய்தியில் 496 என்று வந்தது.,செய்தியில் நானூற்றுத்தொண்ணூற்றாறு என்று வந்தது .,cardinal
மொத்த மதிப்பெண் 35.,மொத்த மதிப்பெண் முப்பத்தைந்து .,cardinal
இதில் 90 % குறிப்பிடப்பட்டுள்ளது.,இதில் தொண்ணூறு சதவீதம் குறிப்பிடப்பட்டுள்ளது .,whitelist
"அவர் ௬௦௬,௫௬௮ ஓட்டங்கள் எடுத்தார்.",அவர் ஆறு இலட்சம் ஆறாயிரத்து ஐந்நூற்று அறுபத்தெட்டு ஓட்டங்கள் எடுத்தார் .,cardinal
45037.4 இலட்சம்,நாற்பத்தைந்து ஆயிரம் முப்பத்தேழு புள்ளி நான்கு இலட்சம்,decimal
¾ பங்கு அதாவது ௩௫௨௬.௫௭ மீ. மட்டும் மீதம்.,நான்கில் மூன்று பங்கு அதாவது மூன்றாயிரத்து ஐந்நூற்று இருபத்தாறு புள்ளி ஐந்து ஏழு மீட்டர் மட்டும் மீதம் .,mixed
அவள் 61 புத்தகங்கள் வாங்கினாள்.,அவள் அறுபத்தொன்று புத்தகங்கள் வாங்கினாள் .,cardinal
கடிதத்தில் ௮௨௮.௪௦௩ இருந்தது.,கடிதத்தில் எண்ணூற்று இருபத்தெட்டு புள்ளி நான்கு பூஜ்யம் மூன்று இருந்தது .,decimal
23-05-2096 முதல் விற்பனை தொடங்கும்.,இருபத்துமூன்று மே இரண்டாயிரத்து தொண்ணூற்றாறு முதல் விற்பனை தொடங்கும் .,date
446.335,நானூற்று நாற்பத்தாறு புள்ளி மூன்று மூன்று ஐந்து,decimal
801,எண்ணூற்று ஒன்று,cardinal
30-06-1904 சரியானது.,முப்பது ஜூன் ஆயிரத்து தொள்ளாயிரத்து நான்கு சரியானது .,date
+971 8867712655,பிளஸ் ஒன்பது ஏழு ஒன்று எட்டு எட்டு ஆறு ஏழு ஏழு ஒன்று இரண்டு ஆறு ஐந்து ஐந்து,telephone
76995.3,எழுபத்தாறு ஆயிரம் தொள்ளாயிரத்து தொண்ணூற்றைந்து புள்ளி மூன்று,decimal
சராசரி 2.062 என்பது ௫௬ மாணவர்களின் கணக்கு.,சராசரி இரண்டு புள்ளி பூஜ்யம் ஆறு இரண்டு என்பது ஐம்பத்தாறு மாணவர்களின் கணக்கு .,mixed
8:07:53,எட்டு மணி ஏழு நிமிடம் ஐம்பத்துமூன்று வினாடி,time
புரோ. குமார் பேசினார்.,பேராசிரியர் குமார் பேசினார் .,whitelist
19:34,பத்தொன்பது மணி முப்பத்துநான்கு நிமிடம்,time
செய்தியில் 8.35 என்று வந்தது.,செய்தியில் எட்டு புள்ளி மூன்று ஐந்து என்று வந்தது .,decimal
"செய்தியில் ௪௦,௨௧,௭௯,௮௩௬ என்று வந்தது.",செய்தியில் நாற்பது கோடி இருபத்தொன்று இலட்சம் எழுபத்தொன்பது ஆயிரம் எண்ணூற்று முப்பத்தாறு என்று வந்தது .,cardinal
வேகம் 2318 hr ஆக இருந்தது.,வேகம் இரண்டாயிரத்து முந்நூற்றுப்பதினெட்டு மணி ஆக இருந்தது .,measure
மழை அளவு ௯௧௩.௨ என பதிவானது.,மழை அளவு தொள்ளாயிரத்து பதிமூன்று புள்ளி இரண்டு என பதிவானது .,decimal
07:03,ஏழு மணி மூன்று நிமிடம்,time
பெட்டியின் எடை 5 mm இருக்கும்.,பெட்டியின் எடை ஐந்து மில்லிமீட்டர் இருக்கும் .,measure
அந்த ஊரில் -3693 வீடுகள் உள்ளன.,அந்த ஊரில் மைனஸ் மூன்றாயிரத்து அறுநூற்றுத்தொண்ணூற்றுமூன்று வீடுகள் உள்ளன .,cardinal
செய்தியில் 9310112802 என்று வந்தது.,செய்தியில் ஒன்பது மூன்று ஒன்று பூஜ்யம் ஒன்று ஒன்று இரண்டு எட்டு பூஜ்யம் இரண்டு என்று வந்தது .,telephone
12-04-1938,பன்னிரண்டு ஏப்ரல் ஆயிரத்து தொள்ளாயிரத்து முப்பத்தெட்டு,date
"ரூ.1,90,90,548",ஒரு கோடி தொண்ணூறு இலட்சம் தொண்ணூறு ஆயிரம் ஐந்நூற்று நாற்பத்தெட்டு ரூபாய்,money
15.04.2036 அன்று விடுமுறை.,பதினைந்து ஏப்ரல் இரண்டாயிரத்து முப்பத்தாறு அன்று விடுமுறை .,date
29-06-2040 அன்று 3820இல் பேர் வந்தனர்.,இருபத்தொன்பது ஜூன் இரண்டாயிரத்து நாற்பது அன்று மூன்றாயிரத்து எண்ணூற்று இருபதில் பேர் வந்தனர் .,mixed
வண்டி எண் 32666 ஆகும்.,வண்டி எண் முப்பத்திரண்டு ஆயிரம் அறுநூற்று அறுபத்தாறு ஆகும் .,cardinal
அவள் 2043 புத்தகங்கள் வாங்கினாள்.,அவள் இரண்டாயிரத்து நாற்பத்துமூன்று புத்தகங்கள் வாங்கினாள் .,cardinal
2617வது என்று எழுதப்பட்டுள்ளது.,இரண்டாயிரத்து அறுநூற்றுப்பதினேழாவது என்று எழுதப்பட்டுள்ளது .,ordinal
6வது என்பதை நினைவில் கொள்ளுங்கள்.,ஆறாவது என்பதை நினைவில் கொள்ளுங்கள் .,ordinal
7224 நாட்கள் ஆயிற்று.,ஏழாயிரத்து இருநூற்று இருபத்துநான்கு நாட்கள் ஆயிற்று .,cardinal
விடை 29/30 ஆகும்.,விடை முப்பதில் இருபத்தொன்பது ஆகும் .,fraction
01-2379398,பூஜ்யம் ஒன்று இரண்டு மூன்று ஏழு ஒன்பது மூன்று ஒன்பது எட்டு,telephone
"15,08,75,167",பதினைந்து கோடி எட்டு இலட்சம் எழுபத்தைந்து ஆயிரம் நூற்றறுபத்து ஏழு,cardinal
இன்று 52133 பேர் வருகை தந்தனர்.,இன்று ஐம்பத்திரண்டு ஆயிரம் நூற்று முப்பத்துமூன்று பேர் வருகை தந்தனர் .,cardinal
பரிசுத் தொகை ¥4687.,பரிசுத் தொகை நான்காயிரத்து அறுநூற்று எண்பத்தேழு யென் .,money
கடைசி தேதி 21-08-1523.,கடைசி தேதி இருபத்தொன்று ஆகஸ்ட் ஆயிரத்து ஐந்நூற்று இருபத்துமூன்று .,date
76வது பக்கத்தில் பதில் உள்ளது.,எழுபத்தாறாவது பக்கத்தில் பதில் உள்ளது .,ordinal
பிறந்த நாள் 27-09-1947.,பிறந்த நாள் இருபத்தேழு செப்டம்பர் ஆயிரத்து தொள்ளாயிரத்து நாற்பத்தேழு .,date
3693வது,மூன்றாயிரத்து அறுநூற்றுத்தொண்ணூற்றுமூன்றாவது,ordinal
வளர்ச்சி விகிதம் ௬௩௬.௫ ஆக இருந்தது.,வளர்ச்சி விகிதம் அறுநூற்று முப்பத்தாறு புள்ளி ஐந்து ஆக இருந்தது .,decimal
அவர் 2.97 மி.லி என்றார்.,அவர் இரண்டு புள்ளி ஒன்பது ஏழு மில்லிலிட்டர் என்றார் .,measure
24/02/1079,இருபத்துநான்கு பிப்ரவரி ஆயிரத்து எழுபத்தொன்பது,date
13-11-1933,பதிமூன்று நவம்பர் ஆயிரத்து தொள்ளாயிரத்து முப்பத்துமூன்று,date
2326269,இருபத்துமூன்று இலட்சம் இருபத்தாறு ஆயிரம் இருநூற்று அறுபத்தொன்பது,cardinal
கடிதத்தில் ௩௮௫வது இருந்தது.,கடிதத்தில் முந்நூற்று எண்பத்தைந்தாவது இருந்தது .,ordinal
18-02-1998 முதல் விற்பனை தொடங்கும்.,பதினெட்டு பிப்ரவரி ஆயிரத்து தொள்ளாயிரத்து தொண்ணூற்றெட்டு முதல் விற்பனை தொடங்கும் .,date
செய்தியில் ௩௪ km/h என்று வந்தது.,செய்தியில் முப்பத்துநான்கு கிலோமீட்டர் ஒரு மணி நேரத்திற்கு என்று வந்தது .,measure
மொத்தத்தில் 8/14 பங்கு.,மொத்தத்தில் பதினான்கில் எட்டு பங்கு .,fraction
எண் 61926 சரியானது.,எண் அறுபத்தொன்று ஆயிரம் தொள்ளாயிரத்து இருபத்தாறு சரியானது .,cardinal
2/4 பற்றி பேசினோம்.,நான்கில் இரண்டு பற்றி பேசினோம் .,fraction
£ 42 கடன் வாங்கினேன்.,நாற்பத்திரண்டு பவுண்ட் கடன் வாங்கினேன் .,money
நிலப்பரப்பு 1.16Hz ஆகும்.,நிலப்பரப்பு ஒன்று புள்ளி ஒன்று ஆறு ஹெர்ட்ஸ் ஆகும் .,measure
"₹49,40,567 அபராதம் விதிக்கப்பட்டது.",நாற்பத்தொன்பது இலட்சம் நாற்பது ஆயிரம் ஐந்நூற்று அறுபத்தேழு ரூபாய் அபராதம் விதிக்கப்பட்டது .,money
விண்ணப்பம் 18-02-1975 அன்று அனுப்பப்பட்டது.,விண்ணப்பம் பதினெட்டு பிப்ரவரி ஆயிரத்து தொள்ளாயிரத்து எழுபத்தைந்து அன்று அனுப்பப்பட்டது .,date
"விலை Rs. 9,67,04,887 மட்டும்.",விலை ஒன்பது கோடி அறுபத்தேழு இலட்சம் நான்காயிரத்து எண்ணூற்று எண்பத்தேழு ரூபாய் மட்டும் .,money
07-07-2028 சரியானது.,ஏழு ஜூலை இரண்டாயிரத்து இருபத்தெட்டு சரியானது .,date
01-09-1955 என்று எழுதப்பட்டுள்ளது.,ஒன்று செப்டம்பர் ஆயிரத்து தொள்ளாயிரத்து ஐம்பத்தைந்து என்று எழுதப்பட்டுள்ளது .,date
09:38 சரியானது.,ஒன்பது மணி முப்பத்தெட்டு நிமிடம் சரியானது .,time
113,நூற்றுப்பதிமூன்று,cardinal
82% சரியானது.,எண்பத்திரண்டு சதவீதம் சரியானது .,whitelist
செய்தியில் Rs 10.21 என்று வந்தது.,செய்தியில் பத்து ரூபாய் இருபத்தொன்று பைசா என்று வந்தது .,money
5103 ha,ஐந்தாயிரத்து நூற்று மூன்று ஹெக்டேர்,measure
இந்த நூலில் 5 பக்கங்கள் உள்ளன.,இந்த நூலில் ஐந்து பக்கங்கள் உள்ளன .,cardinal
செய்தியில் 22:31:47 மணிக்கு என்று வந்தது.,செய்தியில் இருபத்திரண்டு மணி முப்பத்தொன்று நிமிடம் நாற்பத்தேழு வினாடி என்று வந்தது .,time
1958-06-19,ஆயிரத்து தொள்ளாயிரத்து ஐம்பத்தெட்டு ஜூன் பத்தொன்பது,date
இன்று 2738 பேர் வருகை தந்தனர்.,இன்று இரண்டாயிரத்து எழுநூற்று முப்பத்தெட்டு பேர் வருகை தந்தனர் .,cardinal
"619,970 பற்றி பேசினோம்.",ஆறு இலட்சம் பத்தொன்பது ஆயிரம் தொள்ளாயிரத்து எழுபது பற்றி பேசினோம் .,cardinal
26/06/2055,இருபத்தாறு ஜூன் இரண்டாயிரத்து ஐம்பத்தைந்து,date
அவர் ¥97 என்றார்.,அவர் தொண்ணூற்றேழு யென் என்றார் .,money
8ஆம்,எட்டாம்,ordinal
7:00,ஏழு மணி,time
எல்லோரும் அமைதியாக இருங்கள்!,எல்லோரும் அமைதியாக இருங்கள் !,word
10/13,பதிமூன்றில் பத்து,fraction
செய்தியில் 9:04 மணிக்கு என்று வந்தது.,செய்தியில் ஒன்பது மணி நான்கு நிமிடம் என்று வந்தது .,time
Rs 9969.9,ஒன்பதாயிரத்து தொள்ளாயிரத்து அறுபத்தொன்பது ரூபாய் தொண்ணூறு பைசா,money
59163.1 சரியானது.,ஐம்பத்தொன்பது ஆயிரம் நூற்றறுபத்து மூன்று புள்ளி ஒன்று சரியானது .,decimal
இதன் மதிப்பு ௬௬௩௧௯.௦ தான்.,இதன் மதிப்பு அறுபத்தாறு ஆயிரம் முந்நூற்றுப்பத்தொன்பது புள்ளி பூஜ்யம் தான் .,decimal
60 % தள்ளுபடி உள்ளது.,அறுபது சதவீதம் தள்ளுபடி உள்ளது .,whitelist
அவர் 22-10-2041 அன்று பிறந்தார்.,அவர் இருபத்திரண்டு அக்டோபர் இரண்டாயிரத்து நாற்பத்தொன்று அன்று பிறந்தார் .,date
3/16 பங்கு வேலை முடிந்தது.,பதினாறில் மூன்று பங்கு வேலை முடிந்தது .,fraction
௧௫௬௭௮௧௬௯௧௨ பற்றி பேசினோம்.,ஒன்று ஐந்து ஆறு ஏழு எட்டு ஒன்று ஆறு ஒன்பது ஒன்று இரண்டு பற்றி பேசினோம் .,cardinal
நீளம் 701.232 ஆக இருந்தது.,நீளம் எழுநூற்று ஒன்று புள்ளி இரண்டு மூன்று இரண்டு ஆக இருந்தது .,decimal
விண்ணப்பம் 09/08/2018 அன்று அனுப்பப்பட்டது.,விண்ணப்பம் ஒன்பது ஆகஸ்ட் இரண்டாயிரத்து பதினெட்டு அன்று அனுப்பப்பட்டது .,date
629.97,அறுநூற்று இருபத்தொன்பது புள்ளி ஒன்பது ஏழு,decimal
௨௦௫௨-௦௮-௦௩ அன்று விடுமுறை.,இரண்டாயிரத்து ஐம்பத்திரண்டு ஆகஸ்ட் மூன்று அன்று விடுமுறை .,date
கடிதத்தில் 11-19-2016 இருந்தது.,கடிதத்தில் நவம்பர் பத்தொன்பது இரண்டாயிரத்து பதினாறு இருந்தது .,date
௨௨:௧௫,இருபத்திரண்டு மணி பதினைந்து நிமிடம்,time
"₹20,61,629",இருபது இலட்சம் அறுபத்தொன்று ஆயிரம் அறுநூற்று இருபத்தொன்பது ரூபாய்,money
இது அவரது ௧௩௦௮வது புத்தகம்.,இது அவரது ஆயிரத்து முந்நூற்று எட்டாவது புத்தகம் .,ordinal
90.50mi,தொண்ணூறு புள்ளி ஐந்து பூஜ்யம் மைல்,measure
3302ல்,மூன்றாயிரத்து முந்நூற்று இரண்டில்,cardinal
38ஆவது,முப்பத்தெட்டாவது,ordinal
௮௩ஆம்,எண்பத்துமூன்றாம்,ordinal
23/40,நாற்பதில் இருபத்துமூன்று,fraction
Rs. 433.28,நானூற்று முப்பத்துமூன்று ரூபாய் இருபத்தெட்டு பைசா,money
106ஆம்,நூற்று ஆறாம்,ordinal
இதன் மதிப்பு ௪௯௩௬௫.௨௬ தான்.,இதன் மதிப்பு நாற்பத்தொன்பது ஆயிரம் முந்நூற்று அறுபத்தைந்து புள்ளி இரண்டு ஆறு தான் .,decimal
"9,72,86,904ரூ",ஒன்பது கோடி எழுபத்திரண்டு இலட்சம் எண்பத்தாறு ஆயிரம் தொள்ளாயிரத்து நான்கு ரூபாய்,money
38வது,முப்பத்தெட்டாவது,ordinal
நான் 12:48 எழுந்தேன்.,நான் பன்னிரண்டு மணி நாற்பத்தெட்டு நிமிடம் எழுந்தேன் .,time
செய்தியில் 5.5 என்று வந்தது.,செய்தியில் ஐந்து புள்ளி ஐந்து என்று வந்தது .,decimal
பை மதிப்பு ௪௬௫.௦௮௨ இலட்சம் ஆகும்.,பை மதிப்பு நானூற்று அறுபத்தைந்து புள்ளி பூஜ்யம் எட்டு இரண்டு இலட்சம் ஆகும் .,decimal
6102798189,ஆறு ஒன்று பூஜ்யம் இரண்டு ஏழு ஒன்பது எட்டு ஒன்று எட்டு ஒன்பது,telephone
"எண் 483,475 சரியானது.",எண் நான்கு இலட்சம் எண்பத்துமூன்று ஆயிரம் நானூற்று எழுபத்தைந்து சரியானது .,cardinal
"2.26sec அரிசி €9,70,69,627.65 ஆகும்.",இரண்டு புள்ளி இரண்டு ஆறு வினாடி அரிசி ஒன்பது கோடி எழுபது இலட்சம் அறுபத்தொன்பது ஆயிரம் அறுநூற்று இருபத்தேழு யூரோ அறுபத்தைந்து சென்ட் ஆகும் .,mixed
இதில் 11:00:02 மணிக்கு குறிப்பிடப்பட்டுள்ளது.,இதில் பதினொன்று மணி இரண்டு வினாடி குறிப்பிடப்பட்டுள்ளது .,time
சராசரி 434.901 ஆகும்.,சராசரி நானூற்று முப்பத்துநான்கு புள்ளி ஒன்பது பூஜ்யம் ஒன்று ஆகும் .,decimal
04-707786,பூஜ்யம் நான்கு ஏழு பூஜ்யம் ஏழு ஏழு எட்டு ஆறு,telephone
அவள் உயரம் 7l ஆகும்.,அவள் உயரம் ஏழு லிட்டர் ஆகும் .,measure
அந்த ஊரில் 2689 வீடுகள் உள்ளன.,அந்த ஊரில் இரண்டாயிரத்து அறுநூற்று எண்பத்தொன்பது வீடுகள் உள்ளன .,cardinal
742வது பக்கத்தில் பதில் உள்ளது.,எழுநூற்று நாற்பத்திரண்டாவது பக்கத்தில் பதில் உள்ளது .,ordinal
32வது பற்றி பேசினோம்.,முப்பத்திரண்டாவது பற்றி பேசினோம் .,ordinal
514வது என்பதை நினைவில் கொள்ளுங்கள்.,ஐந்நூற்றுப்பதினான்காவது என்பதை நினைவில் கொள்ளுங்கள் .,ordinal
இதன் மதிப்பு ௪௦௮.௬௬ தான்.,இதன் மதிப்பு நானூற்று எட்டு புள்ளி ஆறு ஆறு தான் .,decimal
இதில் 16:59 குறிப்பிடப்பட்டுள்ளது.,இதில் பதினாறு மணி ஐம்பத்தொன்பது நிமிடம் குறிப்பிடப்பட்டுள்ளது .,time
சராசரி 96010.23 என்பது 1396ல் மாணவர்களின் கணக்கு.,சராசரி தொண்ணூற்றாறு ஆயிரம் பத்து புள்ளி இரண்டு மூன்று என்பது ஆயிரத்து முந்நூற்றுத்தொண்ணூற்றாறில் மாணவர்களின் கணக்கு .,mixed
கூட்டம் 09:06 மணிக்கு தொடங்கும்.,கூட்டம் ஒன்பது மணி ஆறு நிமிடம் தொடங்கும் .,time
7780வது,ஏழாயிரத்து எழுநூற்று எண்பதாவது,ordinal
"அவன் 582,290 முறை முயன்றான்.",அவன் ஐந்து இலட்சம் எண்பத்திரண்டு ஆயிரம் இருநூற்றுத்தொண்ணூறு முறை முயன்றான் .,cardinal
"எனக்கு 980,807 வயது.",எனக்கு ஒன்பது இலட்சம் எண்பது ஆயிரம் எண்ணூற்று ஏழு வயது .,cardinal
இந்த நூலில் 50ல் பக்கங்கள் உள்ளன.,இந்த நூலில் ஐம்பதில் பக்கங்கள் உள்ளன .,cardinal
2976ஆவது பக்கத்தில் பதில் உள்ளது.,இரண்டாயிரத்து தொள்ளாயிரத்து எழுபத்தாறாவது பக்கத்தில் பதில் உள்ளது .,ordinal
1869-3715,ஆயிரத்து எண்ணூற்று அறுபத்தொன்பது முதல் மூன்றாயிரத்து எழுநூற்றுப்பதினைந்து,range
200-246,இருநூறு முதல் இருநூற்று நாற்பத்தாறு,range
1091910624959,ஒன்று பூஜ்யம் ஒன்பது ஒன்று ஒன்பது ஒன்று பூஜ்யம் ஆறு இரண்டு நான்கு ஒன்பது ஐந்து ஒன்பது,cardinal
16-07-1943 முதல் விற்பனை தொடங்கும்.,பதினாறு ஜூலை ஆயிரத்து தொள்ளாயிரத்து நாற்பத்துமூன்று முதல் விற்பனை தொடங்கும் .,date
பிறந்த நாள் 01/02/2079.,பிறந்த நாள் ஒன்று பிப்ரவரி இரண்டாயிரத்து எழுபத்தொன்பது .,date
அவர் ௬௮௬ ஓட்டங்கள் எடுத்தார்.,அவர் அறுநூற்று எண்பத்தாறு ஓட்டங்கள் எடுத்தார் .,cardinal
9429 கிலோ அரிசி வாங்கினேன்.,ஒன்பதாயிரத்து நானூற்று இருபத்தொன்பது கிலோ அரிசி வாங்கினேன் .,cardinal
செய்தியில் 8809547974 என்று வந்தது.,செய்தியில் எட்டு எட்டு பூஜ்யம் ஒன்பது ஐந்து நான்கு ஏழு ஒன்பது ஏழு நான்கு என்று வந்தது .,telephone
367660824,முப்பத்தாறு கோடி எழுபத்தாறு இலட்சம் அறுபது ஆயிரம் எண்ணூற்று இருபத்துநான்கு,cardinal
அவன் 8/5 பங்கு சாப்பிட்டான்.,அவன் ஐந்தில் எட்டு பங்கு சாப்பிட்டான் .,fraction
பேருந்து 15:52:08 கிளம்பும்.,பேருந்து பதினைந்து மணி ஐம்பத்திரண்டு நிமிடம் எட்டு வினாடி கிளம்பும் .,time
௯௯௨௫௬௫௧௬௭ சரியானது.,தொண்ணூற்றொன்பது கோடி இருபத்தைந்து இலட்சம் அறுபத்தைந்து ஆயிரம் நூற்றறுபத்து ஏழு சரியானது .,cardinal
இதில் 165வது குறிப்பிடப்பட்டுள்ளது.,இதில் நூற்றறுபத்து ஐந்தாவது குறிப்பிடப்பட்டுள்ளது .,ordinal
"அவள் 732,215 புத்தகங்கள் வாங்கினாள்.",அவள் ஏழு இலட்சம் முப்பத்திரண்டு ஆயிரம் இருநூற்றுப்பதினைந்து புத்தகங்கள் வாங்கினாள் .,cardinal
அலுவலகம் 24:40:51 திறக்கும்.,அலுவலகம் இருபத்துநான்கு மணி நாற்பது நிமிடம் ஐம்பத்தொன்று வினாடி திறக்கும் .,time
அவர் 8÷4=2 என்றார்.,அவர் எட்டு வகுத்தல் நான்கு சமம் இரண்டு என்றார் .,whitelist
அவர் 49 ஓட்டங்கள் எடுத்தார்.,அவர் நாற்பத்தொன்பது ஓட்டங்கள் எடுத்தார் .,cardinal
526-945,ஐந்நூற்று இருபத்தாறு முதல் தொள்ளாயிரத்து நாற்பத்தைந்து,range
"₹4,77,00,392.23 என்பதை நினைவில் கொள்ளுங்கள்.",நான்கு கோடி எழுபத்தேழு இலட்சம் முந்நூற்றுத்தொண்ணூற்றிரண்டு ரூபாய் இருபத்துமூன்று பைசா என்பதை நினைவில் கொள்ளுங்கள் .,money
அவர் 04-03-2008 என்றார்.,அவர் நான்கு மார்ச் இரண்டாயிரத்து எட்டு என்றார் .,date
06/11/2737,ஆறு நவம்பர் இரண்டாயிரத்து எழுநூற்று முப்பத்தேழு,date
பள்ளியில் 789 ஆசிரியர்கள் உள்ளனர்.,பள்ளியில் எழுநூற்று எண்பத்தொன்பது ஆசிரியர்கள் உள்ளனர் .,cardinal
இந்த சட்டை $ 2660.40 ஆகும்.,இந்த சட்டை இரண்டாயிரத்து அறுநூற்று அறுபது டாலர் நாற்பது சென்ட் ஆகும் .~இந்த சட்டை இரண்டாயிரத்து அறுநூற்றறுபது டாலர் நாற்பது சென்ட் ஆகும் .,money
அவர் 31-12-2003 என்றார்.,அவர் முப்பத்தொன்று டிசம்பர் இரண்டாயிரத்து மூன்று என்றார் .,date
பை மதிப்பு 963.912 ஆகும்.,பை மதிப்பு தொள்ளாயிரத்து அறுபத்துமூன்று புள்ளி ஒன்பது ஒன்று இரண்டு ஆகும் .,decimal
2091-04-02,இரண்டாயிரத்து தொண்ணூற்றொன்று ஏப்ரல் இரண்டு,date
213.49,இருநூற்றுப்பதிமூன்று புள்ளி நான்கு ஒன்பது,decimal
2:55 என்பதை நினைவில் கொள்ளுங்கள்.,இரண்டு மணி ஐம்பத்தைந்து நிமிடம் என்பதை நினைவில் கொள்ளுங்கள் .,time
59-86 கிலோ எடை வேண்டும்.,ஐம்பத்தொன்பது முதல் எண்பத்தாறு கிலோ எடை வேண்டும் .,range
கடிதத்தில் 5 l இருந்தது.,கடிதத்தில் ஐந்து லிட்டர் இருந்தது .,measure
"பள்ளியில் 803,022 ஆசிரியர்கள் உள்ளனர்.",பள்ளியில் எட்டு இலட்சம் மூன்றாயிரத்து இருபத்திரண்டு ஆசிரியர்கள் உள்ளனர் .,cardinal
42-66,நாற்பத்திரண்டு முதல் அறுபத்தாறு,range
அவள் உயரம் 61.39 கி.மீ ஆகும்.,அவள் உயரம் அறுபத்தொன்று புள்ளி மூன்று ஒன்பது கிலோமீட்டர் ஆகும் .,measure
4055இல்,நான்காயிரத்து ஐம்பத்தைந்தில்,cardinal
88 % சரியானது.,எண்பத்தெட்டு சதவீதம் சரியானது .,whitelist
பை மதிப்பு 46612.845 ஆகும்.,பை மதிப்பு நாற்பத்தாறு ஆயிரம் அறுநூற்றுப்பன்னிரண்டு புள்ளி எட்டு நான்கு ஐந்து ஆகும் .,decimal
ரூ9776 என்று எழுதப்பட்டுள்ளது.,ஒன்பதாயிரத்து எழுநூற்று எழுபத்தாறு ரூபாய் என்று எழுதப்பட்டுள்ளது .,money
2 மீ. பற்றி பேசினோம்.,இரண்டு மீட்டர் பற்றி பேசினோம் .,measure
56oz என்று எழுதப்பட்டுள்ளது.,ஐம்பத்தாறு அவுன்ஸ் என்று எழுதப்பட்டுள்ளது .,measure
நிலப்பரப்பு 93 லி. ஆகும்.,நிலப்பரப்பு தொண்ணூற்றுமூன்று லிட்டர் ஆகும் .,measure
தூரம் 65ha ஆகும்.,தூரம் அறுபத்தைந்து ஹெக்டேர் ஆகும் .,measure
48km/h,நாற்பத்தெட்டு கிலோமீட்டர் ஒரு மணி நேரத்திற்கு,measure
2 67/90,இரண்டு மற்றும் தொண்ணூறில் அறுபத்தேழு,fraction
இதில் 053-7888906 குறிப்பிடப்பட்டுள்ளது.,இதில் பூஜ்யம் ஐந்து மூன்று ஏழு எட்டு எட்டு எட்டு ஒன்பது பூஜ்யம் ஆறு குறிப்பிடப்பட்டுள்ளது .,telephone
-10,மைனஸ் பத்து,cardinal
கடிதத்தில் 7144791586 இருந்தது.,கடிதத்தில் ஏழு ஒன்று நான்கு நான்கு ஏழு ஒன்பது ஒன்று ஐந்து எட்டு ஆறு இருந்தது .,telephone
7440வது,ஏழாயிரத்து நானூற்று நாற்பதாவது,ordinal
7¾ பங்கு அதாவது 17.77 g மட்டும் மீதம்.,ஏழு மற்றும் நான்கில் மூன்று பங்கு அதாவது பதினேழு புள்ளி ஏழு ஏழு கிராம் மட்டும் மீதம் .,mixed
செய்தியில் 40663.309 கோடி என்று வந்தது.,செய்தியில் நாற்பது ஆயிரம் அறுநூற்று அறுபத்துமூன்று புள்ளி மூன்று பூஜ்யம் ஒன்பது கோடி என்று வந்தது .,decimal
73 % என்பது சரி.,எழுபத்துமூன்று சதவீதம் என்பது சரி .,whitelist
வண்டி எண் ௨௩ ஆகும்.,வண்டி எண் இருபத்துமூன்று ஆகும் .,cardinal
௨௨/௦௯/௧௯௧௭,இருபத்திரண்டு செப்டம்பர் ஆயிரத்து தொள்ளாயிரத்து பதினேழு,date
16-05-2324 அன்று 940 பேர் வந்தனர்.,பதினாறு மே இரண்டாயிரத்து முந்நூற்று இருபத்துநான்கு அன்று தொள்ளாயிரத்து நாற்பது பேர் வந்தனர் .,mixed
செய்தியில் 06:52 மணிக்கு என்று வந்தது.,செய்தியில் ஆறு மணி ஐம்பத்திரண்டு நிமிடம் என்று வந்தது .,time
7531,ஏழாயிரத்து ஐந்நூற்று முப்பத்தொன்று,cardinal
விமானம் 12:10 வந்தடையும்.,விமானம் பன்னிரண்டு மணி பத்து நிமிடம் வந்தடையும் .,time
1/4 சரியானது.,நான்கில் ஒன்று சரியானது .,fraction
௦.௮௧௬,பூஜ்யம் புள்ளி எட்டு ஒன்று ஆறு,decimal
விலை ௫௬௬௦ ரூ. மட்டும்.,விலை ஐந்தாயிரத்து அறுநூற்று அறுபது ரூபாய் மட்டும் .~விலை ஐந்தாயிரத்து அறுநூற்றறுபது ரூபாய் மட்டும் .,money
3/9 சரியானது.,ஒன்பதில் மூன்று சரியானது .,fraction
அவர் 954 ஓட்டங்கள் எடுத்தார்.,அவர் தொள்ளாயிரத்து ஐம்பத்துநான்கு ஓட்டங்கள் எடுத்தார் .,cardinal
கடிதத்தில் 2973653 இருந்தது.,கடிதத்தில் இருபத்தொன்பது இலட்சம் எழுபத்துமூன்று ஆயிரம் அறுநூற்று ஐம்பத்துமூன்று இருந்தது .,cardinal
08:42,எட்டு மணி நாற்பத்திரண்டு நிமிடம்,time
பெட்டியின் எடை 6567 கி.கி இருக்கும்.,பெட்டியின் எடை ஆறாயிரத்து ஐந்நூற்று அறுபத்தேழு கிலோகிராம் இருக்கும் .,measure
520வது,ஐந்நூற்று இருபதாவது,ordinal
07/04/2014,ஏழு ஏப்ரல் இரண்டாயிரத்து பதினான்கு,date
நீளம் 22019.9 ஆக இருந்தது.,நீளம் இருபத்திரண்டு ஆயிரம் பத்தொன்பது புள்ளி ஒன்பது ஆக இருந்தது .,decimal
அந்த ஊரில் 0 வீடுகள் உள்ளன.,அந்த ஊரில் பூஜ்யம் வீடுகள் உள்ளன .,cardinal
2GB,இரண்டு கிகாபைட்,measure
5:53:45,ஐந்து மணி ஐம்பத்துமூன்று நிமிடம் நாற்பத்தைந்து வினாடி,time
நிலப்பரப்பு 84 லி. ஆகும்.,நிலப்பரப்பு எண்பத்துநான்கு லிட்டர் ஆகும் .,measure
141.47 ₹,நூற்று நாற்பத்தொன்று ரூபாய் நாற்பத்தேழு பைசா,money
